split,repeat,fold,seed,partition,global_index,recording_id,condition_id,repetition,label
0,0,0,11,train,4,S_WPA_L36_DOC0.5_WOC1.0_N3600_F360_R1,S_WPA_L36_DOC0.5_WOC1.0_N3600_F360,1,0
0,0,0,11,train,5,S_WPA_L36_DOC0.5_WOC1.0_N3600_F360_R2,S_WPA_L36_DOC0.5_WOC1.0_N3600_F360,2,0
0,0,0,11,train,6,S_WPA_L36_DOC0.5_WOC1.0_N3600_F360_R3,S_WPA_L36_DOC0.5_WOC1.0_N3600_F360,3,0
0,0,0,11,train,7,S_WPA_L36_DOC0.5_WOC1.0_N3600_F360_R4,S_WPA_L36_DOC0.5_WOC1.0_N3600_F360,4,0
0,0,0,11,train,8,S_WPA_L36_DOC0.5_WOC2.0_N2700_F270_R1,S_WPA_L36_DOC0.5_WOC2.0_N2700_F270,1,0
0,0,0,11,train,9,S_WPA_L36_DOC0.5_WOC2.0_N2700_F270_R2,S_WPA_L36_DOC0.5_WOC2.0_N2700_F270,2,0
0,0,0,11,train,10,S_WPA_L36_DOC0.5_WOC2.0_N2700_F270_R3,S_WPA_L36_DOC0.5_WOC2.0_N2700_F270,3,0
0,0,0,11,train,11,S_WPA_L36_DOC0.5_WOC2.0_N2700_F270_R4,S_WPA_L36_DOC0.5_WOC2.0_N2700_F270,4,0
0,0,0,11,train,16,S_WPA_L36_DOC1.0_WOC1.0_N2700_F270_R1,S_WPA_L36_DOC1.0_WOC1.0_N2700_F270,1,0
0,0,0,11,train,17,S_WPA_L36_DOC1.0_WOC1.0_N2700_F270_R2,S_WPA_L36_DOC1.0_WOC1.0_N2700_F270,2,0
0,0,0,11,train,18,S_WPA_L36_DOC1.0_WOC1.0_N2700_F270_R3,S_WPA_L36_DOC1.0_WOC1.0_N2700_F270,3,0
0,0,0,11,train,19,S_WPA_L36_DOC1.0_WOC1.0_N2700_F270_R4,S_WPA_L36_DOC1.0_WOC1.0_N2700_F270,4,0
0,0,0,11,train,20,S_WPA_L36_DOC1.0_WOC1.0_N3600_F360_R1,S_WPA_L36_DOC1.0_WOC1.0_N3600_F360,1,0
0,0,0,11,train,21,S_WPA_L36_DOC1.0_WOC1.0_N3600_F360_R2,S_WPA_L36_DOC1.0_WOC1.0_N3600_F360,2,0
0,0,0,11,train,22,S_WPA_L36_DOC1.0_WOC1.0_N3600_F360_R3,S_WPA_L36_DOC1.0_WOC1.0_N3600_F360,3,0
0,0,0,11,train,23,S_WPA_L36_DOC1.0_WOC1.0_N3600_F360_R4,S_WPA_L36_DOC1.0_WOC1.0_N3600_F360,4,0
0,0,0,11,train,24,S_WPA_L36_DOC1.0_WOC2.0_N2700_F270_R1,S_WPA_L36_DOC1.0_WOC2.0_N2700_F270,1,0
0,0,0,11,train,25,S_WPA_L36_DOC1.0_WOC2.0_N2700_F270_R2,S_WPA_L36_DOC1.0_WOC2.0_N2700_F270,2,0
0,0,0,11,train,26,S_WPA_L36_DOC1.0_WOC2.0_N2700_F270_R3,S_WPA_L36_DOC1.0_WOC2.0_N2700_F270,3,0
0,0,0,11,train,27,S_WPA_L36_DOC1.0_WOC2.0_N2700_F270_R4,S_WPA_L36_DOC1.0_WOC2.0_N2700_F270,4,0
0,0,0,11,train,32,S_WPA_L36_DOC1.5_WOC1.0_N3600_F360_R1,S_WPA_L36_DOC1.5_WOC1.0_N3600_F360,1,0
0,0,0,11,train,33,S_WPA_L36_DOC1.5_WOC1.0_N3600_F360_R2,S_WPA_L36_DOC1.5_WOC1.0_N3600_F360,2,0
0,0,0,11,train,34,S_WPA_L36_DOC1.5_WOC1.0_N3600_F360_R3,S_WPA_L36_DOC1.5_WOC1.0_N3600_F360,3,0
0,0,0,11,train,35,S_WPA_L36_DOC1.5_WOC1.0_N3600_F360_R4,S_WPA_L36_DOC1.5_WOC1.0_N3600_F360,4,0
0,0,0,11,train,36,S_WPA_L36_DOC1.5_WOC2.0_N2700_F270_R1,S_WPA_L36_DOC1.5_WOC2.0_N2700_F270,1,0
0,0,0,11,train,37,S_WPA_L36_DOC1.5_WOC2.0_N2700_F270_R2,S_WPA_L36_DOC1.5_WOC2.0_N2700_F270,2,0
0,0,0,11,train,38,S_WPA_L36_DOC1.5_WOC2.0_N2700_F270_R3,S_WPA_L36_DOC1.5_WOC2.0_N2700_F270,3,0
0,0,0,11,train,39,S_WPA_L36_DOC1.5_WOC2.0_N2700_F270_R4,S_WPA_L36_DOC1.5_WOC2.0_N2700_F270,4,0
0,0,0,11,train,40,S_WPA_L36_DOC2.0_WOC1.0_N1800_F180_R1,S_WPA_L36_DOC2.0_WOC1.0_N1800_F180,1,0
0,0,0,11,train,41,S_WPA_L36_DOC2.0_WOC1.0_N1800_F180_R2,S_WPA_L36_DOC2.0_WOC1.0_N1800_F180,2,0
0,0,0,11,train,42,S_WPA_L36_DOC2.0_WOC1.0_N1800_F180_R3,S_WPA_L36_DOC2.0_WOC1.0_N1800_F180,3,0
0,0,0,11,train,43,S_WPA_L36_DOC2.0_WOC1.0_N1800_F180_R4,S_WPA_L36_DOC2.0_WOC1.0_N1800_F180,4,0
0,0,0,11,train,44,S_WPA_L36_DOC2.0_WOC1.0_N2700_F270_R1,S_WPA_L36_DOC2.0_WOC1.0_N2700_F270,1,0
0,0,0,11,train,45,S_WPA_L36_DOC2.0_WOC1.0_N2700_F270_R2,S_WPA_L36_DOC2.0_WOC1.0_N2700_F270,2,0
0,0,0,11,train,46,S_WPA_L36_DOC2.0_WOC1.0_N2700_F270_R3,S_WPA_L36_DOC2.0_WOC1.0_N2700_F270,3,0
0,0,0,11,train,47,S_WPA_L36_DOC2.0_WOC1.0_N2700_F270_R4,S_WPA_L36_DOC2.0_WOC1.0_N2700_F270,4,0
0,0,0,11,train,48,S_WPA_L36_DOC3.0_WOC1.0_N1800_F180_R1,S_WPA_L36_DOC3.0_WOC1.0_N1800_F180,1,0
0,0,0,11,train,49,S_WPA_L36_DOC3.0_WOC1.0_N1800_F180_R2,S_WPA_L36_DOC3.0_WOC1.0_N1800_F180,2,0
0,0,0,11,train,50,S_WPA_L36_DOC3.0_WOC1.0_N1800_F180_R3,S_WPA_L36_DOC3.0_WOC1.0_N1800_F180,3,0
0,0,0,11,train,51,S_WPA_L36_DOC3.0_WOC1.0_N1800_F180_R4,S_WPA_L36_DOC3.0_WOC1.0_N1800_F180,4,0
0,0,0,11,train,52,S_WPA_L36_DOC4.0_WOC1.0_N2700_F270_R1,S_WPA_L36_DOC4.0_WOC1.0_N2700_F270,1,0
0,0,0,11,train,53,S_WPA_L36_DOC4.0_WOC1.0_N2700_F270_R2,S_WPA_L36_DOC4.0_WOC1.0_N2700_F270,2,0
0,0,0,11,train,54,S_WPA_L36_DOC4.0_WOC1.0_N2700_F270_R3,S_WPA_L36_DOC4.0_WOC1.0_N2700_F270,3,0
0,0,0,11,train,55,S_WPA_L36_DOC4.0_WOC1.0_N2700_F270_R4,S_WPA_L36_DOC4.0_WOC1.0_N2700_F270,4,0
0,0,0,11,train,56,S_WPA_L36_DOC6.0_WOC1.0_N2700_F270_R1,S_WPA_L36_DOC6.0_WOC1.0_N2700_F270,1,0
0,0,0,11,train,57,S_WPA_L36_DOC6.0_WOC1.0_N2700_F270_R2,S_WPA_L36_DOC6.0_WOC1.0_N2700_F270,2,0
0,0,0,11,train,58,S_WPA_L36_DOC6.0_WOC1.0_N2700_F270_R3,S_WPA_L36_DOC6.0_WOC1.0_N2700_F270,3,0
0,0,0,11,train,59,S_WPA_L36_DOC6.0_WOC1.0_N2700_F270_R4,S_WPA_L36_DOC6.0_WOC1.0_N2700_F270,4,0
0,0,0,11,train,60,S_WPB_L56_DOC0.5_WOC1.0_N1800_F180_R1,S_WPB_L56_DOC0.5_WOC1.0_N1800_F180,1,0
0,0,0,11,train,61,S_WPB_L56_DOC0.5_WOC1.0_N1800_F180_R2,S_WPB_L56_DOC0.5_WOC1.0_N1800_F180,2,0
0,0,0,11,train,62,S_WPB_L56_DOC0.5_WOC1.0_N1800_F180_R3,S_WPB_L56_DOC0.5_WOC1.0_N1800_F180,3,0
0,0,0,11,train,63,S_WPB_L56_DOC0.5_WOC1.0_N1800_F180_R4,S_WPB_L56_DOC0.5_WOC1.0_N1800_F180,4,0
0,0,0,11,train,64,S_WPB_L56_DOC0.5_WOC1.0_N2700_F270_R1,S_WPB_L56_DOC0.5_WOC1.0_N2700_F270,1,0
0,0,0,11,train,65,S_WPB_L56_DOC0.5_WOC1.0_N2700_F270_R2,S_WPB_L56_DOC0.5_WOC1.0_N2700_F270,2,0
0,0,0,11,train,66,S_WPB_L56_DOC0.5_WOC1.0_N2700_F270_R3,S_WPB_L56_DOC0.5_WOC1.0_N2700_F270,3,0
0,0,0,11,train,67,S_WPB_L56_DOC0.5_WOC1.0_N2700_F270_R4,S_WPB_L56_DOC0.5_WOC1.0_N2700_F270,4,0
0,0,0,11,train,72,S_WPB_L56_DOC0.5_WOC2.0_N2700_F270_R1,S_WPB_L56_DOC0.5_WOC2.0_N2700_F270,1,0
0,0,0,11,train,73,S_WPB_L56_DOC0.5_WOC2.0_N2700_F270_R2,S_WPB_L56_DOC0.5_WOC2.0_N2700_F270,2,0
0,0,0,11,train,74,S_WPB_L56_DOC0.5_WOC2.0_N2700_F270_R3,S_WPB_L56_DOC0.5_WOC2.0_N2700_F270,3,0
0,0,0,11,train,75,S_WPB_L56_DOC0.5_WOC2.0_N2700_F270_R4,S_WPB_L56_DOC0.5_WOC2.0_N2700_F270,4,0
0,0,0,11,train,76,S_WPB_L56_DOC1.0_WOC1.0_N1800_F180_R1,S_WPB_L56_DOC1.0_WOC1.0_N1800_F180,1,0
0,0,0,11,train,77,S_WPB_L56_DOC1.0_WOC1.0_N1800_F180_R2,S_WPB_L56_DOC1.0_WOC1.0_N1800_F180,2,0
0,0,0,11,train,78,S_WPB_L56_DOC1.0_WOC1.0_N1800_F180_R3,S_WPB_L56_DOC1.0_WOC1.0_N1800_F180,3,0
0,0,0,11,train,79,S_WPB_L56_DOC1.0_WOC1.0_N1800_F180_R4,S_WPB_L56_DOC1.0_WOC1.0_N1800_F180,4,0
0,0,0,11,train,80,S_WPB_L56_DOC1.0_WOC1.0_N2700_F270_R1,S_WPB_L56_DOC1.0_WOC1.0_N2700_F270,1,0
0,0,0,11,train,81,S_WPB_L56_DOC1.0_WOC1.0_N2700_F270_R2,S_WPB_L56_DOC1.0_WOC1.0_N2700_F270,2,0
0,0,0,11,train,82,S_WPB_L56_DOC1.0_WOC1.0_N2700_F270_R3,S_WPB_L56_DOC1.0_WOC1.0_N2700_F270,3,0
0,0,0,11,train,83,S_WPB_L56_DOC1.0_WOC1.0_N2700_F270_R4,S_WPB_L56_DOC1.0_WOC1.0_N2700_F270,4,0
0,0,0,11,train,96,S_WPB_L56_DOC1.5_WOC1.0_N2700_F270_R1,S_WPB_L56_DOC1.5_WOC1.0_N2700_F270,1,0
0,0,0,11,train,97,S_WPB_L56_DOC1.5_WOC1.0_N2700_F270_R2,S_WPB_L56_DOC1.5_WOC1.0_N2700_F270,2,0
0,0,0,11,train,98,S_WPB_L56_DOC1.5_WOC1.0_N2700_F270_R3,S_WPB_L56_DOC1.5_WOC1.0_N2700_F270,3,0
0,0,0,11,train,99,S_WPB_L56_DOC1.5_WOC1.0_N2700_F270_R4,S_WPB_L56_DOC1.5_WOC1.0_N2700_F270,4,0
0,0,0,11,train,100,S_WPB_L56_DOC1.5_WOC1.0_N3600_F360_R1,S_WPB_L56_DOC1.5_WOC1.0_N3600_F360,1,0
0,0,0,11,train,101,S_WPB_L56_DOC1.5_WOC1.0_N3600_F360_R2,S_WPB_L56_DOC1.5_WOC1.0_N3600_F360,2,0
0,0,0,11,train,102,S_WPB_L56_DOC1.5_WOC1.0_N3600_F360_R3,S_WPB_L56_DOC1.5_WOC1.0_N3600_F360,3,0
0,0,0,11,train,103,S_WPB_L56_DOC1.5_WOC1.0_N3600_F360_R4,S_WPB_L56_DOC1.5_WOC1.0_N3600_F360,4,0
0,0,0,11,train,104,S_WPB_L56_DOC1.5_WOC2.0_N2700_F270_R1,S_WPB_L56_DOC1.5_WOC2.0_N2700_F270,1,0
0,0,0,11,train,105,S_WPB_L56_DOC1.5_WOC2.0_N2700_F270_R2,S_WPB_L56_DOC1.5_WOC2.0_N2700_F270,2,0
0,0,0,11,train,106,S_WPB_L56_DOC1.5_WOC2.0_N2700_F270_R3,S_WPB_L56_DOC1.5_WOC2.0_N2700_F270,3,0
0,0,0,11,train,107,S_WPB_L56_DOC1.5_WOC2.0_N2700_F270_R4,S_WPB_L56_DOC1.5_WOC2.0_N2700_F270,4,0
0,0,0,11,train,108,U_WPA_L36_DOC2.0_WOC1.0_N3600_F360_R1,U_WPA_L36_DOC2.0_WOC1.0_N3600_F360,1,1
0,0,0,11,train,109,U_WPA_L36_DOC2.0_WOC1.0_N3600_F360_R2,U_WPA_L36_DOC2.0_WOC1.0_N3600_F360,2,1
0,0,0,11,train,110,U_WPA_L36_DOC2.0_WOC1.0_N3600_F360_R3,U_WPA_L36_DOC2.0_WOC1.0_N3600_F360,3,1
0,0,0,11,train,111,U_WPA_L36_DOC2.0_WOC1.0_N3600_F360_R4,U_WPA_L36_DOC2.0_WOC1.0_N3600_F360,4,1
0,0,0,11,train,116,U_WPA_L36_DOC3.0_WOC1.0_N3600_F360_R1,U_WPA_L36_DOC3.0_WOC1.0_N3600_F360,1,1
0,0,0,11,train,117,U_WPA_L36_DOC3.0_WOC1.0_N3600_F360_R2,U_WPA_L36_DOC3.0_WOC1.0_N3600_F360,2,1
0,0,0,11,train,118,U_WPA_L36_DOC3.0_WOC1.0_N3600_F360_R3,U_WPA_L36_DOC3.0_WOC1.0_N3600_F360,3,1
0,0,0,11,train,119,U_WPA_L36_DOC3.0_WOC1.0_N3600_F360_R4,U_WPA_L36_DOC3.0_WOC1.0_N3600_F360,4,1
0,0,0,11,train,124,U_WPB_L56_DOC2.0_WOC1.0_N1800_F180_R1,U_WPB_L56_DOC2.0_WOC1.0_N1800_F180,1,1
0,0,0,11,train,125,U_WPB_L56_DOC2.0_WOC1.0_N1800_F180_R2,U_WPB_L56_DOC2.0_WOC1.0_N1800_F180,2,1
0,0,0,11,train,126,U_WPB_L56_DOC2.0_WOC1.0_N1800_F180_R3,U_WPB_L56_DOC2.0_WOC1.0_N1800_F180,3,1
0,0,0,11,train,127,U_WPB_L56_DOC2.0_WOC1.0_N1800_F180_R4,U_WPB_L56_DOC2.0_WOC1.0_N1800_F180,4,1
0,0,0,11,train,128,U_WPB_L56_DOC2.0_WOC1.0_N2700_F270_R1,U_WPB_L56_DOC2.0_WOC1.0_N2700_F270,1,1
0,0,0,11,train,129,U_WPB_L56_DOC2.0_WOC1.0_N2700_F270_R2,U_WPB_L56_DOC2.0_WOC1.0_N2700_F270,2,1
0,0,0,11,train,130,U_WPB_L56_DOC2.0_WOC1.0_N2700_F270_R3,U_WPB_L56_DOC2.0_WOC1.0_N2700_F270,3,1
0,0,0,11,train,131,U_WPB_L56_DOC2.0_WOC1.0_N2700_F270_R4,U_WPB_L56_DOC2.0_WOC1.0_N2700_F270,4,1
0,0,0,11,train,132,U_WPB_L56_DOC2.0_WOC1.0_N3600_F360_R1,U_WPB_L56_DOC2.0_WOC1.0_N3600_F360,1,1
0,0,0,11,train,133,U_WPB_L56_DOC2.0_WOC1.0_N3600_F360_R2,U_WPB_L56_DOC2.0_WOC1.0_N3600_F360,2,1
0,0,0,11,train,134,U_WPB_L56_DOC2.0_WOC1.0_N3600_F360_R3,U_WPB_L56_DOC2.0_WOC1.0_N3600_F360,3,1
0,0,0,11,train,135,U_WPB_L56_DOC2.0_WOC1.0_N3600_F360_R4,U_WPB_L56_DOC2.0_WOC1.0_N3600_F360,4,1
0,0,0,11,train,136,U_WPB_L56_DOC2.0_WOC2.0_N2700_F270_R1,U_WPB_L56_DOC2.0_WOC2.0_N2700_F270,1,1
0,0,0,11,train,137,U_WPB_L56_DOC2.0_WOC2.0_N2700_F270_R2,U_WPB_L56_DOC2.0_WOC2.0_N2700_F270,2,1
0,0,0,11,train,138,U_WPB_L56_DOC2.0_WOC2.0_N2700_F270_R3,U_WPB_L56_DOC2.0_WOC2.0_N2700_F270,3,1
0,0,0,11,train,139,U_WPB_L56_DOC2.0_WOC2.0_N2700_F270_R4,U_WPB_L56_DOC2.0_WOC2.0_N2700_F270,4,1
0,0,0,11,train,140,U_WPB_L56_DOC3.0_WOC1.0_N1800_F180_R1,U_WPB_L56_DOC3.0_WOC1.0_N1800_F180,1,1
0,0,0,11,train,141,U_WPB_L56_DOC3.0_WOC1.0_N1800_F180_R2,U_WPB_L56_DOC3.0_WOC1.0_N1800_F180,2,1
0,0,0,11,train,142,U_WPB_L56_DOC3.0_WOC1.0_N1800_F180_R3,U_WPB_L56_DOC3.0_WOC1.0_N1800_F180,3,1
0,0,0,11,train,143,U_WPB_L56_DOC3.0_WOC1.0_N1800_F180_R4,U_WPB_L56_DOC3.0_WOC1.0_N1800_F180,4,1
0,0,0,11,train,148,U_WPB_L56_DOC4.0_WOC1.0_N2700_F270_R1,U_WPB_L56_DOC4.0_WOC1.0_N2700_F270,1,1
0,0,0,11,train,149,U_WPB_L56_DOC4.0_WOC1.0_N2700_F270_R2,U_WPB_L56_DOC4.0_WOC1.0_N2700_F270,2,1
0,0,0,11,train,150,U_WPB_L56_DOC4.0_WOC1.0_N2700_F270_R3,U_WPB_L56_DOC4.0_WOC1.0_N2700_F270,3,1
0,0,0,11,train,151,U_WPB_L56_DOC4.0_WOC1.0_N2700_F270_R4,U_WPB_L56_DOC4.0_WOC1.0_N2700_F270,4,1
0,0,0,11,train,152,U_WPB_L56_DOC4.0_WOC2.0_N2700_F270_R1,U_WPB_L56_DOC4.0_WOC2.0_N2700_F270,1,1
0,0,0,11,train,153,U_WPB_L56_DOC4.0_WOC2.0_N2700_F270_R2,U_WPB_L56_DOC4.0_WOC2.0_N2700_F270,2,1
0,0,0,11,train,154,U_WPB_L56_DOC4.0_WOC2.0_N2700_F270_R3,U_WPB_L56_DOC4.0_WOC2.0_N2700_F270,3,1
0,0,0,11,train,155,U_WPB_L56_DOC4.0_WOC2.0_N2700_F270_R4,U_WPB_L56_DOC4.0_WOC2.0_N2700_F270,4,1
0,0,0,11,train,156,U_WPB_L56_DOC6.0_WOC1.0_N2700_F270_R1,U_WPB_L56_DOC6.0_WOC1.0_N2700_F270,1,1
0,0,0,11,train,157,U_WPB_L56_DOC6.0_WOC1.0_N2700_F270_R2,U_WPB_L56_DOC6.0_WOC1.0_N2700_F270,2,1
0,0,0,11,train,158,U_WPB_L56_DOC6.0_WOC1.0_N2700_F270_R3,U_WPB_L56_DOC6.0_WOC1.0_N2700_F270,3,1
0,0,0,11,train,159,U_WPB_L56_DOC6.0_WOC1.0_N2700_F270_R4,U_WPB_L56_DOC6.0_WOC1.0_N2700_F270,4,1
0,0,0,11,test,0,S_WPA_L36_DOC0.5_WOC1.0_N2700_F270_R1,S_WPA_L36_DOC0.5_WOC1.0_N2700_F270,1,0
0,0,0,11,test,1,S_WPA_L36_DOC0.5_WOC1.0_N2700_F270_R2,S_WPA_L36_DOC0.5_WOC1.0_N2700_F270,2,0
0,0,0,11,test,2,S_WPA_L36_DOC0.5_WOC1.0_N2700_F270_R3,S_WPA_L36_DOC0.5_WOC1.0_N2700_F270,3,0
0,0,0,11,test,3,S_WPA_L36_DOC0.5_WOC1.0_N2700_F270_R4,S_WPA_L36_DOC0.5_WOC1.0_N2700_F270,4,0
0,0,0,11,test,12,S_WPA_L36_DOC1.0_WOC1.0_N1800_F180_R1,S_WPA_L36_DOC1.0_WOC1.0_N1800_F180,1,0
0,0,0,11,test,13,S_WPA_L36_DOC1.0_WOC1.0_N1800_F180_R2,S_WPA_L36_DOC1.0_WOC1.0_N1800_F180,2,0
0,0,0,11,test,14,S_WPA_L36_DOC1.0_WOC1.0_N1800_F180_R3,S_WPA_L36_DOC1.0_WOC1.0_N1800_F180,3,0
0,0,0,11,test,15,S_WPA_L36_DOC1.0_WOC1.0_N1800_F180_R4,S_WPA_L36_DOC1.0_WOC1.0_N1800_F180,4,0
0,0,0,11,test,28,S_WPA_L36_DOC1.5_WOC1.0_N1800_F180_R1,S_WPA_L36_DOC1.5_WOC1.0_N1800_F180,1,0
0,0,0,11,test,29,S_WPA_L36_DOC1.5_WOC1.0_N1800_F180_R2,S_WPA_L36_DOC1.5_WOC1.0_N1800_F180,2,0
0,0,0,11,test,30,S_WPA_L36_DOC1.5_WOC1.0_N1800_F180_R3,S_WPA_L36_DOC1.5_WOC1.0_N1800_F180,3,0
0,0,0,11,test,31,S_WPA_L36_DOC1.5_WOC1.0_N1800_F180_R4,S_WPA_L36_DOC1.5_WOC1.0_N1800_F180,4,0
0,0,0,11,test,68,S_WPB_L56_DOC0.5_WOC1.0_N3600_F360_R1,S_WPB_L56_DOC0.5_WOC1.0_N3600_F360,1,0
0,0,0,11,test,69,S_WPB_L56_DOC0.5_WOC1.0_N3600_F360_R2,S_WPB_L56_DOC0.5_WOC1.0_N3600_F360,2,0
0,0,0,11,test,70,S_WPB_L56_DOC0.5_WOC1.0_N3600_F360_R3,S_WPB_L56_DOC0.5_WOC1.0_N3600_F360,3,0
0,0,0,11,test,71,S_WPB_L56_DOC0.5_WOC1.0_N3600_F360_R4,S_WPB_L56_DOC0.5_WOC1.0_N3600_F360,4,0
0,0,0,11,test,84,S_WPB_L56_DOC1.0_WOC1.0_N3600_F360_R1,S_WPB_L56_DOC1.0_WOC1.0_N3600_F360,1,0
0,0,0,11,test,85,S_WPB_L56_DOC1.0_WOC1.0_N3600_F360_R2,S_WPB_L56_DOC1.0_WOC1.0_N3600_F360,2,0
0,0,0,11,test,86,S_WPB_L56_DOC1.0_WOC1.0_N3600_F360_R3,S_WPB_L56_DOC1.0_WOC1.0_N3600_F360,3,0
0,0,0,11,test,87,S_WPB_L56_DOC1.0_WOC1.0_N3600_F360_R4,S_WPB_L56_DOC1.0_WOC1.0_N3600_F360,4,0
0,0,0,11,test,88,S_WPB_L56_DOC1.0_WOC2.0_N2700_F270_R1,S_WPB_L56_DOC1.0_WOC2.0_N2700_F270,1,0
0,0,0,11,test,89,S_WPB_L56_DOC1.0_WOC2.0_N2700_F270_R2,S_WPB_L56_DOC1.0_WOC2.0_N2700_F270,2,0
0,0,0,11,test,90,S_WPB_L56_DOC1.0_WOC2.0_N2700_F270_R3,S_WPB_L56_DOC1.0_WOC2.0_N2700_F270,3,0
0,0,0,11,test,91,S_WPB_L56_DOC1.0_WOC2.0_N2700_F270_R4,S_WPB_L56_DOC1.0_WOC2.0_N2700_F270,4,0
0,0,0,11,test,92,S_WPB_L56_DOC1.5_WOC1.0_N1800_F180_R1,S_WPB_L56_DOC1.5_WOC1.0_N1800_F180,1,0
0,0,0,11,test,93,S_WPB_L56_DOC1.5_WOC1.0_N1800_F180_R2,S_WPB_L56_DOC1.5_WOC1.0_N1800_F180,2,0
0,0,0,11,test,94,S_WPB_L56_DOC1.5_WOC1.0_N1800_F180_R3,S_WPB_L56_DOC1.5_WOC1.0_N1800_F180,3,0
0,0,0,11,test,95,S_WPB_L56_DOC1.5_WOC1.0_N1800_F180_R4,S_WPB_L56_DOC1.5_WOC1.0_N1800_F180,4,0
0,0,0,11,test,112,U_WPA_L36_DOC2.0_WOC2.0_N2700_F270_R1,U_WPA_L36_DOC2.0_WOC2.0_N2700_F270,1,1
0,0,0,11,test,113,U_WPA_L36_DOC2.0_WOC2.0_N2700_F270_R2,U_WPA_L36_DOC2.0_WOC2.0_N2700_F270,2,1
0,0,0,11,test,114,U_WPA_L36_DOC2.0_WOC2.0_N2700_F270_R3,U_WPA_L36_DOC2.0_WOC2.0_N2700_F270,3,1
0,0,0,11,test,115,U_WPA_L36_DOC2.0_WOC2.0_N2700_F270_R4,U_WPA_L36_DOC2.0_WOC2.0_N2700_F270,4,1
0,0,0,11,test,120,U_WPA_L36_DOC4.0_WOC2.0_N2700_F270_R1,U_WPA_L36_DOC4.0_WOC2.0_N2700_F270,1,1
0,0,0,11,test,121,U_WPA_L36_DOC4.0_WOC2.0_N2700_F270_R2,U_WPA_L36_DOC4.0_WOC2.0_N2700_F270,2,1
0,0,0,11,test,122,U_WPA_L36_DOC4.0_WOC2.0_N2700_F270_R3,U_WPA_L36_DOC4.0_WOC2.0_N2700_F270,3,1
0,0,0,11,test,123,U_WPA_L36_DOC4.0_WOC2.0_N2700_F270_R4,U_WPA_L36_DOC4.0_WOC2.0_N2700_F270,4,1
0,0,0,11,test,144,U_WPB_L56_DOC3.0_WOC1.0_N3600_F360_R1,U_WPB_L56_DOC3.0_WOC1.0_N3600_F360,1,1
0,0,0,11,test,145,U_WPB_L56_DOC3.0_WOC1.0_N3600_F360_R2,U_WPB_L56_DOC3.0_WOC1.0_N3600_F360,2,1
0,0,0,11,test,146,U_WPB_L56_DOC3.0_WOC1.0_N3600_F360_R3,U_WPB_L56_DOC3.0_WOC1.0_N3600_F360,3,1
0,0,0,11,test,147,U_WPB_L56_DOC3.0_WOC1.0_N3600_F360_R4,U_WPB_L56_DOC3.0_WOC1.0_N3600_F360,4,1
1,0,1,11,train,0,S_WPA_L36_DOC0.5_WOC1.0_N2700_F270_R1,S_WPA_L36_DOC0.5_WOC1.0_N2700_F270,1,0
1,0,1,11,train,1,S_WPA_L36_DOC0.5_WOC1.0_N2700_F270_R2,S_WPA_L36_DOC0.5_WOC1.0_N2700_F270,2,0
1,0,1,11,train,2,S_WPA_L36_DOC0.5_WOC1.0_N2700_F270_R3,S_WPA_L36_DOC0.5_WOC1.0_N2700_F270,3,0
1,0,1,11,train,3,S_WPA_L36_DOC0.5_WOC1.0_N2700_F270_R4,S_WPA_L36_DOC0.5_WOC1.0_N2700_F270,4,0
1,0,1,11,train,4,S_WPA_L36_DOC0.5_WOC1.0_N3600_F360_R1,S_WPA_L36_DOC0.5_WOC1.0_N3600_F360,1,0
1,0,1,11,train,5,S_WPA_L36_DOC0.5_WOC1.0_N3600_F360_R2,S_WPA_L36_DOC0.5_WOC1.0_N3600_F360,2,0
1,0,1,11,train,6,S_WPA_L36_DOC0.5_WOC1.0_N3600_F360_R3,S_WPA_L36_DOC0.5_WOC1.0_N3600_F360,3,0
1,0,1,11,train,7,S_WPA_L36_DOC0.5_WOC1.0_N3600_F360_R4,S_WPA_L36_DOC0.5_WOC1.0_N3600_F360,4,0
1,0,1,11,train,12,S_WPA_L36_DOC1.0_WOC1.0_N1800_F180_R1,S_WPA_L36_DOC1.0_WOC1.0_N1800_F180,1,0
1,0,1,11,train,13,S_WPA_L36_DOC1.0_WOC1.0_N1800_F180_R2,S_WPA_L36_DOC1.0_WOC1.0_N1800_F180,2,0
1,0,1,11,train,14,S_WPA_L36_DOC1.0_WOC1.0_N1800_F180_R3,S_WPA_L36_DOC1.0_WOC1.0_N1800_F180,3,0
1,0,1,11,train,15,S_WPA_L36_DOC1.0_WOC1.0_N1800_F180_R4,S_WPA_L36_DOC1.0_WOC1.0_N1800_F180,4,0
1,0,1,11,train,16,S_WPA_L36_DOC1.0_WOC1.0_N2700_F270_R1,S_WPA_L36_DOC1.0_WOC1.0_N2700_F270,1,0
1,0,1,11,train,17,S_WPA_L36_DOC1.0_WOC1.0_N2700_F270_R2,S_WPA_L36_DOC1.0_WOC1.0_N2700_F270,2,0
1,0,1,11,train,18,S_WPA_L36_DOC1.0_WOC1.0_N2700_F270_R3,S_WPA_L36_DOC1.0_WOC1.0_N2700_F270,3,0
1,0,1,11,train,19,S_WPA_L36_DOC1.0_WOC1.0_N2700_F270_R4,S_WPA_L36_DOC1.0_WOC1.0_N2700_F270,4,0
1,0,1,11,train,24,S_WPA_L36_DOC1.0_WOC2.0_N2700_F270_R1,S_WPA_L36_DOC1.0_WOC2.0_N2700_F270,1,0
1,0,1,11,train,25,S_WPA_L36_DOC1.0_WOC2.0_N2700_F270_R2,S_WPA_L36_DOC1.0_WOC2.0_N2700_F270,2,0
1,0,1,11,train,26,S_WPA_L36_DOC1.0_WOC2.0_N2700_F270_R3,S_WPA_L36_DOC1.0_WOC2.0_N2700_F270,3,0
1,0,1,11,train,27,S_WPA_L36_DOC1.0_WOC2.0_N2700_F270_R4,S_WPA_L36_DOC1.0_WOC2.0_N2700_F270,4,0
1,0,1,11,train,28,S_WPA_L36_DOC1.5_WOC1.0_N1800_F180_R1,S_WPA_L36_DOC1.5_WOC1.0_N1800_F180,1,0
1,0,1,11,train,29,S_WPA_L36_DOC1.5_WOC1.0_N1800_F180_R2,S_WPA_L36_DOC1.5_WOC1.0_N1800_F180,2,0
1,0,1,11,train,30,S_WPA_L36_DOC1.5_WOC1.0_N1800_F180_R3,S_WPA_L36_DOC1.5_WOC1.0_N1800_F180,3,0
1,0,1,11,train,31,S_WPA_L36_DOC1.5_WOC1.0_N1800_F180_R4,S_WPA_L36_DOC1.5_WOC1.0_N1800_F180,4,0
1,0,1,11,train,32,S_WPA_L36_DOC1.5_WOC1.0_N3600_F360_R1,S_WPA_L36_DOC1.5_WOC1.0_N3600_F360,1,0
1,0,1,11,train,33,S_WPA_L36_DOC1.5_WOC1.0_N3600_F360_R2,S_WPA_L36_DOC1.5_WOC1.0_N3600_F360,2,0
1,0,1,11,train,34,S_WPA_L36_DOC1.5_WOC1.0_N3600_F360_R3,S_WPA_L36_DOC1.5_WOC1.0_N3600_F360,3,0
1,0,1,11,train,35,S_WPA_L36_DOC1.5_WOC1.0_N3600_F360_R4,S_WPA_L36_DOC1.5_WOC1.0_N3600_F360,4,0
1,0,1,11,train,36,S_WPA_L36_DOC1.5_WOC2.0_N2700_F270_R1,S_WPA_L36_DOC1.5_WOC2.0_N2700_F270,1,0
1,0,1,11,train,37,S_WPA_L36_DOC1.5_WOC2.0_N2700_F270_R2,S_WPA_L36_DOC1.5_WOC2.0_N2700_F270,2,0
1,0,1,11,train,38,S_WPA_L36_DOC1.5_WOC2.0_N2700_F270_R3,S_WPA_L36_DOC1.5_WOC2.0_N2700_F270,3,0
1,0,1,11,train,39,S_WPA_L36_DOC1.5_WOC2.0_N2700_F270_R4,S_WPA_L36_DOC1.5_WOC2.0_N2700_F270,4,0
1,0,1,11,train,40,S_WPA_L36_DOC2.0_WOC1.0_N1800_F180_R1,S_WPA_L36_DOC2.0_WOC1.0_N1800_F180,1,0
1,0,1,11,train,41,S_WPA_L36_DOC2.0_WOC1.0_N1800_F180_R2,S_WPA_L36_DOC2.0_WOC1.0_N1800_F180,2,0
1,0,1,11,train,42,S_WPA_L36_DOC2.0_WOC1.0_N1800_F180_R3,S_WPA_L36_DOC2.0_WOC1.0_N1800_F180,3,0
1,0,1,11,train,43,S_WPA_L36_DOC2.0_WOC1.0_N1800_F180_R4,S_WPA_L36_DOC2.0_WOC1.0_N1800_F180,4,0
1,0,1,11,train,52,S_WPA_L36_DOC4.0_WOC1.0_N2700_F270_R1,S_WPA_L36_DOC4.0_WOC1.0_N2700_F270,1,0
1,0,1,11,train,53,S_WPA_L36_DOC4.0_WOC1.0_N2700_F270_R2,S_WPA_L36_DOC4.0_WOC1.0_N2700_F270,2,0
1,0,1,11,train,54,S_WPA_L36_DOC4.0_WOC1.0_N2700_F270_R3,S_WPA_L36_DOC4.0_WOC1.0_N2700_F270,3,0
1,0,1,11,train,55,S_WPA_L36_DOC4.0_WOC1.0_N2700_F270_R4,S_WPA_L36_DOC4.0_WOC1.0_N2700_F270,4,0
1,0,1,11,train,56,S_WPA_L36_DOC6.0_WOC1.0_N2700_F270_R1,S_WPA_L36_DOC6.0_WOC1.0_N2700_F270,1,0
1,0,1,11,train,57,S_WPA_L36_DOC6.0_WOC1.0_N2700_F270_R2,S_WPA_L36_DOC6.0_WOC1.0_N2700_F270,2,0
1,0,1,11,train,58,S_WPA_L36_DOC6.0_WOC1.0_N2700_F270_R3,S_WPA_L36_DOC6.0_WOC1.0_N2700_F270,3,0
1,0,1,11,train,59,S_WPA_L36_DOC6.0_WOC1.0_N2700_F270_R4,S_WPA_L36_DOC6.0_WOC1.0_N2700_F270,4,0
1,0,1,11,train,68,S_WPB_L56_DOC0.5_WOC1.0_N3600_F360_R1,S_WPB_L56_DOC0.5_WOC1.0_N3600_F360,1,0
1,0,1,11,train,69,S_WPB_L56_DOC0.5_WOC1.0_N3600_F360_R2,S_WPB_L56_DOC0.5_WOC1.0_N3600_F360,2,0
1,0,1,11,train,70,S_WPB_L56_DOC0.5_WOC1.0_N3600_F360_R3,S_WPB_L56_DOC0.5_WOC1.0_N3600_F360,3,0
1,0,1,11,train,71,S_WPB_L56_DOC0.5_WOC1.0_N3600_F360_R4,S_WPB_L56_DOC0.5_WOC1.0_N3600_F360,4,0
1,0,1,11,train,72,S_WPB_L56_DOC0.5_WOC2.0_N2700_F270_R1,S_WPB_L56_DOC0.5_WOC2.0_N2700_F270,1,0
1,0,1,11,train,73,S_WPB_L56_DOC0.5_WOC2.0_N2700_F270_R2,S_WPB_L56_DOC0.5_WOC2.0_N2700_F270,2,0
1,0,1,11,train,74,S_WPB_L56_DOC0.5_WOC2.0_N2700_F270_R3,S_WPB_L56_DOC0.5_WOC2.0_N2700_F270,3,0
1,0,1,11,train,75,S_WPB_L56_DOC0.5_WOC2.0_N2700_F270_R4,S_WPB_L56_DOC0.5_WOC2.0_N2700_F270,4,0
1,0,1,11,train,80,S_WPB_L56_DOC1.0_WOC1.0_N2700_F270_R1,S_WPB_L56_DOC1.0_WOC1.0_N2700_F270,1,0
1,0,1,11,train,81,S_WPB_L56_DOC1.0_WOC1.0_N2700_F270_R2,S_WPB_L56_DOC1.0_WOC1.0_N2700_F270,2,0
1,0,1,11,train,82,S_WPB_L56_DOC1.0_WOC1.0_N2700_F270_R3,S_WPB_L56_DOC1.0_WOC1.0_N2700_F270,3,0
1,0,1,11,train,83,S_WPB_L56_DOC1.0_WOC1.0_N2700_F270_R4,S_WPB_L56_DOC1.0_WOC1.0_N2700_F270,4,0
1,0,1,11,train,84,S_WPB_L56_DOC1.0_WOC1.0_N3600_F360_R1,S_WPB_L56_DOC1.0_WOC1.0_N3600_F360,1,0
1,0,1,11,train,85,S_WPB_L56_DOC1.0_WOC1.0_N3600_F360_R2,S_WPB_L56_DOC1.0_WOC1.0_N3600_F360,2,0
1,0,1,11,train,86,S_WPB_L56_DOC1.0_WOC1.0_N3600_F360_R3,S_WPB_L56_DOC1.0_WOC1.0_N3600_F360,3,0
1,0,1,11,train,87,S_WPB_L56_DOC1.0_WOC1.0_N3600_F360_R4,S_WPB_L56_DOC1.0_WOC1.0_N3600_F360,4,0
1,0,1,11,train,88,S_WPB_L56_DOC1.0_WOC2.0_N2700_F270_R1,S_WPB_L56_DOC1.0_WOC2.0_N2700_F270,1,0
1,0,1,11,train,89,S_WPB_L56_DOC1.0_WOC2.0_N2700_F270_R2,S_WPB_L56_DOC1.0_WOC2.0_N2700_F270,2,0
1,0,1,11,train,90,S_WPB_L56_DOC1.0_WOC2.0_N2700_F270_R3,S_WPB_L56_DOC1.0_WOC2.0_N2700_F270,3,0
1,0,1,11,train,91,S_WPB_L56_DOC1.0_WOC2.0_N2700_F270_R4,S_WPB_L56_DOC1.0_WOC2.0_N2700_F270,4,0
1,0,1,11,train,92,S_WPB_L56_DOC1.5_WOC1.0_N1800_F180_R1,S_WPB_L56_DOC1.5_WOC1.0_N1800_F180,1,0
1,0,1,11,train,93,S_WPB_L56_DOC1.5_WOC1.0_N1800_F180_R2,S_WPB_L56_DOC1.5_WOC1.0_N1800_F180,2,0
1,0,1,11,train,94,S_WPB_L56_DOC1.5_WOC1.0_N1800_F180_R3,S_WPB_L56_DOC1.5_WOC1.0_N1800_F180,3,0
1,0,1,11,train,95,S_WPB_L56_DOC1.5_WOC1.0_N1800_F180_R4,S_WPB_L56_DOC1.5_WOC1.0_N1800_F180,4,0
1,0,1,11,train,96,S_WPB_L56_DOC1.5_WOC1.0_N2700_F270_R1,S_WPB_L56_DOC1.5_WOC1.0_N2700_F270,1,0
1,0,1,11,train,97,S_WPB_L56_DOC1.5_WOC1.0_N2700_F270_R2,S_WPB_L56_DOC1.5_WOC1.0_N2700_F270,2,0
1,0,1,11,train,98,S_WPB_L56_DOC1.5_WOC1.0_N2700_F270_R3,S_WPB_L56_DOC1.5_WOC1.0_N2700_F270,3,0
1,0,1,11,train,99,S_WPB_L56_DOC1.5_WOC1.0_N2700_F270_R4,S_WPB_L56_DOC1.5_WOC1.0_N2700_F270,4,0
1,0,1,11,train,100,S_WPB_L56_DOC1.5_WOC1.0_N3600_F360_R1,S_WPB_L56_DOC1.5_WOC1.0_N3600_F360,1,0
1,0,1,11,train,101,S_WPB_L56_DOC1.5_WOC1.0_N3600_F360_R2,S_WPB_L56_DOC1.5_WOC1.0_N3600_F360,2,0
1,0,1,11,train,102,S_WPB_L56_DOC1.5_WOC1.0_N3600_F360_R3,S_WPB_L56_DOC1.5_WOC1.0_N3600_F360,3,0
1,0,1,11,train,103,S_WPB_L56_DOC1.5_WOC1.0_N3600_F360_R4,S_WPB_L56_DOC1.5_WOC1.0_N3600_F360,4,0
1,0,1,11,train,104,S_WPB_L56_DOC1.5_WOC2.0_N2700_F270_R1,S_WPB_L56_DOC1.5_WOC2.0_N2700_F270,1,0
1,0,1,11,train,105,S_WPB_L56_DOC1.5_WOC2.0_N2700_F270_R2,S_WPB_L56_DOC1.5_WOC2.0_N2700_F270,2,0
1,0,1,11,train,106,S_WPB_L56_DOC1.5_WOC2.0_N2700_F270_R3,S_WPB_L56_DOC1.5_WOC2.0_N2700_F270,3,0
1,0,1,11,train,107,S_WPB_L56_DOC1.5_WOC2.0_N2700_F270_R4,S_WPB_L56_DOC1.5_WOC2.0_N2700_F270,4,0
1,0,1,11,train,108,U_WPA_L36_DOC2.0_WOC1.0_N3600_F360_R1,U_WPA_L36_DOC2.0_WOC1.0_N3600_F360,1,1
1,0,1,11,train,109,U_WPA_L36_DOC2.0_WOC1.0_N3600_F360_R2,U_WPA_L36_DOC2.0_WOC1.0_N3600_F360,2,1
1,0,1,11,train,110,U_WPA_L36_DOC2.0_WOC1.0_N3600_F360_R3,U_WPA_L36_DOC2.0_WOC1.0_N3600_F360,3,1
1,0,1,11,train,111,U_WPA_L36_DOC2.0_WOC1.0_N3600_F360_R4,U_WPA_L36_DOC2.0_WOC1.0_N3600_F360,4,1
1,0,1,11,train,112,U_WPA_L36_DOC2.0_WOC2.0_N2700_F270_R1,U_WPA_L36_DOC2.0_WOC2.0_N2700_F270,1,1
1,0,1,11,train,113,U_WPA_L36_DOC2.0_WOC2.0_N2700_F270_R2,U_WPA_L36_DOC2.0_WOC2.0_N2700_F270,2,1
1,0,1,11,train,114,U_WPA_L36_DOC2.0_WOC2.0_N2700_F270_R3,U_WPA_L36_DOC2.0_WOC2.0_N2700_F270,3,1
1,0,1,11,train,115,U_WPA_L36_DOC2.0_WOC2.0_N2700_F270_R4,U_WPA_L36_DOC2.0_WOC2.0_N2700_F270,4,1
1,0,1,11,train,116,U_WPA_L36_DOC3.0_WOC1.0_N3600_F360_R1,U_WPA_L36_DOC3.0_WOC1.0_N3600_F360,1,1
1,0,1,11,train,117,U_WPA_L36_DOC3.0_WOC1.0_N3600_F360_R2,U_WPA_L36_DOC3.0_WOC1.0_N3600_F360,2,1
1,0,1,11,train,118,U_WPA_L36_DOC3.0_WOC1.0_N3600_F360_R3,U_WPA_L36_DOC3.0_WOC1.0_N3600_F360,3,1
1,0,1,11,train,119,U_WPA_L36_DOC3.0_WOC1.0_N3600_F360_R4,U_WPA_L36_DOC3.0_WOC1.0_N3600_F360,4,1
1,0,1,11,train,120,U_WPA_L36_DOC4.0_WOC2.0_N2700_F270_R1,U_WPA_L36_DOC4.0_WOC2.0_N2700_F270,1,1
1,0,1,11,train,121,U_WPA_L36_DOC4.0_WOC2.0_N2700_F270_R2,U_WPA_L36_DOC4.0_WOC2.0_N2700_F270,2,1
1,0,1,11,train,122,U_WPA_L36_DOC4.0_WOC2.0_N2700_F270_R3,U_WPA_L36_DOC4.0_WOC2.0_N2700_F270,3,1
1,0,1,11,train,123,U_WPA_L36_DOC4.0_WOC2.0_N2700_F270_R4,U_WPA_L36_DOC4.0_WOC2.0_N2700_F270,4,1
1,0,1,11,train,124,U_WPB_L56_DOC2.0_WOC1.0_N1800_F180_R1,U_WPB_L56_DOC2.0_WOC1.0_N1800_F180,1,1
1,0,1,11,train,125,U_WPB_L56_DOC2.0_WOC1.0_N1800_F180_R2,U_WPB_L56_DOC2.0_WOC1.0_N1800_F180,2,1
1,0,1,11,train,126,U_WPB_L56_DOC2.0_WOC1.0_N1800_F180_R3,U_WPB_L56_DOC2.0_WOC1.0_N1800_F180,3,1
1,0,1,11,train,127,U_WPB_L56_DOC2.0_WOC1.0_N1800_F180_R4,U_WPB_L56_DOC2.0_WOC1.0_N1800_F180,4,1
1,0,1,11,train,128,U_WPB_L56_DOC2.0_WOC1.0_N2700_F270_R1,U_WPB_L56_DOC2.0_WOC1.0_N2700_F270,1,1
1,0,1,11,train,129,U_WPB_L56_DOC2.0_WOC1.0_N2700_F270_R2,U_WPB_L56_DOC2.0_WOC1.0_N2700_F270,2,1
1,0,1,11,train,130,U_WPB_L56_DOC2.0_WOC1.0_N2700_F270_R3,U_WPB_L56_DOC2.0_WOC1.0_N2700_F270,3,1
1,0,1,11,train,131,U_WPB_L56_DOC2.0_WOC1.0_N2700_F270_R4,U_WPB_L56_DOC2.0_WOC1.0_N2700_F270,4,1
1,0,1,11,train,132,U_WPB_L56_DOC2.0_WOC1.0_N3600_F360_R1,U_WPB_L56_DOC2.0_WOC1.0_N3600_F360,1,1
1,0,1,11,train,133,U_WPB_L56_DOC2.0_WOC1.0_N3600_F360_R2,U_WPB_L56_DOC2.0_WOC1.0_N3600_F360,2,1
1,0,1,11,train,134,U_WPB_L56_DOC2.0_WOC1.0_N3600_F360_R3,U_WPB_L56_DOC2.0_WOC1.0_N3600_F360,3,1
1,0,1,11,train,135,U_WPB_L56_DOC2.0_WOC1.0_N3600_F360_R4,U_WPB_L56_DOC2.0_WOC1.0_N3600_F360,4,1
1,0,1,11,train,144,U_WPB_L56_DOC3.0_WOC1.0_N3600_F360_R1,U_WPB_L56_DOC3.0_WOC1.0_N3600_F360,1,1
1,0,1,11,train,145,U_WPB_L56_DOC3.0_WOC1.0_N3600_F360_R2,U_WPB_L56_DOC3.0_WOC1.0_N3600_F360,2,1
1,0,1,11,train,146,U_WPB_L56_DOC3.0_WOC1.0_N3600_F360_R3,U_WPB_L56_DOC3.0_WOC1.0_N3600_F360,3,1
1,0,1,11,train,147,U_WPB_L56_DOC3.0_WOC1.0_N3600_F360_R4,U_WPB_L56_DOC3.0_WOC1.0_N3600_F360,4,1
1,0,1,11,train,152,U_WPB_L56_DOC4.0_WOC2.0_N2700_F270_R1,U_WPB_L56_DOC4.0_WOC2.0_N2700_F270,1,1
1,0,1,11,train,153,U_WPB_L56_DOC4.0_WOC2.0_N2700_F270_R2,U_WPB_L56_DOC4.0_WOC2.0_N2700_F270,2,1
1,0,1,11,train,154,U_WPB_L56_DOC4.0_WOC2.0_N2700_F270_R3,U_WPB_L56_DOC4.0_WOC2.0_N2700_F270,3,1
1,0,1,11,train,155,U_WPB_L56_DOC4.0_WOC2.0_N2700_F270_R4,U_WPB_L56_DOC4.0_WOC2.0_N2700_F270,4,1
1,0,1,11,train,156,U_WPB_L56_DOC6.0_WOC1.0_N2700_F270_R1,U_WPB_L56_DOC6.0_WOC1.0_N2700_F270,1,1
1,0,1,11,train,157,U_WPB_L56_DOC6.0_WOC1.0_N2700_F270_R2,U_WPB_L56_DOC6.0_WOC1.0_N2700_F270,2,1
1,0,1,11,train,158,U_WPB_L56_DOC6.0_WOC1.0_N2700_F270_R3,U_WPB_L56_DOC6.0_WOC1.0_N2700_F270,3,1
1,0,1,11,train,159,U_WPB_L56_DOC6.0_WOC1.0_N2700_F270_R4,U_WPB_L56_DOC6.0_WOC1.0_N2700_F270,4,1
1,0,1,11,test,8,S_WPA_L36_DOC0.5_WOC2.0_N2700_F270_R1,S_WPA_L36_DOC0.5_WOC2.0_N2700_F270,1,0
1,0,1,11,test,9,S_WPA_L36_DOC0.5_WOC2.0_N2700_F270_R2,S_WPA_L36_DOC0.5_WOC2.0_N2700_F270,2,0
1,0,1,11,test,10,S_WPA_L36_DOC0.5_WOC2.0_N2700_F270_R3,S_WPA_L36_DOC0.5_WOC2.0_N2700_F270,3,0
1,0,1,11,test,11,S_WPA_L36_DOC0.5_WOC2.0_N2700_F270_R4,S_WPA_L36_DOC0.5_WOC2.0_N2700_F270,4,0
1,0,1,11,test,20,S_WPA_L36_DOC1.0_WOC1.0_N3600_F360_R1,S_WPA_L36_DOC1.0_WOC1.0_N3600_F360,1,0
1,0,1,11,test,21,S_WPA_L36_DOC1.0_WOC1.0_N3600_F360_R2,S_WPA_L36_DOC1.0_WOC1.0_N3600_F360,2,0
1,0,1,11,test,22,S_WPA_L36_DOC1.0_WOC1.0_N3600_F360_R3,S_WPA_L36_DOC1.0_WOC1.0_N3600_F360,3,0
1,0,1,11,test,23,S_WPA_L36_DOC1.0_WOC1.0_N3600_F360_R4,S_WPA_L36_DOC1.0_WOC1.0_N3600_F360,4,0
1,0,1,11,test,44,S_WPA_L36_DOC2.0_WOC1.0_N2700_F270_R1,S_WPA_L36_DOC2.0_WOC1.0_N2700_F270,1,0
1,0,1,11,test,45,S_WPA_L36_DOC2.0_WOC1.0_N2700_F270_R2,S_WPA_L36_DOC2.0_WOC1.0_N2700_F270,2,0
1,0,1,11,test,46,S_WPA_L36_DOC2.0_WOC1.0_N2700_F270_R3,S_WPA_L36_DOC2.0_WOC1.0_N2700_F270,3,0
1,0,1,11,test,47,S_WPA_L36_DOC2.0_WOC1.0_N2700_F270_R4,S_WPA_L36_DOC2.0_WOC1.0_N2700_F270,4,0
1,0,1,11,test,48,S_WPA_L36_DOC3.0_WOC1.0_N1800_F180_R1,S_WPA_L36_DOC3.0_WOC1.0_N1800_F180,1,0
1,0,1,11,test,49,S_WPA_L36_DOC3.0_WOC1.0_N1800_F180_R2,S_WPA_L36_DOC3.0_WOC1.0_N1800_F180,2,0
1,0,1,11,test,50,S_WPA_L36_DOC3.0_WOC1.0_N1800_F180_R3,S_WPA_L36_DOC3.0_WOC1.0_N1800_F180,3,0
1,0,1,11,test,51,S_WPA_L36_DOC3.0_WOC1.0_N1800_F180_R4,S_WPA_L36_DOC3.0_WOC1.0_N1800_F180,4,0
1,0,1,11,test,60,S_WPB_L56_DOC0.5_WOC1.0_N1800_F180_R1,S_WPB_L56_DOC0.5_WOC1.0_N1800_F180,1,0
1,0,1,11,test,61,S_WPB_L56_DOC0.5_WOC1.0_N1800_F180_R2,S_WPB_L56_DOC0.5_WOC1.0_N1800_F180,2,0
1,0,1,11,test,62,S_WPB_L56_DOC0.5_WOC1.0_N1800_F180_R3,S_WPB_L56_DOC0.5_WOC1.0_N1800_F180,3,0
1,0,1,11,test,63,S_WPB_L56_DOC0.5_WOC1.0_N1800_F180_R4,S_WPB_L56_DOC0.5_WOC1.0_N1800_F180,4,0
1,0,1,11,test,64,S_WPB_L56_DOC0.5_WOC1.0_N2700_F270_R1,S_WPB_L56_DOC0.5_WOC1.0_N2700_F270,1,0
1,0,1,11,test,65,S_WPB_L56_DOC0.5_WOC1.0_N2700_F270_R2,S_WPB_L56_DOC0.5_WOC1.0_N2700_F270,2,0
1,0,1,11,test,66,S_WPB_L56_DOC0.5_WOC1.0_N2700_F270_R3,S_WPB_L56_DOC0.5_WOC1.0_N2700_F270,3,0
1,0,1,11,test,67,S_WPB_L56_DOC0.5_WOC1.0_N2700_F270_R4,S_WPB_L56_DOC0.5_WOC1.0_N2700_F270,4,0
1,0,1,11,test,76,S_WPB_L56_DOC1.0_WOC1.0_N1800_F180_R1,S_WPB_L56_DOC1.0_WOC1.0_N1800_F180,1,0
1,0,1,11,test,77,S_WPB_L56_DOC1.0_WOC1.0_N1800_F180_R2,S_WPB_L56_DOC1.0_WOC1.0_N1800_F180,2,0
1,0,1,11,test,78,S_WPB_L56_DOC1.0_WOC1.0_N1800_F180_R3,S_WPB_L56_DOC1.0_WOC1.0_N1800_F180,3,0
1,0,1,11,test,79,S_WPB_L56_DOC1.0_WOC1.0_N1800_F180_R4,S_WPB_L56_DOC1.0_WOC1.0_N1800_F180,4,0
1,0,1,11,test,136,U_WPB_L56_DOC2.0_WOC2.0_N2700_F270_R1,U_WPB_L56_DOC2.0_WOC2.0_N2700_F270,1,1
1,0,1,11,test,137,U_WPB_L56_DOC2.0_WOC2.0_N2700_F270_R2,U_WPB_L56_DOC2.0_WOC2.0_N2700_F270,2,1
1,0,1,11,test,138,U_WPB_L56_DOC2.0_WOC2.0_N2700_F270_R3,U_WPB_L56_DOC2.0_WOC2.0_N2700_F270,3,1
1,0,1,11,test,139,U_WPB_L56_DOC2.0_WOC2.0_N2700_F270_R4,U_WPB_L56_DOC2.0_WOC2.0_N2700_F270,4,1
1,0,1,11,test,140,U_WPB_L56_DOC3.0_WOC1.0_N1800_F180_R1,U_WPB_L56_DOC3.0_WOC1.0_N1800_F180,1,1
1,0,1,11,test,141,U_WPB_L56_DOC3.0_WOC1.0_N1800_F180_R2,U_WPB_L56_DOC3.0_WOC1.0_N1800_F180,2,1
1,0,1,11,test,142,U_WPB_L56_DOC3.0_WOC1.0_N1800_F180_R3,U_WPB_L56_DOC3.0_WOC1.0_N1800_F180,3,1
1,0,1,11,test,143,U_WPB_L56_DOC3.0_WOC1.0_N1800_F180_R4,U_WPB_L56_DOC3.0_WOC1.0_N1800_F180,4,1
1,0,1,11,test,148,U_WPB_L56_DOC4.0_WOC1.0_N2700_F270_R1,U_WPB_L56_DOC4.0_WOC1.0_N2700_F270,1,1
1,0,1,11,test,149,U_WPB_L56_DOC4.0_WOC1.0_N2700_F270_R2,U_WPB_L56_DOC4.0_WOC1.0_N2700_F270,2,1
1,0,1,11,test,150,U_WPB_L56_DOC4.0_WOC1.0_N2700_F270_R3,U_WPB_L56_DOC4.0_WOC1.0_N2700_F270,3,1
1,0,1,11,test,151,U_WPB_L56_DOC4.0_WOC1.0_N2700_F270_R4,U_WPB_L56_DOC4.0_WOC1.0_N2700_F270,4,1
2,0,2,11,train,0,S_WPA_L36_DOC0.5_WOC1.0_N2700_F270_R1,S_WPA_L36_DOC0.5_WOC1.0_N2700_F270,1,0
2,0,2,11,train,1,S_WPA_L36_DOC0.5_WOC1.0_N2700_F270_R2,S_WPA_L36_DOC0.5_WOC1.0_N2700_F270,2,0
2,0,2,11,train,2,S_WPA_L36_DOC0.5_WOC1.0_N2700_F270_R3,S_WPA_L36_DOC0.5_WOC1.0_N2700_F270,3,0
2,0,2,11,train,3,S_WPA_L36_DOC0.5_WOC1.0_N2700_F270_R4,S_WPA_L36_DOC0.5_WOC1.0_N2700_F270,4,0
2,0,2,11,train,4,S_WPA_L36_DOC0.5_WOC1.0_N3600_F360_R1,S_WPA_L36_DOC0.5_WOC1.0_N3600_F360,1,0
2,0,2,11,train,5,S_WPA_L36_DOC0.5_WOC1.0_N3600_F360_R2,S_WPA_L36_DOC0.5_WOC1.0_N3600_F360,2,0
2,0,2,11,train,6,S_WPA_L36_DOC0.5_WOC1.0_N3600_F360_R3,S_WPA_L36_DOC0.5_WOC1.0_N3600_F360,3,0
2,0,2,11,train,7,S_WPA_L36_DOC0.5_WOC1.0_N3600_F360_R4,S_WPA_L36_DOC0.5_WOC1.0_N3600_F360,4,0
2,0,2,11,train,8,S_WPA_L36_DOC0.5_WOC2.0_N2700_F270_R1,S_WPA_L36_DOC0.5_WOC2.0_N2700_F270,1,0
2,0,2,11,train,9,S_WPA_L36_DOC0.5_WOC2.0_N2700_F270_R2,S_WPA_L36_DOC0.5_WOC2.0_N2700_F270,2,0
2,0,2,11,train,10,S_WPA_L36_DOC0.5_WOC2.0_N2700_F270_R3,S_WPA_L36_DOC0.5_WOC2.0_N2700_F270,3,0
2,0,2,11,train,11,S_WPA_L36_DOC0.5_WOC2.0_N2700_F270_R4,S_WPA_L36_DOC0.5_WOC2.0_N2700_F270,4,0
2,0,2,11,train,12,S_WPA_L36_DOC1.0_WOC1.0_N1800_F180_R1,S_WPA_L36_DOC1.0_WOC1.0_N1800_F180,1,0
2,0,2,11,train,13,S_WPA_L36_DOC1.0_WOC1.0_N1800_F180_R2,S_WPA_L36_DOC1.0_WOC1.0_N1800_F180,2,0
2,0,2,11,train,14,S_WPA_L36_DOC1.0_WOC1.0_N1800_F180_R3,S_WPA_L36_DOC1.0_WOC1.0_N1800_F180,3,0
2,0,2,11,train,15,S_WPA_L36_DOC1.0_WOC1.0_N1800_F180_R4,S_WPA_L36_DOC1.0_WOC1.0_N1800_F180,4,0
2,0,2,11,train,20,S_WPA_L36_DOC1.0_WOC1.0_N3600_F360_R1,S_WPA_L36_DOC1.0_WOC1.0_N3600_F360,1,0
2,0,2,11,train,21,S_WPA_L36_DOC1.0_WOC1.0_N3600_F360_R2,S_WPA_L36_DOC1.0_WOC1.0_N3600_F360,2,0
2,0,2,11,train,22,S_WPA_L36_DOC1.0_WOC1.0_N3600_F360_R3,S_WPA_L36_DOC1.0_WOC1.0_N3600_F360,3,0
2,0,2,11,train,23,S_WPA_L36_DOC1.0_WOC1.0_N3600_F360_R4,S_WPA_L36_DOC1.0_WOC1.0_N3600_F360,4,0
2,0,2,11,train,24,S_WPA_L36_DOC1.0_WOC2.0_N2700_F270_R1,S_WPA_L36_DOC1.0_WOC2.0_N2700_F270,1,0
2,0,2,11,train,25,S_WPA_L36_DOC1.0_WOC2.0_N2700_F270_R2,S_WPA_L36_DOC1.0_WOC2.0_N2700_F270,2,0
2,0,2,11,train,26,S_WPA_L36_DOC1.0_WOC2.0_N2700_F270_R3,S_WPA_L36_DOC1.0_WOC2.0_N2700_F270,3,0
2,0,2,11,train,27,S_WPA_L36_DOC1.0_WOC2.0_N2700_F270_R4,S_WPA_L36_DOC1.0_WOC2.0_N2700_F270,4,0
2,0,2,11,train,28,S_WPA_L36_DOC1.5_WOC1.0_N1800_F180_R1,S_WPA_L36_DOC1.5_WOC1.0_N1800_F180,1,0
2,0,2,11,train,29,S_WPA_L36_DOC1.5_WOC1.0_N1800_F180_R2,S_WPA_L36_DOC1.5_WOC1.0_N1800_F180,2,0
2,0,2,11,train,30,S_WPA_L36_DOC1.5_WOC1.0_N1800_F180_R3,S_WPA_L36_DOC1.5_WOC1.0_N1800_F180,3,0
2,0,2,11,train,31,S_WPA_L36_DOC1.5_WOC1.0_N1800_F180_R4,S_WPA_L36_DOC1.5_WOC1.0_N1800_F180,4,0
2,0,2,11,train,36,S_WPA_L36_DOC1.5_WOC2.0_N2700_F270_R1,S_WPA_L36_DOC1.5_WOC2.0_N2700_F270,1,0
2,0,2,11,train,37,S_WPA_L36_DOC1.5_WOC2.0_N2700_F270_R2,S_WPA_L36_DOC1.5_WOC2.0_N2700_F270,2,0
2,0,2,11,train,38,S_WPA_L36_DOC1.5_WOC2.0_N2700_F270_R3,S_WPA_L36_DOC1.5_WOC2.0_N2700_F270,3,0
2,0,2,11,train,39,S_WPA_L36_DOC1.5_WOC2.0_N2700_F270_R4,S_WPA_L36_DOC1.5_WOC2.0_N2700_F270,4,0
2,0,2,11,train,44,S_WPA_L36_DOC2.0_WOC1.0_N2700_F270_R1,S_WPA_L36_DOC2.0_WOC1.0_N2700_F270,1,0
2,0,2,11,train,45,S_WPA_L36_DOC2.0_WOC1.0_N2700_F270_R2,S_WPA_L36_DOC2.0_WOC1.0_N2700_F270,2,0
2,0,2,11,train,46,S_WPA_L36_DOC2.0_WOC1.0_N2700_F270_R3,S_WPA_L36_DOC2.0_WOC1.0_N2700_F270,3,0
2,0,2,11,train,47,S_WPA_L36_DOC2.0_WOC1.0_N2700_F270_R4,S_WPA_L36_DOC2.0_WOC1.0_N2700_F270,4,0
2,0,2,11,train,48,S_WPA_L36_DOC3.0_WOC1.0_N1800_F180_R1,S_WPA_L36_DOC3.0_WOC1.0_N1800_F180,1,0
2,0,2,11,train,49,S_WPA_L36_DOC3.0_WOC1.0_N1800_F180_R2,S_WPA_L36_DOC3.0_WOC1.0_N1800_F180,2,0
2,0,2,11,train,50,S_WPA_L36_DOC3.0_WOC1.0_N1800_F180_R3,S_WPA_L36_DOC3.0_WOC1.0_N1800_F180,3,0
2,0,2,11,train,51,S_WPA_L36_DOC3.0_WOC1.0_N1800_F180_R4,S_WPA_L36_DOC3.0_WOC1.0_N1800_F180,4,0
2,0,2,11,train,52,S_WPA_L36_DOC4.0_WOC1.0_N2700_F270_R1,S_WPA_L36_DOC4.0_WOC1.0_N2700_F270,1,0
2,0,2,11,train,53,S_WPA_L36_DOC4.0_WOC1.0_N2700_F270_R2,S_WPA_L36_DOC4.0_WOC1.0_N2700_F270,2,0
2,0,2,11,train,54,S_WPA_L36_DOC4.0_WOC1.0_N2700_F270_R3,S_WPA_L36_DOC4.0_WOC1.0_N2700_F270,3,0
2,0,2,11,train,55,S_WPA_L36_DOC4.0_WOC1.0_N2700_F270_R4,S_WPA_L36_DOC4.0_WOC1.0_N2700_F270,4,0
2,0,2,11,train,56,S_WPA_L36_DOC6.0_WOC1.0_N2700_F270_R1,S_WPA_L36_DOC6.0_WOC1.0_N2700_F270,1,0
2,0,2,11,train,57,S_WPA_L36_DOC6.0_WOC1.0_N2700_F270_R2,S_WPA_L36_DOC6.0_WOC1.0_N2700_F270,2,0
2,0,2,11,train,58,S_WPA_L36_DOC6.0_WOC1.0_N2700_F270_R3,S_WPA_L36_DOC6.0_WOC1.0_N2700_F270,3,0
2,0,2,11,train,59,S_WPA_L36_DOC6.0_WOC1.0_N2700_F270_R4,S_WPA_L36_DOC6.0_WOC1.0_N2700_F270,4,0
2,0,2,11,train,60,S_WPB_L56_DOC0.5_WOC1.0_N1800_F180_R1,S_WPB_L56_DOC0.5_WOC1.0_N1800_F180,1,0
2,0,2,11,train,61,S_WPB_L56_DOC0.5_WOC1.0_N1800_F180_R2,S_WPB_L56_DOC0.5_WOC1.0_N1800_F180,2,0
2,0,2,11,train,62,S_WPB_L56_DOC0.5_WOC1.0_N1800_F180_R3,S_WPB_L56_DOC0.5_WOC1.0_N1800_F180,3,0
2,0,2,11,train,63,S_WPB_L56_DOC0.5_WOC1.0_N1800_F180_R4,S_WPB_L56_DOC0.5_WOC1.0_N1800_F180,4,0
2,0,2,11,train,64,S_WPB_L56_DOC0.5_WOC1.0_N2700_F270_R1,S_WPB_L56_DOC0.5_WOC1.0_N2700_F270,1,0
2,0,2,11,train,65,S_WPB_L56_DOC0.5_WOC1.0_N2700_F270_R2,S_WPB_L56_DOC0.5_WOC1.0_N2700_F270,2,0
2,0,2,11,train,66,S_WPB_L56_DOC0.5_WOC1.0_N2700_F270_R3,S_WPB_L56_DOC0.5_WOC1.0_N2700_F270,3,0
2,0,2,11,train,67,S_WPB_L56_DOC0.5_WOC1.0_N2700_F270_R4,S_WPB_L56_DOC0.5_WOC1.0_N2700_F270,4,0
2,0,2,11,train,68,S_WPB_L56_DOC0.5_WOC1.0_N3600_F360_R1,S_WPB_L56_DOC0.5_WOC1.0_N3600_F360,1,0
2,0,2,11,train,69,S_WPB_L56_DOC0.5_WOC1.0_N3600_F360_R2,S_WPB_L56_DOC0.5_WOC1.0_N3600_F360,2,0
2,0,2,11,train,70,S_WPB_L56_DOC0.5_WOC1.0_N3600_F360_R3,S_WPB_L56_DOC0.5_WOC1.0_N3600_F360,3,0
2,0,2,11,train,71,S_WPB_L56_DOC0.5_WOC1.0_N3600_F360_R4,S_WPB_L56_DOC0.5_WOC1.0_N3600_F360,4,0
2,0,2,11,train,76,S_WPB_L56_DOC1.0_WOC1.0_N1800_F180_R1,S_WPB_L56_DOC1.0_WOC1.0_N1800_F180,1,0
2,0,2,11,train,77,S_WPB_L56_DOC1.0_WOC1.0_N1800_F180_R2,S_WPB_L56_DOC1.0_WOC1.0_N1800_F180,2,0
2,0,2,11,train,78,S_WPB_L56_DOC1.0_WOC1.0_N1800_F180_R3,S_WPB_L56_DOC1.0_WOC1.0_N1800_F180,3,0
2,0,2,11,train,79,S_WPB_L56_DOC1.0_WOC1.0_N1800_F180_R4,S_WPB_L56_DOC1.0_WOC1.0_N1800_F180,4,0
2,0,2,11,train,84,S_WPB_L56_DOC1.0_WOC1.0_N3600_F360_R1,S_WPB_L56_DOC1.0_WOC1.0_N3600_F360,1,0
2,0,2,11,train,85,S_WPB_L56_DOC1.0_WOC1.0_N3600_F360_R2,S_WPB_L56_DOC1.0_WOC1.0_N3600_F360,2,0
2,0,2,11,train,86,S_WPB_L56_DOC1.0_WOC1.0_N3600_F360_R3,S_WPB_L56_DOC1.0_WOC1.0_N3600_F360,3,0
2,0,2,11,train,87,S_WPB_L56_DOC1.0_WOC1.0_N3600_F360_R4,S_WPB_L56_DOC1.0_WOC1.0_N3600_F360,4,0
2,0,2,11,train,88,S_WPB_L56_DOC1.0_WOC2.0_N2700_F270_R1,S_WPB_L56_DOC1.0_WOC2.0_N2700_F270,1,0
2,0,2,11,train,89,S_WPB_L56_DOC1.0_WOC2.0_N2700_F270_R2,S_WPB_L56_DOC1.0_WOC2.0_N2700_F270,2,0
2,0,2,11,train,90,S_WPB_L56_DOC1.0_WOC2.0_N2700_F270_R3,S_WPB_L56_DOC1.0_WOC2.0_N2700_F270,3,0
2,0,2,11,train,91,S_WPB_L56_DOC1.0_WOC2.0_N2700_F270_R4,S_WPB_L56_DOC1.0_WOC2.0_N2700_F270,4,0
2,0,2,11,train,92,S_WPB_L56_DOC1.5_WOC1.0_N1800_F180_R1,S_WPB_L56_DOC1.5_WOC1.0_N1800_F180,1,0
2,0,2,11,train,93,S_WPB_L56_DOC1.5_WOC1.0_N1800_F180_R2,S_WPB_L56_DOC1.5_WOC1.0_N1800_F180,2,0
2,0,2,11,train,94,S_WPB_L56_DOC1.5_WOC1.0_N1800_F180_R3,S_WPB_L56_DOC1.5_WOC1.0_N1800_F180,3,0
2,0,2,11,train,95,S_WPB_L56_DOC1.5_WOC1.0_N1800_F180_R4,S_WPB_L56_DOC1.5_WOC1.0_N1800_F180,4,0
2,0,2,11,train,96,S_WPB_L56_DOC1.5_WOC1.0_N2700_F270_R1,S_WPB_L56_DOC1.5_WOC1.0_N2700_F270,1,0
2,0,2,11,train,97,S_WPB_L56_DOC1.5_WOC1.0_N2700_F270_R2,S_WPB_L56_DOC1.5_WOC1.0_N2700_F270,2,0
2,0,2,11,train,98,S_WPB_L56_DOC1.5_WOC1.0_N2700_F270_R3,S_WPB_L56_DOC1.5_WOC1.0_N2700_F270,3,0
2,0,2,11,train,99,S_WPB_L56_DOC1.5_WOC1.0_N2700_F270_R4,S_WPB_L56_DOC1.5_WOC1.0_N2700_F270,4,0
2,0,2,11,train,100,S_WPB_L56_DOC1.5_WOC1.0_N3600_F360_R1,S_WPB_L56_DOC1.5_WOC1.0_N3600_F360,1,0
2,0,2,11,train,101,S_WPB_L56_DOC1.5_WOC1.0_N3600_F360_R2,S_WPB_L56_DOC1.5_WOC1.0_N3600_F360,2,0
2,0,2,11,train,102,S_WPB_L56_DOC1.5_WOC1.0_N3600_F360_R3,S_WPB_L56_DOC1.5_WOC1.0_N3600_F360,3,0
2,0,2,11,train,103,S_WPB_L56_DOC1.5_WOC1.0_N3600_F360_R4,S_WPB_L56_DOC1.5_WOC1.0_N3600_F360,4,0
2,0,2,11,train,112,U_WPA_L36_DOC2.0_WOC2.0_N2700_F270_R1,U_WPA_L36_DOC2.0_WOC2.0_N2700_F270,1,1
2,0,2,11,train,113,U_WPA_L36_DOC2.0_WOC2.0_N2700_F270_R2,U_WPA_L36_DOC2.0_WOC2.0_N2700_F270,2,1
2,0,2,11,train,114,U_WPA_L36_DOC2.0_WOC2.0_N2700_F270_R3,U_WPA_L36_DOC2.0_WOC2.0_N2700_F270,3,1
2,0,2,11,train,115,U_WPA_L36_DOC2.0_WOC2.0_N2700_F270_R4,U_WPA_L36_DOC2.0_WOC2.0_N2700_F270,4,1
2,0,2,11,train,120,U_WPA_L36_DOC4.0_WOC2.0_N2700_F270_R1,U_WPA_L36_DOC4.0_WOC2.0_N2700_F270,1,1
2,0,2,11,train,121,U_WPA_L36_DOC4.0_WOC2.0_N2700_F270_R2,U_WPA_L36_DOC4.0_WOC2.0_N2700_F270,2,1
2,0,2,11,train,122,U_WPA_L36_DOC4.0_WOC2.0_N2700_F270_R3,U_WPA_L36_DOC4.0_WOC2.0_N2700_F270,3,1
2,0,2,11,train,123,U_WPA_L36_DOC4.0_WOC2.0_N2700_F270_R4,U_WPA_L36_DOC4.0_WOC2.0_N2700_F270,4,1
2,0,2,11,train,124,U_WPB_L56_DOC2.0_WOC1.0_N1800_F180_R1,U_WPB_L56_DOC2.0_WOC1.0_N1800_F180,1,1
2,0,2,11,train,125,U_WPB_L56_DOC2.0_WOC1.0_N1800_F180_R2,U_WPB_L56_DOC2.0_WOC1.0_N1800_F180,2,1
2,0,2,11,train,126,U_WPB_L56_DOC2.0_WOC1.0_N1800_F180_R3,U_WPB_L56_DOC2.0_WOC1.0_N1800_F180,3,1
2,0,2,11,train,127,U_WPB_L56_DOC2.0_WOC1.0_N1800_F180_R4,U_WPB_L56_DOC2.0_WOC1.0_N1800_F180,4,1
2,0,2,11,train,128,U_WPB_L56_DOC2.0_WOC1.0_N2700_F270_R1,U_WPB_L56_DOC2.0_WOC1.0_N2700_F270,1,1
2,0,2,11,train,129,U_WPB_L56_DOC2.0_WOC1.0_N2700_F270_R2,U_WPB_L56_DOC2.0_WOC1.0_N2700_F270,2,1
2,0,2,11,train,130,U_WPB_L56_DOC2.0_WOC1.0_N2700_F270_R3,U_WPB_L56_DOC2.0_WOC1.0_N2700_F270,3,1
2,0,2,11,train,131,U_WPB_L56_DOC2.0_WOC1.0_N2700_F270_R4,U_WPB_L56_DOC2.0_WOC1.0_N2700_F270,4,1
2,0,2,11,train,136,U_WPB_L56_DOC2.0_WOC2.0_N2700_F270_R1,U_WPB_L56_DOC2.0_WOC2.0_N2700_F270,1,1
2,0,2,11,train,137,U_WPB_L56_DOC2.0_WOC2.0_N2700_F270_R2,U_WPB_L56_DOC2.0_WOC2.0_N2700_F270,2,1
2,0,2,11,train,138,U_WPB_L56_DOC2.0_WOC2.0_N2700_F270_R3,U_WPB_L56_DOC2.0_WOC2.0_N2700_F270,3,1
2,0,2,11,train,139,U_WPB_L56_DOC2.0_WOC2.0_N2700_F270_R4,U_WPB_L56_DOC2.0_WOC2.0_N2700_F270,4,1
2,0,2,11,train,140,U_WPB_L56_DOC3.0_WOC1.0_N1800_F180_R1,U_WPB_L56_DOC3.0_WOC1.0_N1800_F180,1,1
2,0,2,11,train,141,U_WPB_L56_DOC3.0_WOC1.0_N1800_F180_R2,U_WPB_L56_DOC3.0_WOC1.0_N1800_F180,2,1
2,0,2,11,train,142,U_WPB_L56_DOC3.0_WOC1.0_N1800_F180_R3,U_WPB_L56_DOC3.0_WOC1.0_N1800_F180,3,1
2,0,2,11,train,143,U_WPB_L56_DOC3.0_WOC1.0_N1800_F180_R4,U_WPB_L56_DOC3.0_WOC1.0_N1800_F180,4,1
2,0,2,11,train,144,U_WPB_L56_DOC3.0_WOC1.0_N3600_F360_R1,U_WPB_L56_DOC3.0_WOC1.0_N3600_F360,1,1
2,0,2,11,train,145,U_WPB_L56_DOC3.0_WOC1.0_N3600_F360_R2,U_WPB_L56_DOC3.0_WOC1.0_N3600_F360,2,1
2,0,2,11,train,146,U_WPB_L56_DOC3.0_WOC1.0_N3600_F360_R3,U_WPB_L56_DOC3.0_WOC1.0_N3600_F360,3,1
2,0,2,11,train,147,U_WPB_L56_DOC3.0_WOC1.0_N3600_F360_R4,U_WPB_L56_DOC3.0_WOC1.0_N3600_F360,4,1
2,0,2,11,train,148,U_WPB_L56_DOC4.0_WOC1.0_N2700_F270_R1,U_WPB_L56_DOC4.0_WOC1.0_N2700_F270,1,1
2,0,2,11,train,149,U_WPB_L56_DOC4.0_WOC1.0_N2700_F270_R2,U_WPB_L56_DOC4.0_WOC1.0_N2700_F270,2,1
2,0,2,11,train,150,U_WPB_L56_DOC4.0_WOC1.0_N2700_F270_R3,U_WPB_L56_DOC4.0_WOC1.0_N2700_F270,3,1
2,0,2,11,train,151,U_WPB_L56_DOC4.0_WOC1.0_N2700_F270_R4,U_WPB_L56_DOC4.0_WOC1.0_N2700_F270,4,1
2,0,2,11,train,152,U_WPB_L56_DOC4.0_WOC2.0_N2700_F270_R1,U_WPB_L56_DOC4.0_WOC2.0_N2700_F270,1,1
2,0,2,11,train,153,U_WPB_L56_DOC4.0_WOC2.0_N2700_F270_R2,U_WPB_L56_DOC4.0_WOC2.0_N2700_F270,2,1
2,0,2,11,train,154,U_WPB_L56_DOC4.0_WOC2.0_N2700_F270_R3,U_WPB_L56_DOC4.0_WOC2.0_N2700_F270,3,1
2,0,2,11,train,155,U_WPB_L56_DOC4.0_WOC2.0_N2700_F270_R4,U_WPB_L56_DOC4.0_WOC2.0_N2700_F270,4,1
2,0,2,11,test,16,S_WPA_L36_DOC1.0_WOC1.0_N2700_F270_R1,S_WPA_L36_DOC1.0_WOC1.0_N2700_F270,1,0
2,0,2,11,test,17,S_WPA_L36_DOC1.0_WOC1.0_N2700_F270_R2,S_WPA_L36_DOC1.0_WOC1.0_N2700_F270,2,0
2,0,2,11,test,18,S_WPA_L36_DOC1.0_WOC1.0_N2700_F270_R3,S_WPA_L36_DOC1.0_WOC1.0_N2700_F270,3,0
2,0,2,11,test,19,S_WPA_L36_DOC1.0_WOC1.0_N2700_F270_R4,S_WPA_L36_DOC1.0_WOC1.0_N2700_F270,4,0
2,0,2,11,test,32,S_WPA_L36_DOC1.5_WOC1.0_N3600_F360_R1,S_WPA_L36_DOC1.5_WOC1.0_N3600_F360,1,0
2,0,2,11,test,33,S_WPA_L36_DOC1.5_WOC1.0_N3600_F360_R2,S_WPA_L36_DOC1.5_WOC1.0_N3600_F360,2,0
2,0,2,11,test,34,S_WPA_L36_DOC1.5_WOC1.0_N3600_F360_R3,S_WPA_L36_DOC1.5_WOC1.0_N3600_F360,3,0
2,0,2,11,test,35,S_WPA_L36_DOC1.5_WOC1.0_N3600_F360_R4,S_WPA_L36_DOC1.5_WOC1.0_N3600_F360,4,0
2,0,2,11,test,40,S_WPA_L36_DOC2.0_WOC1.0_N1800_F180_R1,S_WPA_L36_DOC2.0_WOC1.0_N1800_F180,1,0
2,0,2,11,test,41,S_WPA_L36_DOC2.0_WOC1.0_N1800_F180_R2,S_WPA_L36_DOC2.0_WOC1.0_N1800_F180,2,0
2,0,2,11,test,42,S_WPA_L36_DOC2.0_WOC1.0_N1800_F180_R3,S_WPA_L36_DOC2.0_WOC1.0_N1800_F180,3,0
2,0,2,11,test,43,S_WPA_L36_DOC2.0_WOC1.0_N1800_F180_R4,S_WPA_L36_DOC2.0_WOC1.0_N1800_F180,4,0
2,0,2,11,test,72,S_WPB_L56_DOC0.5_WOC2.0_N2700_F270_R1,S_WPB_L56_DOC0.5_WOC2.0_N2700_F270,1,0
2,0,2,11,test,73,S_WPB_L56_DOC0.5_WOC2.0_N2700_F270_R2,S_WPB_L56_DOC0.5_WOC2.0_N2700_F270,2,0
2,0,2,11,test,74,S_WPB_L56_DOC0.5_WOC2.0_N2700_F270_R3,S_WPB_L56_DOC0.5_WOC2.0_N2700_F270,3,0
2,0,2,11,test,75,S_WPB_L56_DOC0.5_WOC2.0_N2700_F270_R4,S_WPB_L56_DOC0.5_WOC2.0_N2700_F270,4,0
2,0,2,11,test,80,S_WPB_L56_DOC1.0_WOC1.0_N2700_F270_R1,S_WPB_L56_DOC1.0_WOC1.0_N2700_F270,1,0
2,0,2,11,test,81,S_WPB_L56_DOC1.0_WOC1.0_N2700_F270_R2,S_WPB_L56_DOC1.0_WOC1.0_N2700_F270,2,0
2,0,2,11,test,82,S_WPB_L56_DOC1.0_WOC1.0_N2700_F270_R3,S_WPB_L56_DOC1.0_WOC1.0_N2700_F270,3,0
2,0,2,11,test,83,S_WPB_L56_DOC1.0_WOC1.0_N2700_F270_R4,S_WPB_L56_DOC1.0_WOC1.0_N2700_F270,4,0
2,0,2,11,test,104,S_WPB_L56_DOC1.5_WOC2.0_N2700_F270_R1,S_WPB_L56_DOC1.5_WOC2.0_N2700_F270,1,0
2,0,2,11,test,105,S_WPB_L56_DOC1.5_WOC2.0_N2700_F270_R2,S_WPB_L56_DOC1.5_WOC2.0_N2700_F270,2,0
2,0,2,11,test,106,S_WPB_L56_DOC1.5_WOC2.0_N2700_F270_R3,S_WPB_L56_DOC1.5_WOC2.0_N2700_F270,3,0
2,0,2,11,test,107,S_WPB_L56_DOC1.5_WOC2.0_N2700_F270_R4,S_WPB_L56_DOC1.5_WOC2.0_N2700_F270,4,0
2,0,2,11,test,108,U_WPA_L36_DOC2.0_WOC1.0_N3600_F360_R1,U_WPA_L36_DOC2.0_WOC1.0_N3600_F360,1,1
2,0,2,11,test,109,U_WPA_L36_DOC2.0_WOC1.0_N3600_F360_R2,U_WPA_L36_DOC2.0_WOC1.0_N3600_F360,2,1
2,0,2,11,test,110,U_WPA_L36_DOC2.0_WOC1.0_N3600_F360_R3,U_WPA_L36_DOC2.0_WOC1.0_N3600_F360,3,1
2,0,2,11,test,111,U_WPA_L36_DOC2.0_WOC1.0_N3600_F360_R4,U_WPA_L36_DOC2.0_WOC1.0_N3600_F360,4,1
2,0,2,11,test,116,U_WPA_L36_DOC3.0_WOC1.0_N3600_F360_R1,U_WPA_L36_DOC3.0_WOC1.0_N3600_F360,1,1
2,0,2,11,test,117,U_WPA_L36_DOC3.0_WOC1.0_N3600_F360_R2,U_WPA_L36_DOC3.0_WOC1.0_N3600_F360,2,1
2,0,2,11,test,118,U_WPA_L36_DOC3.0_WOC1.0_N3600_F360_R3,U_WPA_L36_DOC3.0_WOC1.0_N3600_F360,3,1
2,0,2,11,test,119,U_WPA_L36_DOC3.0_WOC1.0_N3600_F360_R4,U_WPA_L36_DOC3.0_WOC1.0_N3600_F360,4,1
2,0,2,11,test,132,U_WPB_L56_DOC2.0_WOC1.0_N3600_F360_R1,U_WPB_L56_DOC2.0_WOC1.0_N3600_F360,1,1
2,0,2,11,test,133,U_WPB_L56_DOC2.0_WOC1.0_N3600_F360_R2,U_WPB_L56_DOC2.0_WOC1.0_N3600_F360,2,1
2,0,2,11,test,134,U_WPB_L56_DOC2.0_WOC1.0_N3600_F360_R3,U_WPB_L56_DOC2.0_WOC1.0_N3600_F360,3,1
2,0,2,11,test,135,U_WPB_L56_DOC2.0_WOC1.0_N3600_F360_R4,U_WPB_L56_DOC2.0_WOC1.0_N3600_F360,4,1
2,0,2,11,test,156,U_WPB_L56_DOC6.0_WOC1.0_N2700_F270_R1,U_WPB_L56_DOC6.0_WOC1.0_N2700_F270,1,1
2,0,2,11,test,157,U_WPB_L56_DOC6.0_WOC1.0_N2700_F270_R2,U_WPB_L56_DOC6.0_WOC1.0_N2700_F270,2,1
2,0,2,11,test,158,U_WPB_L56_DOC6.0_WOC1.0_N2700_F270_R3,U_WPB_L56_DOC6.0_WOC1.0_N2700_F270,3,1
2,0,2,11,test,159,U_WPB_L56_DOC6.0_WOC1.0_N2700_F270_R4,U_WPB_L56_DOC6.0_WOC1.0_N2700_F270,4,1
3,0,3,11,train,0,S_WPA_L36_DOC0.5_WOC1.0_N2700_F270_R1,S_WPA_L36_DOC0.5_WOC1.0_N2700_F270,1,0
3,0,3,11,train,1,S_WPA_L36_DOC0.5_WOC1.0_N2700_F270_R2,S_WPA_L36_DOC0.5_WOC1.0_N2700_F270,2,0
3,0,3,11,train,2,S_WPA_L36_DOC0.5_WOC1.0_N2700_F270_R3,S_WPA_L36_DOC0.5_WOC1.0_N2700_F270,3,0
3,0,3,11,train,3,S_WPA_L36_DOC0.5_WOC1.0_N2700_F270_R4,S_WPA_L36_DOC0.5_WOC1.0_N2700_F270,4,0
3,0,3,11,train,8,S_WPA_L36_DOC0.5_WOC2.0_N2700_F270_R1,S_WPA_L36_DOC0.5_WOC2.0_N2700_F270,1,0
3,0,3,11,train,9,S_WPA_L36_DOC0.5_WOC2.0_N2700_F270_R2,S_WPA_L36_DOC0.5_WOC2.0_N2700_F270,2,0
3,0,3,11,train,10,S_WPA_L36_DOC0.5_WOC2.0_N2700_F270_R3,S_WPA_L36_DOC0.5_WOC2.0_N2700_F270,3,0
3,0,3,11,train,11,S_WPA_L36_DOC0.5_WOC2.0_N2700_F270_R4,S_WPA_L36_DOC0.5_WOC2.0_N2700_F270,4,0
3,0,3,11,train,12,S_WPA_L36_DOC1.0_WOC1.0_N1800_F180_R1,S_WPA_L36_DOC1.0_WOC1.0_N1800_F180,1,0
3,0,3,11,train,13,S_WPA_L36_DOC1.0_WOC1.0_N1800_F180_R2,S_WPA_L36_DOC1.0_WOC1.0_N1800_F180,2,0
3,0,3,11,train,14,S_WPA_L36_DOC1.0_WOC1.0_N1800_F180_R3,S_WPA_L36_DOC1.0_WOC1.0_N1800_F180,3,0
3,0,3,11,train,15,S_WPA_L36_DOC1.0_WOC1.0_N1800_F180_R4,S_WPA_L36_DOC1.0_WOC1.0_N1800_F180,4,0
3,0,3,11,train,16,S_WPA_L36_DOC1.0_WOC1.0_N2700_F270_R1,S_WPA_L36_DOC1.0_WOC1.0_N2700_F270,1,0
3,0,3,11,train,17,S_WPA_L36_DOC1.0_WOC1.0_N2700_F270_R2,S_WPA_L36_DOC1.0_WOC1.0_N2700_F270,2,0
3,0,3,11,train,18,S_WPA_L36_DOC1.0_WOC1.0_N2700_F270_R3,S_WPA_L36_DOC1.0_WOC1.0_N2700_F270,3,0
3,0,3,11,train,19,S_WPA_L36_DOC1.0_WOC1.0_N2700_F270_R4,S_WPA_L36_DOC1.0_WOC1.0_N2700_F270,4,0
3,0,3,11,train,20,S_WPA_L36_DOC1.0_WOC1.0_N3600_F360_R1,S_WPA_L36_DOC1.0_WOC1.0_N3600_F360,1,0
3,0,3,11,train,21,S_WPA_L36_DOC1.0_WOC1.0_N3600_F360_R2,S_WPA_L36_DOC1.0_WOC1.0_N3600_F360,2,0
3,0,3,11,train,22,S_WPA_L36_DOC1.0_WOC1.0_N3600_F360_R3,S_WPA_L36_DOC1.0_WOC1.0_N3600_F360,3,0
3,0,3,11,train,23,S_WPA_L36_DOC1.0_WOC1.0_N3600_F360_R4,S_WPA_L36_DOC1.0_WOC1.0_N3600_F360,4,0
3,0,3,11,train,28,S_WPA_L36_DOC1.5_WOC1.0_N1800_F180_R1,S_WPA_L36_DOC1.5_WOC1.0_N1800_F180,1,0
3,0,3,11,train,29,S_WPA_L36_DOC1.5_WOC1.0_N1800_F180_R2,S_WPA_L36_DOC1.5_WOC1.0_N1800_F180,2,0
3,0,3,11,train,30,S_WPA_L36_DOC1.5_WOC1.0_N1800_F180_R3,S_WPA_L36_DOC1.5_WOC1.0_N1800_F180,3,0
3,0,3,11,train,31,S_WPA_L36_DOC1.5_WOC1.0_N1800_F180_R4,S_WPA_L36_DOC1.5_WOC1.0_N1800_F180,4,0
3,0,3,11,train,32,S_WPA_L36_DOC1.5_WOC1.0_N3600_F360_R1,S_WPA_L36_DOC1.5_WOC1.0_N3600_F360,1,0
3,0,3,11,train,33,S_WPA_L36_DOC1.5_WOC1.0_N3600_F360_R2,S_WPA_L36_DOC1.5_WOC1.0_N3600_F360,2,0
3,0,3,11,train,34,S_WPA_L36_DOC1.5_WOC1.0_N3600_F360_R3,S_WPA_L36_DOC1.5_WOC1.0_N3600_F360,3,0
3,0,3,11,train,35,S_WPA_L36_DOC1.5_WOC1.0_N3600_F360_R4,S_WPA_L36_DOC1.5_WOC1.0_N3600_F360,4,0
3,0,3,11,train,40,S_WPA_L36_DOC2.0_WOC1.0_N1800_F180_R1,S_WPA_L36_DOC2.0_WOC1.0_N1800_F180,1,0
3,0,3,11,train,41,S_WPA_L36_DOC2.0_WOC1.0_N1800_F180_R2,S_WPA_L36_DOC2.0_WOC1.0_N1800_F180,2,0
3,0,3,11,train,42,S_WPA_L36_DOC2.0_WOC1.0_N1800_F180_R3,S_WPA_L36_DOC2.0_WOC1.0_N1800_F180,3,0
3,0,3,11,train,43,S_WPA_L36_DOC2.0_WOC1.0_N1800_F180_R4,S_WPA_L36_DOC2.0_WOC1.0_N1800_F180,4,0
3,0,3,11,train,44,S_WPA_L36_DOC2.0_WOC1.0_N2700_F270_R1,S_WPA_L36_DOC2.0_WOC1.0_N2700_F270,1,0
3,0,3,11,train,45,S_WPA_L36_DOC2.0_WOC1.0_N2700_F270_R2,S_WPA_L36_DOC2.0_WOC1.0_N2700_F270,2,0
3,0,3,11,train,46,S_WPA_L36_DOC2.0_WOC1.0_N2700_F270_R3,S_WPA_L36_DOC2.0_WOC1.0_N2700_F270,3,0
3,0,3,11,train,47,S_WPA_L36_DOC2.0_WOC1.0_N2700_F270_R4,S_WPA_L36_DOC2.0_WOC1.0_N2700_F270,4,0
3,0,3,11,train,48,S_WPA_L36_DOC3.0_WOC1.0_N1800_F180_R1,S_WPA_L36_DOC3.0_WOC1.0_N1800_F180,1,0
3,0,3,11,train,49,S_WPA_L36_DOC3.0_WOC1.0_N1800_F180_R2,S_WPA_L36_DOC3.0_WOC1.0_N1800_F180,2,0
3,0,3,11,train,50,S_WPA_L36_DOC3.0_WOC1.0_N1800_F180_R3,S_WPA_L36_DOC3.0_WOC1.0_N1800_F180,3,0
3,0,3,11,train,51,S_WPA_L36_DOC3.0_WOC1.0_N1800_F180_R4,S_WPA_L36_DOC3.0_WOC1.0_N1800_F180,4,0
3,0,3,11,train,60,S_WPB_L56_DOC0.5_WOC1.0_N1800_F180_R1,S_WPB_L56_DOC0.5_WOC1.0_N1800_F180,1,0
3,0,3,11,train,61,S_WPB_L56_DOC0.5_WOC1.0_N1800_F180_R2,S_WPB_L56_DOC0.5_WOC1.0_N1800_F180,2,0
3,0,3,11,train,62,S_WPB_L56_DOC0.5_WOC1.0_N1800_F180_R3,S_WPB_L56_DOC0.5_WOC1.0_N1800_F180,3,0
3,0,3,11,train,63,S_WPB_L56_DOC0.5_WOC1.0_N1800_F180_R4,S_WPB_L56_DOC0.5_WOC1.0_N1800_F180,4,0
3,0,3,11,train,64,S_WPB_L56_DOC0.5_WOC1.0_N2700_F270_R1,S_WPB_L56_DOC0.5_WOC1.0_N2700_F270,1,0
3,0,3,11,train,65,S_WPB_L56_DOC0.5_WOC1.0_N2700_F270_R2,S_WPB_L56_DOC0.5_WOC1.0_N2700_F270,2,0
3,0,3,11,train,66,S_WPB_L56_DOC0.5_WOC1.0_N2700_F270_R3,S_WPB_L56_DOC0.5_WOC1.0_N2700_F270,3,0
3,0,3,11,train,67,S_WPB_L56_DOC0.5_WOC1.0_N2700_F270_R4,S_WPB_L56_DOC0.5_WOC1.0_N2700_F270,4,0
3,0,3,11,train,68,S_WPB_L56_DOC0.5_WOC1.0_N3600_F360_R1,S_WPB_L56_DOC0.5_WOC1.0_N3600_F360,1,0
3,0,3,11,train,69,S_WPB_L56_DOC0.5_WOC1.0_N3600_F360_R2,S_WPB_L56_DOC0.5_WOC1.0_N3600_F360,2,0
3,0,3,11,train,70,S_WPB_L56_DOC0.5_WOC1.0_N3600_F360_R3,S_WPB_L56_DOC0.5_WOC1.0_N3600_F360,3,0
3,0,3,11,train,71,S_WPB_L56_DOC0.5_WOC1.0_N3600_F360_R4,S_WPB_L56_DOC0.5_WOC1.0_N3600_F360,4,0
3,0,3,11,train,72,S_WPB_L56_DOC0.5_WOC2.0_N2700_F270_R1,S_WPB_L56_DOC0.5_WOC2.0_N2700_F270,1,0
3,0,3,11,train,73,S_WPB_L56_DOC0.5_WOC2.0_N2700_F270_R2,S_WPB_L56_DOC0.5_WOC2.0_N2700_F270,2,0
3,0,3,11,train,74,S_WPB_L56_DOC0.5_WOC2.0_N2700_F270_R3,S_WPB_L56_DOC0.5_WOC2.0_N2700_F270,3,0
3,0,3,11,train,75,S_WPB_L56_DOC0.5_WOC2.0_N2700_F270_R4,S_WPB_L56_DOC0.5_WOC2.0_N2700_F270,4,0
3,0,3,11,train,76,S_WPB_L56_DOC1.0_WOC1.0_N1800_F180_R1,S_WPB_L56_DOC1.0_WOC1.0_N1800_F180,1,0
3,0,3,11,train,77,S_WPB_L56_DOC1.0_WOC1.0_N1800_F180_R2,S_WPB_L56_DOC1.0_WOC1.0_N1800_F180,2,0
3,0,3,11,train,78,S_WPB_L56_DOC1.0_WOC1.0_N1800_F180_R3,S_WPB_L56_DOC1.0_WOC1.0_N1800_F180,3,0
3,0,3,11,train,79,S_WPB_L56_DOC1.0_WOC1.0_N1800_F180_R4,S_WPB_L56_DOC1.0_WOC1.0_N1800_F180,4,0
3,0,3,11,train,80,S_WPB_L56_DOC1.0_WOC1.0_N2700_F270_R1,S_WPB_L56_DOC1.0_WOC1.0_N2700_F270,1,0
3,0,3,11,train,81,S_WPB_L56_DOC1.0_WOC1.0_N2700_F270_R2,S_WPB_L56_DOC1.0_WOC1.0_N2700_F270,2,0
3,0,3,11,train,82,S_WPB_L56_DOC1.0_WOC1.0_N2700_F270_R3,S_WPB_L56_DOC1.0_WOC1.0_N2700_F270,3,0
3,0,3,11,train,83,S_WPB_L56_DOC1.0_WOC1.0_N2700_F270_R4,S_WPB_L56_DOC1.0_WOC1.0_N2700_F270,4,0
3,0,3,11,train,84,S_WPB_L56_DOC1.0_WOC1.0_N3600_F360_R1,S_WPB_L56_DOC1.0_WOC1.0_N3600_F360,1,0
3,0,3,11,train,85,S_WPB_L56_DOC1.0_WOC1.0_N3600_F360_R2,S_WPB_L56_DOC1.0_WOC1.0_N3600_F360,2,0
3,0,3,11,train,86,S_WPB_L56_DOC1.0_WOC1.0_N3600_F360_R3,S_WPB_L56_DOC1.0_WOC1.0_N3600_F360,3,0
3,0,3,11,train,87,S_WPB_L56_DOC1.0_WOC1.0_N3600_F360_R4,S_WPB_L56_DOC1.0_WOC1.0_N3600_F360,4,0
3,0,3,11,train,88,S_WPB_L56_DOC1.0_WOC2.0_N2700_F270_R1,S_WPB_L56_DOC1.0_WOC2.0_N2700_F270,1,0
3,0,3,11,train,89,S_WPB_L56_DOC1.0_WOC2.0_N2700_F270_R2,S_WPB_L56_DOC1.0_WOC2.0_N2700_F270,2,0
3,0,3,11,train,90,S_WPB_L56_DOC1.0_WOC2.0_N2700_F270_R3,S_WPB_L56_DOC1.0_WOC2.0_N2700_F270,3,0
3,0,3,11,train,91,S_WPB_L56_DOC1.0_WOC2.0_N2700_F270_R4,S_WPB_L56_DOC1.0_WOC2.0_N2700_F270,4,0
3,0,3,11,train,92,S_WPB_L56_DOC1.5_WOC1.0_N1800_F180_R1,S_WPB_L56_DOC1.5_WOC1.0_N1800_F180,1,0
3,0,3,11,train,93,S_WPB_L56_DOC1.5_WOC1.0_N1800_F180_R2,S_WPB_L56_DOC1.5_WOC1.0_N1800_F180,2,0
3,0,3,11,train,94,S_WPB_L56_DOC1.5_WOC1.0_N1800_F180_R3,S_WPB_L56_DOC1.5_WOC1.0_N1800_F180,3,0
3,0,3,11,train,95,S_WPB_L56_DOC1.5_WOC1.0_N1800_F180_R4,S_WPB_L56_DOC1.5_WOC1.0_N1800_F180,4,0
3,0,3,11,train,104,S_WPB_L56_DOC1.5_WOC2.0_N2700_F270_R1,S_WPB_L56_DOC1.5_WOC2.0_N2700_F270,1,0
3,0,3,11,train,105,S_WPB_L56_DOC1.5_WOC2.0_N2700_F270_R2,S_WPB_L56_DOC1.5_WOC2.0_N2700_F270,2,0
3,0,3,11,train,106,S_WPB_L56_DOC1.5_WOC2.0_N2700_F270_R3,S_WPB_L56_DOC1.5_WOC2.0_N2700_F270,3,0
3,0,3,11,train,107,S_WPB_L56_DOC1.5_WOC2.0_N2700_F270_R4,S_WPB_L56_DOC1.5_WOC2.0_N2700_F270,4,0
3,0,3,11,train,108,U_WPA_L36_DOC2.0_WOC1.0_N3600_F360_R1,U_WPA_L36_DOC2.0_WOC1.0_N3600_F360,1,1
3,0,3,11,train,109,U_WPA_L36_DOC2.0_WOC1.0_N3600_F360_R2,U_WPA_L36_DOC2.0_WOC1.0_N3600_F360,2,1
3,0,3,11,train,110,U_WPA_L36_DOC2.0_WOC1.0_N3600_F360_R3,U_WPA_L36_DOC2.0_WOC1.0_N3600_F360,3,1
3,0,3,11,train,111,U_WPA_L36_DOC2.0_WOC1.0_N3600_F360_R4,U_WPA_L36_DOC2.0_WOC1.0_N3600_F360,4,1
3,0,3,11,train,112,U_WPA_L36_DOC2.0_WOC2.0_N2700_F270_R1,U_WPA_L36_DOC2.0_WOC2.0_N2700_F270,1,1
3,0,3,11,train,113,U_WPA_L36_DOC2.0_WOC2.0_N2700_F270_R2,U_WPA_L36_DOC2.0_WOC2.0_N2700_F270,2,1
3,0,3,11,train,114,U_WPA_L36_DOC2.0_WOC2.0_N2700_F270_R3,U_WPA_L36_DOC2.0_WOC2.0_N2700_F270,3,1
3,0,3,11,train,115,U_WPA_L36_DOC2.0_WOC2.0_N2700_F270_R4,U_WPA_L36_DOC2.0_WOC2.0_N2700_F270,4,1
3,0,3,11,train,116,U_WPA_L36_DOC3.0_WOC1.0_N3600_F360_R1,U_WPA_L36_DOC3.0_WOC1.0_N3600_F360,1,1
3,0,3,11,train,117,U_WPA_L36_DOC3.0_WOC1.0_N3600_F360_R2,U_WPA_L36_DOC3.0_WOC1.0_N3600_F360,2,1
3,0,3,11,train,118,U_WPA_L36_DOC3.0_WOC1.0_N3600_F360_R3,U_WPA_L36_DOC3.0_WOC1.0_N3600_F360,3,1
3,0,3,11,train,119,U_WPA_L36_DOC3.0_WOC1.0_N3600_F360_R4,U_WPA_L36_DOC3.0_WOC1.0_N3600_F360,4,1
3,0,3,11,train,120,U_WPA_L36_DOC4.0_WOC2.0_N2700_F270_R1,U_WPA_L36_DOC4.0_WOC2.0_N2700_F270,1,1
3,0,3,11,train,121,U_WPA_L36_DOC4.0_WOC2.0_N2700_F270_R2,U_WPA_L36_DOC4.0_WOC2.0_N2700_F270,2,1
3,0,3,11,train,122,U_WPA_L36_DOC4.0_WOC2.0_N2700_F270_R3,U_WPA_L36_DOC4.0_WOC2.0_N2700_F270,3,1
3,0,3,11,train,123,U_WPA_L36_DOC4.0_WOC2.0_N2700_F270_R4,U_WPA_L36_DOC4.0_WOC2.0_N2700_F270,4,1
3,0,3,11,train,132,U_WPB_L56_DOC2.0_WOC1.0_N3600_F360_R1,U_WPB_L56_DOC2.0_WOC1.0_N3600_F360,1,1
3,0,3,11,train,133,U_WPB_L56_DOC2.0_WOC1.0_N3600_F360_R2,U_WPB_L56_DOC2.0_WOC1.0_N3600_F360,2,1
3,0,3,11,train,134,U_WPB_L56_DOC2.0_WOC1.0_N3600_F360_R3,U_WPB_L56_DOC2.0_WOC1.0_N3600_F360,3,1
3,0,3,11,train,135,U_WPB_L56_DOC2.0_WOC1.0_N3600_F360_R4,U_WPB_L56_DOC2.0_WOC1.0_N3600_F360,4,1
3,0,3,11,train,136,U_WPB_L56_DOC2.0_WOC2.0_N2700_F270_R1,U_WPB_L56_DOC2.0_WOC2.0_N2700_F270,1,1
3,0,3,11,train,137,U_WPB_L56_DOC2.0_WOC2.0_N2700_F270_R2,U_WPB_L56_DOC2.0_WOC2.0_N2700_F270,2,1
3,0,3,11,train,138,U_WPB_L56_DOC2.0_WOC2.0_N2700_F270_R3,U_WPB_L56_DOC2.0_WOC2.0_N2700_F270,3,1
3,0,3,11,train,139,U_WPB_L56_DOC2.0_WOC2.0_N2700_F270_R4,U_WPB_L56_DOC2.0_WOC2.0_N2700_F270,4,1
3,0,3,11,train,140,U_WPB_L56_DOC3.0_WOC1.0_N1800_F180_R1,U_WPB_L56_DOC3.0_WOC1.0_N1800_F180,1,1
3,0,3,11,train,141,U_WPB_L56_DOC3.0_WOC1.0_N1800_F180_R2,U_WPB_L56_DOC3.0_WOC1.0_N1800_F180,2,1
3,0,3,11,train,142,U_WPB_L56_DOC3.0_WOC1.0_N1800_F180_R3,U_WPB_L56_DOC3.0_WOC1.0_N1800_F180,3,1
3,0,3,11,train,143,U_WPB_L56_DOC3.0_WOC1.0_N1800_F180_R4,U_WPB_L56_DOC3.0_WOC1.0_N1800_F180,4,1
3,0,3,11,train,144,U_WPB_L56_DOC3.0_WOC1.0_N3600_F360_R1,U_WPB_L56_DOC3.0_WOC1.0_N3600_F360,1,1
3,0,3,11,train,145,U_WPB_L56_DOC3.0_WOC1.0_N3600_F360_R2,U_WPB_L56_DOC3.0_WOC1.0_N3600_F360,2,1
3,0,3,11,train,146,U_WPB_L56_DOC3.0_WOC1.0_N3600_F360_R3,U_WPB_L56_DOC3.0_WOC1.0_N3600_F360,3,1
3,0,3,11,train,147,U_WPB_L56_DOC3.0_WOC1.0_N3600_F360_R4,U_WPB_L56_DOC3.0_WOC1.0_N3600_F360,4,1
3,0,3,11,train,148,U_WPB_L56_DOC4.0_WOC1.0_N2700_F270_R1,U_WPB_L56_DOC4.0_WOC1.0_N2700_F270,1,1
3,0,3,11,train,149,U_WPB_L56_DOC4.0_WOC1.0_N2700_F270_R2,U_WPB_L56_DOC4.0_WOC1.0_N2700_F270,2,1
3,0,3,11,train,150,U_WPB_L56_DOC4.0_WOC1.0_N2700_F270_R3,U_WPB_L56_DOC4.0_WOC1.0_N2700_F270,3,1
3,0,3,11,train,151,U_WPB_L56_DOC4.0_WOC1.0_N2700_F270_R4,U_WPB_L56_DOC4.0_WOC1.0_N2700_F270,4,1
3,0,3,11,train,156,U_WPB_L56_DOC6.0_WOC1.0_N2700_F270_R1,U_WPB_L56_DOC6.0_WOC1.0_N2700_F270,1,1
3,0,3,11,train,157,U_WPB_L56_DOC6.0_WOC1.0_N2700_F270_R2,U_WPB_L56_DOC6.0_WOC1.0_N2700_F270,2,1
3,0,3,11,train,158,U_WPB_L56_DOC6.0_WOC1.0_N2700_F270_R3,U_WPB_L56_DOC6.0_WOC1.0_N2700_F270,3,1
3,0,3,11,train,159,U_WPB_L56_DOC6.0_WOC1.0_N2700_F270_R4,U_WPB_L56_DOC6.0_WOC1.0_N2700_F270,4,1
3,0,3,11,test,4,S_WPA_L36_DOC0.5_WOC1.0_N3600_F360_R1,S_WPA_L36_DOC0.5_WOC1.0_N3600_F360,1,0
3,0,3,11,test,5,S_WPA_L36_DOC0.5_WOC1.0_N3600_F360_R2,S_WPA_L36_DOC0.5_WOC1.0_N3600_F360,2,0
3,0,3,11,test,6,S_WPA_L36_DOC0.5_WOC1.0_N3600_F360_R3,S_WPA_L36_DOC0.5_WOC1.0_N3600_F360,3,0
3,0,3,11,test,7,S_WPA_L36_DOC0.5_WOC1.0_N3600_F360_R4,S_WPA_L36_DOC0.5_WOC1.0_N3600_F360,4,0
3,0,3,11,test,24,S_WPA_L36_DOC1.0_WOC2.0_N2700_F270_R1,S_WPA_L36_DOC1.0_WOC2.0_N2700_F270,1,0
3,0,3,11,test,25,S_WPA_L36_DOC1.0_WOC2.0_N2700_F270_R2,S_WPA_L36_DOC1.0_WOC2.0_N2700_F270,2,0
3,0,3,11,test,26,S_WPA_L36_DOC1.0_WOC2.0_N2700_F270_R3,S_WPA_L36_DOC1.0_WOC2.0_N2700_F270,3,0
3,0,3,11,test,27,S_WPA_L36_DOC1.0_WOC2.0_N2700_F270_R4,S_WPA_L36_DOC1.0_WOC2.0_N2700_F270,4,0
3,0,3,11,test,36,S_WPA_L36_DOC1.5_WOC2.0_N2700_F270_R1,S_WPA_L36_DOC1.5_WOC2.0_N2700_F270,1,0
3,0,3,11,test,37,S_WPA_L36_DOC1.5_WOC2.0_N2700_F270_R2,S_WPA_L36_DOC1.5_WOC2.0_N2700_F270,2,0
3,0,3,11,test,38,S_WPA_L36_DOC1.5_WOC2.0_N2700_F270_R3,S_WPA_L36_DOC1.5_WOC2.0_N2700_F270,3,0
3,0,3,11,test,39,S_WPA_L36_DOC1.5_WOC2.0_N2700_F270_R4,S_WPA_L36_DOC1.5_WOC2.0_N2700_F270,4,0
3,0,3,11,test,52,S_WPA_L36_DOC4.0_WOC1.0_N2700_F270_R1,S_WPA_L36_DOC4.0_WOC1.0_N2700_F270,1,0
3,0,3,11,test,53,S_WPA_L36_DOC4.0_WOC1.0_N2700_F270_R2,S_WPA_L36_DOC4.0_WOC1.0_N2700_F270,2,0
3,0,3,11,test,54,S_WPA_L36_DOC4.0_WOC1.0_N2700_F270_R3,S_WPA_L36_DOC4.0_WOC1.0_N2700_F270,3,0
3,0,3,11,test,55,S_WPA_L36_DOC4.0_WOC1.0_N2700_F270_R4,S_WPA_L36_DOC4.0_WOC1.0_N2700_F270,4,0
3,0,3,11,test,56,S_WPA_L36_DOC6.0_WOC1.0_N2700_F270_R1,S_WPA_L36_DOC6.0_WOC1.0_N2700_F270,1,0
3,0,3,11,test,57,S_WPA_L36_DOC6.0_WOC1.0_N2700_F270_R2,S_WPA_L36_DOC6.0_WOC1.0_N2700_F270,2,0
3,0,3,11,test,58,S_WPA_L36_DOC6.0_WOC1.0_N2700_F270_R3,S_WPA_L36_DOC6.0_WOC1.0_N2700_F270,3,0
3,0,3,11,test,59,S_WPA_L36_DOC6.0_WOC1.0_N2700_F270_R4,S_WPA_L36_DOC6.0_WOC1.0_N2700_F270,4,0
3,0,3,11,test,96,S_WPB_L56_DOC1.5_WOC1.0_N2700_F270_R1,S_WPB_L56_DOC1.5_WOC1.0_N2700_F270,1,0
3,0,3,11,test,97,S_WPB_L56_DOC1.5_WOC1.0_N2700_F270_R2,S_WPB_L56_DOC1.5_WOC1.0_N2700_F270,2,0
3,0,3,11,test,98,S_WPB_L56_DOC1.5_WOC1.0_N2700_F270_R3,S_WPB_L56_DOC1.5_WOC1.0_N2700_F270,3,0
3,0,3,11,test,99,S_WPB_L56_DOC1.5_WOC1.0_N2700_F270_R4,S_WPB_L56_DOC1.5_WOC1.0_N2700_F270,4,0
3,0,3,11,test,100,S_WPB_L56_DOC1.5_WOC1.0_N3600_F360_R1,S_WPB_L56_DOC1.5_WOC1.0_N3600_F360,1,0
3,0,3,11,test,101,S_WPB_L56_DOC1.5_WOC1.0_N3600_F360_R2,S_WPB_L56_DOC1.5_WOC1.0_N3600_F360,2,0
3,0,3,11,test,102,S_WPB_L56_DOC1.5_WOC1.0_N3600_F360_R3,S_WPB_L56_DOC1.5_WOC1.0_N3600_F360,3,0
3,0,3,11,test,103,S_WPB_L56_DOC1.5_WOC1.0_N3600_F360_R4,S_WPB_L56_DOC1.5_WOC1.0_N3600_F360,4,0
3,0,3,11,test,124,U_WPB_L56_DOC2.0_WOC1.0_N1800_F180_R1,U_WPB_L56_DOC2.0_WOC1.0_N1800_F180,1,1
3,0,3,11,test,125,U_WPB_L56_DOC2.0_WOC1.0_N1800_F180_R2,U_WPB_L56_DOC2.0_WOC1.0_N1800_F180,2,1
3,0,3,11,test,126,U_WPB_L56_DOC2.0_WOC1.0_N1800_F180_R3,U_WPB_L56_DOC2.0_WOC1.0_N1800_F180,3,1
3,0,3,11,test,127,U_WPB_L56_DOC2.0_WOC1.0_N1800_F180_R4,U_WPB_L56_DOC2.0_WOC1.0_N1800_F180,4,1
3,0,3,11,test,128,U_WPB_L56_DOC2.0_WOC1.0_N2700_F270_R1,U_WPB_L56_DOC2.0_WOC1.0_N2700_F270,1,1
3,0,3,11,test,129,U_WPB_L56_DOC2.0_WOC1.0_N2700_F270_R2,U_WPB_L56_DOC2.0_WOC1.0_N2700_F270,2,1
3,0,3,11,test,130,U_WPB_L56_DOC2.0_WOC1.0_N2700_F270_R3,U_WPB_L56_DOC2.0_WOC1.0_N2700_F270,3,1
3,0,3,11,test,131,U_WPB_L56_DOC2.0_WOC1.0_N2700_F270_R4,U_WPB_L56_DOC2.0_WOC1.0_N2700_F270,4,1
3,0,3,11,test,152,U_WPB_L56_DOC4.0_WOC2.0_N2700_F270_R1,U_WPB_L56_DOC4.0_WOC2.0_N2700_F270,1,1
3,0,3,11,test,153,U_WPB_L56_DOC4.0_WOC2.0_N2700_F270_R2,U_WPB_L56_DOC4.0_WOC2.0_N2700_F270,2,1
3,0,3,11,test,154,U_WPB_L56_DOC4.0_WOC2.0_N2700_F270_R3,U_WPB_L56_DOC4.0_WOC2.0_N2700_F270,3,1
3,0,3,11,test,155,U_WPB_L56_DOC4.0_WOC2.0_N2700_F270_R4,U_WPB_L56_DOC4.0_WOC2.0_N2700_F270,4,1
4,1,0,23,train,0,S_WPA_L36_DOC0.5_WOC1.0_N2700_F270_R1,S_WPA_L36_DOC0.5_WOC1.0_N2700_F270,1,0
4,1,0,23,train,1,S_WPA_L36_DOC0.5_WOC1.0_N2700_F270_R2,S_WPA_L36_DOC0.5_WOC1.0_N2700_F270,2,0
4,1,0,23,train,2,S_WPA_L36_DOC0.5_WOC1.0_N2700_F270_R3,S_WPA_L36_DOC0.5_WOC1.0_N2700_F270,3,0
4,1,0,23,train,3,S_WPA_L36_DOC0.5_WOC1.0_N2700_F270_R4,S_WPA_L36_DOC0.5_WOC1.0_N2700_F270,4,0
4,1,0,23,train,4,S_WPA_L36_DOC0.5_WOC1.0_N3600_F360_R1,S_WPA_L36_DOC0.5_WOC1.0_N3600_F360,1,0
4,1,0,23,train,5,S_WPA_L36_DOC0.5_WOC1.0_N3600_F360_R2,S_WPA_L36_DOC0.5_WOC1.0_N3600_F360,2,0
4,1,0,23,train,6,S_WPA_L36_DOC0.5_WOC1.0_N3600_F360_R3,S_WPA_L36_DOC0.5_WOC1.0_N3600_F360,3,0
4,1,0,23,train,7,S_WPA_L36_DOC0.5_WOC1.0_N3600_F360_R4,S_WPA_L36_DOC0.5_WOC1.0_N3600_F360,4,0
4,1,0,23,train,8,S_WPA_L36_DOC0.5_WOC2.0_N2700_F270_R1,S_WPA_L36_DOC0.5_WOC2.0_N2700_F270,1,0
4,1,0,23,train,9,S_WPA_L36_DOC0.5_WOC2.0_N2700_F270_R2,S_WPA_L36_DOC0.5_WOC2.0_N2700_F270,2,0
4,1,0,23,train,10,S_WPA_L36_DOC0.5_WOC2.0_N2700_F270_R3,S_WPA_L36_DOC0.5_WOC2.0_N2700_F270,3,0
4,1,0,23,train,11,S_WPA_L36_DOC0.5_WOC2.0_N2700_F270_R4,S_WPA_L36_DOC0.5_WOC2.0_N2700_F270,4,0
4,1,0,23,train,12,S_WPA_L36_DOC1.0_WOC1.0_N1800_F180_R1,S_WPA_L36_DOC1.0_WOC1.0_N1800_F180,1,0
4,1,0,23,train,13,S_WPA_L36_DOC1.0_WOC1.0_N1800_F180_R2,S_WPA_L36_DOC1.0_WOC1.0_N1800_F180,2,0
4,1,0,23,train,14,S_WPA_L36_DOC1.0_WOC1.0_N1800_F180_R3,S_WPA_L36_DOC1.0_WOC1.0_N1800_F180,3,0
4,1,0,23,train,15,S_WPA_L36_DOC1.0_WOC1.0_N1800_F180_R4,S_WPA_L36_DOC1.0_WOC1.0_N1800_F180,4,0
4,1,0,23,train,20,S_WPA_L36_DOC1.0_WOC1.0_N3600_F360_R1,S_WPA_L36_DOC1.0_WOC1.0_N3600_F360,1,0
4,1,0,23,train,21,S_WPA_L36_DOC1.0_WOC1.0_N3600_F360_R2,S_WPA_L36_DOC1.0_WOC1.0_N3600_F360,2,0
4,1,0,23,train,22,S_WPA_L36_DOC1.0_WOC1.0_N3600_F360_R3,S_WPA_L36_DOC1.0_WOC1.0_N3600_F360,3,0
4,1,0,23,train,23,S_WPA_L36_DOC1.0_WOC1.0_N3600_F360_R4,S_WPA_L36_DOC1.0_WOC1.0_N3600_F360,4,0
4,1,0,23,train,24,S_WPA_L36_DOC1.0_WOC2.0_N2700_F270_R1,S_WPA_L36_DOC1.0_WOC2.0_N2700_F270,1,0
4,1,0,23,train,25,S_WPA_L36_DOC1.0_WOC2.0_N2700_F270_R2,S_WPA_L36_DOC1.0_WOC2.0_N2700_F270,2,0
4,1,0,23,train,26,S_WPA_L36_DOC1.0_WOC2.0_N2700_F270_R3,S_WPA_L36_DOC1.0_WOC2.0_N2700_F270,3,0
4,1,0,23,train,27,S_WPA_L36_DOC1.0_WOC2.0_N2700_F270_R4,S_WPA_L36_DOC1.0_WOC2.0_N2700_F270,4,0
4,1,0,23,train,28,S_WPA_L36_DOC1.5_WOC1.0_N1800_F180_R1,S_WPA_L36_DOC1.5_WOC1.0_N1800_F180,1,0
4,1,0,23,train,29,S_WPA_L36_DOC1.5_WOC1.0_N1800_F180_R2,S_WPA_L36_DOC1.5_WOC1.0_N1800_F180,2,0
4,1,0,23,train,30,S_WPA_L36_DOC1.5_WOC1.0_N1800_F180_R3,S_WPA_L36_DOC1.5_WOC1.0_N1800_F180,3,0
4,1,0,23,train,31,S_WPA_L36_DOC1.5_WOC1.0_N1800_F180_R4,S_WPA_L36_DOC1.5_WOC1.0_N1800_F180,4,0
4,1,0,23,train,32,S_WPA_L36_DOC1.5_WOC1.0_N3600_F360_R1,S_WPA_L36_DOC1.5_WOC1.0_N3600_F360,1,0
4,1,0,23,train,33,S_WPA_L36_DOC1.5_WOC1.0_N3600_F360_R2,S_WPA_L36_DOC1.5_WOC1.0_N3600_F360,2,0
4,1,0,23,train,34,S_WPA_L36_DOC1.5_WOC1.0_N3600_F360_R3,S_WPA_L36_DOC1.5_WOC1.0_N3600_F360,3,0
4,1,0,23,train,35,S_WPA_L36_DOC1.5_WOC1.0_N3600_F360_R4,S_WPA_L36_DOC1.5_WOC1.0_N3600_F360,4,0
4,1,0,23,train,40,S_WPA_L36_DOC2.0_WOC1.0_N1800_F180_R1,S_WPA_L36_DOC2.0_WOC1.0_N1800_F180,1,0
4,1,0,23,train,41,S_WPA_L36_DOC2.0_WOC1.0_N1800_F180_R2,S_WPA_L36_DOC2.0_WOC1.0_N1800_F180,2,0
4,1,0,23,train,42,S_WPA_L36_DOC2.0_WOC1.0_N1800_F180_R3,S_WPA_L36_DOC2.0_WOC1.0_N1800_F180,3,0
4,1,0,23,train,43,S_WPA_L36_DOC2.0_WOC1.0_N1800_F180_R4,S_WPA_L36_DOC2.0_WOC1.0_N1800_F180,4,0
4,1,0,23,train,48,S_WPA_L36_DOC3.0_WOC1.0_N1800_F180_R1,S_WPA_L36_DOC3.0_WOC1.0_N1800_F180,1,0
4,1,0,23,train,49,S_WPA_L36_DOC3.0_WOC1.0_N1800_F180_R2,S_WPA_L36_DOC3.0_WOC1.0_N1800_F180,2,0
4,1,0,23,train,50,S_WPA_L36_DOC3.0_WOC1.0_N1800_F180_R3,S_WPA_L36_DOC3.0_WOC1.0_N1800_F180,3,0
4,1,0,23,train,51,S_WPA_L36_DOC3.0_WOC1.0_N1800_F180_R4,S_WPA_L36_DOC3.0_WOC1.0_N1800_F180,4,0
4,1,0,23,train,64,S_WPB_L56_DOC0.5_WOC1.0_N2700_F270_R1,S_WPB_L56_DOC0.5_WOC1.0_N2700_F270,1,0
4,1,0,23,train,65,S_WPB_L56_DOC0.5_WOC1.0_N2700_F270_R2,S_WPB_L56_DOC0.5_WOC1.0_N2700_F270,2,0
4,1,0,23,train,66,S_WPB_L56_DOC0.5_WOC1.0_N2700_F270_R3,S_WPB_L56_DOC0.5_WOC1.0_N2700_F270,3,0
4,1,0,23,train,67,S_WPB_L56_DOC0.5_WOC1.0_N2700_F270_R4,S_WPB_L56_DOC0.5_WOC1.0_N2700_F270,4,0
4,1,0,23,train,68,S_WPB_L56_DOC0.5_WOC1.0_N3600_F360_R1,S_WPB_L56_DOC0.5_WOC1.0_N3600_F360,1,0
4,1,0,23,train,69,S_WPB_L56_DOC0.5_WOC1.0_N3600_F360_R2,S_WPB_L56_DOC0.5_WOC1.0_N3600_F360,2,0
4,1,0,23,train,70,S_WPB_L56_DOC0.5_WOC1.0_N3600_F360_R3,S_WPB_L56_DOC0.5_WOC1.0_N3600_F360,3,0
4,1,0,23,train,71,S_WPB_L56_DOC0.5_WOC1.0_N3600_F360_R4,S_WPB_L56_DOC0.5_WOC1.0_N3600_F360,4,0
4,1,0,23,train,76,S_WPB_L56_DOC1.0_WOC1.0_N1800_F180_R1,S_WPB_L56_DOC1.0_WOC1.0_N1800_F180,1,0
4,1,0,23,train,77,S_WPB_L56_DOC1.0_WOC1.0_N1800_F180_R2,S_WPB_L56_DOC1.0_WOC1.0_N1800_F180,2,0
4,1,0,23,train,78,S_WPB_L56_DOC1.0_WOC1.0_N1800_F180_R3,S_WPB_L56_DOC1.0_WOC1.0_N1800_F180,3,0
4,1,0,23,train,79,S_WPB_L56_DOC1.0_WOC1.0_N1800_F180_R4,S_WPB_L56_DOC1.0_WOC1.0_N1800_F180,4,0
4,1,0,23,train,80,S_WPB_L56_DOC1.0_WOC1.0_N2700_F270_R1,S_WPB_L56_DOC1.0_WOC1.0_N2700_F270,1,0
4,1,0,23,train,81,S_WPB_L56_DOC1.0_WOC1.0_N2700_F270_R2,S_WPB_L56_DOC1.0_WOC1.0_N2700_F270,2,0
4,1,0,23,train,82,S_WPB_L56_DOC1.0_WOC1.0_N2700_F270_R3,S_WPB_L56_DOC1.0_WOC1.0_N2700_F270,3,0
4,1,0,23,train,83,S_WPB_L56_DOC1.0_WOC1.0_N2700_F270_R4,S_WPB_L56_DOC1.0_WOC1.0_N2700_F270,4,0
4,1,0,23,train,84,S_WPB_L56_DOC1.0_WOC1.0_N3600_F360_R1,S_WPB_L56_DOC1.0_WOC1.0_N3600_F360,1,0
4,1,0,23,train,85,S_WPB_L56_DOC1.0_WOC1.0_N3600_F360_R2,S_WPB_L56_DOC1.0_WOC1.0_N3600_F360,2,0
4,1,0,23,train,86,S_WPB_L56_DOC1.0_WOC1.0_N3600_F360_R3,S_WPB_L56_DOC1.0_WOC1.0_N3600_F360,3,0
4,1,0,23,train,87,S_WPB_L56_DOC1.0_WOC1.0_N3600_F360_R4,S_WPB_L56_DOC1.0_WOC1.0_N3600_F360,4,0
4,1,0,23,train,88,S_WPB_L56_DOC1.0_WOC2.0_N2700_F270_R1,S_WPB_L56_DOC1.0_WOC2.0_N2700_F270,1,0
4,1,0,23,train,89,S_WPB_L56_DOC1.0_WOC2.0_N2700_F270_R2,S_WPB_L56_DOC1.0_WOC2.0_N2700_F270,2,0
4,1,0,23,train,90,S_WPB_L56_DOC1.0_WOC2.0_N2700_F270_R3,S_WPB_L56_DOC1.0_WOC2.0_N2700_F270,3,0
4,1,0,23,train,91,S_WPB_L56_DOC1.0_WOC2.0_N2700_F270_R4,S_WPB_L56_DOC1.0_WOC2.0_N2700_F270,4,0
4,1,0,23,train,92,S_WPB_L56_DOC1.5_WOC1.0_N1800_F180_R1,S_WPB_L56_DOC1.5_WOC1.0_N1800_F180,1,0
4,1,0,23,train,93,S_WPB_L56_DOC1.5_WOC1.0_N1800_F180_R2,S_WPB_L56_DOC1.5_WOC1.0_N1800_F180,2,0
4,1,0,23,train,94,S_WPB_L56_DOC1.5_WOC1.0_N1800_F180_R3,S_WPB_L56_DOC1.5_WOC1.0_N1800_F180,3,0
4,1,0,23,train,95,S_WPB_L56_DOC1.5_WOC1.0_N1800_F180_R4,S_WPB_L56_DOC1.5_WOC1.0_N1800_F180,4,0
4,1,0,23,train,96,S_WPB_L56_DOC1.5_WOC1.0_N2700_F270_R1,S_WPB_L56_DOC1.5_WOC1.0_N2700_F270,1,0
4,1,0,23,train,97,S_WPB_L56_DOC1.5_WOC1.0_N2700_F270_R2,S_WPB_L56_DOC1.5_WOC1.0_N2700_F270,2,0
4,1,0,23,train,98,S_WPB_L56_DOC1.5_WOC1.0_N2700_F270_R3,S_WPB_L56_DOC1.5_WOC1.0_N2700_F270,3,0
4,1,0,23,train,99,S_WPB_L56_DOC1.5_WOC1.0_N2700_F270_R4,S_WPB_L56_DOC1.5_WOC1.0_N2700_F270,4,0
4,1,0,23,train,100,S_WPB_L56_DOC1.5_WOC1.0_N3600_F360_R1,S_WPB_L56_DOC1.5_WOC1.0_N3600_F360,1,0
4,1,0,23,train,101,S_WPB_L56_DOC1.5_WOC1.0_N3600_F360_R2,S_WPB_L56_DOC1.5_WOC1.0_N3600_F360,2,0
4,1,0,23,train,102,S_WPB_L56_DOC1.5_WOC1.0_N3600_F360_R3,S_WPB_L56_DOC1.5_WOC1.0_N3600_F360,3,0
4,1,0,23,train,103,S_WPB_L56_DOC1.5_WOC1.0_N3600_F360_R4,S_WPB_L56_DOC1.5_WOC1.0_N3600_F360,4,0
4,1,0,23,train,104,S_WPB_L56_DOC1.5_WOC2.0_N2700_F270_R1,S_WPB_L56_DOC1.5_WOC2.0_N2700_F270,1,0
4,1,0,23,train,105,S_WPB_L56_DOC1.5_WOC2.0_N2700_F270_R2,S_WPB_L56_DOC1.5_WOC2.0_N2700_F270,2,0
4,1,0,23,train,106,S_WPB_L56_DOC1.5_WOC2.0_N2700_F270_R3,S_WPB_L56_DOC1.5_WOC2.0_N2700_F270,3,0
4,1,0,23,train,107,S_WPB_L56_DOC1.5_WOC2.0_N2700_F270_R4,S_WPB_L56_DOC1.5_WOC2.0_N2700_F270,4,0
4,1,0,23,train,112,U_WPA_L36_DOC2.0_WOC2.0_N2700_F270_R1,U_WPA_L36_DOC2.0_WOC2.0_N2700_F270,1,1
4,1,0,23,train,113,U_WPA_L36_DOC2.0_WOC2.0_N2700_F270_R2,U_WPA_L36_DOC2.0_WOC2.0_N2700_F270,2,1
4,1,0,23,train,114,U_WPA_L36_DOC2.0_WOC2.0_N2700_F270_R3,U_WPA_L36_DOC2.0_WOC2.0_N2700_F270,3,1
4,1,0,23,train,115,U_WPA_L36_DOC2.0_WOC2.0_N2700_F270_R4,U_WPA_L36_DOC2.0_WOC2.0_N2700_F270,4,1
4,1,0,23,train,120,U_WPA_L36_DOC4.0_WOC2.0_N2700_F270_R1,U_WPA_L36_DOC4.0_WOC2.0_N2700_F270,1,1
4,1,0,23,train,121,U_WPA_L36_DOC4.0_WOC2.0_N2700_F270_R2,U_WPA_L36_DOC4.0_WOC2.0_N2700_F270,2,1
4,1,0,23,train,122,U_WPA_L36_DOC4.0_WOC2.0_N2700_F270_R3,U_WPA_L36_DOC4.0_WOC2.0_N2700_F270,3,1
4,1,0,23,train,123,U_WPA_L36_DOC4.0_WOC2.0_N2700_F270_R4,U_WPA_L36_DOC4.0_WOC2.0_N2700_F270,4,1
4,1,0,23,train,124,U_WPB_L56_DOC2.0_WOC1.0_N1800_F180_R1,U_WPB_L56_DOC2.0_WOC1.0_N1800_F180,1,1
4,1,0,23,train,125,U_WPB_L56_DOC2.0_WOC1.0_N1800_F180_R2,U_WPB_L56_DOC2.0_WOC1.0_N1800_F180,2,1
4,1,0,23,train,126,U_WPB_L56_DOC2.0_WOC1.0_N1800_F180_R3,U_WPB_L56_DOC2.0_WOC1.0_N1800_F180,3,1
4,1,0,23,train,127,U_WPB_L56_DOC2.0_WOC1.0_N1800_F180_R4,U_WPB_L56_DOC2.0_WOC1.0_N1800_F180,4,1
4,1,0,23,train,132,U_WPB_L56_DOC2.0_WOC1.0_N3600_F360_R1,U_WPB_L56_DOC2.0_WOC1.0_N3600_F360,1,1
4,1,0,23,train,133,U_WPB_L56_DOC2.0_WOC1.0_N3600_F360_R2,U_WPB_L56_DOC2.0_WOC1.0_N3600_F360,2,1
4,1,0,23,train,134,U_WPB_L56_DOC2.0_WOC1.0_N3600_F360_R3,U_WPB_L56_DOC2.0_WOC1.0_N3600_F360,3,1
4,1,0,23,train,135,U_WPB_L56_DOC2.0_WOC1.0_N3600_F360_R4,U_WPB_L56_DOC2.0_WOC1.0_N3600_F360,4,1
4,1,0,23,train,136,U_WPB_L56_DOC2.0_WOC2.0_N2700_F270_R1,U_WPB_L56_DOC2.0_WOC2.0_N2700_F270,1,1
4,1,0,23,train,137,U_WPB_L56_DOC2.0_WOC2.0_N2700_F270_R2,U_WPB_L56_DOC2.0_WOC2.0_N2700_F270,2,1
4,1,0,23,train,138,U_WPB_L56_DOC2.0_WOC2.0_N2700_F270_R3,U_WPB_L56_DOC2.0_WOC2.0_N2700_F270,3,1
4,1,0,23,train,139,U_WPB_L56_DOC2.0_WOC2.0_N2700_F270_R4,U_WPB_L56_DOC2.0_WOC2.0_N2700_F270,4,1
4,1,0,23,train,140,U_WPB_L56_DOC3.0_WOC1.0_N1800_F180_R1,U_WPB_L56_DOC3.0_WOC1.0_N1800_F180,1,1
4,1,0,23,train,141,U_WPB_L56_DOC3.0_WOC1.0_N1800_F180_R2,U_WPB_L56_DOC3.0_WOC1.0_N1800_F180,2,1
4,1,0,23,train,142,U_WPB_L56_DOC3.0_WOC1.0_N1800_F180_R3,U_WPB_L56_DOC3.0_WOC1.0_N1800_F180,3,1
4,1,0,23,train,143,U_WPB_L56_DOC3.0_WOC1.0_N1800_F180_R4,U_WPB_L56_DOC3.0_WOC1.0_N1800_F180,4,1
4,1,0,23,train,144,U_WPB_L56_DOC3.0_WOC1.0_N3600_F360_R1,U_WPB_L56_DOC3.0_WOC1.0_N3600_F360,1,1
4,1,0,23,train,145,U_WPB_L56_DOC3.0_WOC1.0_N3600_F360_R2,U_WPB_L56_DOC3.0_WOC1.0_N3600_F360,2,1
4,1,0,23,train,146,U_WPB_L56_DOC3.0_WOC1.0_N3600_F360_R3,U_WPB_L56_DOC3.0_WOC1.0_N3600_F360,3,1
4,1,0,23,train,147,U_WPB_L56_DOC3.0_WOC1.0_N3600_F360_R4,U_WPB_L56_DOC3.0_WOC1.0_N3600_F360,4,1
4,1,0,23,train,148,U_WPB_L56_DOC4.0_WOC1.0_N2700_F270_R1,U_WPB_L56_DOC4.0_WOC1.0_N2700_F270,1,1
4,1,0,23,train,149,U_WPB_L56_DOC4.0_WOC1.0_N2700_F270_R2,U_WPB_L56_DOC4.0_WOC1.0_N2700_F270,2,1
4,1,0,23,train,150,U_WPB_L56_DOC4.0_WOC1.0_N2700_F270_R3,U_WPB_L56_DOC4.0_WOC1.0_N2700_F270,3,1
4,1,0,23,train,151,U_WPB_L56_DOC4.0_WOC1.0_N2700_F270_R4,U_WPB_L56_DOC4.0_WOC1.0_N2700_F270,4,1
4,1,0,23,train,152,U_WPB_L56_DOC4.0_WOC2.0_N2700_F270_R1,U_WPB_L56_DOC4.0_WOC2.0_N2700_F270,1,1
4,1,0,23,train,153,U_WPB_L56_DOC4.0_WOC2.0_N2700_F270_R2,U_WPB_L56_DOC4.0_WOC2.0_N2700_F270,2,1
4,1,0,23,train,154,U_WPB_L56_DOC4.0_WOC2.0_N2700_F270_R3,U_WPB_L56_DOC4.0_WOC2.0_N2700_F270,3,1
4,1,0,23,train,155,U_WPB_L56_DOC4.0_WOC2.0_N2700_F270_R4,U_WPB_L56_DOC4.0_WOC2.0_N2700_F270,4,1
4,1,0,23,train,156,U_WPB_L56_DOC6.0_WOC1.0_N2700_F270_R1,U_WPB_L56_DOC6.0_WOC1.0_N2700_F270,1,1
4,1,0,23,train,157,U_WPB_L56_DOC6.0_WOC1.0_N2700_F270_R2,U_WPB_L56_DOC6.0_WOC1.0_N2700_F270,2,1
4,1,0,23,train,158,U_WPB_L56_DOC6.0_WOC1.0_N2700_F270_R3,U_WPB_L56_DOC6.0_WOC1.0_N2700_F270,3,1
4,1,0,23,train,159,U_WPB_L56_DOC6.0_WOC1.0_N2700_F270_R4,U_WPB_L56_DOC6.0_WOC1.0_N2700_F270,4,1
4,1,0,23,test,16,S_WPA_L36_DOC1.0_WOC1.0_N2700_F270_R1,S_WPA_L36_DOC1.0_WOC1.0_N2700_F270,1,0
4,1,0,23,test,17,S_WPA_L36_DOC1.0_WOC1.0_N2700_F270_R2,S_WPA_L36_DOC1.0_WOC1.0_N2700_F270,2,0
4,1,0,23,test,18,S_WPA_L36_DOC1.0_WOC1.0_N2700_F270_R3,S_WPA_L36_DOC1.0_WOC1.0_N2700_F270,3,0
4,1,0,23,test,19,S_WPA_L36_DOC1.0_WOC1.0_N2700_F270_R4,S_WPA_L36_DOC1.0_WOC1.0_N2700_F270,4,0
4,1,0,23,test,36,S_WPA_L36_DOC1.5_WOC2.0_N2700_F270_R1,S_WPA_L36_DOC1.5_WOC2.0_N2700_F270,1,0
4,1,0,23,test,37,S_WPA_L36_DOC1.5_WOC2.0_N2700_F270_R2,S_WPA_L36_DOC1.5_WOC2.0_N2700_F270,2,0
4,1,0,23,test,38,S_WPA_L36_DOC1.5_WOC2.0_N2700_F270_R3,S_WPA_L36_DOC1.5_WOC2.0_N2700_F270,3,0
4,1,0,23,test,39,S_WPA_L36_DOC1.5_WOC2.0_N2700_F270_R4,S_WPA_L36_DOC1.5_WOC2.0_N2700_F270,4,0
4,1,0,23,test,44,S_WPA_L36_DOC2.0_WOC1.0_N2700_F270_R1,S_WPA_L36_DOC2.0_WOC1.0_N2700_F270,1,0
4,1,0,23,test,45,S_WPA_L36_DOC2.0_WOC1.0_N2700_F270_R2,S_WPA_L36_DOC2.0_WOC1.0_N2700_F270,2,0
4,1,0,23,test,46,S_WPA_L36_DOC2.0_WOC1.0_N2700_F270_R3,S_WPA_L36_DOC2.0_WOC1.0_N2700_F270,3,0
4,1,0,23,test,47,S_WPA_L36_DOC2.0_WOC1.0_N2700_F270_R4,S_WPA_L36_DOC2.0_WOC1.0_N2700_F270,4,0
4,1,0,23,test,52,S_WPA_L36_DOC4.0_WOC1.0_N2700_F270_R1,S_WPA_L36_DOC4.0_WOC1.0_N2700_F270,1,0
4,1,0,23,test,53,S_WPA_L36_DOC4.0_WOC1.0_N2700_F270_R2,S_WPA_L36_DOC4.0_WOC1.0_N2700_F270,2,0
4,1,0,23,test,54,S_WPA_L36_DOC4.0_WOC1.0_N2700_F270_R3,S_WPA_L36_DOC4.0_WOC1.0_N2700_F270,3,0
4,1,0,23,test,55,S_WPA_L36_DOC4.0_WOC1.0_N2700_F270_R4,S_WPA_L36_DOC4.0_WOC1.0_N2700_F270,4,0
4,1,0,23,test,56,S_WPA_L36_DOC6.0_WOC1.0_N2700_F270_R1,S_WPA_L36_DOC6.0_WOC1.0_N2700_F270,1,0
4,1,0,23,test,57,S_WPA_L36_DOC6.0_WOC1.0_N2700_F270_R2,S_WPA_L36_DOC6.0_WOC1.0_N2700_F270,2,0
4,1,0,23,test,58,S_WPA_L36_DOC6.0_WOC1.0_N2700_F270_R3,S_WPA_L36_DOC6.0_WOC1.0_N2700_F270,3,0
4,1,0,23,test,59,S_WPA_L36_DOC6.0_WOC1.0_N2700_F270_R4,S_WPA_L36_DOC6.0_WOC1.0_N2700_F270,4,0
4,1,0,23,test,60,S_WPB_L56_DOC0.5_WOC1.0_N1800_F180_R1,S_WPB_L56_DOC0.5_WOC1.0_N1800_F180,1,0
4,1,0,23,test,61,S_WPB_L56_DOC0.5_WOC1.0_N1800_F180_R2,S_WPB_L56_DOC0.5_WOC1.0_N1800_F180,2,0
4,1,0,23,test,62,S_WPB_L56_DOC0.5_WOC1.0_N1800_F180_R3,S_WPB_L56_DOC0.5_WOC1.0_N1800_F180,3,0
4,1,0,23,test,63,S_WPB_L56_DOC0.5_WOC1.0_N1800_F180_R4,S_WPB_L56_DOC0.5_WOC1.0_N1800_F180,4,0
4,1,0,23,test,72,S_WPB_L56_DOC0.5_WOC2.0_N2700_F270_R1,S_WPB_L56_DOC0.5_WOC2.0_N2700_F270,1,0
4,1,0,23,test,73,S_WPB_L56_DOC0.5_WOC2.0_N2700_F270_R2,S_WPB_L56_DOC0.5_WOC2.0_N2700_F270,2,0
4,1,0,23,test,74,S_WPB_L56_DOC0.5_WOC2.0_N2700_F270_R3,S_WPB_L56_DOC0.5_WOC2.0_N2700_F270,3,0
4,1,0,23,test,75,S_WPB_L56_DOC0.5_WOC2.0_N2700_F270_R4,S_WPB_L56_DOC0.5_WOC2.0_N2700_F270,4,0
4,1,0,23,test,108,U_WPA_L36_DOC2.0_WOC1.0_N3600_F360_R1,U_WPA_L36_DOC2.0_WOC1.0_N3600_F360,1,1
4,1,0,23,test,109,U_WPA_L36_DOC2.0_WOC1.0_N3600_F360_R2,U_WPA_L36_DOC2.0_WOC1.0_N3600_F360,2,1
4,1,0,23,test,110,U_WPA_L36_DOC2.0_WOC1.0_N3600_F360_R3,U_WPA_L36_DOC2.0_WOC1.0_N3600_F360,3,1
4,1,0,23,test,111,U_WPA_L36_DOC2.0_WOC1.0_N3600_F360_R4,U_WPA_L36_DOC2.0_WOC1.0_N3600_F360,4,1
4,1,0,23,test,116,U_WPA_L36_DOC3.0_WOC1.0_N3600_F360_R1,U_WPA_L36_DOC3.0_WOC1.0_N3600_F360,1,1
4,1,0,23,test,117,U_WPA_L36_DOC3.0_WOC1.0_N3600_F360_R2,U_WPA_L36_DOC3.0_WOC1.0_N3600_F360,2,1
4,1,0,23,test,118,U_WPA_L36_DOC3.0_WOC1.0_N3600_F360_R3,U_WPA_L36_DOC3.0_WOC1.0_N3600_F360,3,1
4,1,0,23,test,119,U_WPA_L36_DOC3.0_WOC1.0_N3600_F360_R4,U_WPA_L36_DOC3.0_WOC1.0_N3600_F360,4,1
4,1,0,23,test,128,U_WPB_L56_DOC2.0_WOC1.0_N2700_F270_R1,U_WPB_L56_DOC2.0_WOC1.0_N2700_F270,1,1
4,1,0,23,test,129,U_WPB_L56_DOC2.0_WOC1.0_N2700_F270_R2,U_WPB_L56_DOC2.0_WOC1.0_N2700_F270,2,1
4,1,0,23,test,130,U_WPB_L56_DOC2.0_WOC1.0_N2700_F270_R3,U_WPB_L56_DOC2.0_WOC1.0_N2700_F270,3,1
4,1,0,23,test,131,U_WPB_L56_DOC2.0_WOC1.0_N2700_F270_R4,U_WPB_L56_DOC2.0_WOC1.0_N2700_F270,4,1
5,1,1,23,train,4,S_WPA_L36_DOC0.5_WOC1.0_N3600_F360_R1,S_WPA_L36_DOC0.5_WOC1.0_N3600_F360,1,0
5,1,1,23,train,5,S_WPA_L36_DOC0.5_WOC1.0_N3600_F360_R2,S_WPA_L36_DOC0.5_WOC1.0_N3600_F360,2,0
5,1,1,23,train,6,S_WPA_L36_DOC0.5_WOC1.0_N3600_F360_R3,S_WPA_L36_DOC0.5_WOC1.0_N3600_F360,3,0
5,1,1,23,train,7,S_WPA_L36_DOC0.5_WOC1.0_N3600_F360_R4,S_WPA_L36_DOC0.5_WOC1.0_N3600_F360,4,0
5,1,1,23,train,12,S_WPA_L36_DOC1.0_WOC1.0_N1800_F180_R1,S_WPA_L36_DOC1.0_WOC1.0_N1800_F180,1,0
5,1,1,23,train,13,S_WPA_L36_DOC1.0_WOC1.0_N1800_F180_R2,S_WPA_L36_DOC1.0_WOC1.0_N1800_F180,2,0
5,1,1,23,train,14,S_WPA_L36_DOC1.0_WOC1.0_N1800_F180_R3,S_WPA_L36_DOC1.0_WOC1.0_N1800_F180,3,0
5,1,1,23,train,15,S_WPA_L36_DOC1.0_WOC1.0_N1800_F180_R4,S_WPA_L36_DOC1.0_WOC1.0_N1800_F180,4,0
5,1,1,23,train,16,S_WPA_L36_DOC1.0_WOC1.0_N2700_F270_R1,S_WPA_L36_DOC1.0_WOC1.0_N2700_F270,1,0
5,1,1,23,train,17,S_WPA_L36_DOC1.0_WOC1.0_N2700_F270_R2,S_WPA_L36_DOC1.0_WOC1.0_N2700_F270,2,0
5,1,1,23,train,18,S_WPA_L36_DOC1.0_WOC1.0_N2700_F270_R3,S_WPA_L36_DOC1.0_WOC1.0_N2700_F270,3,0
5,1,1,23,train,19,S_WPA_L36_DOC1.0_WOC1.0_N2700_F270_R4,S_WPA_L36_DOC1.0_WOC1.0_N2700_F270,4,0
5,1,1,23,train,20,S_WPA_L36_DOC1.0_WOC1.0_N3600_F360_R1,S_WPA_L36_DOC1.0_WOC1.0_N3600_F360,1,0
5,1,1,23,train,21,S_WPA_L36_DOC1.0_WOC1.0_N3600_F360_R2,S_WPA_L36_DOC1.0_WOC1.0_N3600_F360,2,0
5,1,1,23,train,22,S_WPA_L36_DOC1.0_WOC1.0_N3600_F360_R3,S_WPA_L36_DOC1.0_WOC1.0_N3600_F360,3,0
5,1,1,23,train,23,S_WPA_L36_DOC1.0_WOC1.0_N3600_F360_R4,S_WPA_L36_DOC1.0_WOC1.0_N3600_F360,4,0
5,1,1,23,train,24,S_WPA_L36_DOC1.0_WOC2.0_N2700_F270_R1,S_WPA_L36_DOC1.0_WOC2.0_N2700_F270,1,0
5,1,1,23,train,25,S_WPA_L36_DOC1.0_WOC2.0_N2700_F270_R2,S_WPA_L36_DOC1.0_WOC2.0_N2700_F270,2,0
5,1,1,23,train,26,S_WPA_L36_DOC1.0_WOC2.0_N2700_F270_R3,S_WPA_L36_DOC1.0_WOC2.0_N2700_F270,3,0
5,1,1,23,train,27,S_WPA_L36_DOC1.0_WOC2.0_N2700_F270_R4,S_WPA_L36_DOC1.0_WOC2.0_N2700_F270,4,0
5,1,1,23,train,32,S_WPA_L36_DOC1.5_WOC1.0_N3600_F360_R1,S_WPA_L36_DOC1.5_WOC1.0_N3600_F360,1,0
5,1,1,23,train,33,S_WPA_L36_DOC1.5_WOC1.0_N3600_F360_R2,S_WPA_L36_DOC1.5_WOC1.0_N3600_F360,2,0
5,1,1,23,train,34,S_WPA_L36_DOC1.5_WOC1.0_N3600_F360_R3,S_WPA_L36_DOC1.5_WOC1.0_N3600_F360,3,0
5,1,1,23,train,35,S_WPA_L36_DOC1.5_WOC1.0_N3600_F360_R4,S_WPA_L36_DOC1.5_WOC1.0_N3600_F360,4,0
5,1,1,23,train,36,S_WPA_L36_DOC1.5_WOC2.0_N2700_F270_R1,S_WPA_L36_DOC1.5_WOC2.0_N2700_F270,1,0
5,1,1,23,train,37,S_WPA_L36_DOC1.5_WOC2.0_N2700_F270_R2,S_WPA_L36_DOC1.5_WOC2.0_N2700_F270,2,0
5,1,1,23,train,38,S_WPA_L36_DOC1.5_WOC2.0_N2700_F270_R3,S_WPA_L36_DOC1.5_WOC2.0_N2700_F270,3,0
5,1,1,23,train,39,S_WPA_L36_DOC1.5_WOC2.0_N2700_F270_R4,S_WPA_L36_DOC1.5_WOC2.0_N2700_F270,4,0
5,1,1,23,train,44,S_WPA_L36_DOC2.0_WOC1.0_N2700_F270_R1,S_WPA_L36_DOC2.0_WOC1.0_N2700_F270,1,0
5,1,1,23,train,45,S_WPA_L36_DOC2.0_WOC1.0_N2700_F270_R2,S_WPA_L36_DOC2.0_WOC1.0_N2700_F270,2,0
5,1,1,23,train,46,S_WPA_L36_DOC2.0_WOC1.0_N2700_F270_R3,S_WPA_L36_DOC2.0_WOC1.0_N2700_F270,3,0
5,1,1,23,train,47,S_WPA_L36_DOC2.0_WOC1.0_N2700_F270_R4,S_WPA_L36_DOC2.0_WOC1.0_N2700_F270,4,0
5,1,1,23,train,48,S_WPA_L36_DOC3.0_WOC1.0_N1800_F180_R1,S_WPA_L36_DOC3.0_WOC1.0_N1800_F180,1,0
5,1,1,23,train,49,S_WPA_L36_DOC3.0_WOC1.0_N1800_F180_R2,S_WPA_L36_DOC3.0_WOC1.0_N1800_F180,2,0
5,1,1,23,train,50,S_WPA_L36_DOC3.0_WOC1.0_N1800_F180_R3,S_WPA_L36_DOC3.0_WOC1.0_N1800_F180,3,0
5,1,1,23,train,51,S_WPA_L36_DOC3.0_WOC1.0_N1800_F180_R4,S_WPA_L36_DOC3.0_WOC1.0_N1800_F180,4,0
5,1,1,23,train,52,S_WPA_L36_DOC4.0_WOC1.0_N2700_F270_R1,S_WPA_L36_DOC4.0_WOC1.0_N2700_F270,1,0
5,1,1,23,train,53,S_WPA_L36_DOC4.0_WOC1.0_N2700_F270_R2,S_WPA_L36_DOC4.0_WOC1.0_N2700_F270,2,0
5,1,1,23,train,54,S_WPA_L36_DOC4.0_WOC1.0_N2700_F270_R3,S_WPA_L36_DOC4.0_WOC1.0_N2700_F270,3,0
5,1,1,23,train,55,S_WPA_L36_DOC4.0_WOC1.0_N2700_F270_R4,S_WPA_L36_DOC4.0_WOC1.0_N2700_F270,4,0
5,1,1,23,train,56,S_WPA_L36_DOC6.0_WOC1.0_N2700_F270_R1,S_WPA_L36_DOC6.0_WOC1.0_N2700_F270,1,0
5,1,1,23,train,57,S_WPA_L36_DOC6.0_WOC1.0_N2700_F270_R2,S_WPA_L36_DOC6.0_WOC1.0_N2700_F270,2,0
5,1,1,23,train,58,S_WPA_L36_DOC6.0_WOC1.0_N2700_F270_R3,S_WPA_L36_DOC6.0_WOC1.0_N2700_F270,3,0
5,1,1,23,train,59,S_WPA_L36_DOC6.0_WOC1.0_N2700_F270_R4,S_WPA_L36_DOC6.0_WOC1.0_N2700_F270,4,0
5,1,1,23,train,60,S_WPB_L56_DOC0.5_WOC1.0_N1800_F180_R1,S_WPB_L56_DOC0.5_WOC1.0_N1800_F180,1,0
5,1,1,23,train,61,S_WPB_L56_DOC0.5_WOC1.0_N1800_F180_R2,S_WPB_L56_DOC0.5_WOC1.0_N1800_F180,2,0
5,1,1,23,train,62,S_WPB_L56_DOC0.5_WOC1.0_N1800_F180_R3,S_WPB_L56_DOC0.5_WOC1.0_N1800_F180,3,0
5,1,1,23,train,63,S_WPB_L56_DOC0.5_WOC1.0_N1800_F180_R4,S_WPB_L56_DOC0.5_WOC1.0_N1800_F180,4,0
5,1,1,23,train,64,S_WPB_L56_DOC0.5_WOC1.0_N2700_F270_R1,S_WPB_L56_DOC0.5_WOC1.0_N2700_F270,1,0
5,1,1,23,train,65,S_WPB_L56_DOC0.5_WOC1.0_N2700_F270_R2,S_WPB_L56_DOC0.5_WOC1.0_N2700_F270,2,0
5,1,1,23,train,66,S_WPB_L56_DOC0.5_WOC1.0_N2700_F270_R3,S_WPB_L56_DOC0.5_WOC1.0_N2700_F270,3,0
5,1,1,23,train,67,S_WPB_L56_DOC0.5_WOC1.0_N2700_F270_R4,S_WPB_L56_DOC0.5_WOC1.0_N2700_F270,4,0
5,1,1,23,train,68,S_WPB_L56_DOC0.5_WOC1.0_N3600_F360_R1,S_WPB_L56_DOC0.5_WOC1.0_N3600_F360,1,0
5,1,1,23,train,69,S_WPB_L56_DOC0.5_WOC1.0_N3600_F360_R2,S_WPB_L56_DOC0.5_WOC1.0_N3600_F360,2,0
5,1,1,23,train,70,S_WPB_L56_DOC0.5_WOC1.0_N3600_F360_R3,S_WPB_L56_DOC0.5_WOC1.0_N3600_F360,3,0
5,1,1,23,train,71,S_WPB_L56_DOC0.5_WOC1.0_N3600_F360_R4,S_WPB_L56_DOC0.5_WOC1.0_N3600_F360,4,0
5,1,1,23,train,72,S_WPB_L56_DOC0.5_WOC2.0_N2700_F270_R1,S_WPB_L56_DOC0.5_WOC2.0_N2700_F270,1,0
5,1,1,23,train,73,S_WPB_L56_DOC0.5_WOC2.0_N2700_F270_R2,S_WPB_L56_DOC0.5_WOC2.0_N2700_F270,2,0
5,1,1,23,train,74,S_WPB_L56_DOC0.5_WOC2.0_N2700_F270_R3,S_WPB_L56_DOC0.5_WOC2.0_N2700_F270,3,0
5,1,1,23,train,75,S_WPB_L56_DOC0.5_WOC2.0_N2700_F270_R4,S_WPB_L56_DOC0.5_WOC2.0_N2700_F270,4,0
5,1,1,23,train,80,S_WPB_L56_DOC1.0_WOC1.0_N2700_F270_R1,S_WPB_L56_DOC1.0_WOC1.0_N2700_F270,1,0
5,1,1,23,train,81,S_WPB_L56_DOC1.0_WOC1.0_N2700_F270_R2,S_WPB_L56_DOC1.0_WOC1.0_N2700_F270,2,0
5,1,1,23,train,82,S_WPB_L56_DOC1.0_WOC1.0_N2700_F270_R3,S_WPB_L56_DOC1.0_WOC1.0_N2700_F270,3,0
5,1,1,23,train,83,S_WPB_L56_DOC1.0_WOC1.0_N2700_F270_R4,S_WPB_L56_DOC1.0_WOC1.0_N2700_F270,4,0
5,1,1,23,train,84,S_WPB_L56_DOC1.0_WOC1.0_N3600_F360_R1,S_WPB_L56_DOC1.0_WOC1.0_N3600_F360,1,0
5,1,1,23,train,85,S_WPB_L56_DOC1.0_WOC1.0_N3600_F360_R2,S_WPB_L56_DOC1.0_WOC1.0_N3600_F360,2,0
5,1,1,23,train,86,S_WPB_L56_DOC1.0_WOC1.0_N3600_F360_R3,S_WPB_L56_DOC1.0_WOC1.0_N3600_F360,3,0
5,1,1,23,train,87,S_WPB_L56_DOC1.0_WOC1.0_N3600_F360_R4,S_WPB_L56_DOC1.0_WOC1.0_N3600_F360,4,0
5,1,1,23,train,88,S_WPB_L56_DOC1.0_WOC2.0_N2700_F270_R1,S_WPB_L56_DOC1.0_WOC2.0_N2700_F270,1,0
5,1,1,23,train,89,S_WPB_L56_DOC1.0_WOC2.0_N2700_F270_R2,S_WPB_L56_DOC1.0_WOC2.0_N2700_F270,2,0
5,1,1,23,train,90,S_WPB_L56_DOC1.0_WOC2.0_N2700_F270_R3,S_WPB_L56_DOC1.0_WOC2.0_N2700_F270,3,0
5,1,1,23,train,91,S_WPB_L56_DOC1.0_WOC2.0_N2700_F270_R4,S_WPB_L56_DOC1.0_WOC2.0_N2700_F270,4,0
5,1,1,23,train,96,S_WPB_L56_DOC1.5_WOC1.0_N2700_F270_R1,S_WPB_L56_DOC1.5_WOC1.0_N2700_F270,1,0
5,1,1,23,train,97,S_WPB_L56_DOC1.5_WOC1.0_N2700_F270_R2,S_WPB_L56_DOC1.5_WOC1.0_N2700_F270,2,0
5,1,1,23,train,98,S_WPB_L56_DOC1.5_WOC1.0_N2700_F270_R3,S_WPB_L56_DOC1.5_WOC1.0_N2700_F270,3,0
5,1,1,23,train,99,S_WPB_L56_DOC1.5_WOC1.0_N2700_F270_R4,S_WPB_L56_DOC1.5_WOC1.0_N2700_F270,4,0
5,1,1,23,train,104,S_WPB_L56_DOC1.5_WOC2.0_N2700_F270_R1,S_WPB_L56_DOC1.5_WOC2.0_N2700_F270,1,0
5,1,1,23,train,105,S_WPB_L56_DOC1.5_WOC2.0_N2700_F270_R2,S_WPB_L56_DOC1.5_WOC2.0_N2700_F270,2,0
5,1,1,23,train,106,S_WPB_L56_DOC1.5_WOC2.0_N2700_F270_R3,S_WPB_L56_DOC1.5_WOC2.0_N2700_F270,3,0
5,1,1,23,train,107,S_WPB_L56_DOC1.5_WOC2.0_N2700_F270_R4,S_WPB_L56_DOC1.5_WOC2.0_N2700_F270,4,0
5,1,1,23,train,108,U_WPA_L36_DOC2.0_WOC1.0_N3600_F360_R1,U_WPA_L36_DOC2.0_WOC1.0_N3600_F360,1,1
5,1,1,23,train,109,U_WPA_L36_DOC2.0_WOC1.0_N3600_F360_R2,U_WPA_L36_DOC2.0_WOC1.0_N3600_F360,2,1
5,1,1,23,train,110,U_WPA_L36_DOC2.0_WOC1.0_N3600_F360_R3,U_WPA_L36_DOC2.0_WOC1.0_N3600_F360,3,1
5,1,1,23,train,111,U_WPA_L36_DOC2.0_WOC1.0_N3600_F360_R4,U_WPA_L36_DOC2.0_WOC1.0_N3600_F360,4,1
5,1,1,23,train,112,U_WPA_L36_DOC2.0_WOC2.0_N2700_F270_R1,U_WPA_L36_DOC2.0_WOC2.0_N2700_F270,1,1
5,1,1,23,train,113,U_WPA_L36_DOC2.0_WOC2.0_N2700_F270_R2,U_WPA_L36_DOC2.0_WOC2.0_N2700_F270,2,1
5,1,1,23,train,114,U_WPA_L36_DOC2.0_WOC2.0_N2700_F270_R3,U_WPA_L36_DOC2.0_WOC2.0_N2700_F270,3,1
5,1,1,23,train,115,U_WPA_L36_DOC2.0_WOC2.0_N2700_F270_R4,U_WPA_L36_DOC2.0_WOC2.0_N2700_F270,4,1
5,1,1,23,train,116,U_WPA_L36_DOC3.0_WOC1.0_N3600_F360_R1,U_WPA_L36_DOC3.0_WOC1.0_N3600_F360,1,1
5,1,1,23,train,117,U_WPA_L36_DOC3.0_WOC1.0_N3600_F360_R2,U_WPA_L36_DOC3.0_WOC1.0_N3600_F360,2,1
5,1,1,23,train,118,U_WPA_L36_DOC3.0_WOC1.0_N3600_F360_R3,U_WPA_L36_DOC3.0_WOC1.0_N3600_F360,3,1
5,1,1,23,train,119,U_WPA_L36_DOC3.0_WOC1.0_N3600_F360_R4,U_WPA_L36_DOC3.0_WOC1.0_N3600_F360,4,1
5,1,1,23,train,124,U_WPB_L56_DOC2.0_WOC1.0_N1800_F180_R1,U_WPB_L56_DOC2.0_WOC1.0_N1800_F180,1,1
5,1,1,23,train,125,U_WPB_L56_DOC2.0_WOC1.0_N1800_F180_R2,U_WPB_L56_DOC2.0_WOC1.0_N1800_F180,2,1
5,1,1,23,train,126,U_WPB_L56_DOC2.0_WOC1.0_N1800_F180_R3,U_WPB_L56_DOC2.0_WOC1.0_N1800_F180,3,1
5,1,1,23,train,127,U_WPB_L56_DOC2.0_WOC1.0_N1800_F180_R4,U_WPB_L56_DOC2.0_WOC1.0_N1800_F180,4,1
5,1,1,23,train,128,U_WPB_L56_DOC2.0_WOC1.0_N2700_F270_R1,U_WPB_L56_DOC2.0_WOC1.0_N2700_F270,1,1
5,1,1,23,train,129,U_WPB_L56_DOC2.0_WOC1.0_N2700_F270_R2,U_WPB_L56_DOC2.0_WOC1.0_N2700_F270,2,1
5,1,1,23,train,130,U_WPB_L56_DOC2.0_WOC1.0_N2700_F270_R3,U_WPB_L56_DOC2.0_WOC1.0_N2700_F270,3,1
5,1,1,23,train,131,U_WPB_L56_DOC2.0_WOC1.0_N2700_F270_R4,U_WPB_L56_DOC2.0_WOC1.0_N2700_F270,4,1
5,1,1,23,train,132,U_WPB_L56_DOC2.0_WOC1.0_N3600_F360_R1,U_WPB_L56_DOC2.0_WOC1.0_N3600_F360,1,1
5,1,1,23,train,133,U_WPB_L56_DOC2.0_WOC1.0_N3600_F360_R2,U_WPB_L56_DOC2.0_WOC1.0_N3600_F360,2,1
5,1,1,23,train,134,U_WPB_L56_DOC2.0_WOC1.0_N3600_F360_R3,U_WPB_L56_DOC2.0_WOC1.0_N3600_F360,3,1
5,1,1,23,train,135,U_WPB_L56_DOC2.0_WOC1.0_N3600_F360_R4,U_WPB_L56_DOC2.0_WOC1.0_N3600_F360,4,1
5,1,1,23,train,140,U_WPB_L56_DOC3.0_WOC1.0_N1800_F180_R1,U_WPB_L56_DOC3.0_WOC1.0_N1800_F180,1,1
5,1,1,23,train,141,U_WPB_L56_DOC3.0_WOC1.0_N1800_F180_R2,U_WPB_L56_DOC3.0_WOC1.0_N1800_F180,2,1
5,1,1,23,train,142,U_WPB_L56_DOC3.0_WOC1.0_N1800_F180_R3,U_WPB_L56_DOC3.0_WOC1.0_N1800_F180,3,1
5,1,1,23,train,143,U_WPB_L56_DOC3.0_WOC1.0_N1800_F180_R4,U_WPB_L56_DOC3.0_WOC1.0_N1800_F180,4,1
5,1,1,23,train,144,U_WPB_L56_DOC3.0_WOC1.0_N3600_F360_R1,U_WPB_L56_DOC3.0_WOC1.0_N3600_F360,1,1
5,1,1,23,train,145,U_WPB_L56_DOC3.0_WOC1.0_N3600_F360_R2,U_WPB_L56_DOC3.0_WOC1.0_N3600_F360,2,1
5,1,1,23,train,146,U_WPB_L56_DOC3.0_WOC1.0_N3600_F360_R3,U_WPB_L56_DOC3.0_WOC1.0_N3600_F360,3,1
5,1,1,23,train,147,U_WPB_L56_DOC3.0_WOC1.0_N3600_F360_R4,U_WPB_L56_DOC3.0_WOC1.0_N3600_F360,4,1
5,1,1,23,train,152,U_WPB_L56_DOC4.0_WOC2.0_N2700_F270_R1,U_WPB_L56_DOC4.0_WOC2.0_N2700_F270,1,1
5,1,1,23,train,153,U_WPB_L56_DOC4.0_WOC2.0_N2700_F270_R2,U_WPB_L56_DOC4.0_WOC2.0_N2700_F270,2,1
5,1,1,23,train,154,U_WPB_L56_DOC4.0_WOC2.0_N2700_F270_R3,U_WPB_L56_DOC4.0_WOC2.0_N2700_F270,3,1
5,1,1,23,train,155,U_WPB_L56_DOC4.0_WOC2.0_N2700_F270_R4,U_WPB_L56_DOC4.0_WOC2.0_N2700_F270,4,1
5,1,1,23,train,156,U_WPB_L56_DOC6.0_WOC1.0_N2700_F270_R1,U_WPB_L56_DOC6.0_WOC1.0_N2700_F270,1,1
5,1,1,23,train,157,U_WPB_L56_DOC6.0_WOC1.0_N2700_F270_R2,U_WPB_L56_DOC6.0_WOC1.0_N2700_F270,2,1
5,1,1,23,train,158,U_WPB_L56_DOC6.0_WOC1.0_N2700_F270_R3,U_WPB_L56_DOC6.0_WOC1.0_N2700_F270,3,1
5,1,1,23,train,159,U_WPB_L56_DOC6.0_WOC1.0_N2700_F270_R4,U_WPB_L56_DOC6.0_WOC1.0_N2700_F270,4,1
5,1,1,23,test,0,S_WPA_L36_DOC0.5_WOC1.0_N2700_F270_R1,S_WPA_L36_DOC0.5_WOC1.0_N2700_F270,1,0
5,1,1,23,test,1,S_WPA_L36_DOC0.5_WOC1.0_N2700_F270_R2,S_WPA_L36_DOC0.5_WOC1.0_N2700_F270,2,0
5,1,1,23,test,2,S_WPA_L36_DOC0.5_WOC1.0_N2700_F270_R3,S_WPA_L36_DOC0.5_WOC1.0_N2700_F270,3,0
5,1,1,23,test,3,S_WPA_L36_DOC0.5_WOC1.0_N2700_F270_R4,S_WPA_L36_DOC0.5_WOC1.0_N2700_F270,4,0
5,1,1,23,test,8,S_WPA_L36_DOC0.5_WOC2.0_N2700_F270_R1,S_WPA_L36_DOC0.5_WOC2.0_N2700_F270,1,0
5,1,1,23,test,9,S_WPA_L36_DOC0.5_WOC2.0_N2700_F270_R2,S_WPA_L36_DOC0.5_WOC2.0_N2700_F270,2,0
5,1,1,23,test,10,S_WPA_L36_DOC0.5_WOC2.0_N2700_F270_R3,S_WPA_L36_DOC0.5_WOC2.0_N2700_F270,3,0
5,1,1,23,test,11,S_WPA_L36_DOC0.5_WOC2.0_N2700_F270_R4,S_WPA_L36_DOC0.5_WOC2.0_N2700_F270,4,0
5,1,1,23,test,28,S_WPA_L36_DOC1.5_WOC1.0_N1800_F180_R1,S_WPA_L36_DOC1.5_WOC1.0_N1800_F180,1,0
5,1,1,23,test,29,S_WPA_L36_DOC1.5_WOC1.0_N1800_F180_R2,S_WPA_L36_DOC1.5_WOC1.0_N1800_F180,2,0
5,1,1,23,test,30,S_WPA_L36_DOC1.5_WOC1.0_N1800_F180_R3,S_WPA_L36_DOC1.5_WOC1.0_N1800_F180,3,0
5,1,1,23,test,31,S_WPA_L36_DOC1.5_WOC1.0_N1800_F180_R4,S_WPA_L36_DOC1.5_WOC1.0_N1800_F180,4,0
5,1,1,23,test,40,S_WPA_L36_DOC2.0_WOC1.0_N1800_F180_R1,S_WPA_L36_DOC2.0_WOC1.0_N1800_F180,1,0
5,1,1,23,test,41,S_WPA_L36_DOC2.0_WOC1.0_N1800_F180_R2,S_WPA_L36_DOC2.0_WOC1.0_N1800_F180,2,0
5,1,1,23,test,42,S_WPA_L36_DOC2.0_WOC1.0_N1800_F180_R3,S_WPA_L36_DOC2.0_WOC1.0_N1800_F180,3,0
5,1,1,23,test,43,S_WPA_L36_DOC2.0_WOC1.0_N1800_F180_R4,S_WPA_L36_DOC2.0_WOC1.0_N1800_F180,4,0
5,1,1,23,test,76,S_WPB_L56_DOC1.0_WOC1.0_N1800_F180_R1,S_WPB_L56_DOC1.0_WOC1.0_N1800_F180,1,0
5,1,1,23,test,77,S_WPB_L56_DOC1.0_WOC1.0_N1800_F180_R2,S_WPB_L56_DOC1.0_WOC1.0_N1800_F180,2,0
5,1,1,23,test,78,S_WPB_L56_DOC1.0_WOC1.0_N1800_F180_R3,S_WPB_L56_DOC1.0_WOC1.0_N1800_F180,3,0
5,1,1,23,test,79,S_WPB_L56_DOC1.0_WOC1.0_N1800_F180_R4,S_WPB_L56_DOC1.0_WOC1.0_N1800_F180,4,0
5,1,1,23,test,92,S_WPB_L56_DOC1.5_WOC1.0_N1800_F180_R1,S_WPB_L56_DOC1.5_WOC1.0_N1800_F180,1,0
5,1,1,23,test,93,S_WPB_L56_DOC1.5_WOC1.0_N1800_F180_R2,S_WPB_L56_DOC1.5_WOC1.0_N1800_F180,2,0
5,1,1,23,test,94,S_WPB_L56_DOC1.5_WOC1.0_N1800_F180_R3,S_WPB_L56_DOC1.5_WOC1.0_N1800_F180,3,0
5,1,1,23,test,95,S_WPB_L56_DOC1.5_WOC1.0_N1800_F180_R4,S_WPB_L56_DOC1.5_WOC1.0_N1800_F180,4,0
5,1,1,23,test,100,S_WPB_L56_DOC1.5_WOC1.0_N3600_F360_R1,S_WPB_L56_DOC1.5_WOC1.0_N3600_F360,1,0
5,1,1,23,test,101,S_WPB_L56_DOC1.5_WOC1.0_N3600_F360_R2,S_WPB_L56_DOC1.5_WOC1.0_N3600_F360,2,0
5,1,1,23,test,102,S_WPB_L56_DOC1.5_WOC1.0_N3600_F360_R3,S_WPB_L56_DOC1.5_WOC1.0_N3600_F360,3,0
5,1,1,23,test,103,S_WPB_L56_DOC1.5_WOC1.0_N3600_F360_R4,S_WPB_L56_DOC1.5_WOC1.0_N3600_F360,4,0
5,1,1,23,test,120,U_WPA_L36_DOC4.0_WOC2.0_N2700_F270_R1,U_WPA_L36_DOC4.0_WOC2.0_N2700_F270,1,1
5,1,1,23,test,121,U_WPA_L36_DOC4.0_WOC2.0_N2700_F270_R2,U_WPA_L36_DOC4.0_WOC2.0_N2700_F270,2,1
5,1,1,23,test,122,U_WPA_L36_DOC4.0_WOC2.0_N2700_F270_R3,U_WPA_L36_DOC4.0_WOC2.0_N2700_F270,3,1
5,1,1,23,test,123,U_WPA_L36_DOC4.0_WOC2.0_N2700_F270_R4,U_WPA_L36_DOC4.0_WOC2.0_N2700_F270,4,1
5,1,1,23,test,136,U_WPB_L56_DOC2.0_WOC2.0_N2700_F270_R1,U_WPB_L56_DOC2.0_WOC2.0_N2700_F270,1,1
5,1,1,23,test,137,U_WPB_L56_DOC2.0_WOC2.0_N2700_F270_R2,U_WPB_L56_DOC2.0_WOC2.0_N2700_F270,2,1
5,1,1,23,test,138,U_WPB_L56_DOC2.0_WOC2.0_N2700_F270_R3,U_WPB_L56_DOC2.0_WOC2.0_N2700_F270,3,1
5,1,1,23,test,139,U_WPB_L56_DOC2.0_WOC2.0_N2700_F270_R4,U_WPB_L56_DOC2.0_WOC2.0_N2700_F270,4,1
5,1,1,23,test,148,U_WPB_L56_DOC4.0_WOC1.0_N2700_F270_R1,U_WPB_L56_DOC4.0_WOC1.0_N2700_F270,1,1
5,1,1,23,test,149,U_WPB_L56_DOC4.0_WOC1.0_N2700_F270_R2,U_WPB_L56_DOC4.0_WOC1.0_N2700_F270,2,1
5,1,1,23,test,150,U_WPB_L56_DOC4.0_WOC1.0_N2700_F270_R3,U_WPB_L56_DOC4.0_WOC1.0_N2700_F270,3,1
5,1,1,23,test,151,U_WPB_L56_DOC4.0_WOC1.0_N2700_F270_R4,U_WPB_L56_DOC4.0_WOC1.0_N2700_F270,4,1
6,1,2,23,train,0,S_WPA_L36_DOC0.5_WOC1.0_N2700_F270_R1,S_WPA_L36_DOC0.5_WOC1.0_N2700_F270,1,0
6,1,2,23,train,1,S_WPA_L36_DOC0.5_WOC1.0_N2700_F270_R2,S_WPA_L36_DOC0.5_WOC1.0_N2700_F270,2,0
6,1,2,23,train,2,S_WPA_L36_DOC0.5_WOC1.0_N2700_F270_R3,S_WPA_L36_DOC0.5_WOC1.0_N2700_F270,3,0
6,1,2,23,train,3,S_WPA_L36_DOC0.5_WOC1.0_N2700_F270_R4,S_WPA_L36_DOC0.5_WOC1.0_N2700_F270,4,0
6,1,2,23,train,4,S_WPA_L36_DOC0.5_WOC1.0_N3600_F360_R1,S_WPA_L36_DOC0.5_WOC1.0_N3600_F360,1,0
6,1,2,23,train,5,S_WPA_L36_DOC0.5_WOC1.0_N3600_F360_R2,S_WPA_L36_DOC0.5_WOC1.0_N3600_F360,2,0
6,1,2,23,train,6,S_WPA_L36_DOC0.5_WOC1.0_N3600_F360_R3,S_WPA_L36_DOC0.5_WOC1.0_N3600_F360,3,0
6,1,2,23,train,7,S_WPA_L36_DOC0.5_WOC1.0_N3600_F360_R4,S_WPA_L36_DOC0.5_WOC1.0_N3600_F360,4,0
6,1,2,23,train,8,S_WPA_L36_DOC0.5_WOC2.0_N2700_F270_R1,S_WPA_L36_DOC0.5_WOC2.0_N2700_F270,1,0
6,1,2,23,train,9,S_WPA_L36_DOC0.5_WOC2.0_N2700_F270_R2,S_WPA_L36_DOC0.5_WOC2.0_N2700_F270,2,0
6,1,2,23,train,10,S_WPA_L36_DOC0.5_WOC2.0_N2700_F270_R3,S_WPA_L36_DOC0.5_WOC2.0_N2700_F270,3,0
6,1,2,23,train,11,S_WPA_L36_DOC0.5_WOC2.0_N2700_F270_R4,S_WPA_L36_DOC0.5_WOC2.0_N2700_F270,4,0
6,1,2,23,train,16,S_WPA_L36_DOC1.0_WOC1.0_N2700_F270_R1,S_WPA_L36_DOC1.0_WOC1.0_N2700_F270,1,0
6,1,2,23,train,17,S_WPA_L36_DOC1.0_WOC1.0_N2700_F270_R2,S_WPA_L36_DOC1.0_WOC1.0_N2700_F270,2,0
6,1,2,23,train,18,S_WPA_L36_DOC1.0_WOC1.0_N2700_F270_R3,S_WPA_L36_DOC1.0_WOC1.0_N2700_F270,3,0
6,1,2,23,train,19,S_WPA_L36_DOC1.0_WOC1.0_N2700_F270_R4,S_WPA_L36_DOC1.0_WOC1.0_N2700_F270,4,0
6,1,2,23,train,20,S_WPA_L36_DOC1.0_WOC1.0_N3600_F360_R1,S_WPA_L36_DOC1.0_WOC1.0_N3600_F360,1,0
6,1,2,23,train,21,S_WPA_L36_DOC1.0_WOC1.0_N3600_F360_R2,S_WPA_L36_DOC1.0_WOC1.0_N3600_F360,2,0
6,1,2,23,train,22,S_WPA_L36_DOC1.0_WOC1.0_N3600_F360_R3,S_WPA_L36_DOC1.0_WOC1.0_N3600_F360,3,0
6,1,2,23,train,23,S_WPA_L36_DOC1.0_WOC1.0_N3600_F360_R4,S_WPA_L36_DOC1.0_WOC1.0_N3600_F360,4,0
6,1,2,23,train,28,S_WPA_L36_DOC1.5_WOC1.0_N1800_F180_R1,S_WPA_L36_DOC1.5_WOC1.0_N1800_F180,1,0
6,1,2,23,train,29,S_WPA_L36_DOC1.5_WOC1.0_N1800_F180_R2,S_WPA_L36_DOC1.5_WOC1.0_N1800_F180,2,0
6,1,2,23,train,30,S_WPA_L36_DOC1.5_WOC1.0_N1800_F180_R3,S_WPA_L36_DOC1.5_WOC1.0_N1800_F180,3,0
6,1,2,23,train,31,S_WPA_L36_DOC1.5_WOC1.0_N1800_F180_R4,S_WPA_L36_DOC1.5_WOC1.0_N1800_F180,4,0
6,1,2,23,train,36,S_WPA_L36_DOC1.5_WOC2.0_N2700_F270_R1,S_WPA_L36_DOC1.5_WOC2.0_N2700_F270,1,0
6,1,2,23,train,37,S_WPA_L36_DOC1.5_WOC2.0_N2700_F270_R2,S_WPA_L36_DOC1.5_WOC2.0_N2700_F270,2,0
6,1,2,23,train,38,S_WPA_L36_DOC1.5_WOC2.0_N2700_F270_R3,S_WPA_L36_DOC1.5_WOC2.0_N2700_F270,3,0
6,1,2,23,train,39,S_WPA_L36_DOC1.5_WOC2.0_N2700_F270_R4,S_WPA_L36_DOC1.5_WOC2.0_N2700_F270,4,0
6,1,2,23,train,40,S_WPA_L36_DOC2.0_WOC1.0_N1800_F180_R1,S_WPA_L36_DOC2.0_WOC1.0_N1800_F180,1,0
6,1,2,23,train,41,S_WPA_L36_DOC2.0_WOC1.0_N1800_F180_R2,S_WPA_L36_DOC2.0_WOC1.0_N1800_F180,2,0
6,1,2,23,train,42,S_WPA_L36_DOC2.0_WOC1.0_N1800_F180_R3,S_WPA_L36_DOC2.0_WOC1.0_N1800_F180,3,0
6,1,2,23,train,43,S_WPA_L36_DOC2.0_WOC1.0_N1800_F180_R4,S_WPA_L36_DOC2.0_WOC1.0_N1800_F180,4,0
6,1,2,23,train,44,S_WPA_L36_DOC2.0_WOC1.0_N2700_F270_R1,S_WPA_L36_DOC2.0_WOC1.0_N2700_F270,1,0
6,1,2,23,train,45,S_WPA_L36_DOC2.0_WOC1.0_N2700_F270_R2,S_WPA_L36_DOC2.0_WOC1.0_N2700_F270,2,0
6,1,2,23,train,46,S_WPA_L36_DOC2.0_WOC1.0_N2700_F270_R3,S_WPA_L36_DOC2.0_WOC1.0_N2700_F270,3,0
6,1,2,23,train,47,S_WPA_L36_DOC2.0_WOC1.0_N2700_F270_R4,S_WPA_L36_DOC2.0_WOC1.0_N2700_F270,4,0
6,1,2,23,train,52,S_WPA_L36_DOC4.0_WOC1.0_N2700_F270_R1,S_WPA_L36_DOC4.0_WOC1.0_N2700_F270,1,0
6,1,2,23,train,53,S_WPA_L36_DOC4.0_WOC1.0_N2700_F270_R2,S_WPA_L36_DOC4.0_WOC1.0_N2700_F270,2,0
6,1,2,23,train,54,S_WPA_L36_DOC4.0_WOC1.0_N2700_F270_R3,S_WPA_L36_DOC4.0_WOC1.0_N2700_F270,3,0
6,1,2,23,train,55,S_WPA_L36_DOC4.0_WOC1.0_N2700_F270_R4,S_WPA_L36_DOC4.0_WOC1.0_N2700_F270,4,0
6,1,2,23,train,56,S_WPA_L36_DOC6.0_WOC1.0_N2700_F270_R1,S_WPA_L36_DOC6.0_WOC1.0_N2700_F270,1,0
6,1,2,23,train,57,S_WPA_L36_DOC6.0_WOC1.0_N2700_F270_R2,S_WPA_L36_DOC6.0_WOC1.0_N2700_F270,2,0
6,1,2,23,train,58,S_WPA_L36_DOC6.0_WOC1.0_N2700_F270_R3,S_WPA_L36_DOC6.0_WOC1.0_N2700_F270,3,0
6,1,2,23,train,59,S_WPA_L36_DOC6.0_WOC1.0_N2700_F270_R4,S_WPA_L36_DOC6.0_WOC1.0_N2700_F270,4,0
6,1,2,23,train,60,S_WPB_L56_DOC0.5_WOC1.0_N1800_F180_R1,S_WPB_L56_DOC0.5_WOC1.0_N1800_F180,1,0
6,1,2,23,train,61,S_WPB_L56_DOC0.5_WOC1.0_N1800_F180_R2,S_WPB_L56_DOC0.5_WOC1.0_N1800_F180,2,0
6,1,2,23,train,62,S_WPB_L56_DOC0.5_WOC1.0_N1800_F180_R3,S_WPB_L56_DOC0.5_WOC1.0_N1800_F180,3,0
6,1,2,23,train,63,S_WPB_L56_DOC0.5_WOC1.0_N1800_F180_R4,S_WPB_L56_DOC0.5_WOC1.0_N1800_F180,4,0
6,1,2,23,train,68,S_WPB_L56_DOC0.5_WOC1.0_N3600_F360_R1,S_WPB_L56_DOC0.5_WOC1.0_N3600_F360,1,0
6,1,2,23,train,69,S_WPB_L56_DOC0.5_WOC1.0_N3600_F360_R2,S_WPB_L56_DOC0.5_WOC1.0_N3600_F360,2,0
6,1,2,23,train,70,S_WPB_L56_DOC0.5_WOC1.0_N3600_F360_R3,S_WPB_L56_DOC0.5_WOC1.0_N3600_F360,3,0
6,1,2,23,train,71,S_WPB_L56_DOC0.5_WOC1.0_N3600_F360_R4,S_WPB_L56_DOC0.5_WOC1.0_N3600_F360,4,0
6,1,2,23,train,72,S_WPB_L56_DOC0.5_WOC2.0_N2700_F270_R1,S_WPB_L56_DOC0.5_WOC2.0_N2700_F270,1,0
6,1,2,23,train,73,S_WPB_L56_DOC0.5_WOC2.0_N2700_F270_R2,S_WPB_L56_DOC0.5_WOC2.0_N2700_F270,2,0
6,1,2,23,train,74,S_WPB_L56_DOC0.5_WOC2.0_N2700_F270_R3,S_WPB_L56_DOC0.5_WOC2.0_N2700_F270,3,0
6,1,2,23,train,75,S_WPB_L56_DOC0.5_WOC2.0_N2700_F270_R4,S_WPB_L56_DOC0.5_WOC2.0_N2700_F270,4,0
6,1,2,23,train,76,S_WPB_L56_DOC1.0_WOC1.0_N1800_F180_R1,S_WPB_L56_DOC1.0_WOC1.0_N1800_F180,1,0
6,1,2,23,train,77,S_WPB_L56_DOC1.0_WOC1.0_N1800_F180_R2,S_WPB_L56_DOC1.0_WOC1.0_N1800_F180,2,0
6,1,2,23,train,78,S_WPB_L56_DOC1.0_WOC1.0_N1800_F180_R3,S_WPB_L56_DOC1.0_WOC1.0_N1800_F180,3,0
6,1,2,23,train,79,S_WPB_L56_DOC1.0_WOC1.0_N1800_F180_R4,S_WPB_L56_DOC1.0_WOC1.0_N1800_F180,4,0
6,1,2,23,train,80,S_WPB_L56_DOC1.0_WOC1.0_N2700_F270_R1,S_WPB_L56_DOC1.0_WOC1.0_N2700_F270,1,0
6,1,2,23,train,81,S_WPB_L56_DOC1.0_WOC1.0_N2700_F270_R2,S_WPB_L56_DOC1.0_WOC1.0_N2700_F270,2,0
6,1,2,23,train,82,S_WPB_L56_DOC1.0_WOC1.0_N2700_F270_R3,S_WPB_L56_DOC1.0_WOC1.0_N2700_F270,3,0
6,1,2,23,train,83,S_WPB_L56_DOC1.0_WOC1.0_N2700_F270_R4,S_WPB_L56_DOC1.0_WOC1.0_N2700_F270,4,0
6,1,2,23,train,88,S_WPB_L56_DOC1.0_WOC2.0_N2700_F270_R1,S_WPB_L56_DOC1.0_WOC2.0_N2700_F270,1,0
6,1,2,23,train,89,S_WPB_L56_DOC1.0_WOC2.0_N2700_F270_R2,S_WPB_L56_DOC1.0_WOC2.0_N2700_F270,2,0
6,1,2,23,train,90,S_WPB_L56_DOC1.0_WOC2.0_N2700_F270_R3,S_WPB_L56_DOC1.0_WOC2.0_N2700_F270,3,0
6,1,2,23,train,91,S_WPB_L56_DOC1.0_WOC2.0_N2700_F270_R4,S_WPB_L56_DOC1.0_WOC2.0_N2700_F270,4,0
6,1,2,23,train,92,S_WPB_L56_DOC1.5_WOC1.0_N1800_F180_R1,S_WPB_L56_DOC1.5_WOC1.0_N1800_F180,1,0
6,1,2,23,train,93,S_WPB_L56_DOC1.5_WOC1.0_N1800_F180_R2,S_WPB_L56_DOC1.5_WOC1.0_N1800_F180,2,0
6,1,2,23,train,94,S_WPB_L56_DOC1.5_WOC1.0_N1800_F180_R3,S_WPB_L56_DOC1.5_WOC1.0_N1800_F180,3,0
6,1,2,23,train,95,S_WPB_L56_DOC1.5_WOC1.0_N1800_F180_R4,S_WPB_L56_DOC1.5_WOC1.0_N1800_F180,4,0
6,1,2,23,train,100,S_WPB_L56_DOC1.5_WOC1.0_N3600_F360_R1,S_WPB_L56_DOC1.5_WOC1.0_N3600_F360,1,0
6,1,2,23,train,101,S_WPB_L56_DOC1.5_WOC1.0_N3600_F360_R2,S_WPB_L56_DOC1.5_WOC1.0_N3600_F360,2,0
6,1,2,23,train,102,S_WPB_L56_DOC1.5_WOC1.0_N3600_F360_R3,S_WPB_L56_DOC1.5_WOC1.0_N3600_F360,3,0
6,1,2,23,train,103,S_WPB_L56_DOC1.5_WOC1.0_N3600_F360_R4,S_WPB_L56_DOC1.5_WOC1.0_N3600_F360,4,0
6,1,2,23,train,104,S_WPB_L56_DOC1.5_WOC2.0_N2700_F270_R1,S_WPB_L56_DOC1.5_WOC2.0_N2700_F270,1,0
6,1,2,23,train,105,S_WPB_L56_DOC1.5_WOC2.0_N2700_F270_R2,S_WPB_L56_DOC1.5_WOC2.0_N2700_F270,2,0
6,1,2,23,train,106,S_WPB_L56_DOC1.5_WOC2.0_N2700_F270_R3,S_WPB_L56_DOC1.5_WOC2.0_N2700_F270,3,0
6,1,2,23,train,107,S_WPB_L56_DOC1.5_WOC2.0_N2700_F270_R4,S_WPB_L56_DOC1.5_WOC2.0_N2700_F270,4,0
6,1,2,23,train,108,U_WPA_L36_DOC2.0_WOC1.0_N3600_F360_R1,U_WPA_L36_DOC2.0_WOC1.0_N3600_F360,1,1
6,1,2,23,train,109,U_WPA_L36_DOC2.0_WOC1.0_N3600_F360_R2,U_WPA_L36_DOC2.0_WOC1.0_N3600_F360,2,1
6,1,2,23,train,110,U_WPA_L36_DOC2.0_WOC1.0_N3600_F360_R3,U_WPA_L36_DOC2.0_WOC1.0_N3600_F360,3,1
6,1,2,23,train,111,U_WPA_L36_DOC2.0_WOC1.0_N3600_F360_R4,U_WPA_L36_DOC2.0_WOC1.0_N3600_F360,4,1
6,1,2,23,train,116,U_WPA_L36_DOC3.0_WOC1.0_N3600_F360_R1,U_WPA_L36_DOC3.0_WOC1.0_N3600_F360,1,1
6,1,2,23,train,117,U_WPA_L36_DOC3.0_WOC1.0_N3600_F360_R2,U_WPA_L36_DOC3.0_WOC1.0_N3600_F360,2,1
6,1,2,23,train,118,U_WPA_L36_DOC3.0_WOC1.0_N3600_F360_R3,U_WPA_L36_DOC3.0_WOC1.0_N3600_F360,3,1
6,1,2,23,train,119,U_WPA_L36_DOC3.0_WOC1.0_N3600_F360_R4,U_WPA_L36_DOC3.0_WOC1.0_N3600_F360,4,1
6,1,2,23,train,120,U_WPA_L36_DOC4.0_WOC2.0_N2700_F270_R1,U_WPA_L36_DOC4.0_WOC2.0_N2700_F270,1,1
6,1,2,23,train,121,U_WPA_L36_DOC4.0_WOC2.0_N2700_F270_R2,U_WPA_L36_DOC4.0_WOC2.0_N2700_F270,2,1
6,1,2,23,train,122,U_WPA_L36_DOC4.0_WOC2.0_N2700_F270_R3,U_WPA_L36_DOC4.0_WOC2.0_N2700_F270,3,1
6,1,2,23,train,123,U_WPA_L36_DOC4.0_WOC2.0_N2700_F270_R4,U_WPA_L36_DOC4.0_WOC2.0_N2700_F270,4,1
6,1,2,23,train,128,U_WPB_L56_DOC2.0_WOC1.0_N2700_F270_R1,U_WPB_L56_DOC2.0_WOC1.0_N2700_F270,1,1
6,1,2,23,train,129,U_WPB_L56_DOC2.0_WOC1.0_N2700_F270_R2,U_WPB_L56_DOC2.0_WOC1.0_N2700_F270,2,1
6,1,2,23,train,130,U_WPB_L56_DOC2.0_WOC1.0_N2700_F270_R3,U_WPB_L56_DOC2.0_WOC1.0_N2700_F270,3,1
6,1,2,23,train,131,U_WPB_L56_DOC2.0_WOC1.0_N2700_F270_R4,U_WPB_L56_DOC2.0_WOC1.0_N2700_F270,4,1
6,1,2,23,train,132,U_WPB_L56_DOC2.0_WOC1.0_N3600_F360_R1,U_WPB_L56_DOC2.0_WOC1.0_N3600_F360,1,1
6,1,2,23,train,133,U_WPB_L56_DOC2.0_WOC1.0_N3600_F360_R2,U_WPB_L56_DOC2.0_WOC1.0_N3600_F360,2,1
6,1,2,23,train,134,U_WPB_L56_DOC2.0_WOC1.0_N3600_F360_R3,U_WPB_L56_DOC2.0_WOC1.0_N3600_F360,3,1
6,1,2,23,train,135,U_WPB_L56_DOC2.0_WOC1.0_N3600_F360_R4,U_WPB_L56_DOC2.0_WOC1.0_N3600_F360,4,1
6,1,2,23,train,136,U_WPB_L56_DOC2.0_WOC2.0_N2700_F270_R1,U_WPB_L56_DOC2.0_WOC2.0_N2700_F270,1,1
6,1,2,23,train,137,U_WPB_L56_DOC2.0_WOC2.0_N2700_F270_R2,U_WPB_L56_DOC2.0_WOC2.0_N2700_F270,2,1
6,1,2,23,train,138,U_WPB_L56_DOC2.0_WOC2.0_N2700_F270_R3,U_WPB_L56_DOC2.0_WOC2.0_N2700_F270,3,1
6,1,2,23,train,139,U_WPB_L56_DOC2.0_WOC2.0_N2700_F270_R4,U_WPB_L56_DOC2.0_WOC2.0_N2700_F270,4,1
6,1,2,23,train,144,U_WPB_L56_DOC3.0_WOC1.0_N3600_F360_R1,U_WPB_L56_DOC3.0_WOC1.0_N3600_F360,1,1
6,1,2,23,train,145,U_WPB_L56_DOC3.0_WOC1.0_N3600_F360_R2,U_WPB_L56_DOC3.0_WOC1.0_N3600_F360,2,1
6,1,2,23,train,146,U_WPB_L56_DOC3.0_WOC1.0_N3600_F360_R3,U_WPB_L56_DOC3.0_WOC1.0_N3600_F360,3,1
6,1,2,23,train,147,U_WPB_L56_DOC3.0_WOC1.0_N3600_F360_R4,U_WPB_L56_DOC3.0_WOC1.0_N3600_F360,4,1
6,1,2,23,train,148,U_WPB_L56_DOC4.0_WOC1.0_N2700_F270_R1,U_WPB_L56_DOC4.0_WOC1.0_N2700_F270,1,1
6,1,2,23,train,149,U_WPB_L56_DOC4.0_WOC1.0_N2700_F270_R2,U_WPB_L56_DOC4.0_WOC1.0_N2700_F270,2,1
6,1,2,23,train,150,U_WPB_L56_DOC4.0_WOC1.0_N2700_F270_R3,U_WPB_L56_DOC4.0_WOC1.0_N2700_F270,3,1
6,1,2,23,train,151,U_WPB_L56_DOC4.0_WOC1.0_N2700_F270_R4,U_WPB_L56_DOC4.0_WOC1.0_N2700_F270,4,1
6,1,2,23,train,152,U_WPB_L56_DOC4.0_WOC2.0_N2700_F270_R1,U_WPB_L56_DOC4.0_WOC2.0_N2700_F270,1,1
6,1,2,23,train,153,U_WPB_L56_DOC4.0_WOC2.0_N2700_F270_R2,U_WPB_L56_DOC4.0_WOC2.0_N2700_F270,2,1
6,1,2,23,train,154,U_WPB_L56_DOC4.0_WOC2.0_N2700_F270_R3,U_WPB_L56_DOC4.0_WOC2.0_N2700_F270,3,1
6,1,2,23,train,155,U_WPB_L56_DOC4.0_WOC2.0_N2700_F270_R4,U_WPB_L56_DOC4.0_WOC2.0_N2700_F270,4,1
6,1,2,23,train,156,U_WPB_L56_DOC6.0_WOC1.0_N2700_F270_R1,U_WPB_L56_DOC6.0_WOC1.0_N2700_F270,1,1
6,1,2,23,train,157,U_WPB_L56_DOC6.0_WOC1.0_N2700_F270_R2,U_WPB_L56_DOC6.0_WOC1.0_N2700_F270,2,1
6,1,2,23,train,158,U_WPB_L56_DOC6.0_WOC1.0_N2700_F270_R3,U_WPB_L56_DOC6.0_WOC1.0_N2700_F270,3,1
6,1,2,23,train,159,U_WPB_L56_DOC6.0_WOC1.0_N2700_F270_R4,U_WPB_L56_DOC6.0_WOC1.0_N2700_F270,4,1
6,1,2,23,test,12,S_WPA_L36_DOC1.0_WOC1.0_N1800_F180_R1,S_WPA_L36_DOC1.0_WOC1.0_N1800_F180,1,0
6,1,2,23,test,13,S_WPA_L36_DOC1.0_WOC1.0_N1800_F180_R2,S_WPA_L36_DOC1.0_WOC1.0_N1800_F180,2,0
6,1,2,23,test,14,S_WPA_L36_DOC1.0_WOC1.0_N1800_F180_R3,S_WPA_L36_DOC1.0_WOC1.0_N1800_F180,3,0
6,1,2,23,test,15,S_WPA_L36_DOC1.0_WOC1.0_N1800_F180_R4,S_WPA_L36_DOC1.0_WOC1.0_N1800_F180,4,0
6,1,2,23,test,24,S_WPA_L36_DOC1.0_WOC2.0_N2700_F270_R1,S_WPA_L36_DOC1.0_WOC2.0_N2700_F270,1,0
6,1,2,23,test,25,S_WPA_L36_DOC1.0_WOC2.0_N2700_F270_R2,S_WPA_L36_DOC1.0_WOC2.0_N2700_F270,2,0
6,1,2,23,test,26,S_WPA_L36_DOC1.0_WOC2.0_N2700_F270_R3,S_WPA_L36_DOC1.0_WOC2.0_N2700_F270,3,0
6,1,2,23,test,27,S_WPA_L36_DOC1.0_WOC2.0_N2700_F270_R4,S_WPA_L36_DOC1.0_WOC2.0_N2700_F270,4,0
6,1,2,23,test,32,S_WPA_L36_DOC1.5_WOC1.0_N3600_F360_R1,S_WPA_L36_DOC1.5_WOC1.0_N3600_F360,1,0
6,1,2,23,test,33,S_WPA_L36_DOC1.5_WOC1.0_N3600_F360_R2,S_WPA_L36_DOC1.5_WOC1.0_N3600_F360,2,0
6,1,2,23,test,34,S_WPA_L36_DOC1.5_WOC1.0_N3600_F360_R3,S_WPA_L36_DOC1.5_WOC1.0_N3600_F360,3,0
6,1,2,23,test,35,S_WPA_L36_DOC1.5_WOC1.0_N3600_F360_R4,S_WPA_L36_DOC1.5_WOC1.0_N3600_F360,4,0
6,1,2,23,test,48,S_WPA_L36_DOC3.0_WOC1.0_N1800_F180_R1,S_WPA_L36_DOC3.0_WOC1.0_N1800_F180,1,0
6,1,2,23,test,49,S_WPA_L36_DOC3.0_WOC1.0_N1800_F180_R2,S_WPA_L36_DOC3.0_WOC1.0_N1800_F180,2,0
6,1,2,23,test,50,S_WPA_L36_DOC3.0_WOC1.0_N1800_F180_R3,S_WPA_L36_DOC3.0_WOC1.0_N1800_F180,3,0
6,1,2,23,test,51,S_WPA_L36_DOC3.0_WOC1.0_N1800_F180_R4,S_WPA_L36_DOC3.0_WOC1.0_N1800_F180,4,0
6,1,2,23,test,64,S_WPB_L56_DOC0.5_WOC1.0_N2700_F270_R1,S_WPB_L56_DOC0.5_WOC1.0_N2700_F270,1,0
6,1,2,23,test,65,S_WPB_L56_DOC0.5_WOC1.0_N2700_F270_R2,S_WPB_L56_DOC0.5_WOC1.0_N2700_F270,2,0
6,1,2,23,test,66,S_WPB_L56_DOC0.5_WOC1.0_N2700_F270_R3,S_WPB_L56_DOC0.5_WOC1.0_N2700_F270,3,0
6,1,2,23,test,67,S_WPB_L56_DOC0.5_WOC1.0_N2700_F270_R4,S_WPB_L56_DOC0.5_WOC1.0_N2700_F270,4,0
6,1,2,23,test,84,S_WPB_L56_DOC1.0_WOC1.0_N3600_F360_R1,S_WPB_L56_DOC1.0_WOC1.0_N3600_F360,1,0
6,1,2,23,test,85,S_WPB_L56_DOC1.0_WOC1.0_N3600_F360_R2,S_WPB_L56_DOC1.0_WOC1.0_N3600_F360,2,0
6,1,2,23,test,86,S_WPB_L56_DOC1.0_WOC1.0_N3600_F360_R3,S_WPB_L56_DOC1.0_WOC1.0_N3600_F360,3,0
6,1,2,23,test,87,S_WPB_L56_DOC1.0_WOC1.0_N3600_F360_R4,S_WPB_L56_DOC1.0_WOC1.0_N3600_F360,4,0
6,1,2,23,test,96,S_WPB_L56_DOC1.5_WOC1.0_N2700_F270_R1,S_WPB_L56_DOC1.5_WOC1.0_N2700_F270,1,0
6,1,2,23,test,97,S_WPB_L56_DOC1.5_WOC1.0_N2700_F270_R2,S_WPB_L56_DOC1.5_WOC1.0_N2700_F270,2,0
6,1,2,23,test,98,S_WPB_L56_DOC1.5_WOC1.0_N2700_F270_R3,S_WPB_L56_DOC1.5_WOC1.0_N2700_F270,3,0
6,1,2,23,test,99,S_WPB_L56_DOC1.5_WOC1.0_N2700_F270_R4,S_WPB_L56_DOC1.5_WOC1.0_N2700_F270,4,0
6,1,2,23,test,112,U_WPA_L36_DOC2.0_WOC2.0_N2700_F270_R1,U_WPA_L36_DOC2.0_WOC2.0_N2700_F270,1,1
6,1,2,23,test,113,U_WPA_L36_DOC2.0_WOC2.0_N2700_F270_R2,U_WPA_L36_DOC2.0_WOC2.0_N2700_F270,2,1
6,1,2,23,test,114,U_WPA_L36_DOC2.0_WOC2.0_N2700_F270_R3,U_WPA_L36_DOC2.0_WOC2.0_N2700_F270,3,1
6,1,2,23,test,115,U_WPA_L36_DOC2.0_WOC2.0_N2700_F270_R4,U_WPA_L36_DOC2.0_WOC2.0_N2700_F270,4,1
6,1,2,23,test,124,U_WPB_L56_DOC2.0_WOC1.0_N1800_F180_R1,U_WPB_L56_DOC2.0_WOC1.0_N1800_F180,1,1
6,1,2,23,test,125,U_WPB_L56_DOC2.0_WOC1.0_N1800_F180_R2,U_WPB_L56_DOC2.0_WOC1.0_N1800_F180,2,1
6,1,2,23,test,126,U_WPB_L56_DOC2.0_WOC1.0_N1800_F180_R3,U_WPB_L56_DOC2.0_WOC1.0_N1800_F180,3,1
6,1,2,23,test,127,U_WPB_L56_DOC2.0_WOC1.0_N1800_F180_R4,U_WPB_L56_DOC2.0_WOC1.0_N1800_F180,4,1
6,1,2,23,test,140,U_WPB_L56_DOC3.0_WOC1.0_N1800_F180_R1,U_WPB_L56_DOC3.0_WOC1.0_N1800_F180,1,1
6,1,2,23,test,141,U_WPB_L56_DOC3.0_WOC1.0_N1800_F180_R2,U_WPB_L56_DOC3.0_WOC1.0_N1800_F180,2,1
6,1,2,23,test,142,U_WPB_L56_DOC3.0_WOC1.0_N1800_F180_R3,U_WPB_L56_DOC3.0_WOC1.0_N1800_F180,3,1
6,1,2,23,test,143,U_WPB_L56_DOC3.0_WOC1.0_N1800_F180_R4,U_WPB_L56_DOC3.0_WOC1.0_N1800_F180,4,1
7,1,3,23,train,0,S_WPA_L36_DOC0.5_WOC1.0_N2700_F270_R1,S_WPA_L36_DOC0.5_WOC1.0_N2700_F270,1,0
7,1,3,23,train,1,S_WPA_L36_DOC0.5_WOC1.0_N2700_F270_R2,S_WPA_L36_DOC0.5_WOC1.0_N2700_F270,2,0
7,1,3,23,train,2,S_WPA_L36_DOC0.5_WOC1.0_N2700_F270_R3,S_WPA_L36_DOC0.5_WOC1.0_N2700_F270,3,0
7,1,3,23,train,3,S_WPA_L36_DOC0.5_WOC1.0_N2700_F270_R4,S_WPA_L36_DOC0.5_WOC1.0_N2700_F270,4,0
7,1,3,23,train,8,S_WPA_L36_DOC0.5_WOC2.0_N2700_F270_R1,S_WPA_L36_DOC0.5_WOC2.0_N2700_F270,1,0
7,1,3,23,train,9,S_WPA_L36_DOC0.5_WOC2.0_N2700_F270_R2,S_WPA_L36_DOC0.5_WOC2.0_N2700_F270,2,0
7,1,3,23,train,10,S_WPA_L36_DOC0.5_WOC2.0_N2700_F270_R3,S_WPA_L36_DOC0.5_WOC2.0_N2700_F270,3,0
7,1,3,23,train,11,S_WPA_L36_DOC0.5_WOC2.0_N2700_F270_R4,S_WPA_L36_DOC0.5_WOC2.0_N2700_F270,4,0
7,1,3,23,train,12,S_WPA_L36_DOC1.0_WOC1.0_N1800_F180_R1,S_WPA_L36_DOC1.0_WOC1.0_N1800_F180,1,0
7,1,3,23,train,13,S_WPA_L36_DOC1.0_WOC1.0_N1800_F180_R2,S_WPA_L36_DOC1.0_WOC1.0_N1800_F180,2,0
7,1,3,23,train,14,S_WPA_L36_DOC1.0_WOC1.0_N1800_F180_R3,S_WPA_L36_DOC1.0_WOC1.0_N1800_F180,3,0
7,1,3,23,train,15,S_WPA_L36_DOC1.0_WOC1.0_N1800_F180_R4,S_WPA_L36_DOC1.0_WOC1.0_N1800_F180,4,0
7,1,3,23,train,16,S_WPA_L36_DOC1.0_WOC1.0_N2700_F270_R1,S_WPA_L36_DOC1.0_WOC1.0_N2700_F270,1,0
7,1,3,23,train,17,S_WPA_L36_DOC1.0_WOC1.0_N2700_F270_R2,S_WPA_L36_DOC1.0_WOC1.0_N2700_F270,2,0
7,1,3,23,train,18,S_WPA_L36_DOC1.0_WOC1.0_N2700_F270_R3,S_WPA_L36_DOC1.0_WOC1.0_N2700_F270,3,0
7,1,3,23,train,19,S_WPA_L36_DOC1.0_WOC1.0_N2700_F270_R4,S_WPA_L36_DOC1.0_WOC1.0_N2700_F270,4,0
7,1,3,23,train,24,S_WPA_L36_DOC1.0_WOC2.0_N2700_F270_R1,S_WPA_L36_DOC1.0_WOC2.0_N2700_F270,1,0
7,1,3,23,train,25,S_WPA_L36_DOC1.0_WOC2.0_N2700_F270_R2,S_WPA_L36_DOC1.0_WOC2.0_N2700_F270,2,0
7,1,3,23,train,26,S_WPA_L36_DOC1.0_WOC2.0_N2700_F270_R3,S_WPA_L36_DOC1.0_WOC2.0_N2700_F270,3,0
7,1,3,23,train,27,S_WPA_L36_DOC1.0_WOC2.0_N2700_F270_R4,S_WPA_L36_DOC1.0_WOC2.0_N2700_F270,4,0
7,1,3,23,train,28,S_WPA_L36_DOC1.5_WOC1.0_N1800_F180_R1,S_WPA_L36_DOC1.5_WOC1.0_N1800_F180,1,0
7,1,3,23,train,29,S_WPA_L36_DOC1.5_WOC1.0_N1800_F180_R2,S_WPA_L36_DOC1.5_WOC1.0_N1800_F180,2,0
7,1,3,23,train,30,S_WPA_L36_DOC1.5_WOC1.0_N1800_F180_R3,S_WPA_L36_DOC1.5_WOC1.0_N1800_F180,3,0
7,1,3,23,train,31,S_WPA_L36_DOC1.5_WOC1.0_N1800_F180_R4,S_WPA_L36_DOC1.5_WOC1.0_N1800_F180,4,0
7,1,3,23,train,32,S_WPA_L36_DOC1.5_WOC1.0_N3600_F360_R1,S_WPA_L36_DOC1.5_WOC1.0_N3600_F360,1,0
7,1,3,23,train,33,S_WPA_L36_DOC1.5_WOC1.0_N3600_F360_R2,S_WPA_L36_DOC1.5_WOC1.0_N3600_F360,2,0
7,1,3,23,train,34,S_WPA_L36_DOC1.5_WOC1.0_N3600_F360_R3,S_WPA_L36_DOC1.5_WOC1.0_N3600_F360,3,0
7,1,3,23,train,35,S_WPA_L36_DOC1.5_WOC1.0_N3600_F360_R4,S_WPA_L36_DOC1.5_WOC1.0_N3600_F360,4,0
7,1,3,23,train,36,S_WPA_L36_DOC1.5_WOC2.0_N2700_F270_R1,S_WPA_L36_DOC1.5_WOC2.0_N2700_F270,1,0
7,1,3,23,train,37,S_WPA_L36_DOC1.5_WOC2.0_N2700_F270_R2,S_WPA_L36_DOC1.5_WOC2.0_N2700_F270,2,0
7,1,3,23,train,38,S_WPA_L36_DOC1.5_WOC2.0_N2700_F270_R3,S_WPA_L36_DOC1.5_WOC2.0_N2700_F270,3,0
7,1,3,23,train,39,S_WPA_L36_DOC1.5_WOC2.0_N2700_F270_R4,S_WPA_L36_DOC1.5_WOC2.0_N2700_F270,4,0
7,1,3,23,train,40,S_WPA_L36_DOC2.0_WOC1.0_N1800_F180_R1,S_WPA_L36_DOC2.0_WOC1.0_N1800_F180,1,0
7,1,3,23,train,41,S_WPA_L36_DOC2.0_WOC1.0_N1800_F180_R2,S_WPA_L36_DOC2.0_WOC1.0_N1800_F180,2,0
7,1,3,23,train,42,S_WPA_L36_DOC2.0_WOC1.0_N1800_F180_R3,S_WPA_L36_DOC2.0_WOC1.0_N1800_F180,3,0
7,1,3,23,train,43,S_WPA_L36_DOC2.0_WOC1.0_N1800_F180_R4,S_WPA_L36_DOC2.0_WOC1.0_N1800_F180,4,0
7,1,3,23,train,44,S_WPA_L36_DOC2.0_WOC1.0_N2700_F270_R1,S_WPA_L36_DOC2.0_WOC1.0_N2700_F270,1,0
7,1,3,23,train,45,S_WPA_L36_DOC2.0_WOC1.0_N2700_F270_R2,S_WPA_L36_DOC2.0_WOC1.0_N2700_F270,2,0
7,1,3,23,train,46,S_WPA_L36_DOC2.0_WOC1.0_N2700_F270_R3,S_WPA_L36_DOC2.0_WOC1.0_N2700_F270,3,0
7,1,3,23,train,47,S_WPA_L36_DOC2.0_WOC1.0_N2700_F270_R4,S_WPA_L36_DOC2.0_WOC1.0_N2700_F270,4,0
7,1,3,23,train,48,S_WPA_L36_DOC3.0_WOC1.0_N1800_F180_R1,S_WPA_L36_DOC3.0_WOC1.0_N1800_F180,1,0
7,1,3,23,train,49,S_WPA_L36_DOC3.0_WOC1.0_N1800_F180_R2,S_WPA_L36_DOC3.0_WOC1.0_N1800_F180,2,0
7,1,3,23,train,50,S_WPA_L36_DOC3.0_WOC1.0_N1800_F180_R3,S_WPA_L36_DOC3.0_WOC1.0_N1800_F180,3,0
7,1,3,23,train,51,S_WPA_L36_DOC3.0_WOC1.0_N1800_F180_R4,S_WPA_L36_DOC3.0_WOC1.0_N1800_F180,4,0
7,1,3,23,train,52,S_WPA_L36_DOC4.0_WOC1.0_N2700_F270_R1,S_WPA_L36_DOC4.0_WOC1.0_N2700_F270,1,0
7,1,3,23,train,53,S_WPA_L36_DOC4.0_WOC1.0_N2700_F270_R2,S_WPA_L36_DOC4.0_WOC1.0_N2700_F270,2,0
7,1,3,23,train,54,S_WPA_L36_DOC4.0_WOC1.0_N2700_F270_R3,S_WPA_L36_DOC4.0_WOC1.0_N2700_F270,3,0
7,1,3,23,train,55,S_WPA_L36_DOC4.0_WOC1.0_N2700_F270_R4,S_WPA_L36_DOC4.0_WOC1.0_N2700_F270,4,0
7,1,3,23,train,56,S_WPA_L36_DOC6.0_WOC1.0_N2700_F270_R1,S_WPA_L36_DOC6.0_WOC1.0_N2700_F270,1,0
7,1,3,23,train,57,S_WPA_L36_DOC6.0_WOC1.0_N2700_F270_R2,S_WPA_L36_DOC6.0_WOC1.0_N2700_F270,2,0
7,1,3,23,train,58,S_WPA_L36_DOC6.0_WOC1.0_N2700_F270_R3,S_WPA_L36_DOC6.0_WOC1.0_N2700_F270,3,0
7,1,3,23,train,59,S_WPA_L36_DOC6.0_WOC1.0_N2700_F270_R4,S_WPA_L36_DOC6.0_WOC1.0_N2700_F270,4,0
7,1,3,23,train,60,S_WPB_L56_DOC0.5_WOC1.0_N1800_F180_R1,S_WPB_L56_DOC0.5_WOC1.0_N1800_F180,1,0
7,1,3,23,train,61,S_WPB_L56_DOC0.5_WOC1.0_N1800_F180_R2,S_WPB_L56_DOC0.5_WOC1.0_N1800_F180,2,0
7,1,3,23,train,62,S_WPB_L56_DOC0.5_WOC1.0_N1800_F180_R3,S_WPB_L56_DOC0.5_WOC1.0_N1800_F180,3,0
7,1,3,23,train,63,S_WPB_L56_DOC0.5_WOC1.0_N1800_F180_R4,S_WPB_L56_DOC0.5_WOC1.0_N1800_F180,4,0
7,1,3,23,train,64,S_WPB_L56_DOC0.5_WOC1.0_N2700_F270_R1,S_WPB_L56_DOC0.5_WOC1.0_N2700_F270,1,0
7,1,3,23,train,65,S_WPB_L56_DOC0.5_WOC1.0_N2700_F270_R2,S_WPB_L56_DOC0.5_WOC1.0_N2700_F270,2,0
7,1,3,23,train,66,S_WPB_L56_DOC0.5_WOC1.0_N2700_F270_R3,S_WPB_L56_DOC0.5_WOC1.0_N2700_F270,3,0
7,1,3,23,train,67,S_WPB_L56_DOC0.5_WOC1.0_N2700_F270_R4,S_WPB_L56_DOC0.5_WOC1.0_N2700_F270,4,0
7,1,3,23,train,72,S_WPB_L56_DOC0.5_WOC2.0_N2700_F270_R1,S_WPB_L56_DOC0.5_WOC2.0_N2700_F270,1,0
7,1,3,23,train,73,S_WPB_L56_DOC0.5_WOC2.0_N2700_F270_R2,S_WPB_L56_DOC0.5_WOC2.0_N2700_F270,2,0
7,1,3,23,train,74,S_WPB_L56_DOC0.5_WOC2.0_N2700_F270_R3,S_WPB_L56_DOC0.5_WOC2.0_N2700_F270,3,0
7,1,3,23,train,75,S_WPB_L56_DOC0.5_WOC2.0_N2700_F270_R4,S_WPB_L56_DOC0.5_WOC2.0_N2700_F270,4,0
7,1,3,23,train,76,S_WPB_L56_DOC1.0_WOC1.0_N1800_F180_R1,S_WPB_L56_DOC1.0_WOC1.0_N1800_F180,1,0
7,1,3,23,train,77,S_WPB_L56_DOC1.0_WOC1.0_N1800_F180_R2,S_WPB_L56_DOC1.0_WOC1.0_N1800_F180,2,0
7,1,3,23,train,78,S_WPB_L56_DOC1.0_WOC1.0_N1800_F180_R3,S_WPB_L56_DOC1.0_WOC1.0_N1800_F180,3,0
7,1,3,23,train,79,S_WPB_L56_DOC1.0_WOC1.0_N1800_F180_R4,S_WPB_L56_DOC1.0_WOC1.0_N1800_F180,4,0
7,1,3,23,train,84,S_WPB_L56_DOC1.0_WOC1.0_N3600_F360_R1,S_WPB_L56_DOC1.0_WOC1.0_N3600_F360,1,0
7,1,3,23,train,85,S_WPB_L56_DOC1.0_WOC1.0_N3600_F360_R2,S_WPB_L56_DOC1.0_WOC1.0_N3600_F360,2,0
7,1,3,23,train,86,S_WPB_L56_DOC1.0_WOC1.0_N3600_F360_R3,S_WPB_L56_DOC1.0_WOC1.0_N3600_F360,3,0
7,1,3,23,train,87,S_WPB_L56_DOC1.0_WOC1.0_N3600_F360_R4,S_WPB_L56_DOC1.0_WOC1.0_N3600_F360,4,0
7,1,3,23,train,92,S_WPB_L56_DOC1.5_WOC1.0_N1800_F180_R1,S_WPB_L56_DOC1.5_WOC1.0_N1800_F180,1,0
7,1,3,23,train,93,S_WPB_L56_DOC1.5_WOC1.0_N1800_F180_R2,S_WPB_L56_DOC1.5_WOC1.0_N1800_F180,2,0
7,1,3,23,train,94,S_WPB_L56_DOC1.5_WOC1.0_N1800_F180_R3,S_WPB_L56_DOC1.5_WOC1.0_N1800_F180,3,0
7,1,3,23,train,95,S_WPB_L56_DOC1.5_WOC1.0_N1800_F180_R4,S_WPB_L56_DOC1.5_WOC1.0_N1800_F180,4,0
7,1,3,23,train,96,S_WPB_L56_DOC1.5_WOC1.0_N2700_F270_R1,S_WPB_L56_DOC1.5_WOC1.0_N2700_F270,1,0
7,1,3,23,train,97,S_WPB_L56_DOC1.5_WOC1.0_N2700_F270_R2,S_WPB_L56_DOC1.5_WOC1.0_N2700_F270,2,0
7,1,3,23,train,98,S_WPB_L56_DOC1.5_WOC1.0_N2700_F270_R3,S_WPB_L56_DOC1.5_WOC1.0_N2700_F270,3,0
7,1,3,23,train,99,S_WPB_L56_DOC1.5_WOC1.0_N2700_F270_R4,S_WPB_L56_DOC1.5_WOC1.0_N2700_F270,4,0
7,1,3,23,train,100,S_WPB_L56_DOC1.5_WOC1.0_N3600_F360_R1,S_WPB_L56_DOC1.5_WOC1.0_N3600_F360,1,0
7,1,3,23,train,101,S_WPB_L56_DOC1.5_WOC1.0_N3600_F360_R2,S_WPB_L56_DOC1.5_WOC1.0_N3600_F360,2,0
7,1,3,23,train,102,S_WPB_L56_DOC1.5_WOC1.0_N3600_F360_R3,S_WPB_L56_DOC1.5_WOC1.0_N3600_F360,3,0
7,1,3,23,train,103,S_WPB_L56_DOC1.5_WOC1.0_N3600_F360_R4,S_WPB_L56_DOC1.5_WOC1.0_N3600_F360,4,0
7,1,3,23,train,108,U_WPA_L36_DOC2.0_WOC1.0_N3600_F360_R1,U_WPA_L36_DOC2.0_WOC1.0_N3600_F360,1,1
7,1,3,23,train,109,U_WPA_L36_DOC2.0_WOC1.0_N3600_F360_R2,U_WPA_L36_DOC2.0_WOC1.0_N3600_F360,2,1
7,1,3,23,train,110,U_WPA_L36_DOC2.0_WOC1.0_N3600_F360_R3,U_WPA_L36_DOC2.0_WOC1.0_N3600_F360,3,1
7,1,3,23,train,111,U_WPA_L36_DOC2.0_WOC1.0_N3600_F360_R4,U_WPA_L36_DOC2.0_WOC1.0_N3600_F360,4,1
7,1,3,23,train,112,U_WPA_L36_DOC2.0_WOC2.0_N2700_F270_R1,U_WPA_L36_DOC2.0_WOC2.0_N2700_F270,1,1
7,1,3,23,train,113,U_WPA_L36_DOC2.0_WOC2.0_N2700_F270_R2,U_WPA_L36_DOC2.0_WOC2.0_N2700_F270,2,1
7,1,3,23,train,114,U_WPA_L36_DOC2.0_WOC2.0_N2700_F270_R3,U_WPA_L36_DOC2.0_WOC2.0_N2700_F270,3,1
7,1,3,23,train,115,U_WPA_L36_DOC2.0_WOC2.0_N2700_F270_R4,U_WPA_L36_DOC2.0_WOC2.0_N2700_F270,4,1
7,1,3,23,train,116,U_WPA_L36_DOC3.0_WOC1.0_N3600_F360_R1,U_WPA_L36_DOC3.0_WOC1.0_N3600_F360,1,1
7,1,3,23,train,117,U_WPA_L36_DOC3.0_WOC1.0_N3600_F360_R2,U_WPA_L36_DOC3.0_WOC1.0_N3600_F360,2,1
7,1,3,23,train,118,U_WPA_L36_DOC3.0_WOC1.0_N3600_F360_R3,U_WPA_L36_DOC3.0_WOC1.0_N3600_F360,3,1
7,1,3,23,train,119,U_WPA_L36_DOC3.0_WOC1.0_N3600_F360_R4,U_WPA_L36_DOC3.0_WOC1.0_N3600_F360,4,1
7,1,3,23,train,120,U_WPA_L36_DOC4.0_WOC2.0_N2700_F270_R1,U_WPA_L36_DOC4.0_WOC2.0_N2700_F270,1,1
7,1,3,23,train,121,U_WPA_L36_DOC4.0_WOC2.0_N2700_F270_R2,U_WPA_L36_DOC4.0_WOC2.0_N2700_F270,2,1
7,1,3,23,train,122,U_WPA_L36_DOC4.0_WOC2.0_N2700_F270_R3,U_WPA_L36_DOC4.0_WOC2.0_N2700_F270,3,1
7,1,3,23,train,123,U_WPA_L36_DOC4.0_WOC2.0_N2700_F270_R4,U_WPA_L36_DOC4.0_WOC2.0_N2700_F270,4,1
7,1,3,23,train,124,U_WPB_L56_DOC2.0_WOC1.0_N1800_F180_R1,U_WPB_L56_DOC2.0_WOC1.0_N1800_F180,1,1
7,1,3,23,train,125,U_WPB_L56_DOC2.0_WOC1.0_N1800_F180_R2,U_WPB_L56_DOC2.0_WOC1.0_N1800_F180,2,1
7,1,3,23,train,126,U_WPB_L56_DOC2.0_WOC1.0_N1800_F180_R3,U_WPB_L56_DOC2.0_WOC1.0_N1800_F180,3,1
7,1,3,23,train,127,U_WPB_L56_DOC2.0_WOC1.0_N1800_F180_R4,U_WPB_L56_DOC2.0_WOC1.0_N1800_F180,4,1
7,1,3,23,train,128,U_WPB_L56_DOC2.0_WOC1.0_N2700_F270_R1,U_WPB_L56_DOC2.0_WOC1.0_N2700_F270,1,1
7,1,3,23,train,129,U_WPB_L56_DOC2.0_WOC1.0_N2700_F270_R2,U_WPB_L56_DOC2.0_WOC1.0_N2700_F270,2,1
7,1,3,23,train,130,U_WPB_L56_DOC2.0_WOC1.0_N2700_F270_R3,U_WPB_L56_DOC2.0_WOC1.0_N2700_F270,3,1
7,1,3,23,train,131,U_WPB_L56_DOC2.0_WOC1.0_N2700_F270_R4,U_WPB_L56_DOC2.0_WOC1.0_N2700_F270,4,1
7,1,3,23,train,136,U_WPB_L56_DOC2.0_WOC2.0_N2700_F270_R1,U_WPB_L56_DOC2.0_WOC2.0_N2700_F270,1,1
7,1,3,23,train,137,U_WPB_L56_DOC2.0_WOC2.0_N2700_F270_R2,U_WPB_L56_DOC2.0_WOC2.0_N2700_F270,2,1
7,1,3,23,train,138,U_WPB_L56_DOC2.0_WOC2.0_N2700_F270_R3,U_WPB_L56_DOC2.0_WOC2.0_N2700_F270,3,1
7,1,3,23,train,139,U_WPB_L56_DOC2.0_WOC2.0_N2700_F270_R4,U_WPB_L56_DOC2.0_WOC2.0_N2700_F270,4,1
7,1,3,23,train,140,U_WPB_L56_DOC3.0_WOC1.0_N1800_F180_R1,U_WPB_L56_DOC3.0_WOC1.0_N1800_F180,1,1
7,1,3,23,train,141,U_WPB_L56_DOC3.0_WOC1.0_N1800_F180_R2,U_WPB_L56_DOC3.0_WOC1.0_N1800_F180,2,1
7,1,3,23,train,142,U_WPB_L56_DOC3.0_WOC1.0_N1800_F180_R3,U_WPB_L56_DOC3.0_WOC1.0_N1800_F180,3,1
7,1,3,23,train,143,U_WPB_L56_DOC3.0_WOC1.0_N1800_F180_R4,U_WPB_L56_DOC3.0_WOC1.0_N1800_F180,4,1
7,1,3,23,train,148,U_WPB_L56_DOC4.0_WOC1.0_N2700_F270_R1,U_WPB_L56_DOC4.0_WOC1.0_N2700_F270,1,1
7,1,3,23,train,149,U_WPB_L56_DOC4.0_WOC1.0_N2700_F270_R2,U_WPB_L56_DOC4.0_WOC1.0_N2700_F270,2,1
7,1,3,23,train,150,U_WPB_L56_DOC4.0_WOC1.0_N2700_F270_R3,U_WPB_L56_DOC4.0_WOC1.0_N2700_F270,3,1
7,1,3,23,train,151,U_WPB_L56_DOC4.0_WOC1.0_N2700_F270_R4,U_WPB_L56_DOC4.0_WOC1.0_N2700_F270,4,1
7,1,3,23,test,4,S_WPA_L36_DOC0.5_WOC1.0_N3600_F360_R1,S_WPA_L36_DOC0.5_WOC1.0_N3600_F360,1,0
7,1,3,23,test,5,S_WPA_L36_DOC0.5_WOC1.0_N3600_F360_R2,S_WPA_L36_DOC0.5_WOC1.0_N3600_F360,2,0
7,1,3,23,test,6,S_WPA_L36_DOC0.5_WOC1.0_N3600_F360_R3,S_WPA_L36_DOC0.5_WOC1.0_N3600_F360,3,0
7,1,3,23,test,7,S_WPA_L36_DOC0.5_WOC1.0_N3600_F360_R4,S_WPA_L36_DOC0.5_WOC1.0_N3600_F360,4,0
7,1,3,23,test,20,S_WPA_L36_DOC1.0_WOC1.0_N3600_F360_R1,S_WPA_L36_DOC1.0_WOC1.0_N3600_F360,1,0
7,1,3,23,test,21,S_WPA_L36_DOC1.0_WOC1.0_N3600_F360_R2,S_WPA_L36_DOC1.0_WOC1.0_N3600_F360,2,0
7,1,3,23,test,22,S_WPA_L36_DOC1.0_WOC1.0_N3600_F360_R3,S_WPA_L36_DOC1.0_WOC1.0_N3600_F360,3,0
7,1,3,23,test,23,S_WPA_L36_DOC1.0_WOC1.0_N3600_F360_R4,S_WPA_L36_DOC1.0_WOC1.0_N3600_F360,4,0
7,1,3,23,test,68,S_WPB_L56_DOC0.5_WOC1.0_N3600_F360_R1,S_WPB_L56_DOC0.5_WOC1.0_N3600_F360,1,0
7,1,3,23,test,69,S_WPB_L56_DOC0.5_WOC1.0_N3600_F360_R2,S_WPB_L56_DOC0.5_WOC1.0_N3600_F360,2,0
7,1,3,23,test,70,S_WPB_L56_DOC0.5_WOC1.0_N3600_F360_R3,S_WPB_L56_DOC0.5_WOC1.0_N3600_F360,3,0
7,1,3,23,test,71,S_WPB_L56_DOC0.5_WOC1.0_N3600_F360_R4,S_WPB_L56_DOC0.5_WOC1.0_N3600_F360,4,0
7,1,3,23,test,80,S_WPB_L56_DOC1.0_WOC1.0_N2700_F270_R1,S_WPB_L56_DOC1.0_WOC1.0_N2700_F270,1,0
7,1,3,23,test,81,S_WPB_L56_DOC1.0_WOC1.0_N2700_F270_R2,S_WPB_L56_DOC1.0_WOC1.0_N2700_F270,2,0
7,1,3,23,test,82,S_WPB_L56_DOC1.0_WOC1.0_N2700_F270_R3,S_WPB_L56_DOC1.0_WOC1.0_N2700_F270,3,0
7,1,3,23,test,83,S_WPB_L56_DOC1.0_WOC1.0_N2700_F270_R4,S_WPB_L56_DOC1.0_WOC1.0_N2700_F270,4,0
7,1,3,23,test,88,S_WPB_L56_DOC1.0_WOC2.0_N2700_F270_R1,S_WPB_L56_DOC1.0_WOC2.0_N2700_F270,1,0
7,1,3,23,test,89,S_WPB_L56_DOC1.0_WOC2.0_N2700_F270_R2,S_WPB_L56_DOC1.0_WOC2.0_N2700_F270,2,0
7,1,3,23,test,90,S_WPB_L56_DOC1.0_WOC2.0_N2700_F270_R3,S_WPB_L56_DOC1.0_WOC2.0_N2700_F270,3,0
7,1,3,23,test,91,S_WPB_L56_DOC1.0_WOC2.0_N2700_F270_R4,S_WPB_L56_DOC1.0_WOC2.0_N2700_F270,4,0
7,1,3,23,test,104,S_WPB_L56_DOC1.5_WOC2.0_N2700_F270_R1,S_WPB_L56_DOC1.5_WOC2.0_N2700_F270,1,0
7,1,3,23,test,105,S_WPB_L56_DOC1.5_WOC2.0_N2700_F270_R2,S_WPB_L56_DOC1.5_WOC2.0_N2700_F270,2,0
7,1,3,23,test,106,S_WPB_L56_DOC1.5_WOC2.0_N2700_F270_R3,S_WPB_L56_DOC1.5_WOC2.0_N2700_F270,3,0
7,1,3,23,test,107,S_WPB_L56_DOC1.5_WOC2.0_N2700_F270_R4,S_WPB_L56_DOC1.5_WOC2.0_N2700_F270,4,0
7,1,3,23,test,132,U_WPB_L56_DOC2.0_WOC1.0_N3600_F360_R1,U_WPB_L56_DOC2.0_WOC1.0_N3600_F360,1,1
7,1,3,23,test,133,U_WPB_L56_DOC2.0_WOC1.0_N3600_F360_R2,U_WPB_L56_DOC2.0_WOC1.0_N3600_F360,2,1
7,1,3,23,test,134,U_WPB_L56_DOC2.0_WOC1.0_N3600_F360_R3,U_WPB_L56_DOC2.0_WOC1.0_N3600_F360,3,1
7,1,3,23,test,135,U_WPB_L56_DOC2.0_WOC1.0_N3600_F360_R4,U_WPB_L56_DOC2.0_WOC1.0_N3600_F360,4,1
7,1,3,23,test,144,U_WPB_L56_DOC3.0_WOC1.0_N3600_F360_R1,U_WPB_L56_DOC3.0_WOC1.0_N3600_F360,1,1
7,1,3,23,test,145,U_WPB_L56_DOC3.0_WOC1.0_N3600_F360_R2,U_WPB_L56_DOC3.0_WOC1.0_N3600_F360,2,1
7,1,3,23,test,146,U_WPB_L56_DOC3.0_WOC1.0_N3600_F360_R3,U_WPB_L56_DOC3.0_WOC1.0_N3600_F360,3,1
7,1,3,23,test,147,U_WPB_L56_DOC3.0_WOC1.0_N3600_F360_R4,U_WPB_L56_DOC3.0_WOC1.0_N3600_F360,4,1
7,1,3,23,test,152,U_WPB_L56_DOC4.0_WOC2.0_N2700_F270_R1,U_WPB_L56_DOC4.0_WOC2.0_N2700_F270,1,1
7,1,3,23,test,153,U_WPB_L56_DOC4.0_WOC2.0_N2700_F270_R2,U_WPB_L56_DOC4.0_WOC2.0_N2700_F270,2,1
7,1,3,23,test,154,U_WPB_L56_DOC4.0_WOC2.0_N2700_F270_R3,U_WPB_L56_DOC4.0_WOC2.0_N2700_F270,3,1
7,1,3,23,test,155,U_WPB_L56_DOC4.0_WOC2.0_N2700_F270_R4,U_WPB_L56_DOC4.0_WOC2.0_N2700_F270,4,1
7,1,3,23,test,156,U_WPB_L56_DOC6.0_WOC1.0_N2700_F270_R1,U_WPB_L56_DOC6.0_WOC1.0_N2700_F270,1,1
7,1,3,23,test,157,U_WPB_L56_DOC6.0_WOC1.0_N2700_F270_R2,U_WPB_L56_DOC6.0_WOC1.0_N2700_F270,2,1
7,1,3,23,test,158,U_WPB_L56_DOC6.0_WOC1.0_N2700_F270_R3,U_WPB_L56_DOC6.0_WOC1.0_N2700_F270,3,1
7,1,3,23,test,159,U_WPB_L56_DOC6.0_WOC1.0_N2700_F270_R4,U_WPB_L56_DOC6.0_WOC1.0_N2700_F270,4,1
8,2,0,37,train,0,S_WPA_L36_DOC0.5_WOC1.0_N2700_F270_R1,S_WPA_L36_DOC0.5_WOC1.0_N2700_F270,1,0
8,2,0,37,train,1,S_WPA_L36_DOC0.5_WOC1.0_N2700_F270_R2,S_WPA_L36_DOC0.5_WOC1.0_N2700_F270,2,0
8,2,0,37,train,2,S_WPA_L36_DOC0.5_WOC1.0_N2700_F270_R3,S_WPA_L36_DOC0.5_WOC1.0_N2700_F270,3,0
8,2,0,37,train,3,S_WPA_L36_DOC0.5_WOC1.0_N2700_F270_R4,S_WPA_L36_DOC0.5_WOC1.0_N2700_F270,4,0
8,2,0,37,train,4,S_WPA_L36_DOC0.5_WOC1.0_N3600_F360_R1,S_WPA_L36_DOC0.5_WOC1.0_N3600_F360,1,0
8,2,0,37,train,5,S_WPA_L36_DOC0.5_WOC1.0_N3600_F360_R2,S_WPA_L36_DOC0.5_WOC1.0_N3600_F360,2,0
8,2,0,37,train,6,S_WPA_L36_DOC0.5_WOC1.0_N3600_F360_R3,S_WPA_L36_DOC0.5_WOC1.0_N3600_F360,3,0
8,2,0,37,train,7,S_WPA_L36_DOC0.5_WOC1.0_N3600_F360_R4,S_WPA_L36_DOC0.5_WOC1.0_N3600_F360,4,0
8,2,0,37,train,12,S_WPA_L36_DOC1.0_WOC1.0_N1800_F180_R1,S_WPA_L36_DOC1.0_WOC1.0_N1800_F180,1,0
8,2,0,37,train,13,S_WPA_L36_DOC1.0_WOC1.0_N1800_F180_R2,S_WPA_L36_DOC1.0_WOC1.0_N1800_F180,2,0
8,2,0,37,train,14,S_WPA_L36_DOC1.0_WOC1.0_N1800_F180_R3,S_WPA_L36_DOC1.0_WOC1.0_N1800_F180,3,0
8,2,0,37,train,15,S_WPA_L36_DOC1.0_WOC1.0_N1800_F180_R4,S_WPA_L36_DOC1.0_WOC1.0_N1800_F180,4,0
8,2,0,37,train,24,S_WPA_L36_DOC1.0_WOC2.0_N2700_F270_R1,S_WPA_L36_DOC1.0_WOC2.0_N2700_F270,1,0
8,2,0,37,train,25,S_WPA_L36_DOC1.0_WOC2.0_N2700_F270_R2,S_WPA_L36_DOC1.0_WOC2.0_N2700_F270,2,0
8,2,0,37,train,26,S_WPA_L36_DOC1.0_WOC2.0_N2700_F270_R3,S_WPA_L36_DOC1.0_WOC2.0_N2700_F270,3,0
8,2,0,37,train,27,S_WPA_L36_DOC1.0_WOC2.0_N2700_F270_R4,S_WPA_L36_DOC1.0_WOC2.0_N2700_F270,4,0
8,2,0,37,train,28,S_WPA_L36_DOC1.5_WOC1.0_N1800_F180_R1,S_WPA_L36_DOC1.5_WOC1.0_N1800_F180,1,0
8,2,0,37,train,29,S_WPA_L36_DOC1.5_WOC1.0_N1800_F180_R2,S_WPA_L36_DOC1.5_WOC1.0_N1800_F180,2,0
8,2,0,37,train,30,S_WPA_L36_DOC1.5_WOC1.0_N1800_F180_R3,S_WPA_L36_DOC1.5_WOC1.0_N1800_F180,3,0
8,2,0,37,train,31,S_WPA_L36_DOC1.5_WOC1.0_N1800_F180_R4,S_WPA_L36_DOC1.5_WOC1.0_N1800_F180,4,0
8,2,0,37,train,32,S_WPA_L36_DOC1.5_WOC1.0_N3600_F360_R1,S_WPA_L36_DOC1.5_WOC1.0_N3600_F360,1,0
8,2,0,37,train,33,S_WPA_L36_DOC1.5_WOC1.0_N3600_F360_R2,S_WPA_L36_DOC1.5_WOC1.0_N3600_F360,2,0
8,2,0,37,train,34,S_WPA_L36_DOC1.5_WOC1.0_N3600_F360_R3,S_WPA_L36_DOC1.5_WOC1.0_N3600_F360,3,0
8,2,0,37,train,35,S_WPA_L36_DOC1.5_WOC1.0_N3600_F360_R4,S_WPA_L36_DOC1.5_WOC1.0_N3600_F360,4,0
8,2,0,37,train,36,S_WPA_L36_DOC1.5_WOC2.0_N2700_F270_R1,S_WPA_L36_DOC1.5_WOC2.0_N2700_F270,1,0
8,2,0,37,train,37,S_WPA_L36_DOC1.5_WOC2.0_N2700_F270_R2,S_WPA_L36_DOC1.5_WOC2.0_N2700_F270,2,0
8,2,0,37,train,38,S_WPA_L36_DOC1.5_WOC2.0_N2700_F270_R3,S_WPA_L36_DOC1.5_WOC2.0_N2700_F270,3,0
8,2,0,37,train,39,S_WPA_L36_DOC1.5_WOC2.0_N2700_F270_R4,S_WPA_L36_DOC1.5_WOC2.0_N2700_F270,4,0
8,2,0,37,train,40,S_WPA_L36_DOC2.0_WOC1.0_N1800_F180_R1,S_WPA_L36_DOC2.0_WOC1.0_N1800_F180,1,0
8,2,0,37,train,41,S_WPA_L36_DOC2.0_WOC1.0_N1800_F180_R2,S_WPA_L36_DOC2.0_WOC1.0_N1800_F180,2,0
8,2,0,37,train,42,S_WPA_L36_DOC2.0_WOC1.0_N1800_F180_R3,S_WPA_L36_DOC2.0_WOC1.0_N1800_F180,3,0
8,2,0,37,train,43,S_WPA_L36_DOC2.0_WOC1.0_N1800_F180_R4,S_WPA_L36_DOC2.0_WOC1.0_N1800_F180,4,0
8,2,0,37,train,44,S_WPA_L36_DOC2.0_WOC1.0_N2700_F270_R1,S_WPA_L36_DOC2.0_WOC1.0_N2700_F270,1,0
8,2,0,37,train,45,S_WPA_L36_DOC2.0_WOC1.0_N2700_F270_R2,S_WPA_L36_DOC2.0_WOC1.0_N2700_F270,2,0
8,2,0,37,train,46,S_WPA_L36_DOC2.0_WOC1.0_N2700_F270_R3,S_WPA_L36_DOC2.0_WOC1.0_N2700_F270,3,0
8,2,0,37,train,47,S_WPA_L36_DOC2.0_WOC1.0_N2700_F270_R4,S_WPA_L36_DOC2.0_WOC1.0_N2700_F270,4,0
8,2,0,37,train,48,S_WPA_L36_DOC3.0_WOC1.0_N1800_F180_R1,S_WPA_L36_DOC3.0_WOC1.0_N1800_F180,1,0
8,2,0,37,train,49,S_WPA_L36_DOC3.0_WOC1.0_N1800_F180_R2,S_WPA_L36_DOC3.0_WOC1.0_N1800_F180,2,0
8,2,0,37,train,50,S_WPA_L36_DOC3.0_WOC1.0_N1800_F180_R3,S_WPA_L36_DOC3.0_WOC1.0_N1800_F180,3,0
8,2,0,37,train,51,S_WPA_L36_DOC3.0_WOC1.0_N1800_F180_R4,S_WPA_L36_DOC3.0_WOC1.0_N1800_F180,4,0
8,2,0,37,train,52,S_WPA_L36_DOC4.0_WOC1.0_N2700_F270_R1,S_WPA_L36_DOC4.0_WOC1.0_N2700_F270,1,0
8,2,0,37,train,53,S_WPA_L36_DOC4.0_WOC1.0_N2700_F270_R2,S_WPA_L36_DOC4.0_WOC1.0_N2700_F270,2,0
8,2,0,37,train,54,S_WPA_L36_DOC4.0_WOC1.0_N2700_F270_R3,S_WPA_L36_DOC4.0_WOC1.0_N2700_F270,3,0
8,2,0,37,train,55,S_WPA_L36_DOC4.0_WOC1.0_N2700_F270_R4,S_WPA_L36_DOC4.0_WOC1.0_N2700_F270,4,0
8,2,0,37,train,56,S_WPA_L36_DOC6.0_WOC1.0_N2700_F270_R1,S_WPA_L36_DOC6.0_WOC1.0_N2700_F270,1,0
8,2,0,37,train,57,S_WPA_L36_DOC6.0_WOC1.0_N2700_F270_R2,S_WPA_L36_DOC6.0_WOC1.0_N2700_F270,2,0
8,2,0,37,train,58,S_WPA_L36_DOC6.0_WOC1.0_N2700_F270_R3,S_WPA_L36_DOC6.0_WOC1.0_N2700_F270,3,0
8,2,0,37,train,59,S_WPA_L36_DOC6.0_WOC1.0_N2700_F270_R4,S_WPA_L36_DOC6.0_WOC1.0_N2700_F270,4,0
8,2,0,37,train,60,S_WPB_L56_DOC0.5_WOC1.0_N1800_F180_R1,S_WPB_L56_DOC0.5_WOC1.0_N1800_F180,1,0
8,2,0,37,train,61,S_WPB_L56_DOC0.5_WOC1.0_N1800_F180_R2,S_WPB_L56_DOC0.5_WOC1.0_N1800_F180,2,0
8,2,0,37,train,62,S_WPB_L56_DOC0.5_WOC1.0_N1800_F180_R3,S_WPB_L56_DOC0.5_WOC1.0_N1800_F180,3,0
8,2,0,37,train,63,S_WPB_L56_DOC0.5_WOC1.0_N1800_F180_R4,S_WPB_L56_DOC0.5_WOC1.0_N1800_F180,4,0
8,2,0,37,train,68,S_WPB_L56_DOC0.5_WOC1.0_N3600_F360_R1,S_WPB_L56_DOC0.5_WOC1.0_N3600_F360,1,0
8,2,0,37,train,69,S_WPB_L56_DOC0.5_WOC1.0_N3600_F360_R2,S_WPB_L56_DOC0.5_WOC1.0_N3600_F360,2,0
8,2,0,37,train,70,S_WPB_L56_DOC0.5_WOC1.0_N3600_F360_R3,S_WPB_L56_DOC0.5_WOC1.0_N3600_F360,3,0
8,2,0,37,train,71,S_WPB_L56_DOC0.5_WOC1.0_N3600_F360_R4,S_WPB_L56_DOC0.5_WOC1.0_N3600_F360,4,0
8,2,0,37,train,72,S_WPB_L56_DOC0.5_WOC2.0_N2700_F270_R1,S_WPB_L56_DOC0.5_WOC2.0_N2700_F270,1,0
8,2,0,37,train,73,S_WPB_L56_DOC0.5_WOC2.0_N2700_F270_R2,S_WPB_L56_DOC0.5_WOC2.0_N2700_F270,2,0
8,2,0,37,train,74,S_WPB_L56_DOC0.5_WOC2.0_N2700_F270_R3,S_WPB_L56_DOC0.5_WOC2.0_N2700_F270,3,0
8,2,0,37,train,75,S_WPB_L56_DOC0.5_WOC2.0_N2700_F270_R4,S_WPB_L56_DOC0.5_WOC2.0_N2700_F270,4,0
8,2,0,37,train,76,S_WPB_L56_DOC1.0_WOC1.0_N1800_F180_R1,S_WPB_L56_DOC1.0_WOC1.0_N1800_F180,1,0
8,2,0,37,train,77,S_WPB_L56_DOC1.0_WOC1.0_N1800_F180_R2,S_WPB_L56_DOC1.0_WOC1.0_N1800_F180,2,0
8,2,0,37,train,78,S_WPB_L56_DOC1.0_WOC1.0_N1800_F180_R3,S_WPB_L56_DOC1.0_WOC1.0_N1800_F180,3,0
8,2,0,37,train,79,S_WPB_L56_DOC1.0_WOC1.0_N1800_F180_R4,S_WPB_L56_DOC1.0_WOC1.0_N1800_F180,4,0
8,2,0,37,train,80,S_WPB_L56_DOC1.0_WOC1.0_N2700_F270_R1,S_WPB_L56_DOC1.0_WOC1.0_N2700_F270,1,0
8,2,0,37,train,81,S_WPB_L56_DOC1.0_WOC1.0_N2700_F270_R2,S_WPB_L56_DOC1.0_WOC1.0_N2700_F270,2,0
8,2,0,37,train,82,S_WPB_L56_DOC1.0_WOC1.0_N2700_F270_R3,S_WPB_L56_DOC1.0_WOC1.0_N2700_F270,3,0
8,2,0,37,train,83,S_WPB_L56_DOC1.0_WOC1.0_N2700_F270_R4,S_WPB_L56_DOC1.0_WOC1.0_N2700_F270,4,0
8,2,0,37,train,84,S_WPB_L56_DOC1.0_WOC1.0_N3600_F360_R1,S_WPB_L56_DOC1.0_WOC1.0_N3600_F360,1,0
8,2,0,37,train,85,S_WPB_L56_DOC1.0_WOC1.0_N3600_F360_R2,S_WPB_L56_DOC1.0_WOC1.0_N3600_F360,2,0
8,2,0,37,train,86,S_WPB_L56_DOC1.0_WOC1.0_N3600_F360_R3,S_WPB_L56_DOC1.0_WOC1.0_N3600_F360,3,0
8,2,0,37,train,87,S_WPB_L56_DOC1.0_WOC1.0_N3600_F360_R4,S_WPB_L56_DOC1.0_WOC1.0_N3600_F360,4,0
8,2,0,37,train,92,S_WPB_L56_DOC1.5_WOC1.0_N1800_F180_R1,S_WPB_L56_DOC1.5_WOC1.0_N1800_F180,1,0
8,2,0,37,train,93,S_WPB_L56_DOC1.5_WOC1.0_N1800_F180_R2,S_WPB_L56_DOC1.5_WOC1.0_N1800_F180,2,0
8,2,0,37,train,94,S_WPB_L56_DOC1.5_WOC1.0_N1800_F180_R3,S_WPB_L56_DOC1.5_WOC1.0_N1800_F180,3,0
8,2,0,37,train,95,S_WPB_L56_DOC1.5_WOC1.0_N1800_F180_R4,S_WPB_L56_DOC1.5_WOC1.0_N1800_F180,4,0
8,2,0,37,train,104,S_WPB_L56_DOC1.5_WOC2.0_N2700_F270_R1,S_WPB_L56_DOC1.5_WOC2.0_N2700_F270,1,0
8,2,0,37,train,105,S_WPB_L56_DOC1.5_WOC2.0_N2700_F270_R2,S_WPB_L56_DOC1.5_WOC2.0_N2700_F270,2,0
8,2,0,37,train,106,S_WPB_L56_DOC1.5_WOC2.0_N2700_F270_R3,S_WPB_L56_DOC1.5_WOC2.0_N2700_F270,3,0
8,2,0,37,train,107,S_WPB_L56_DOC1.5_WOC2.0_N2700_F270_R4,S_WPB_L56_DOC1.5_WOC2.0_N2700_F270,4,0
8,2,0,37,train,108,U_WPA_L36_DOC2.0_WOC1.0_N3600_F360_R1,U_WPA_L36_DOC2.0_WOC1.0_N3600_F360,1,1
8,2,0,37,train,109,U_WPA_L36_DOC2.0_WOC1.0_N3600_F360_R2,U_WPA_L36_DOC2.0_WOC1.0_N3600_F360,2,1
8,2,0,37,train,110,U_WPA_L36_DOC2.0_WOC1.0_N3600_F360_R3,U_WPA_L36_DOC2.0_WOC1.0_N3600_F360,3,1
8,2,0,37,train,111,U_WPA_L36_DOC2.0_WOC1.0_N3600_F360_R4,U_WPA_L36_DOC2.0_WOC1.0_N3600_F360,4,1
8,2,0,37,train,112,U_WPA_L36_DOC2.0_WOC2.0_N2700_F270_R1,U_WPA_L36_DOC2.0_WOC2.0_N2700_F270,1,1
8,2,0,37,train,113,U_WPA_L36_DOC2.0_WOC2.0_N2700_F270_R2,U_WPA_L36_DOC2.0_WOC2.0_N2700_F270,2,1
8,2,0,37,train,114,U_WPA_L36_DOC2.0_WOC2.0_N2700_F270_R3,U_WPA_L36_DOC2.0_WOC2.0_N2700_F270,3,1
8,2,0,37,train,115,U_WPA_L36_DOC2.0_WOC2.0_N2700_F270_R4,U_WPA_L36_DOC2.0_WOC2.0_N2700_F270,4,1
8,2,0,37,train,124,U_WPB_L56_DOC2.0_WOC1.0_N1800_F180_R1,U_WPB_L56_DOC2.0_WOC1.0_N1800_F180,1,1
8,2,0,37,train,125,U_WPB_L56_DOC2.0_WOC1.0_N1800_F180_R2,U_WPB_L56_DOC2.0_WOC1.0_N1800_F180,2,1
8,2,0,37,train,126,U_WPB_L56_DOC2.0_WOC1.0_N1800_F180_R3,U_WPB_L56_DOC2.0_WOC1.0_N1800_F180,3,1
8,2,0,37,train,127,U_WPB_L56_DOC2.0_WOC1.0_N1800_F180_R4,U_WPB_L56_DOC2.0_WOC1.0_N1800_F180,4,1
8,2,0,37,train,132,U_WPB_L56_DOC2.0_WOC1.0_N3600_F360_R1,U_WPB_L56_DOC2.0_WOC1.0_N3600_F360,1,1
8,2,0,37,train,133,U_WPB_L56_DOC2.0_WOC1.0_N3600_F360_R2,U_WPB_L56_DOC2.0_WOC1.0_N3600_F360,2,1
8,2,0,37,train,134,U_WPB_L56_DOC2.0_WOC1.0_N3600_F360_R3,U_WPB_L56_DOC2.0_WOC1.0_N3600_F360,3,1
8,2,0,37,train,135,U_WPB_L56_DOC2.0_WOC1.0_N3600_F360_R4,U_WPB_L56_DOC2.0_WOC1.0_N3600_F360,4,1
8,2,0,37,train,136,U_WPB_L56_DOC2.0_WOC2.0_N2700_F270_R1,U_WPB_L56_DOC2.0_WOC2.0_N2700_F270,1,1
8,2,0,37,train,137,U_WPB_L56_DOC2.0_WOC2.0_N2700_F270_R2,U_WPB_L56_DOC2.0_WOC2.0_N2700_F270,2,1
8,2,0,37,train,138,U_WPB_L56_DOC2.0_WOC2.0_N2700_F270_R3,U_WPB_L56_DOC2.0_WOC2.0_N2700_F270,3,1
8,2,0,37,train,139,U_WPB_L56_DOC2.0_WOC2.0_N2700_F270_R4,U_WPB_L56_DOC2.0_WOC2.0_N2700_F270,4,1
8,2,0,37,train,140,U_WPB_L56_DOC3.0_WOC1.0_N1800_F180_R1,U_WPB_L56_DOC3.0_WOC1.0_N1800_F180,1,1
8,2,0,37,train,141,U_WPB_L56_DOC3.0_WOC1.0_N1800_F180_R2,U_WPB_L56_DOC3.0_WOC1.0_N1800_F180,2,1
8,2,0,37,train,142,U_WPB_L56_DOC3.0_WOC1.0_N1800_F180_R3,U_WPB_L56_DOC3.0_WOC1.0_N1800_F180,3,1
8,2,0,37,train,143,U_WPB_L56_DOC3.0_WOC1.0_N1800_F180_R4,U_WPB_L56_DOC3.0_WOC1.0_N1800_F180,4,1
8,2,0,37,train,144,U_WPB_L56_DOC3.0_WOC1.0_N3600_F360_R1,U_WPB_L56_DOC3.0_WOC1.0_N3600_F360,1,1
8,2,0,37,train,145,U_WPB_L56_DOC3.0_WOC1.0_N3600_F360_R2,U_WPB_L56_DOC3.0_WOC1.0_N3600_F360,2,1
8,2,0,37,train,146,U_WPB_L56_DOC3.0_WOC1.0_N3600_F360_R3,U_WPB_L56_DOC3.0_WOC1.0_N3600_F360,3,1
8,2,0,37,train,147,U_WPB_L56_DOC3.0_WOC1.0_N3600_F360_R4,U_WPB_L56_DOC3.0_WOC1.0_N3600_F360,4,1
8,2,0,37,train,148,U_WPB_L56_DOC4.0_WOC1.0_N2700_F270_R1,U_WPB_L56_DOC4.0_WOC1.0_N2700_F270,1,1
8,2,0,37,train,149,U_WPB_L56_DOC4.0_WOC1.0_N2700_F270_R2,U_WPB_L56_DOC4.0_WOC1.0_N2700_F270,2,1
8,2,0,37,train,150,U_WPB_L56_DOC4.0_WOC1.0_N2700_F270_R3,U_WPB_L56_DOC4.0_WOC1.0_N2700_F270,3,1
8,2,0,37,train,151,U_WPB_L56_DOC4.0_WOC1.0_N2700_F270_R4,U_WPB_L56_DOC4.0_WOC1.0_N2700_F270,4,1
8,2,0,37,train,152,U_WPB_L56_DOC4.0_WOC2.0_N2700_F270_R1,U_WPB_L56_DOC4.0_WOC2.0_N2700_F270,1,1
8,2,0,37,train,153,U_WPB_L56_DOC4.0_WOC2.0_N2700_F270_R2,U_WPB_L56_DOC4.0_WOC2.0_N2700_F270,2,1
8,2,0,37,train,154,U_WPB_L56_DOC4.0_WOC2.0_N2700_F270_R3,U_WPB_L56_DOC4.0_WOC2.0_N2700_F270,3,1
8,2,0,37,train,155,U_WPB_L56_DOC4.0_WOC2.0_N2700_F270_R4,U_WPB_L56_DOC4.0_WOC2.0_N2700_F270,4,1
8,2,0,37,train,156,U_WPB_L56_DOC6.0_WOC1.0_N2700_F270_R1,U_WPB_L56_DOC6.0_WOC1.0_N2700_F270,1,1
8,2,0,37,train,157,U_WPB_L56_DOC6.0_WOC1.0_N2700_F270_R2,U_WPB_L56_DOC6.0_WOC1.0_N2700_F270,2,1
8,2,0,37,train,158,U_WPB_L56_DOC6.0_WOC1.0_N2700_F270_R3,U_WPB_L56_DOC6.0_WOC1.0_N2700_F270,3,1
8,2,0,37,train,159,U_WPB_L56_DOC6.0_WOC1.0_N2700_F270_R4,U_WPB_L56_DOC6.0_WOC1.0_N2700_F270,4,1
8,2,0,37,test,8,S_WPA_L36_DOC0.5_WOC2.0_N2700_F270_R1,S_WPA_L36_DOC0.5_WOC2.0_N2700_F270,1,0
8,2,0,37,test,9,S_WPA_L36_DOC0.5_WOC2.0_N2700_F270_R2,S_WPA_L36_DOC0.5_WOC2.0_N2700_F270,2,0
8,2,0,37,test,10,S_WPA_L36_DOC0.5_WOC2.0_N2700_F270_R3,S_WPA_L36_DOC0.5_WOC2.0_N2700_F270,3,0
8,2,0,37,test,11,S_WPA_L36_DOC0.5_WOC2.0_N2700_F270_R4,S_WPA_L36_DOC0.5_WOC2.0_N2700_F270,4,0
8,2,0,37,test,16,S_WPA_L36_DOC1.0_WOC1.0_N2700_F270_R1,S_WPA_L36_DOC1.0_WOC1.0_N2700_F270,1,0
8,2,0,37,test,17,S_WPA_L36_DOC1.0_WOC1.0_N2700_F270_R2,S_WPA_L36_DOC1.0_WOC1.0_N2700_F270,2,0
8,2,0,37,test,18,S_WPA_L36_DOC1.0_WOC1.0_N2700_F270_R3,S_WPA_L36_DOC1.0_WOC1.0_N2700_F270,3,0
8,2,0,37,test,19,S_WPA_L36_DOC1.0_WOC1.0_N2700_F270_R4,S_WPA_L36_DOC1.0_WOC1.0_N2700_F270,4,0
8,2,0,37,test,20,S_WPA_L36_DOC1.0_WOC1.0_N3600_F360_R1,S_WPA_L36_DOC1.0_WOC1.0_N3600_F360,1,0
8,2,0,37,test,21,S_WPA_L36_DOC1.0_WOC1.0_N3600_F360_R2,S_WPA_L36_DOC1.0_WOC1.0_N3600_F360,2,0
8,2,0,37,test,22,S_WPA_L36_DOC1.0_WOC1.0_N3600_F360_R3,S_WPA_L36_DOC1.0_WOC1.0_N3600_F360,3,0
8,2,0,37,test,23,S_WPA_L36_DOC1.0_WOC1.0_N3600_F360_R4,S_WPA_L36_DOC1.0_WOC1.0_N3600_F360,4,0
8,2,0,37,test,64,S_WPB_L56_DOC0.5_WOC1.0_N2700_F270_R1,S_WPB_L56_DOC0.5_WOC1.0_N2700_F270,1,0
8,2,0,37,test,65,S_WPB_L56_DOC0.5_WOC1.0_N2700_F270_R2,S_WPB_L56_DOC0.5_WOC1.0_N2700_F270,2,0
8,2,0,37,test,66,S_WPB_L56_DOC0.5_WOC1.0_N2700_F270_R3,S_WPB_L56_DOC0.5_WOC1.0_N2700_F270,3,0
8,2,0,37,test,67,S_WPB_L56_DOC0.5_WOC1.0_N2700_F270_R4,S_WPB_L56_DOC0.5_WOC1.0_N2700_F270,4,0
8,2,0,37,test,88,S_WPB_L56_DOC1.0_WOC2.0_N2700_F270_R1,S_WPB_L56_DOC1.0_WOC2.0_N2700_F270,1,0
8,2,0,37,test,89,S_WPB_L56_DOC1.0_WOC2.0_N2700_F270_R2,S_WPB_L56_DOC1.0_WOC2.0_N2700_F270,2,0
8,2,0,37,test,90,S_WPB_L56_DOC1.0_WOC2.0_N2700_F270_R3,S_WPB_L56_DOC1.0_WOC2.0_N2700_F270,3,0
8,2,0,37,test,91,S_WPB_L56_DOC1.0_WOC2.0_N2700_F270_R4,S_WPB_L56_DOC1.0_WOC2.0_N2700_F270,4,0
8,2,0,37,test,96,S_WPB_L56_DOC1.5_WOC1.0_N2700_F270_R1,S_WPB_L56_DOC1.5_WOC1.0_N2700_F270,1,0
8,2,0,37,test,97,S_WPB_L56_DOC1.5_WOC1.0_N2700_F270_R2,S_WPB_L56_DOC1.5_WOC1.0_N2700_F270,2,0
8,2,0,37,test,98,S_WPB_L56_DOC1.5_WOC1.0_N2700_F270_R3,S_WPB_L56_DOC1.5_WOC1.0_N2700_F270,3,0
8,2,0,37,test,99,S_WPB_L56_DOC1.5_WOC1.0_N2700_F270_R4,S_WPB_L56_DOC1.5_WOC1.0_N2700_F270,4,0
8,2,0,37,test,100,S_WPB_L56_DOC1.5_WOC1.0_N3600_F360_R1,S_WPB_L56_DOC1.5_WOC1.0_N3600_F360,1,0
8,2,0,37,test,101,S_WPB_L56_DOC1.5_WOC1.0_N3600_F360_R2,S_WPB_L56_DOC1.5_WOC1.0_N3600_F360,2,0
8,2,0,37,test,102,S_WPB_L56_DOC1.5_WOC1.0_N3600_F360_R3,S_WPB_L56_DOC1.5_WOC1.0_N3600_F360,3,0
8,2,0,37,test,103,S_WPB_L56_DOC1.5_WOC1.0_N3600_F360_R4,S_WPB_L56_DOC1.5_WOC1.0_N3600_F360,4,0
8,2,0,37,test,116,U_WPA_L36_DOC3.0_WOC1.0_N3600_F360_R1,U_WPA_L36_DOC3.0_WOC1.0_N3600_F360,1,1
8,2,0,37,test,117,U_WPA_L36_DOC3.0_WOC1.0_N3600_F360_R2,U_WPA_L36_DOC3.0_WOC1.0_N3600_F360,2,1
8,2,0,37,test,118,U_WPA_L36_DOC3.0_WOC1.0_N3600_F360_R3,U_WPA_L36_DOC3.0_WOC1.0_N3600_F360,3,1
8,2,0,37,test,119,U_WPA_L36_DOC3.0_WOC1.0_N3600_F360_R4,U_WPA_L36_DOC3.0_WOC1.0_N3600_F360,4,1
8,2,0,37,test,120,U_WPA_L36_DOC4.0_WOC2.0_N2700_F270_R1,U_WPA_L36_DOC4.0_WOC2.0_N2700_F270,1,1
8,2,0,37,test,121,U_WPA_L36_DOC4.0_WOC2.0_N2700_F270_R2,U_WPA_L36_DOC4.0_WOC2.0_N2700_F270,2,1
8,2,0,37,test,122,U_WPA_L36_DOC4.0_WOC2.0_N2700_F270_R3,U_WPA_L36_DOC4.0_WOC2.0_N2700_F270,3,1
8,2,0,37,test,123,U_WPA_L36_DOC4.0_WOC2.0_N2700_F270_R4,U_WPA_L36_DOC4.0_WOC2.0_N2700_F270,4,1
8,2,0,37,test,128,U_WPB_L56_DOC2.0_WOC1.0_N2700_F270_R1,U_WPB_L56_DOC2.0_WOC1.0_N2700_F270,1,1
8,2,0,37,test,129,U_WPB_L56_DOC2.0_WOC1.0_N2700_F270_R2,U_WPB_L56_DOC2.0_WOC1.0_N2700_F270,2,1
8,2,0,37,test,130,U_WPB_L56_DOC2.0_WOC1.0_N2700_F270_R3,U_WPB_L56_DOC2.0_WOC1.0_N2700_F270,3,1
8,2,0,37,test,131,U_WPB_L56_DOC2.0_WOC1.0_N2700_F270_R4,U_WPB_L56_DOC2.0_WOC1.0_N2700_F270,4,1
9,2,1,37,train,4,S_WPA_L36_DOC0.5_WOC1.0_N3600_F360_R1,S_WPA_L36_DOC0.5_WOC1.0_N3600_F360,1,0
9,2,1,37,train,5,S_WPA_L36_DOC0.5_WOC1.0_N3600_F360_R2,S_WPA_L36_DOC0.5_WOC1.0_N3600_F360,2,0
9,2,1,37,train,6,S_WPA_L36_DOC0.5_WOC1.0_N3600_F360_R3,S_WPA_L36_DOC0.5_WOC1.0_N3600_F360,3,0
9,2,1,37,train,7,S_WPA_L36_DOC0.5_WOC1.0_N3600_F360_R4,S_WPA_L36_DOC0.5_WOC1.0_N3600_F360,4,0
9,2,1,37,train,8,S_WPA_L36_DOC0.5_WOC2.0_N2700_F270_R1,S_WPA_L36_DOC0.5_WOC2.0_N2700_F270,1,0
9,2,1,37,train,9,S_WPA_L36_DOC0.5_WOC2.0_N2700_F270_R2,S_WPA_L36_DOC0.5_WOC2.0_N2700_F270,2,0
9,2,1,37,train,10,S_WPA_L36_DOC0.5_WOC2.0_N2700_F270_R3,S_WPA_L36_DOC0.5_WOC2.0_N2700_F270,3,0
9,2,1,37,train,11,S_WPA_L36_DOC0.5_WOC2.0_N2700_F270_R4,S_WPA_L36_DOC0.5_WOC2.0_N2700_F270,4,0
9,2,1,37,train,12,S_WPA_L36_DOC1.0_WOC1.0_N1800_F180_R1,S_WPA_L36_DOC1.0_WOC1.0_N1800_F180,1,0
9,2,1,37,train,13,S_WPA_L36_DOC1.0_WOC1.0_N1800_F180_R2,S_WPA_L36_DOC1.0_WOC1.0_N1800_F180,2,0
9,2,1,37,train,14,S_WPA_L36_DOC1.0_WOC1.0_N1800_F180_R3,S_WPA_L36_DOC1.0_WOC1.0_N1800_F180,3,0
9,2,1,37,train,15,S_WPA_L36_DOC1.0_WOC1.0_N1800_F180_R4,S_WPA_L36_DOC1.0_WOC1.0_N1800_F180,4,0
9,2,1,37,train,16,S_WPA_L36_DOC1.0_WOC1.0_N2700_F270_R1,S_WPA_L36_DOC1.0_WOC1.0_N2700_F270,1,0
9,2,1,37,train,17,S_WPA_L36_DOC1.0_WOC1.0_N2700_F270_R2,S_WPA_L36_DOC1.0_WOC1.0_N2700_F270,2,0
9,2,1,37,train,18,S_WPA_L36_DOC1.0_WOC1.0_N2700_F270_R3,S_WPA_L36_DOC1.0_WOC1.0_N2700_F270,3,0
9,2,1,37,train,19,S_WPA_L36_DOC1.0_WOC1.0_N2700_F270_R4,S_WPA_L36_DOC1.0_WOC1.0_N2700_F270,4,0
9,2,1,37,train,20,S_WPA_L36_DOC1.0_WOC1.0_N3600_F360_R1,S_WPA_L36_DOC1.0_WOC1.0_N3600_F360,1,0
9,2,1,37,train,21,S_WPA_L36_DOC1.0_WOC1.0_N3600_F360_R2,S_WPA_L36_DOC1.0_WOC1.0_N3600_F360,2,0
9,2,1,37,train,22,S_WPA_L36_DOC1.0_WOC1.0_N3600_F360_R3,S_WPA_L36_DOC1.0_WOC1.0_N3600_F360,3,0
9,2,1,37,train,23,S_WPA_L36_DOC1.0_WOC1.0_N3600_F360_R4,S_WPA_L36_DOC1.0_WOC1.0_N3600_F360,4,0
9,2,1,37,train,24,S_WPA_L36_DOC1.0_WOC2.0_N2700_F270_R1,S_WPA_L36_DOC1.0_WOC2.0_N2700_F270,1,0
9,2,1,37,train,25,S_WPA_L36_DOC1.0_WOC2.0_N2700_F270_R2,S_WPA_L36_DOC1.0_WOC2.0_N2700_F270,2,0
9,2,1,37,train,26,S_WPA_L36_DOC1.0_WOC2.0_N2700_F270_R3,S_WPA_L36_DOC1.0_WOC2.0_N2700_F270,3,0
9,2,1,37,train,27,S_WPA_L36_DOC1.0_WOC2.0_N2700_F270_R4,S_WPA_L36_DOC1.0_WOC2.0_N2700_F270,4,0
9,2,1,37,train,28,S_WPA_L36_DOC1.5_WOC1.0_N1800_F180_R1,S_WPA_L36_DOC1.5_WOC1.0_N1800_F180,1,0
9,2,1,37,train,29,S_WPA_L36_DOC1.5_WOC1.0_N1800_F180_R2,S_WPA_L36_DOC1.5_WOC1.0_N1800_F180,2,0
9,2,1,37,train,30,S_WPA_L36_DOC1.5_WOC1.0_N1800_F180_R3,S_WPA_L36_DOC1.5_WOC1.0_N1800_F180,3,0
9,2,1,37,train,31,S_WPA_L36_DOC1.5_WOC1.0_N1800_F180_R4,S_WPA_L36_DOC1.5_WOC1.0_N1800_F180,4,0
9,2,1,37,train,32,S_WPA_L36_DOC1.5_WOC1.0_N3600_F360_R1,S_WPA_L36_DOC1.5_WOC1.0_N3600_F360,1,0
9,2,1,37,train,33,S_WPA_L36_DOC1.5_WOC1.0_N3600_F360_R2,S_WPA_L36_DOC1.5_WOC1.0_N3600_F360,2,0
9,2,1,37,train,34,S_WPA_L36_DOC1.5_WOC1.0_N3600_F360_R3,S_WPA_L36_DOC1.5_WOC1.0_N3600_F360,3,0
9,2,1,37,train,35,S_WPA_L36_DOC1.5_WOC1.0_N3600_F360_R4,S_WPA_L36_DOC1.5_WOC1.0_N3600_F360,4,0
9,2,1,37,train,36,S_WPA_L36_DOC1.5_WOC2.0_N2700_F270_R1,S_WPA_L36_DOC1.5_WOC2.0_N2700_F270,1,0
9,2,1,37,train,37,S_WPA_L36_DOC1.5_WOC2.0_N2700_F270_R2,S_WPA_L36_DOC1.5_WOC2.0_N2700_F270,2,0
9,2,1,37,train,38,S_WPA_L36_DOC1.5_WOC2.0_N2700_F270_R3,S_WPA_L36_DOC1.5_WOC2.0_N2700_F270,3,0
9,2,1,37,train,39,S_WPA_L36_DOC1.5_WOC2.0_N2700_F270_R4,S_WPA_L36_DOC1.5_WOC2.0_N2700_F270,4,0
9,2,1,37,train,60,S_WPB_L56_DOC0.5_WOC1.0_N1800_F180_R1,S_WPB_L56_DOC0.5_WOC1.0_N1800_F180,1,0
9,2,1,37,train,61,S_WPB_L56_DOC0.5_WOC1.0_N1800_F180_R2,S_WPB_L56_DOC0.5_WOC1.0_N1800_F180,2,0
9,2,1,37,train,62,S_WPB_L56_DOC0.5_WOC1.0_N1800_F180_R3,S_WPB_L56_DOC0.5_WOC1.0_N1800_F180,3,0
9,2,1,37,train,63,S_WPB_L56_DOC0.5_WOC1.0_N1800_F180_R4,S_WPB_L56_DOC0.5_WOC1.0_N1800_F180,4,0
9,2,1,37,train,64,S_WPB_L56_DOC0.5_WOC1.0_N2700_F270_R1,S_WPB_L56_DOC0.5_WOC1.0_N2700_F270,1,0
9,2,1,37,train,65,S_WPB_L56_DOC0.5_WOC1.0_N2700_F270_R2,S_WPB_L56_DOC0.5_WOC1.0_N2700_F270,2,0
9,2,1,37,train,66,S_WPB_L56_DOC0.5_WOC1.0_N2700_F270_R3,S_WPB_L56_DOC0.5_WOC1.0_N2700_F270,3,0
9,2,1,37,train,67,S_WPB_L56_DOC0.5_WOC1.0_N2700_F270_R4,S_WPB_L56_DOC0.5_WOC1.0_N2700_F270,4,0
9,2,1,37,train,68,S_WPB_L56_DOC0.5_WOC1.0_N3600_F360_R1,S_WPB_L56_DOC0.5_WOC1.0_N3600_F360,1,0
9,2,1,37,train,69,S_WPB_L56_DOC0.5_WOC1.0_N3600_F360_R2,S_WPB_L56_DOC0.5_WOC1.0_N3600_F360,2,0
9,2,1,37,train,70,S_WPB_L56_DOC0.5_WOC1.0_N3600_F360_R3,S_WPB_L56_DOC0.5_WOC1.0_N3600_F360,3,0
9,2,1,37,train,71,S_WPB_L56_DOC0.5_WOC1.0_N3600_F360_R4,S_WPB_L56_DOC0.5_WOC1.0_N3600_F360,4,0
9,2,1,37,train,72,S_WPB_L56_DOC0.5_WOC2.0_N2700_F270_R1,S_WPB_L56_DOC0.5_WOC2.0_N2700_F270,1,0
9,2,1,37,train,73,S_WPB_L56_DOC0.5_WOC2.0_N2700_F270_R2,S_WPB_L56_DOC0.5_WOC2.0_N2700_F270,2,0
9,2,1,37,train,74,S_WPB_L56_DOC0.5_WOC2.0_N2700_F270_R3,S_WPB_L56_DOC0.5_WOC2.0_N2700_F270,3,0
9,2,1,37,train,75,S_WPB_L56_DOC0.5_WOC2.0_N2700_F270_R4,S_WPB_L56_DOC0.5_WOC2.0_N2700_F270,4,0
9,2,1,37,train,76,S_WPB_L56_DOC1.0_WOC1.0_N1800_F180_R1,S_WPB_L56_DOC1.0_WOC1.0_N1800_F180,1,0
9,2,1,37,train,77,S_WPB_L56_DOC1.0_WOC1.0_N1800_F180_R2,S_WPB_L56_DOC1.0_WOC1.0_N1800_F180,2,0
9,2,1,37,train,78,S_WPB_L56_DOC1.0_WOC1.0_N1800_F180_R3,S_WPB_L56_DOC1.0_WOC1.0_N1800_F180,3,0
9,2,1,37,train,79,S_WPB_L56_DOC1.0_WOC1.0_N1800_F180_R4,S_WPB_L56_DOC1.0_WOC1.0_N1800_F180,4,0
9,2,1,37,train,80,S_WPB_L56_DOC1.0_WOC1.0_N2700_F270_R1,S_WPB_L56_DOC1.0_WOC1.0_N2700_F270,1,0
9,2,1,37,train,81,S_WPB_L56_DOC1.0_WOC1.0_N2700_F270_R2,S_WPB_L56_DOC1.0_WOC1.0_N2700_F270,2,0
9,2,1,37,train,82,S_WPB_L56_DOC1.0_WOC1.0_N2700_F270_R3,S_WPB_L56_DOC1.0_WOC1.0_N2700_F270,3,0
9,2,1,37,train,83,S_WPB_L56_DOC1.0_WOC1.0_N2700_F270_R4,S_WPB_L56_DOC1.0_WOC1.0_N2700_F270,4,0
9,2,1,37,train,84,S_WPB_L56_DOC1.0_WOC1.0_N3600_F360_R1,S_WPB_L56_DOC1.0_WOC1.0_N3600_F360,1,0
9,2,1,37,train,85,S_WPB_L56_DOC1.0_WOC1.0_N3600_F360_R2,S_WPB_L56_DOC1.0_WOC1.0_N3600_F360,2,0
9,2,1,37,train,86,S_WPB_L56_DOC1.0_WOC1.0_N3600_F360_R3,S_WPB_L56_DOC1.0_WOC1.0_N3600_F360,3,0
9,2,1,37,train,87,S_WPB_L56_DOC1.0_WOC1.0_N3600_F360_R4,S_WPB_L56_DOC1.0_WOC1.0_N3600_F360,4,0
9,2,1,37,train,88,S_WPB_L56_DOC1.0_WOC2.0_N2700_F270_R1,S_WPB_L56_DOC1.0_WOC2.0_N2700_F270,1,0
9,2,1,37,train,89,S_WPB_L56_DOC1.0_WOC2.0_N2700_F270_R2,S_WPB_L56_DOC1.0_WOC2.0_N2700_F270,2,0
9,2,1,37,train,90,S_WPB_L56_DOC1.0_WOC2.0_N2700_F270_R3,S_WPB_L56_DOC1.0_WOC2.0_N2700_F270,3,0
9,2,1,37,train,91,S_WPB_L56_DOC1.0_WOC2.0_N2700_F270_R4,S_WPB_L56_DOC1.0_WOC2.0_N2700_F270,4,0
9,2,1,37,train,96,S_WPB_L56_DOC1.5_WOC1.0_N2700_F270_R1,S_WPB_L56_DOC1.5_WOC1.0_N2700_F270,1,0
9,2,1,37,train,97,S_WPB_L56_DOC1.5_WOC1.0_N2700_F270_R2,S_WPB_L56_DOC1.5_WOC1.0_N2700_F270,2,0
9,2,1,37,train,98,S_WPB_L56_DOC1.5_WOC1.0_N2700_F270_R3,S_WPB_L56_DOC1.5_WOC1.0_N2700_F270,3,0
9,2,1,37,train,99,S_WPB_L56_DOC1.5_WOC1.0_N2700_F270_R4,S_WPB_L56_DOC1.5_WOC1.0_N2700_F270,4,0
9,2,1,37,train,100,S_WPB_L56_DOC1.5_WOC1.0_N3600_F360_R1,S_WPB_L56_DOC1.5_WOC1.0_N3600_F360,1,0
9,2,1,37,train,101,S_WPB_L56_DOC1.5_WOC1.0_N3600_F360_R2,S_WPB_L56_DOC1.5_WOC1.0_N3600_F360,2,0
9,2,1,37,train,102,S_WPB_L56_DOC1.5_WOC1.0_N3600_F360_R3,S_WPB_L56_DOC1.5_WOC1.0_N3600_F360,3,0
9,2,1,37,train,103,S_WPB_L56_DOC1.5_WOC1.0_N3600_F360_R4,S_WPB_L56_DOC1.5_WOC1.0_N3600_F360,4,0
9,2,1,37,train,104,S_WPB_L56_DOC1.5_WOC2.0_N2700_F270_R1,S_WPB_L56_DOC1.5_WOC2.0_N2700_F270,1,0
9,2,1,37,train,105,S_WPB_L56_DOC1.5_WOC2.0_N2700_F270_R2,S_WPB_L56_DOC1.5_WOC2.0_N2700_F270,2,0
9,2,1,37,train,106,S_WPB_L56_DOC1.5_WOC2.0_N2700_F270_R3,S_WPB_L56_DOC1.5_WOC2.0_N2700_F270,3,0
9,2,1,37,train,107,S_WPB_L56_DOC1.5_WOC2.0_N2700_F270_R4,S_WPB_L56_DOC1.5_WOC2.0_N2700_F270,4,0
9,2,1,37,train,108,U_WPA_L36_DOC2.0_WOC1.0_N3600_F360_R1,U_WPA_L36_DOC2.0_WOC1.0_N3600_F360,1,1
9,2,1,37,train,109,U_WPA_L36_DOC2.0_WOC1.0_N3600_F360_R2,U_WPA_L36_DOC2.0_WOC1.0_N3600_F360,2,1
9,2,1,37,train,110,U_WPA_L36_DOC2.0_WOC1.0_N3600_F360_R3,U_WPA_L36_DOC2.0_WOC1.0_N3600_F360,3,1
9,2,1,37,train,111,U_WPA_L36_DOC2.0_WOC1.0_N3600_F360_R4,U_WPA_L36_DOC2.0_WOC1.0_N3600_F360,4,1
9,2,1,37,train,112,U_WPA_L36_DOC2.0_WOC2.0_N2700_F270_R1,U_WPA_L36_DOC2.0_WOC2.0_N2700_F270,1,1
9,2,1,37,train,113,U_WPA_L36_DOC2.0_WOC2.0_N2700_F270_R2,U_WPA_L36_DOC2.0_WOC2.0_N2700_F270,2,1
9,2,1,37,train,114,U_WPA_L36_DOC2.0_WOC2.0_N2700_F270_R3,U_WPA_L36_DOC2.0_WOC2.0_N2700_F270,3,1
9,2,1,37,train,115,U_WPA_L36_DOC2.0_WOC2.0_N2700_F270_R4,U_WPA_L36_DOC2.0_WOC2.0_N2700_F270,4,1
9,2,1,37,train,116,U_WPA_L36_DOC3.0_WOC1.0_N3600_F360_R1,U_WPA_L36_DOC3.0_WOC1.0_N3600_F360,1,1
9,2,1,37,train,117,U_WPA_L36_DOC3.0_WOC1.0_N3600_F360_R2,U_WPA_L36_DOC3.0_WOC1.0_N3600_F360,2,1
9,2,1,37,train,118,U_WPA_L36_DOC3.0_WOC1.0_N3600_F360_R3,U_WPA_L36_DOC3.0_WOC1.0_N3600_F360,3,1
9,2,1,37,train,119,U_WPA_L36_DOC3.0_WOC1.0_N3600_F360_R4,U_WPA_L36_DOC3.0_WOC1.0_N3600_F360,4,1
9,2,1,37,train,120,U_WPA_L36_DOC4.0_WOC2.0_N2700_F270_R1,U_WPA_L36_DOC4.0_WOC2.0_N2700_F270,1,1
9,2,1,37,train,121,U_WPA_L36_DOC4.0_WOC2.0_N2700_F270_R2,U_WPA_L36_DOC4.0_WOC2.0_N2700_F270,2,1
9,2,1,37,train,122,U_WPA_L36_DOC4.0_WOC2.0_N2700_F270_R3,U_WPA_L36_DOC4.0_WOC2.0_N2700_F270,3,1
9,2,1,37,train,123,U_WPA_L36_DOC4.0_WOC2.0_N2700_F270_R4,U_WPA_L36_DOC4.0_WOC2.0_N2700_F270,4,1
9,2,1,37,train,124,U_WPB_L56_DOC2.0_WOC1.0_N1800_F180_R1,U_WPB_L56_DOC2.0_WOC1.0_N1800_F180,1,1
9,2,1,37,train,125,U_WPB_L56_DOC2.0_WOC1.0_N1800_F180_R2,U_WPB_L56_DOC2.0_WOC1.0_N1800_F180,2,1
9,2,1,37,train,126,U_WPB_L56_DOC2.0_WOC1.0_N1800_F180_R3,U_WPB_L56_DOC2.0_WOC1.0_N1800_F180,3,1
9,2,1,37,train,127,U_WPB_L56_DOC2.0_WOC1.0_N1800_F180_R4,U_WPB_L56_DOC2.0_WOC1.0_N1800_F180,4,1
9,2,1,37,train,128,U_WPB_L56_DOC2.0_WOC1.0_N2700_F270_R1,U_WPB_L56_DOC2.0_WOC1.0_N2700_F270,1,1
9,2,1,37,train,129,U_WPB_L56_DOC2.0_WOC1.0_N2700_F270_R2,U_WPB_L56_DOC2.0_WOC1.0_N2700_F270,2,1
9,2,1,37,train,130,U_WPB_L56_DOC2.0_WOC1.0_N2700_F270_R3,U_WPB_L56_DOC2.0_WOC1.0_N2700_F270,3,1
9,2,1,37,train,131,U_WPB_L56_DOC2.0_WOC1.0_N2700_F270_R4,U_WPB_L56_DOC2.0_WOC1.0_N2700_F270,4,1
9,2,1,37,train,132,U_WPB_L56_DOC2.0_WOC1.0_N3600_F360_R1,U_WPB_L56_DOC2.0_WOC1.0_N3600_F360,1,1
9,2,1,37,train,133,U_WPB_L56_DOC2.0_WOC1.0_N3600_F360_R2,U_WPB_L56_DOC2.0_WOC1.0_N3600_F360,2,1
9,2,1,37,train,134,U_WPB_L56_DOC2.0_WOC1.0_N3600_F360_R3,U_WPB_L56_DOC2.0_WOC1.0_N3600_F360,3,1
9,2,1,37,train,135,U_WPB_L56_DOC2.0_WOC1.0_N3600_F360_R4,U_WPB_L56_DOC2.0_WOC1.0_N3600_F360,4,1
9,2,1,37,train,136,U_WPB_L56_DOC2.0_WOC2.0_N2700_F270_R1,U_WPB_L56_DOC2.0_WOC2.0_N2700_F270,1,1
9,2,1,37,train,137,U_WPB_L56_DOC2.0_WOC2.0_N2700_F270_R2,U_WPB_L56_DOC2.0_WOC2.0_N2700_F270,2,1
9,2,1,37,train,138,U_WPB_L56_DOC2.0_WOC2.0_N2700_F270_R3,U_WPB_L56_DOC2.0_WOC2.0_N2700_F270,3,1
9,2,1,37,train,139,U_WPB_L56_DOC2.0_WOC2.0_N2700_F270_R4,U_WPB_L56_DOC2.0_WOC2.0_N2700_F270,4,1
9,2,1,37,train,144,U_WPB_L56_DOC3.0_WOC1.0_N3600_F360_R1,U_WPB_L56_DOC3.0_WOC1.0_N3600_F360,1,1
9,2,1,37,train,145,U_WPB_L56_DOC3.0_WOC1.0_N3600_F360_R2,U_WPB_L56_DOC3.0_WOC1.0_N3600_F360,2,1
9,2,1,37,train,146,U_WPB_L56_DOC3.0_WOC1.0_N3600_F360_R3,U_WPB_L56_DOC3.0_WOC1.0_N3600_F360,3,1
9,2,1,37,train,147,U_WPB_L56_DOC3.0_WOC1.0_N3600_F360_R4,U_WPB_L56_DOC3.0_WOC1.0_N3600_F360,4,1
9,2,1,37,train,148,U_WPB_L56_DOC4.0_WOC1.0_N2700_F270_R1,U_WPB_L56_DOC4.0_WOC1.0_N2700_F270,1,1
9,2,1,37,train,149,U_WPB_L56_DOC4.0_WOC1.0_N2700_F270_R2,U_WPB_L56_DOC4.0_WOC1.0_N2700_F270,2,1
9,2,1,37,train,150,U_WPB_L56_DOC4.0_WOC1.0_N2700_F270_R3,U_WPB_L56_DOC4.0_WOC1.0_N2700_F270,3,1
9,2,1,37,train,151,U_WPB_L56_DOC4.0_WOC1.0_N2700_F270_R4,U_WPB_L56_DOC4.0_WOC1.0_N2700_F270,4,1
9,2,1,37,test,0,S_WPA_L36_DOC0.5_WOC1.0_N2700_F270_R1,S_WPA_L36_DOC0.5_WOC1.0_N2700_F270,1,0
9,2,1,37,test,1,S_WPA_L36_DOC0.5_WOC1.0_N2700_F270_R2,S_WPA_L36_DOC0.5_WOC1.0_N2700_F270,2,0
9,2,1,37,test,2,S_WPA_L36_DOC0.5_WOC1.0_N2700_F270_R3,S_WPA_L36_DOC0.5_WOC1.0_N2700_F270,3,0
9,2,1,37,test,3,S_WPA_L36_DOC0.5_WOC1.0_N2700_F270_R4,S_WPA_L36_DOC0.5_WOC1.0_N2700_F270,4,0
9,2,1,37,test,40,S_WPA_L36_DOC2.0_WOC1.0_N1800_F180_R1,S_WPA_L36_DOC2.0_WOC1.0_N1800_F180,1,0
9,2,1,37,test,41,S_WPA_L36_DOC2.0_WOC1.0_N1800_F180_R2,S_WPA_L36_DOC2.0_WOC1.0_N1800_F180,2,0
9,2,1,37,test,42,S_WPA_L36_DOC2.0_WOC1.0_N1800_F180_R3,S_WPA_L36_DOC2.0_WOC1.0_N1800_F180,3,0
9,2,1,37,test,43,S_WPA_L36_DOC2.0_WOC1.0_N1800_F180_R4,S_WPA_L36_DOC2.0_WOC1.0_N1800_F180,4,0
9,2,1,37,test,44,S_WPA_L36_DOC2.0_WOC1.0_N2700_F270_R1,S_WPA_L36_DOC2.0_WOC1.0_N2700_F270,1,0
9,2,1,37,test,45,S_WPA_L36_DOC2.0_WOC1.0_N2700_F270_R2,S_WPA_L36_DOC2.0_WOC1.0_N2700_F270,2,0
9,2,1,37,test,46,S_WPA_L36_DOC2.0_WOC1.0_N2700_F270_R3,S_WPA_L36_DOC2.0_WOC1.0_N2700_F270,3,0
9,2,1,37,test,47,S_WPA_L36_DOC2.0_WOC1.0_N2700_F270_R4,S_WPA_L36_DOC2.0_WOC1.0_N2700_F270,4,0
9,2,1,37,test,48,S_WPA_L36_DOC3.0_WOC1.0_N1800_F180_R1,S_WPA_L36_DOC3.0_WOC1.0_N1800_F180,1,0
9,2,1,37,test,49,S_WPA_L36_DOC3.0_WOC1.0_N1800_F180_R2,S_WPA_L36_DOC3.0_WOC1.0_N1800_F180,2,0
9,2,1,37,test,50,S_WPA_L36_DOC3.0_WOC1.0_N1800_F180_R3,S_WPA_L36_DOC3.0_WOC1.0_N1800_F180,3,0
9,2,1,37,test,51,S_WPA_L36_DOC3.0_WOC1.0_N1800_F180_R4,S_WPA_L36_DOC3.0_WOC1.0_N1800_F180,4,0
9,2,1,37,test,52,S_WPA_L36_DOC4.0_WOC1.0_N2700_F270_R1,S_WPA_L36_DOC4.0_WOC1.0_N2700_F270,1,0
9,2,1,37,test,53,S_WPA_L36_DOC4.0_WOC1.0_N2700_F270_R2,S_WPA_L36_DOC4.0_WOC1.0_N2700_F270,2,0
9,2,1,37,test,54,S_WPA_L36_DOC4.0_WOC1.0_N2700_F270_R3,S_WPA_L36_DOC4.0_WOC1.0_N2700_F270,3,0
9,2,1,37,test,55,S_WPA_L36_DOC4.0_WOC1.0_N2700_F270_R4,S_WPA_L36_DOC4.0_WOC1.0_N2700_F270,4,0
9,2,1,37,test,56,S_WPA_L36_DOC6.0_WOC1.0_N2700_F270_R1,S_WPA_L36_DOC6.0_WOC1.0_N2700_F270,1,0
9,2,1,37,test,57,S_WPA_L36_DOC6.0_WOC1.0_N2700_F270_R2,S_WPA_L36_DOC6.0_WOC1.0_N2700_F270,2,0
9,2,1,37,test,58,S_WPA_L36_DOC6.0_WOC1.0_N2700_F270_R3,S_WPA_L36_DOC6.0_WOC1.0_N2700_F270,3,0
9,2,1,37,test,59,S_WPA_L36_DOC6.0_WOC1.0_N2700_F270_R4,S_WPA_L36_DOC6.0_WOC1.0_N2700_F270,4,0
9,2,1,37,test,92,S_WPB_L56_DOC1.5_WOC1.0_N1800_F180_R1,S_WPB_L56_DOC1.5_WOC1.0_N1800_F180,1,0
9,2,1,37,test,93,S_WPB_L56_DOC1.5_WOC1.0_N1800_F180_R2,S_WPB_L56_DOC1.5_WOC1.0_N1800_F180,2,0
9,2,1,37,test,94,S_WPB_L56_DOC1.5_WOC1.0_N1800_F180_R3,S_WPB_L56_DOC1.5_WOC1.0_N1800_F180,3,0
9,2,1,37,test,95,S_WPB_L56_DOC1.5_WOC1.0_N1800_F180_R4,S_WPB_L56_DOC1.5_WOC1.0_N1800_F180,4,0
9,2,1,37,test,140,U_WPB_L56_DOC3.0_WOC1.0_N1800_F180_R1,U_WPB_L56_DOC3.0_WOC1.0_N1800_F180,1,1
9,2,1,37,test,141,U_WPB_L56_DOC3.0_WOC1.0_N1800_F180_R2,U_WPB_L56_DOC3.0_WOC1.0_N1800_F180,2,1
9,2,1,37,test,142,U_WPB_L56_DOC3.0_WOC1.0_N1800_F180_R3,U_WPB_L56_DOC3.0_WOC1.0_N1800_F180,3,1
9,2,1,37,test,143,U_WPB_L56_DOC3.0_WOC1.0_N1800_F180_R4,U_WPB_L56_DOC3.0_WOC1.0_N1800_F180,4,1
9,2,1,37,test,152,U_WPB_L56_DOC4.0_WOC2.0_N2700_F270_R1,U_WPB_L56_DOC4.0_WOC2.0_N2700_F270,1,1
9,2,1,37,test,153,U_WPB_L56_DOC4.0_WOC2.0_N2700_F270_R2,U_WPB_L56_DOC4.0_WOC2.0_N2700_F270,2,1
9,2,1,37,test,154,U_WPB_L56_DOC4.0_WOC2.0_N2700_F270_R3,U_WPB_L56_DOC4.0_WOC2.0_N2700_F270,3,1
9,2,1,37,test,155,U_WPB_L56_DOC4.0_WOC2.0_N2700_F270_R4,U_WPB_L56_DOC4.0_WOC2.0_N2700_F270,4,1
9,2,1,37,test,156,U_WPB_L56_DOC6.0_WOC1.0_N2700_F270_R1,U_WPB_L56_DOC6.0_WOC1.0_N2700_F270,1,1
9,2,1,37,test,157,U_WPB_L56_DOC6.0_WOC1.0_N2700_F270_R2,U_WPB_L56_DOC6.0_WOC1.0_N2700_F270,2,1
9,2,1,37,test,158,U_WPB_L56_DOC6.0_WOC1.0_N2700_F270_R3,U_WPB_L56_DOC6.0_WOC1.0_N2700_F270,3,1
9,2,1,37,test,159,U_WPB_L56_DOC6.0_WOC1.0_N2700_F270_R4,U_WPB_L56_DOC6.0_WOC1.0_N2700_F270,4,1
10,2,2,37,train,0,S_WPA_L36_DOC0.5_WOC1.0_N2700_F270_R1,S_WPA_L36_DOC0.5_WOC1.0_N2700_F270,1,0
10,2,2,37,train,1,S_WPA_L36_DOC0.5_WOC1.0_N2700_F270_R2,S_WPA_L36_DOC0.5_WOC1.0_N2700_F270,2,0
10,2,2,37,train,2,S_WPA_L36_DOC0.5_WOC1.0_N2700_F270_R3,S_WPA_L36_DOC0.5_WOC1.0_N2700_F270,3,0
10,2,2,37,train,3,S_WPA_L36_DOC0.5_WOC1.0_N2700_F270_R4,S_WPA_L36_DOC0.5_WOC1.0_N2700_F270,4,0
10,2,2,37,train,4,S_WPA_L36_DOC0.5_WOC1.0_N3600_F360_R1,S_WPA_L36_DOC0.5_WOC1.0_N3600_F360,1,0
10,2,2,37,train,5,S_WPA_L36_DOC0.5_WOC1.0_N3600_F360_R2,S_WPA_L36_DOC0.5_WOC1.0_N3600_F360,2,0
10,2,2,37,train,6,S_WPA_L36_DOC0.5_WOC1.0_N3600_F360_R3,S_WPA_L36_DOC0.5_WOC1.0_N3600_F360,3,0
10,2,2,37,train,7,S_WPA_L36_DOC0.5_WOC1.0_N3600_F360_R4,S_WPA_L36_DOC0.5_WOC1.0_N3600_F360,4,0
10,2,2,37,train,8,S_WPA_L36_DOC0.5_WOC2.0_N2700_F270_R1,S_WPA_L36_DOC0.5_WOC2.0_N2700_F270,1,0
10,2,2,37,train,9,S_WPA_L36_DOC0.5_WOC2.0_N2700_F270_R2,S_WPA_L36_DOC0.5_WOC2.0_N2700_F270,2,0
10,2,2,37,train,10,S_WPA_L36_DOC0.5_WOC2.0_N2700_F270_R3,S_WPA_L36_DOC0.5_WOC2.0_N2700_F270,3,0
10,2,2,37,train,11,S_WPA_L36_DOC0.5_WOC2.0_N2700_F270_R4,S_WPA_L36_DOC0.5_WOC2.0_N2700_F270,4,0
10,2,2,37,train,12,S_WPA_L36_DOC1.0_WOC1.0_N1800_F180_R1,S_WPA_L36_DOC1.0_WOC1.0_N1800_F180,1,0
10,2,2,37,train,13,S_WPA_L36_DOC1.0_WOC1.0_N1800_F180_R2,S_WPA_L36_DOC1.0_WOC1.0_N1800_F180,2,0
10,2,2,37,train,14,S_WPA_L36_DOC1.0_WOC1.0_N1800_F180_R3,S_WPA_L36_DOC1.0_WOC1.0_N1800_F180,3,0
10,2,2,37,train,15,S_WPA_L36_DOC1.0_WOC1.0_N1800_F180_R4,S_WPA_L36_DOC1.0_WOC1.0_N1800_F180,4,0
10,2,2,37,train,16,S_WPA_L36_DOC1.0_WOC1.0_N2700_F270_R1,S_WPA_L36_DOC1.0_WOC1.0_N2700_F270,1,0
10,2,2,37,train,17,S_WPA_L36_DOC1.0_WOC1.0_N2700_F270_R2,S_WPA_L36_DOC1.0_WOC1.0_N2700_F270,2,0
10,2,2,37,train,18,S_WPA_L36_DOC1.0_WOC1.0_N2700_F270_R3,S_WPA_L36_DOC1.0_WOC1.0_N2700_F270,3,0
10,2,2,37,train,19,S_WPA_L36_DOC1.0_WOC1.0_N2700_F270_R4,S_WPA_L36_DOC1.0_WOC1.0_N2700_F270,4,0
10,2,2,37,train,20,S_WPA_L36_DOC1.0_WOC1.0_N3600_F360_R1,S_WPA_L36_DOC1.0_WOC1.0_N3600_F360,1,0
10,2,2,37,train,21,S_WPA_L36_DOC1.0_WOC1.0_N3600_F360_R2,S_WPA_L36_DOC1.0_WOC1.0_N3600_F360,2,0
10,2,2,37,train,22,S_WPA_L36_DOC1.0_WOC1.0_N3600_F360_R3,S_WPA_L36_DOC1.0_WOC1.0_N3600_F360,3,0
10,2,2,37,train,23,S_WPA_L36_DOC1.0_WOC1.0_N3600_F360_R4,S_WPA_L36_DOC1.0_WOC1.0_N3600_F360,4,0
10,2,2,37,train,28,S_WPA_L36_DOC1.5_WOC1.0_N1800_F180_R1,S_WPA_L36_DOC1.5_WOC1.0_N1800_F180,1,0
10,2,2,37,train,29,S_WPA_L36_DOC1.5_WOC1.0_N1800_F180_R2,S_WPA_L36_DOC1.5_WOC1.0_N1800_F180,2,0
10,2,2,37,train,30,S_WPA_L36_DOC1.5_WOC1.0_N1800_F180_R3,S_WPA_L36_DOC1.5_WOC1.0_N1800_F180,3,0
10,2,2,37,train,31,S_WPA_L36_DOC1.5_WOC1.0_N1800_F180_R4,S_WPA_L36_DOC1.5_WOC1.0_N1800_F180,4,0
10,2,2,37,train,32,S_WPA_L36_DOC1.5_WOC1.0_N3600_F360_R1,S_WPA_L36_DOC1.5_WOC1.0_N3600_F360,1,0
10,2,2,37,train,33,S_WPA_L36_DOC1.5_WOC1.0_N3600_F360_R2,S_WPA_L36_DOC1.5_WOC1.0_N3600_F360,2,0
10,2,2,37,train,34,S_WPA_L36_DOC1.5_WOC1.0_N3600_F360_R3,S_WPA_L36_DOC1.5_WOC1.0_N3600_F360,3,0
10,2,2,37,train,35,S_WPA_L36_DOC1.5_WOC1.0_N3600_F360_R4,S_WPA_L36_DOC1.5_WOC1.0_N3600_F360,4,0
10,2,2,37,train,40,S_WPA_L36_DOC2.0_WOC1.0_N1800_F180_R1,S_WPA_L36_DOC2.0_WOC1.0_N1800_F180,1,0
10,2,2,37,train,41,S_WPA_L36_DOC2.0_WOC1.0_N1800_F180_R2,S_WPA_L36_DOC2.0_WOC1.0_N1800_F180,2,0
10,2,2,37,train,42,S_WPA_L36_DOC2.0_WOC1.0_N1800_F180_R3,S_WPA_L36_DOC2.0_WOC1.0_N1800_F180,3,0
10,2,2,37,train,43,S_WPA_L36_DOC2.0_WOC1.0_N1800_F180_R4,S_WPA_L36_DOC2.0_WOC1.0_N1800_F180,4,0
10,2,2,37,train,44,S_WPA_L36_DOC2.0_WOC1.0_N2700_F270_R1,S_WPA_L36_DOC2.0_WOC1.0_N2700_F270,1,0
10,2,2,37,train,45,S_WPA_L36_DOC2.0_WOC1.0_N2700_F270_R2,S_WPA_L36_DOC2.0_WOC1.0_N2700_F270,2,0
10,2,2,37,train,46,S_WPA_L36_DOC2.0_WOC1.0_N2700_F270_R3,S_WPA_L36_DOC2.0_WOC1.0_N2700_F270,3,0
10,2,2,37,train,47,S_WPA_L36_DOC2.0_WOC1.0_N2700_F270_R4,S_WPA_L36_DOC2.0_WOC1.0_N2700_F270,4,0
10,2,2,37,train,48,S_WPA_L36_DOC3.0_WOC1.0_N1800_F180_R1,S_WPA_L36_DOC3.0_WOC1.0_N1800_F180,1,0
10,2,2,37,train,49,S_WPA_L36_DOC3.0_WOC1.0_N1800_F180_R2,S_WPA_L36_DOC3.0_WOC1.0_N1800_F180,2,0
10,2,2,37,train,50,S_WPA_L36_DOC3.0_WOC1.0_N1800_F180_R3,S_WPA_L36_DOC3.0_WOC1.0_N1800_F180,3,0
10,2,2,37,train,51,S_WPA_L36_DOC3.0_WOC1.0_N1800_F180_R4,S_WPA_L36_DOC3.0_WOC1.0_N1800_F180,4,0
10,2,2,37,train,52,S_WPA_L36_DOC4.0_WOC1.0_N2700_F270_R1,S_WPA_L36_DOC4.0_WOC1.0_N2700_F270,1,0
10,2,2,37,train,53,S_WPA_L36_DOC4.0_WOC1.0_N2700_F270_R2,S_WPA_L36_DOC4.0_WOC1.0_N2700_F270,2,0
10,2,2,37,train,54,S_WPA_L36_DOC4.0_WOC1.0_N2700_F270_R3,S_WPA_L36_DOC4.0_WOC1.0_N2700_F270,3,0
10,2,2,37,train,55,S_WPA_L36_DOC4.0_WOC1.0_N2700_F270_R4,S_WPA_L36_DOC4.0_WOC1.0_N2700_F270,4,0
10,2,2,37,train,56,S_WPA_L36_DOC6.0_WOC1.0_N2700_F270_R1,S_WPA_L36_DOC6.0_WOC1.0_N2700_F270,1,0
10,2,2,37,train,57,S_WPA_L36_DOC6.0_WOC1.0_N2700_F270_R2,S_WPA_L36_DOC6.0_WOC1.0_N2700_F270,2,0
10,2,2,37,train,58,S_WPA_L36_DOC6.0_WOC1.0_N2700_F270_R3,S_WPA_L36_DOC6.0_WOC1.0_N2700_F270,3,0
10,2,2,37,train,59,S_WPA_L36_DOC6.0_WOC1.0_N2700_F270_R4,S_WPA_L36_DOC6.0_WOC1.0_N2700_F270,4,0
10,2,2,37,train,60,S_WPB_L56_DOC0.5_WOC1.0_N1800_F180_R1,S_WPB_L56_DOC0.5_WOC1.0_N1800_F180,1,0
10,2,2,37,train,61,S_WPB_L56_DOC0.5_WOC1.0_N1800_F180_R2,S_WPB_L56_DOC0.5_WOC1.0_N1800_F180,2,0
10,2,2,37,train,62,S_WPB_L56_DOC0.5_WOC1.0_N1800_F180_R3,S_WPB_L56_DOC0.5_WOC1.0_N1800_F180,3,0
10,2,2,37,train,63,S_WPB_L56_DOC0.5_WOC1.0_N1800_F180_R4,S_WPB_L56_DOC0.5_WOC1.0_N1800_F180,4,0
10,2,2,37,train,64,S_WPB_L56_DOC0.5_WOC1.0_N2700_F270_R1,S_WPB_L56_DOC0.5_WOC1.0_N2700_F270,1,0
10,2,2,37,train,65,S_WPB_L56_DOC0.5_WOC1.0_N2700_F270_R2,S_WPB_L56_DOC0.5_WOC1.0_N2700_F270,2,0
10,2,2,37,train,66,S_WPB_L56_DOC0.5_WOC1.0_N2700_F270_R3,S_WPB_L56_DOC0.5_WOC1.0_N2700_F270,3,0
10,2,2,37,train,67,S_WPB_L56_DOC0.5_WOC1.0_N2700_F270_R4,S_WPB_L56_DOC0.5_WOC1.0_N2700_F270,4,0
10,2,2,37,train,68,S_WPB_L56_DOC0.5_WOC1.0_N3600_F360_R1,S_WPB_L56_DOC0.5_WOC1.0_N3600_F360,1,0
10,2,2,37,train,69,S_WPB_L56_DOC0.5_WOC1.0_N3600_F360_R2,S_WPB_L56_DOC0.5_WOC1.0_N3600_F360,2,0
10,2,2,37,train,70,S_WPB_L56_DOC0.5_WOC1.0_N3600_F360_R3,S_WPB_L56_DOC0.5_WOC1.0_N3600_F360,3,0
10,2,2,37,train,71,S_WPB_L56_DOC0.5_WOC1.0_N3600_F360_R4,S_WPB_L56_DOC0.5_WOC1.0_N3600_F360,4,0
10,2,2,37,train,80,S_WPB_L56_DOC1.0_WOC1.0_N2700_F270_R1,S_WPB_L56_DOC1.0_WOC1.0_N2700_F270,1,0
10,2,2,37,train,81,S_WPB_L56_DOC1.0_WOC1.0_N2700_F270_R2,S_WPB_L56_DOC1.0_WOC1.0_N2700_F270,2,0
10,2,2,37,train,82,S_WPB_L56_DOC1.0_WOC1.0_N2700_F270_R3,S_WPB_L56_DOC1.0_WOC1.0_N2700_F270,3,0
10,2,2,37,train,83,S_WPB_L56_DOC1.0_WOC1.0_N2700_F270_R4,S_WPB_L56_DOC1.0_WOC1.0_N2700_F270,4,0
10,2,2,37,train,88,S_WPB_L56_DOC1.0_WOC2.0_N2700_F270_R1,S_WPB_L56_DOC1.0_WOC2.0_N2700_F270,1,0
10,2,2,37,train,89,S_WPB_L56_DOC1.0_WOC2.0_N2700_F270_R2,S_WPB_L56_DOC1.0_WOC2.0_N2700_F270,2,0
10,2,2,37,train,90,S_WPB_L56_DOC1.0_WOC2.0_N2700_F270_R3,S_WPB_L56_DOC1.0_WOC2.0_N2700_F270,3,0
10,2,2,37,train,91,S_WPB_L56_DOC1.0_WOC2.0_N2700_F270_R4,S_WPB_L56_DOC1.0_WOC2.0_N2700_F270,4,0
10,2,2,37,train,92,S_WPB_L56_DOC1.5_WOC1.0_N1800_F180_R1,S_WPB_L56_DOC1.5_WOC1.0_N1800_F180,1,0
10,2,2,37,train,93,S_WPB_L56_DOC1.5_WOC1.0_N1800_F180_R2,S_WPB_L56_DOC1.5_WOC1.0_N1800_F180,2,0
10,2,2,37,train,94,S_WPB_L56_DOC1.5_WOC1.0_N1800_F180_R3,S_WPB_L56_DOC1.5_WOC1.0_N1800_F180,3,0
10,2,2,37,train,95,S_WPB_L56_DOC1.5_WOC1.0_N1800_F180_R4,S_WPB_L56_DOC1.5_WOC1.0_N1800_F180,4,0
10,2,2,37,train,96,S_WPB_L56_DOC1.5_WOC1.0_N2700_F270_R1,S_WPB_L56_DOC1.5_WOC1.0_N2700_F270,1,0
10,2,2,37,train,97,S_WPB_L56_DOC1.5_WOC1.0_N2700_F270_R2,S_WPB_L56_DOC1.5_WOC1.0_N2700_F270,2,0
10,2,2,37,train,98,S_WPB_L56_DOC1.5_WOC1.0_N2700_F270_R3,S_WPB_L56_DOC1.5_WOC1.0_N2700_F270,3,0
10,2,2,37,train,99,S_WPB_L56_DOC1.5_WOC1.0_N2700_F270_R4,S_WPB_L56_DOC1.5_WOC1.0_N2700_F270,4,0
10,2,2,37,train,100,S_WPB_L56_DOC1.5_WOC1.0_N3600_F360_R1,S_WPB_L56_DOC1.5_WOC1.0_N3600_F360,1,0
10,2,2,37,train,101,S_WPB_L56_DOC1.5_WOC1.0_N3600_F360_R2,S_WPB_L56_DOC1.5_WOC1.0_N3600_F360,2,0
10,2,2,37,train,102,S_WPB_L56_DOC1.5_WOC1.0_N3600_F360_R3,S_WPB_L56_DOC1.5_WOC1.0_N3600_F360,3,0
10,2,2,37,train,103,S_WPB_L56_DOC1.5_WOC1.0_N3600_F360_R4,S_WPB_L56_DOC1.5_WOC1.0_N3600_F360,4,0
10,2,2,37,train,108,U_WPA_L36_DOC2.0_WOC1.0_N3600_F360_R1,U_WPA_L36_DOC2.0_WOC1.0_N3600_F360,1,1
10,2,2,37,train,109,U_WPA_L36_DOC2.0_WOC1.0_N3600_F360_R2,U_WPA_L36_DOC2.0_WOC1.0_N3600_F360,2,1
10,2,2,37,train,110,U_WPA_L36_DOC2.0_WOC1.0_N3600_F360_R3,U_WPA_L36_DOC2.0_WOC1.0_N3600_F360,3,1
10,2,2,37,train,111,U_WPA_L36_DOC2.0_WOC1.0_N3600_F360_R4,U_WPA_L36_DOC2.0_WOC1.0_N3600_F360,4,1
10,2,2,37,train,116,U_WPA_L36_DOC3.0_WOC1.0_N3600_F360_R1,U_WPA_L36_DOC3.0_WOC1.0_N3600_F360,1,1
10,2,2,37,train,117,U_WPA_L36_DOC3.0_WOC1.0_N3600_F360_R2,U_WPA_L36_DOC3.0_WOC1.0_N3600_F360,2,1
10,2,2,37,train,118,U_WPA_L36_DOC3.0_WOC1.0_N3600_F360_R3,U_WPA_L36_DOC3.0_WOC1.0_N3600_F360,3,1
10,2,2,37,train,119,U_WPA_L36_DOC3.0_WOC1.0_N3600_F360_R4,U_WPA_L36_DOC3.0_WOC1.0_N3600_F360,4,1
10,2,2,37,train,120,U_WPA_L36_DOC4.0_WOC2.0_N2700_F270_R1,U_WPA_L36_DOC4.0_WOC2.0_N2700_F270,1,1
10,2,2,37,train,121,U_WPA_L36_DOC4.0_WOC2.0_N2700_F270_R2,U_WPA_L36_DOC4.0_WOC2.0_N2700_F270,2,1
10,2,2,37,train,122,U_WPA_L36_DOC4.0_WOC2.0_N2700_F270_R3,U_WPA_L36_DOC4.0_WOC2.0_N2700_F270,3,1
10,2,2,37,train,123,U_WPA_L36_DOC4.0_WOC2.0_N2700_F270_R4,U_WPA_L36_DOC4.0_WOC2.0_N2700_F270,4,1
10,2,2,37,train,128,U_WPB_L56_DOC2.0_WOC1.0_N2700_F270_R1,U_WPB_L56_DOC2.0_WOC1.0_N2700_F270,1,1
10,2,2,37,train,129,U_WPB_L56_DOC2.0_WOC1.0_N2700_F270_R2,U_WPB_L56_DOC2.0_WOC1.0_N2700_F270,2,1
10,2,2,37,train,130,U_WPB_L56_DOC2.0_WOC1.0_N2700_F270_R3,U_WPB_L56_DOC2.0_WOC1.0_N2700_F270,3,1
10,2,2,37,train,131,U_WPB_L56_DOC2.0_WOC1.0_N2700_F270_R4,U_WPB_L56_DOC2.0_WOC1.0_N2700_F270,4,1
10,2,2,37,train,136,U_WPB_L56_DOC2.0_WOC2.0_N2700_F270_R1,U_WPB_L56_DOC2.0_WOC2.0_N2700_F270,1,1
10,2,2,37,train,137,U_WPB_L56_DOC2.0_WOC2.0_N2700_F270_R2,U_WPB_L56_DOC2.0_WOC2.0_N2700_F270,2,1
10,2,2,37,train,138,U_WPB_L56_DOC2.0_WOC2.0_N2700_F270_R3,U_WPB_L56_DOC2.0_WOC2.0_N2700_F270,3,1
10,2,2,37,train,139,U_WPB_L56_DOC2.0_WOC2.0_N2700_F270_R4,U_WPB_L56_DOC2.0_WOC2.0_N2700_F270,4,1
10,2,2,37,train,140,U_WPB_L56_DOC3.0_WOC1.0_N1800_F180_R1,U_WPB_L56_DOC3.0_WOC1.0_N1800_F180,1,1
10,2,2,37,train,141,U_WPB_L56_DOC3.0_WOC1.0_N1800_F180_R2,U_WPB_L56_DOC3.0_WOC1.0_N1800_F180,2,1
10,2,2,37,train,142,U_WPB_L56_DOC3.0_WOC1.0_N1800_F180_R3,U_WPB_L56_DOC3.0_WOC1.0_N1800_F180,3,1
10,2,2,37,train,143,U_WPB_L56_DOC3.0_WOC1.0_N1800_F180_R4,U_WPB_L56_DOC3.0_WOC1.0_N1800_F180,4,1
10,2,2,37,train,148,U_WPB_L56_DOC4.0_WOC1.0_N2700_F270_R1,U_WPB_L56_DOC4.0_WOC1.0_N2700_F270,1,1
10,2,2,37,train,149,U_WPB_L56_DOC4.0_WOC1.0_N2700_F270_R2,U_WPB_L56_DOC4.0_WOC1.0_N2700_F270,2,1
10,2,2,37,train,150,U_WPB_L56_DOC4.0_WOC1.0_N2700_F270_R3,U_WPB_L56_DOC4.0_WOC1.0_N2700_F270,3,1
10,2,2,37,train,151,U_WPB_L56_DOC4.0_WOC1.0_N2700_F270_R4,U_WPB_L56_DOC4.0_WOC1.0_N2700_F270,4,1
10,2,2,37,train,152,U_WPB_L56_DOC4.0_WOC2.0_N2700_F270_R1,U_WPB_L56_DOC4.0_WOC2.0_N2700_F270,1,1
10,2,2,37,train,153,U_WPB_L56_DOC4.0_WOC2.0_N2700_F270_R2,U_WPB_L56_DOC4.0_WOC2.0_N2700_F270,2,1
10,2,2,37,train,154,U_WPB_L56_DOC4.0_WOC2.0_N2700_F270_R3,U_WPB_L56_DOC4.0_WOC2.0_N2700_F270,3,1
10,2,2,37,train,155,U_WPB_L56_DOC4.0_WOC2.0_N2700_F270_R4,U_WPB_L56_DOC4.0_WOC2.0_N2700_F270,4,1
10,2,2,37,train,156,U_WPB_L56_DOC6.0_WOC1.0_N2700_F270_R1,U_WPB_L56_DOC6.0_WOC1.0_N2700_F270,1,1
10,2,2,37,train,157,U_WPB_L56_DOC6.0_WOC1.0_N2700_F270_R2,U_WPB_L56_DOC6.0_WOC1.0_N2700_F270,2,1
10,2,2,37,train,158,U_WPB_L56_DOC6.0_WOC1.0_N2700_F270_R3,U_WPB_L56_DOC6.0_WOC1.0_N2700_F270,3,1
10,2,2,37,train,159,U_WPB_L56_DOC6.0_WOC1.0_N2700_F270_R4,U_WPB_L56_DOC6.0_WOC1.0_N2700_F270,4,1
10,2,2,37,test,24,S_WPA_L36_DOC1.0_WOC2.0_N2700_F270_R1,S_WPA_L36_DOC1.0_WOC2.0_N2700_F270,1,0
10,2,2,37,test,25,S_WPA_L36_DOC1.0_WOC2.0_N2700_F270_R2,S_WPA_L36_DOC1.0_WOC2.0_N2700_F270,2,0
10,2,2,37,test,26,S_WPA_L36_DOC1.0_WOC2.0_N2700_F270_R3,S_WPA_L36_DOC1.0_WOC2.0_N2700_F270,3,0
10,2,2,37,test,27,S_WPA_L36_DOC1.0_WOC2.0_N2700_F270_R4,S_WPA_L36_DOC1.0_WOC2.0_N2700_F270,4,0
10,2,2,37,test,36,S_WPA_L36_DOC1.5_WOC2.0_N2700_F270_R1,S_WPA_L36_DOC1.5_WOC2.0_N2700_F270,1,0
10,2,2,37,test,37,S_WPA_L36_DOC1.5_WOC2.0_N2700_F270_R2,S_WPA_L36_DOC1.5_WOC2.0_N2700_F270,2,0
10,2,2,37,test,38,S_WPA_L36_DOC1.5_WOC2.0_N2700_F270_R3,S_WPA_L36_DOC1.5_WOC2.0_N2700_F270,3,0
10,2,2,37,test,39,S_WPA_L36_DOC1.5_WOC2.0_N2700_F270_R4,S_WPA_L36_DOC1.5_WOC2.0_N2700_F270,4,0
10,2,2,37,test,72,S_WPB_L56_DOC0.5_WOC2.0_N2700_F270_R1,S_WPB_L56_DOC0.5_WOC2.0_N2700_F270,1,0
10,2,2,37,test,73,S_WPB_L56_DOC0.5_WOC2.0_N2700_F270_R2,S_WPB_L56_DOC0.5_WOC2.0_N2700_F270,2,0
10,2,2,37,test,74,S_WPB_L56_DOC0.5_WOC2.0_N2700_F270_R3,S_WPB_L56_DOC0.5_WOC2.0_N2700_F270,3,0
10,2,2,37,test,75,S_WPB_L56_DOC0.5_WOC2.0_N2700_F270_R4,S_WPB_L56_DOC0.5_WOC2.0_N2700_F270,4,0
10,2,2,37,test,76,S_WPB_L56_DOC1.0_WOC1.0_N1800_F180_R1,S_WPB_L56_DOC1.0_WOC1.0_N1800_F180,1,0
10,2,2,37,test,77,S_WPB_L56_DOC1.0_WOC1.0_N1800_F180_R2,S_WPB_L56_DOC1.0_WOC1.0_N1800_F180,2,0
10,2,2,37,test,78,S_WPB_L56_DOC1.0_WOC1.0_N1800_F180_R3,S_WPB_L56_DOC1.0_WOC1.0_N1800_F180,3,0
10,2,2,37,test,79,S_WPB_L56_DOC1.0_WOC1.0_N1800_F180_R4,S_WPB_L56_DOC1.0_WOC1.0_N1800_F180,4,0
10,2,2,37,test,84,S_WPB_L56_DOC1.0_WOC1.0_N3600_F360_R1,S_WPB_L56_DOC1.0_WOC1.0_N3600_F360,1,0
10,2,2,37,test,85,S_WPB_L56_DOC1.0_WOC1.0_N3600_F360_R2,S_WPB_L56_DOC1.0_WOC1.0_N3600_F360,2,0
10,2,2,37,test,86,S_WPB_L56_DOC1.0_WOC1.0_N3600_F360_R3,S_WPB_L56_DOC1.0_WOC1.0_N3600_F360,3,0
10,2,2,37,test,87,S_WPB_L56_DOC1.0_WOC1.0_N3600_F360_R4,S_WPB_L56_DOC1.0_WOC1.0_N3600_F360,4,0
10,2,2,37,test,104,S_WPB_L56_DOC1.5_WOC2.0_N2700_F270_R1,S_WPB_L56_DOC1.5_WOC2.0_N2700_F270,1,0
10,2,2,37,test,105,S_WPB_L56_DOC1.5_WOC2.0_N2700_F270_R2,S_WPB_L56_DOC1.5_WOC2.0_N2700_F270,2,0
10,2,2,37,test,106,S_WPB_L56_DOC1.5_WOC2.0_N2700_F270_R3,S_WPB_L56_DOC1.5_WOC2.0_N2700_F270,3,0
10,2,2,37,test,107,S_WPB_L56_DOC1.5_WOC2.0_N2700_F270_R4,S_WPB_L56_DOC1.5_WOC2.0_N2700_F270,4,0
10,2,2,37,test,112,U_WPA_L36_DOC2.0_WOC2.0_N2700_F270_R1,U_WPA_L36_DOC2.0_WOC2.0_N2700_F270,1,1
10,2,2,37,test,113,U_WPA_L36_DOC2.0_WOC2.0_N2700_F270_R2,U_WPA_L36_DOC2.0_WOC2.0_N2700_F270,2,1
10,2,2,37,test,114,U_WPA_L36_DOC2.0_WOC2.0_N2700_F270_R3,U_WPA_L36_DOC2.0_WOC2.0_N2700_F270,3,1
10,2,2,37,test,115,U_WPA_L36_DOC2.0_WOC2.0_N2700_F270_R4,U_WPA_L36_DOC2.0_WOC2.0_N2700_F270,4,1
10,2,2,37,test,124,U_WPB_L56_DOC2.0_WOC1.0_N1800_F180_R1,U_WPB_L56_DOC2.0_WOC1.0_N1800_F180,1,1
10,2,2,37,test,125,U_WPB_L56_DOC2.0_WOC1.0_N1800_F180_R2,U_WPB_L56_DOC2.0_WOC1.0_N1800_F180,2,1
10,2,2,37,test,126,U_WPB_L56_DOC2.0_WOC1.0_N1800_F180_R3,U_WPB_L56_DOC2.0_WOC1.0_N1800_F180,3,1
10,2,2,37,test,127,U_WPB_L56_DOC2.0_WOC1.0_N1800_F180_R4,U_WPB_L56_DOC2.0_WOC1.0_N1800_F180,4,1
10,2,2,37,test,132,U_WPB_L56_DOC2.0_WOC1.0_N3600_F360_R1,U_WPB_L56_DOC2.0_WOC1.0_N3600_F360,1,1
10,2,2,37,test,133,U_WPB_L56_DOC2.0_WOC1.0_N3600_F360_R2,U_WPB_L56_DOC2.0_WOC1.0_N3600_F360,2,1
10,2,2,37,test,134,U_WPB_L56_DOC2.0_WOC1.0_N3600_F360_R3,U_WPB_L56_DOC2.0_WOC1.0_N3600_F360,3,1
10,2,2,37,test,135,U_WPB_L56_DOC2.0_WOC1.0_N3600_F360_R4,U_WPB_L56_DOC2.0_WOC1.0_N3600_F360,4,1
10,2,2,37,test,144,U_WPB_L56_DOC3.0_WOC1.0_N3600_F360_R1,U_WPB_L56_DOC3.0_WOC1.0_N3600_F360,1,1
10,2,2,37,test,145,U_WPB_L56_DOC3.0_WOC1.0_N3600_F360_R2,U_WPB_L56_DOC3.0_WOC1.0_N3600_F360,2,1
10,2,2,37,test,146,U_WPB_L56_DOC3.0_WOC1.0_N3600_F360_R3,U_WPB_L56_DOC3.0_WOC1.0_N3600_F360,3,1
10,2,2,37,test,147,U_WPB_L56_DOC3.0_WOC1.0_N3600_F360_R4,U_WPB_L56_DOC3.0_WOC1.0_N3600_F360,4,1
11,2,3,37,train,0,S_WPA_L36_DOC0.5_WOC1.0_N2700_F270_R1,S_WPA_L36_DOC0.5_WOC1.0_N2700_F270,1,0
11,2,3,37,train,1,S_WPA_L36_DOC0.5_WOC1.0_N2700_F270_R2,S_WPA_L36_DOC0.5_WOC1.0_N2700_F270,2,0
11,2,3,37,train,2,S_WPA_L36_DOC0.5_WOC1.0_N2700_F270_R3,S_WPA_L36_DOC0.5_WOC1.0_N2700_F270,3,0
11,2,3,37,train,3,S_WPA_L36_DOC0.5_WOC1.0_N2700_F270_R4,S_WPA_L36_DOC0.5_WOC1.0_N2700_F270,4,0
11,2,3,37,train,8,S_WPA_L36_DOC0.5_WOC2.0_N2700_F270_R1,S_WPA_L36_DOC0.5_WOC2.0_N2700_F270,1,0
11,2,3,37,train,9,S_WPA_L36_DOC0.5_WOC2.0_N2700_F270_R2,S_WPA_L36_DOC0.5_WOC2.0_N2700_F270,2,0
11,2,3,37,train,10,S_WPA_L36_DOC0.5_WOC2.0_N2700_F270_R3,S_WPA_L36_DOC0.5_WOC2.0_N2700_F270,3,0
11,2,3,37,train,11,S_WPA_L36_DOC0.5_WOC2.0_N2700_F270_R4,S_WPA_L36_DOC0.5_WOC2.0_N2700_F270,4,0
11,2,3,37,train,16,S_WPA_L36_DOC1.0_WOC1.0_N2700_F270_R1,S_WPA_L36_DOC1.0_WOC1.0_N2700_F270,1,0
11,2,3,37,train,17,S_WPA_L36_DOC1.0_WOC1.0_N2700_F270_R2,S_WPA_L36_DOC1.0_WOC1.0_N2700_F270,2,0
11,2,3,37,train,18,S_WPA_L36_DOC1.0_WOC1.0_N2700_F270_R3,S_WPA_L36_DOC1.0_WOC1.0_N2700_F270,3,0
11,2,3,37,train,19,S_WPA_L36_DOC1.0_WOC1.0_N2700_F270_R4,S_WPA_L36_DOC1.0_WOC1.0_N2700_F270,4,0
11,2,3,37,train,20,S_WPA_L36_DOC1.0_WOC1.0_N3600_F360_R1,S_WPA_L36_DOC1.0_WOC1.0_N3600_F360,1,0
11,2,3,37,train,21,S_WPA_L36_DOC1.0_WOC1.0_N3600_F360_R2,S_WPA_L36_DOC1.0_WOC1.0_N3600_F360,2,0
11,2,3,37,train,22,S_WPA_L36_DOC1.0_WOC1.0_N3600_F360_R3,S_WPA_L36_DOC1.0_WOC1.0_N3600_F360,3,0
11,2,3,37,train,23,S_WPA_L36_DOC1.0_WOC1.0_N3600_F360_R4,S_WPA_L36_DOC1.0_WOC1.0_N3600_F360,4,0
11,2,3,37,train,24,S_WPA_L36_DOC1.0_WOC2.0_N2700_F270_R1,S_WPA_L36_DOC1.0_WOC2.0_N2700_F270,1,0
11,2,3,37,train,25,S_WPA_L36_DOC1.0_WOC2.0_N2700_F270_R2,S_WPA_L36_DOC1.0_WOC2.0_N2700_F270,2,0
11,2,3,37,train,26,S_WPA_L36_DOC1.0_WOC2.0_N2700_F270_R3,S_WPA_L36_DOC1.0_WOC2.0_N2700_F270,3,0
11,2,3,37,train,27,S_WPA_L36_DOC1.0_WOC2.0_N2700_F270_R4,S_WPA_L36_DOC1.0_WOC2.0_N2700_F270,4,0
11,2,3,37,train,36,S_WPA_L36_DOC1.5_WOC2.0_N2700_F270_R1,S_WPA_L36_DOC1.5_WOC2.0_N2700_F270,1,0
11,2,3,37,train,37,S_WPA_L36_DOC1.5_WOC2.0_N2700_F270_R2,S_WPA_L36_DOC1.5_WOC2.0_N2700_F270,2,0
11,2,3,37,train,38,S_WPA_L36_DOC1.5_WOC2.0_N2700_F270_R3,S_WPA_L36_DOC1.5_WOC2.0_N2700_F270,3,0
11,2,3,37,train,39,S_WPA_L36_DOC1.5_WOC2.0_N2700_F270_R4,S_WPA_L36_DOC1.5_WOC2.0_N2700_F270,4,0
11,2,3,37,train,40,S_WPA_L36_DOC2.0_WOC1.0_N1800_F180_R1,S_WPA_L36_DOC2.0_WOC1.0_N1800_F180,1,0
11,2,3,37,train,41,S_WPA_L36_DOC2.0_WOC1.0_N1800_F180_R2,S_WPA_L36_DOC2.0_WOC1.0_N1800_F180,2,0
11,2,3,37,train,42,S_WPA_L36_DOC2.0_WOC1.0_N1800_F180_R3,S_WPA_L36_DOC2.0_WOC1.0_N1800_F180,3,0
11,2,3,37,train,43,S_WPA_L36_DOC2.0_WOC1.0_N1800_F180_R4,S_WPA_L36_DOC2.0_WOC1.0_N1800_F180,4,0
11,2,3,37,train,44,S_WPA_L36_DOC2.0_WOC1.0_N2700_F270_R1,S_WPA_L36_DOC2.0_WOC1.0_N2700_F270,1,0
11,2,3,37,train,45,S_WPA_L36_DOC2.0_WOC1.0_N2700_F270_R2,S_WPA_L36_DOC2.0_WOC1.0_N2700_F270,2,0
11,2,3,37,train,46,S_WPA_L36_DOC2.0_WOC1.0_N2700_F270_R3,S_WPA_L36_DOC2.0_WOC1.0_N2700_F270,3,0
11,2,3,37,train,47,S_WPA_L36_DOC2.0_WOC1.0_N2700_F270_R4,S_WPA_L36_DOC2.0_WOC1.0_N2700_F270,4,0
11,2,3,37,train,48,S_WPA_L36_DOC3.0_WOC1.0_N1800_F180_R1,S_WPA_L36_DOC3.0_WOC1.0_N1800_F180,1,0
11,2,3,37,train,49,S_WPA_L36_DOC3.0_WOC1.0_N1800_F180_R2,S_WPA_L36_DOC3.0_WOC1.0_N1800_F180,2,0
11,2,3,37,train,50,S_WPA_L36_DOC3.0_WOC1.0_N1800_F180_R3,S_WPA_L36_DOC3.0_WOC1.0_N1800_F180,3,0
11,2,3,37,train,51,S_WPA_L36_DOC3.0_WOC1.0_N1800_F180_R4,S_WPA_L36_DOC3.0_WOC1.0_N1800_F180,4,0
11,2,3,37,train,52,S_WPA_L36_DOC4.0_WOC1.0_N2700_F270_R1,S_WPA_L36_DOC4.0_WOC1.0_N2700_F270,1,0
11,2,3,37,train,53,S_WPA_L36_DOC4.0_WOC1.0_N2700_F270_R2,S_WPA_L36_DOC4.0_WOC1.0_N2700_F270,2,0
11,2,3,37,train,54,S_WPA_L36_DOC4.0_WOC1.0_N2700_F270_R3,S_WPA_L36_DOC4.0_WOC1.0_N2700_F270,3,0
11,2,3,37,train,55,S_WPA_L36_DOC4.0_WOC1.0_N2700_F270_R4,S_WPA_L36_DOC4.0_WOC1.0_N2700_F270,4,0
11,2,3,37,train,56,S_WPA_L36_DOC6.0_WOC1.0_N2700_F270_R1,S_WPA_L36_DOC6.0_WOC1.0_N2700_F270,1,0
11,2,3,37,train,57,S_WPA_L36_DOC6.0_WOC1.0_N2700_F270_R2,S_WPA_L36_DOC6.0_WOC1.0_N2700_F270,2,0
11,2,3,37,train,58,S_WPA_L36_DOC6.0_WOC1.0_N2700_F270_R3,S_WPA_L36_DOC6.0_WOC1.0_N2700_F270,3,0
11,2,3,37,train,59,S_WPA_L36_DOC6.0_WOC1.0_N2700_F270_R4,S_WPA_L36_DOC6.0_WOC1.0_N2700_F270,4,0
11,2,3,37,train,64,S_WPB_L56_DOC0.5_WOC1.0_N2700_F270_R1,S_WPB_L56_DOC0.5_WOC1.0_N2700_F270,1,0
11,2,3,37,train,65,S_WPB_L56_DOC0.5_WOC1.0_N2700_F270_R2,S_WPB_L56_DOC0.5_WOC1.0_N2700_F270,2,0
11,2,3,37,train,66,S_WPB_L56_DOC0.5_WOC1.0_N2700_F270_R3,S_WPB_L56_DOC0.5_WOC1.0_N2700_F270,3,0
11,2,3,37,train,67,S_WPB_L56_DOC0.5_WOC1.0_N2700_F270_R4,S_WPB_L56_DOC0.5_WOC1.0_N2700_F270,4,0
11,2,3,37,train,72,S_WPB_L56_DOC0.5_WOC2.0_N2700_F270_R1,S_WPB_L56_DOC0.5_WOC2.0_N2700_F270,1,0
11,2,3,37,train,73,S_WPB_L56_DOC0.5_WOC2.0_N2700_F270_R2,S_WPB_L56_DOC0.5_WOC2.0_N2700_F270,2,0
11,2,3,37,train,74,S_WPB_L56_DOC0.5_WOC2.0_N2700_F270_R3,S_WPB_L56_DOC0.5_WOC2.0_N2700_F270,3,0
11,2,3,37,train,75,S_WPB_L56_DOC0.5_WOC2.0_N2700_F270_R4,S_WPB_L56_DOC0.5_WOC2.0_N2700_F270,4,0
11,2,3,37,train,76,S_WPB_L56_DOC1.0_WOC1.0_N1800_F180_R1,S_WPB_L56_DOC1.0_WOC1.0_N1800_F180,1,0
11,2,3,37,train,77,S_WPB_L56_DOC1.0_WOC1.0_N1800_F180_R2,S_WPB_L56_DOC1.0_WOC1.0_N1800_F180,2,0
11,2,3,37,train,78,S_WPB_L56_DOC1.0_WOC1.0_N1800_F180_R3,S_WPB_L56_DOC1.0_WOC1.0_N1800_F180,3,0
11,2,3,37,train,79,S_WPB_L56_DOC1.0_WOC1.0_N1800_F180_R4,S_WPB_L56_DOC1.0_WOC1.0_N1800_F180,4,0
11,2,3,37,train,84,S_WPB_L56_DOC1.0_WOC1.0_N3600_F360_R1,S_WPB_L56_DOC1.0_WOC1.0_N3600_F360,1,0
11,2,3,37,train,85,S_WPB_L56_DOC1.0_WOC1.0_N3600_F360_R2,S_WPB_L56_DOC1.0_WOC1.0_N3600_F360,2,0
11,2,3,37,train,86,S_WPB_L56_DOC1.0_WOC1.0_N3600_F360_R3,S_WPB_L56_DOC1.0_WOC1.0_N3600_F360,3,0
11,2,3,37,train,87,S_WPB_L56_DOC1.0_WOC1.0_N3600_F360_R4,S_WPB_L56_DOC1.0_WOC1.0_N3600_F360,4,0
11,2,3,37,train,88,S_WPB_L56_DOC1.0_WOC2.0_N2700_F270_R1,S_WPB_L56_DOC1.0_WOC2.0_N2700_F270,1,0
11,2,3,37,train,89,S_WPB_L56_DOC1.0_WOC2.0_N2700_F270_R2,S_WPB_L56_DOC1.0_WOC2.0_N2700_F270,2,0
11,2,3,37,train,90,S_WPB_L56_DOC1.0_WOC2.0_N2700_F270_R3,S_WPB_L56_DOC1.0_WOC2.0_N2700_F270,3,0
11,2,3,37,train,91,S_WPB_L56_DOC1.0_WOC2.0_N2700_F270_R4,S_WPB_L56_DOC1.0_WOC2.0_N2700_F270,4,0
11,2,3,37,train,92,S_WPB_L56_DOC1.5_WOC1.0_N1800_F180_R1,S_WPB_L56_DOC1.5_WOC1.0_N1800_F180,1,0
11,2,3,37,train,93,S_WPB_L56_DOC1.5_WOC1.0_N1800_F180_R2,S_WPB_L56_DOC1.5_WOC1.0_N1800_F180,2,0
11,2,3,37,train,94,S_WPB_L56_DOC1.5_WOC1.0_N1800_F180_R3,S_WPB_L56_DOC1.5_WOC1.0_N1800_F180,3,0
11,2,3,37,train,95,S_WPB_L56_DOC1.5_WOC1.0_N1800_F180_R4,S_WPB_L56_DOC1.5_WOC1.0_N1800_F180,4,0
11,2,3,37,train,96,S_WPB_L56_DOC1.5_WOC1.0_N2700_F270_R1,S_WPB_L56_DOC1.5_WOC1.0_N2700_F270,1,0
11,2,3,37,train,97,S_WPB_L56_DOC1.5_WOC1.0_N2700_F270_R2,S_WPB_L56_DOC1.5_WOC1.0_N2700_F270,2,0
11,2,3,37,train,98,S_WPB_L56_DOC1.5_WOC1.0_N2700_F270_R3,S_WPB_L56_DOC1.5_WOC1.0_N2700_F270,3,0
11,2,3,37,train,99,S_WPB_L56_DOC1.5_WOC1.0_N2700_F270_R4,S_WPB_L56_DOC1.5_WOC1.0_N2700_F270,4,0
11,2,3,37,train,100,S_WPB_L56_DOC1.5_WOC1.0_N3600_F360_R1,S_WPB_L56_DOC1.5_WOC1.0_N3600_F360,1,0
11,2,3,37,train,101,S_WPB_L56_DOC1.5_WOC1.0_N3600_F360_R2,S_WPB_L56_DOC1.5_WOC1.0_N3600_F360,2,0
11,2,3,37,train,102,S_WPB_L56_DOC1.5_WOC1.0_N3600_F360_R3,S_WPB_L56_DOC1.5_WOC1.0_N3600_F360,3,0
11,2,3,37,train,103,S_WPB_L56_DOC1.5_WOC1.0_N3600_F360_R4,S_WPB_L56_DOC1.5_WOC1.0_N3600_F360,4,0
11,2,3,37,train,104,S_WPB_L56_DOC1.5_WOC2.0_N2700_F270_R1,S_WPB_L56_DOC1.5_WOC2.0_N2700_F270,1,0
11,2,3,37,train,105,S_WPB_L56_DOC1.5_WOC2.0_N2700_F270_R2,S_WPB_L56_DOC1.5_WOC2.0_N2700_F270,2,0
11,2,3,37,train,106,S_WPB_L56_DOC1.5_WOC2.0_N2700_F270_R3,S_WPB_L56_DOC1.5_WOC2.0_N2700_F270,3,0
11,2,3,37,train,107,S_WPB_L56_DOC1.5_WOC2.0_N2700_F270_R4,S_WPB_L56_DOC1.5_WOC2.0_N2700_F270,4,0
11,2,3,37,train,112,U_WPA_L36_DOC2.0_WOC2.0_N2700_F270_R1,U_WPA_L36_DOC2.0_WOC2.0_N2700_F270,1,1
11,2,3,37,train,113,U_WPA_L36_DOC2.0_WOC2.0_N2700_F270_R2,U_WPA_L36_DOC2.0_WOC2.0_N2700_F270,2,1
11,2,3,37,train,114,U_WPA_L36_DOC2.0_WOC2.0_N2700_F270_R3,U_WPA_L36_DOC2.0_WOC2.0_N2700_F270,3,1
11,2,3,37,train,115,U_WPA_L36_DOC2.0_WOC2.0_N2700_F270_R4,U_WPA_L36_DOC2.0_WOC2.0_N2700_F270,4,1
11,2,3,37,train,116,U_WPA_L36_DOC3.0_WOC1.0_N3600_F360_R1,U_WPA_L36_DOC3.0_WOC1.0_N3600_F360,1,1
11,2,3,37,train,117,U_WPA_L36_DOC3.0_WOC1.0_N3600_F360_R2,U_WPA_L36_DOC3.0_WOC1.0_N3600_F360,2,1
11,2,3,37,train,118,U_WPA_L36_DOC3.0_WOC1.0_N3600_F360_R3,U_WPA_L36_DOC3.0_WOC1.0_N3600_F360,3,1
11,2,3,37,train,119,U_WPA_L36_DOC3.0_WOC1.0_N3600_F360_R4,U_WPA_L36_DOC3.0_WOC1.0_N3600_F360,4,1
11,2,3,37,train,120,U_WPA_L36_DOC4.0_WOC2.0_N2700_F270_R1,U_WPA_L36_DOC4.0_WOC2.0_N2700_F270,1,1
11,2,3,37,train,121,U_WPA_L36_DOC4.0_WOC2.0_N2700_F270_R2,U_WPA_L36_DOC4.0_WOC2.0_N2700_F270,2,1
11,2,3,37,train,122,U_WPA_L36_DOC4.0_WOC2.0_N2700_F270_R3,U_WPA_L36_DOC4.0_WOC2.0_N2700_F270,3,1
11,2,3,37,train,123,U_WPA_L36_DOC4.0_WOC2.0_N2700_F270_R4,U_WPA_L36_DOC4.0_WOC2.0_N2700_F270,4,1
11,2,3,37,train,124,U_WPB_L56_DOC2.0_WOC1.0_N1800_F180_R1,U_WPB_L56_DOC2.0_WOC1.0_N1800_F180,1,1
11,2,3,37,train,125,U_WPB_L56_DOC2.0_WOC1.0_N1800_F180_R2,U_WPB_L56_DOC2.0_WOC1.0_N1800_F180,2,1
11,2,3,37,train,126,U_WPB_L56_DOC2.0_WOC1.0_N1800_F180_R3,U_WPB_L56_DOC2.0_WOC1.0_N1800_F180,3,1
11,2,3,37,train,127,U_WPB_L56_DOC2.0_WOC1.0_N1800_F180_R4,U_WPB_L56_DOC2.0_WOC1.0_N1800_F180,4,1
11,2,3,37,train,128,U_WPB_L56_DOC2.0_WOC1.0_N2700_F270_R1,U_WPB_L56_DOC2.0_WOC1.0_N2700_F270,1,1
11,2,3,37,train,129,U_WPB_L56_DOC2.0_WOC1.0_N2700_F270_R2,U_WPB_L56_DOC2.0_WOC1.0_N2700_F270,2,1
11,2,3,37,train,130,U_WPB_L56_DOC2.0_WOC1.0_N2700_F270_R3,U_WPB_L56_DOC2.0_WOC1.0_N2700_F270,3,1
11,2,3,37,train,131,U_WPB_L56_DOC2.0_WOC1.0_N2700_F270_R4,U_WPB_L56_DOC2.0_WOC1.0_N2700_F270,4,1
11,2,3,37,train,132,U_WPB_L56_DOC2.0_WOC1.0_N3600_F360_R1,U_WPB_L56_DOC2.0_WOC1.0_N3600_F360,1,1
11,2,3,37,train,133,U_WPB_L56_DOC2.0_WOC1.0_N3600_F360_R2,U_WPB_L56_DOC2.0_WOC1.0_N3600_F360,2,1
11,2,3,37,train,134,U_WPB_L56_DOC2.0_WOC1.0_N3600_F360_R3,U_WPB_L56_DOC2.0_WOC1.0_N3600_F360,3,1
11,2,3,37,train,135,U_WPB_L56_DOC2.0_WOC1.0_N3600_F360_R4,U_WPB_L56_DOC2.0_WOC1.0_N3600_F360,4,1
11,2,3,37,train,140,U_WPB_L56_DOC3.0_WOC1.0_N1800_F180_R1,U_WPB_L56_DOC3.0_WOC1.0_N1800_F180,1,1
11,2,3,37,train,141,U_WPB_L56_DOC3.0_WOC1.0_N1800_F180_R2,U_WPB_L56_DOC3.0_WOC1.0_N1800_F180,2,1
11,2,3,37,train,142,U_WPB_L56_DOC3.0_WOC1.0_N1800_F180_R3,U_WPB_L56_DOC3.0_WOC1.0_N1800_F180,3,1
11,2,3,37,train,143,U_WPB_L56_DOC3.0_WOC1.0_N1800_F180_R4,U_WPB_L56_DOC3.0_WOC1.0_N1800_F180,4,1
11,2,3,37,train,144,U_WPB_L56_DOC3.0_WOC1.0_N3600_F360_R1,U_WPB_L56_DOC3.0_WOC1.0_N3600_F360,1,1
11,2,3,37,train,145,U_WPB_L56_DOC3.0_WOC1.0_N3600_F360_R2,U_WPB_L56_DOC3.0_WOC1.0_N3600_F360,2,1
11,2,3,37,train,146,U_WPB_L56_DOC3.0_WOC1.0_N3600_F360_R3,U_WPB_L56_DOC3.0_WOC1.0_N3600_F360,3,1
11,2,3,37,train,147,U_WPB_L56_DOC3.0_WOC1.0_N3600_F360_R4,U_WPB_L56_DOC3.0_WOC1.0_N3600_F360,4,1
11,2,3,37,train,152,U_WPB_L56_DOC4.0_WOC2.0_N2700_F270_R1,U_WPB_L56_DOC4.0_WOC2.0_N2700_F270,1,1
11,2,3,37,train,153,U_WPB_L56_DOC4.0_WOC2.0_N2700_F270_R2,U_WPB_L56_DOC4.0_WOC2.0_N2700_F270,2,1
11,2,3,37,train,154,U_WPB_L56_DOC4.0_WOC2.0_N2700_F270_R3,U_WPB_L56_DOC4.0_WOC2.0_N2700_F270,3,1
11,2,3,37,train,155,U_WPB_L56_DOC4.0_WOC2.0_N2700_F270_R4,U_WPB_L56_DOC4.0_WOC2.0_N2700_F270,4,1
11,2,3,37,train,156,U_WPB_L56_DOC6.0_WOC1.0_N2700_F270_R1,U_WPB_L56_DOC6.0_WOC1.0_N2700_F270,1,1
11,2,3,37,train,157,U_WPB_L56_DOC6.0_WOC1.0_N2700_F270_R2,U_WPB_L56_DOC6.0_WOC1.0_N2700_F270,2,1
11,2,3,37,train,158,U_WPB_L56_DOC6.0_WOC1.0_N2700_F270_R3,U_WPB_L56_DOC6.0_WOC1.0_N2700_F270,3,1
11,2,3,37,train,159,U_WPB_L56_DOC6.0_WOC1.0_N2700_F270_R4,U_WPB_L56_DOC6.0_WOC1.0_N2700_F270,4,1
11,2,3,37,test,4,S_WPA_L36_DOC0.5_WOC1.0_N3600_F360_R1,S_WPA_L36_DOC0.5_WOC1.0_N3600_F360,1,0
11,2,3,37,test,5,S_WPA_L36_DOC0.5_WOC1.0_N3600_F360_R2,S_WPA_L36_DOC0.5_WOC1.0_N3600_F360,2,0
11,2,3,37,test,6,S_WPA_L36_DOC0.5_WOC1.0_N3600_F360_R3,S_WPA_L36_DOC0.5_WOC1.0_N3600_F360,3,0
11,2,3,37,test,7,S_WPA_L36_DOC0.5_WOC1.0_N3600_F360_R4,S_WPA_L36_DOC0.5_WOC1.0_N3600_F360,4,0
11,2,3,37,test,12,S_WPA_L36_DOC1.0_WOC1.0_N1800_F180_R1,S_WPA_L36_DOC1.0_WOC1.0_N1800_F180,1,0
11,2,3,37,test,13,S_WPA_L36_DOC1.0_WOC1.0_N1800_F180_R2,S_WPA_L36_DOC1.0_WOC1.0_N1800_F180,2,0
11,2,3,37,test,14,S_WPA_L36_DOC1.0_WOC1.0_N1800_F180_R3,S_WPA_L36_DOC1.0_WOC1.0_N1800_F180,3,0
11,2,3,37,test,15,S_WPA_L36_DOC1.0_WOC1.0_N1800_F180_R4,S_WPA_L36_DOC1.0_WOC1.0_N1800_F180,4,0
11,2,3,37,test,28,S_WPA_L36_DOC1.5_WOC1.0_N1800_F180_R1,S_WPA_L36_DOC1.5_WOC1.0_N1800_F180,1,0
11,2,3,37,test,29,S_WPA_L36_DOC1.5_WOC1.0_N1800_F180_R2,S_WPA_L36_DOC1.5_WOC1.0_N1800_F180,2,0
11,2,3,37,test,30,S_WPA_L36_DOC1.5_WOC1.0_N1800_F180_R3,S_WPA_L36_DOC1.5_WOC1.0_N1800_F180,3,0
11,2,3,37,test,31,S_WPA_L36_DOC1.5_WOC1.0_N1800_F180_R4,S_WPA_L36_DOC1.5_WOC1.0_N1800_F180,4,0
11,2,3,37,test,32,S_WPA_L36_DOC1.5_WOC1.0_N3600_F360_R1,S_WPA_L36_DOC1.5_WOC1.0_N3600_F360,1,0
11,2,3,37,test,33,S_WPA_L36_DOC1.5_WOC1.0_N3600_F360_R2,S_WPA_L36_DOC1.5_WOC1.0_N3600_F360,2,0
11,2,3,37,test,34,S_WPA_L36_DOC1.5_WOC1.0_N3600_F360_R3,S_WPA_L36_DOC1.5_WOC1.0_N3600_F360,3,0
11,2,3,37,test,35,S_WPA_L36_DOC1.5_WOC1.0_N3600_F360_R4,S_WPA_L36_DOC1.5_WOC1.0_N3600_F360,4,0
11,2,3,37,test,60,S_WPB_L56_DOC0.5_WOC1.0_N1800_F180_R1,S_WPB_L56_DOC0.5_WOC1.0_N1800_F180,1,0
11,2,3,37,test,61,S_WPB_L56_DOC0.5_WOC1.0_N1800_F180_R2,S_WPB_L56_DOC0.5_WOC1.0_N1800_F180,2,0
11,2,3,37,test,62,S_WPB_L56_DOC0.5_WOC1.0_N1800_F180_R3,S_WPB_L56_DOC0.5_WOC1.0_N1800_F180,3,0
11,2,3,37,test,63,S_WPB_L56_DOC0.5_WOC1.0_N1800_F180_R4,S_WPB_L56_DOC0.5_WOC1.0_N1800_F180,4,0
11,2,3,37,test,68,S_WPB_L56_DOC0.5_WOC1.0_N3600_F360_R1,S_WPB_L56_DOC0.5_WOC1.0_N3600_F360,1,0
11,2,3,37,test,69,S_WPB_L56_DOC0.5_WOC1.0_N3600_F360_R2,S_WPB_L56_DOC0.5_WOC1.0_N3600_F360,2,0
11,2,3,37,test,70,S_WPB_L56_DOC0.5_WOC1.0_N3600_F360_R3,S_WPB_L56_DOC0.5_WOC1.0_N3600_F360,3,0
11,2,3,37,test,71,S_WPB_L56_DOC0.5_WOC1.0_N3600_F360_R4,S_WPB_L56_DOC0.5_WOC1.0_N3600_F360,4,0
11,2,3,37,test,80,S_WPB_L56_DOC1.0_WOC1.0_N2700_F270_R1,S_WPB_L56_DOC1.0_WOC1.0_N2700_F270,1,0
11,2,3,37,test,81,S_WPB_L56_DOC1.0_WOC1.0_N2700_F270_R2,S_WPB_L56_DOC1.0_WOC1.0_N2700_F270,2,0
11,2,3,37,test,82,S_WPB_L56_DOC1.0_WOC1.0_N2700_F270_R3,S_WPB_L56_DOC1.0_WOC1.0_N2700_F270,3,0
11,2,3,37,test,83,S_WPB_L56_DOC1.0_WOC1.0_N2700_F270_R4,S_WPB_L56_DOC1.0_WOC1.0_N2700_F270,4,0
11,2,3,37,test,108,U_WPA_L36_DOC2.0_WOC1.0_N3600_F360_R1,U_WPA_L36_DOC2.0_WOC1.0_N3600_F360,1,1
11,2,3,37,test,109,U_WPA_L36_DOC2.0_WOC1.0_N3600_F360_R2,U_WPA_L36_DOC2.0_WOC1.0_N3600_F360,2,1
11,2,3,37,test,110,U_WPA_L36_DOC2.0_WOC1.0_N3600_F360_R3,U_WPA_L36_DOC2.0_WOC1.0_N3600_F360,3,1
11,2,3,37,test,111,U_WPA_L36_DOC2.0_WOC1.0_N3600_F360_R4,U_WPA_L36_DOC2.0_WOC1.0_N3600_F360,4,1
11,2,3,37,test,136,U_WPB_L56_DOC2.0_WOC2.0_N2700_F270_R1,U_WPB_L56_DOC2.0_WOC2.0_N2700_F270,1,1
11,2,3,37,test,137,U_WPB_L56_DOC2.0_WOC2.0_N2700_F270_R2,U_WPB_L56_DOC2.0_WOC2.0_N2700_F270,2,1
11,2,3,37,test,138,U_WPB_L56_DOC2.0_WOC2.0_N2700_F270_R3,U_WPB_L56_DOC2.0_WOC2.0_N2700_F270,3,1
11,2,3,37,test,139,U_WPB_L56_DOC2.0_WOC2.0_N2700_F270_R4,U_WPB_L56_DOC2.0_WOC2.0_N2700_F270,4,1
11,2,3,37,test,148,U_WPB_L56_DOC4.0_WOC1.0_N2700_F270_R1,U_WPB_L56_DOC4.0_WOC1.0_N2700_F270,1,1
11,2,3,37,test,149,U_WPB_L56_DOC4.0_WOC1.0_N2700_F270_R2,U_WPB_L56_DOC4.0_WOC1.0_N2700_F270,2,1
11,2,3,37,test,150,U_WPB_L56_DOC4.0_WOC1.0_N2700_F270_R3,U_WPB_L56_DOC4.0_WOC1.0_N2700_F270,3,1
11,2,3,37,test,151,U_WPB_L56_DOC4.0_WOC1.0_N2700_F270_R4,U_WPB_L56_DOC4.0_WOC1.0_N2700_F270,4,1
12,3,0,53,train,0,S_WPA_L36_DOC0.5_WOC1.0_N2700_F270_R1,S_WPA_L36_DOC0.5_WOC1.0_N2700_F270,1,0
12,3,0,53,train,1,S_WPA_L36_DOC0.5_WOC1.0_N2700_F270_R2,S_WPA_L36_DOC0.5_WOC1.0_N2700_F270,2,0
12,3,0,53,train,2,S_WPA_L36_DOC0.5_WOC1.0_N2700_F270_R3,S_WPA_L36_DOC0.5_WOC1.0_N2700_F270,3,0
12,3,0,53,train,3,S_WPA_L36_DOC0.5_WOC1.0_N2700_F270_R4,S_WPA_L36_DOC0.5_WOC1.0_N2700_F270,4,0
12,3,0,53,train,4,S_WPA_L36_DOC0.5_WOC1.0_N3600_F360_R1,S_WPA_L36_DOC0.5_WOC1.0_N3600_F360,1,0
12,3,0,53,train,5,S_WPA_L36_DOC0.5_WOC1.0_N3600_F360_R2,S_WPA_L36_DOC0.5_WOC1.0_N3600_F360,2,0
12,3,0,53,train,6,S_WPA_L36_DOC0.5_WOC1.0_N3600_F360_R3,S_WPA_L36_DOC0.5_WOC1.0_N3600_F360,3,0
12,3,0,53,train,7,S_WPA_L36_DOC0.5_WOC1.0_N3600_F360_R4,S_WPA_L36_DOC0.5_WOC1.0_N3600_F360,4,0
12,3,0,53,train,12,S_WPA_L36_DOC1.0_WOC1.0_N1800_F180_R1,S_WPA_L36_DOC1.0_WOC1.0_N1800_F180,1,0
12,3,0,53,train,13,S_WPA_L36_DOC1.0_WOC1.0_N1800_F180_R2,S_WPA_L36_DOC1.0_WOC1.0_N1800_F180,2,0
12,3,0,53,train,14,S_WPA_L36_DOC1.0_WOC1.0_N1800_F180_R3,S_WPA_L36_DOC1.0_WOC1.0_N1800_F180,3,0
12,3,0,53,train,15,S_WPA_L36_DOC1.0_WOC1.0_N1800_F180_R4,S_WPA_L36_DOC1.0_WOC1.0_N1800_F180,4,0
12,3,0,53,train,16,S_WPA_L36_DOC1.0_WOC1.0_N2700_F270_R1,S_WPA_L36_DOC1.0_WOC1.0_N2700_F270,1,0
12,3,0,53,train,17,S_WPA_L36_DOC1.0_WOC1.0_N2700_F270_R2,S_WPA_L36_DOC1.0_WOC1.0_N2700_F270,2,0
12,3,0,53,train,18,S_WPA_L36_DOC1.0_WOC1.0_N2700_F270_R3,S_WPA_L36_DOC1.0_WOC1.0_N2700_F270,3,0
12,3,0,53,train,19,S_WPA_L36_DOC1.0_WOC1.0_N2700_F270_R4,S_WPA_L36_DOC1.0_WOC1.0_N2700_F270,4,0
12,3,0,53,train,24,S_WPA_L36_DOC1.0_WOC2.0_N2700_F270_R1,S_WPA_L36_DOC1.0_WOC2.0_N2700_F270,1,0
12,3,0,53,train,25,S_WPA_L36_DOC1.0_WOC2.0_N2700_F270_R2,S_WPA_L36_DOC1.0_WOC2.0_N2700_F270,2,0
12,3,0,53,train,26,S_WPA_L36_DOC1.0_WOC2.0_N2700_F270_R3,S_WPA_L36_DOC1.0_WOC2.0_N2700_F270,3,0
12,3,0,53,train,27,S_WPA_L36_DOC1.0_WOC2.0_N2700_F270_R4,S_WPA_L36_DOC1.0_WOC2.0_N2700_F270,4,0
12,3,0,53,train,32,S_WPA_L36_DOC1.5_WOC1.0_N3600_F360_R1,S_WPA_L36_DOC1.5_WOC1.0_N3600_F360,1,0
12,3,0,53,train,33,S_WPA_L36_DOC1.5_WOC1.0_N3600_F360_R2,S_WPA_L36_DOC1.5_WOC1.0_N3600_F360,2,0
12,3,0,53,train,34,S_WPA_L36_DOC1.5_WOC1.0_N3600_F360_R3,S_WPA_L36_DOC1.5_WOC1.0_N3600_F360,3,0
12,3,0,53,train,35,S_WPA_L36_DOC1.5_WOC1.0_N3600_F360_R4,S_WPA_L36_DOC1.5_WOC1.0_N3600_F360,4,0
12,3,0,53,train,36,S_WPA_L36_DOC1.5_WOC2.0_N2700_F270_R1,S_WPA_L36_DOC1.5_WOC2.0_N2700_F270,1,0
12,3,0,53,train,37,S_WPA_L36_DOC1.5_WOC2.0_N2700_F270_R2,S_WPA_L36_DOC1.5_WOC2.0_N2700_F270,2,0
12,3,0,53,train,38,S_WPA_L36_DOC1.5_WOC2.0_N2700_F270_R3,S_WPA_L36_DOC1.5_WOC2.0_N2700_F270,3,0
12,3,0,53,train,39,S_WPA_L36_DOC1.5_WOC2.0_N2700_F270_R4,S_WPA_L36_DOC1.5_WOC2.0_N2700_F270,4,0
12,3,0,53,train,40,S_WPA_L36_DOC2.0_WOC1.0_N1800_F180_R1,S_WPA_L36_DOC2.0_WOC1.0_N1800_F180,1,0
12,3,0,53,train,41,S_WPA_L36_DOC2.0_WOC1.0_N1800_F180_R2,S_WPA_L36_DOC2.0_WOC1.0_N1800_F180,2,0
12,3,0,53,train,42,S_WPA_L36_DOC2.0_WOC1.0_N1800_F180_R3,S_WPA_L36_DOC2.0_WOC1.0_N1800_F180,3,0
12,3,0,53,train,43,S_WPA_L36_DOC2.0_WOC1.0_N1800_F180_R4,S_WPA_L36_DOC2.0_WOC1.0_N1800_F180,4,0
12,3,0,53,train,48,S_WPA_L36_DOC3.0_WOC1.0_N1800_F180_R1,S_WPA_L36_DOC3.0_WOC1.0_N1800_F180,1,0
12,3,0,53,train,49,S_WPA_L36_DOC3.0_WOC1.0_N1800_F180_R2,S_WPA_L36_DOC3.0_WOC1.0_N1800_F180,2,0
12,3,0,53,train,50,S_WPA_L36_DOC3.0_WOC1.0_N1800_F180_R3,S_WPA_L36_DOC3.0_WOC1.0_N1800_F180,3,0
12,3,0,53,train,51,S_WPA_L36_DOC3.0_WOC1.0_N1800_F180_R4,S_WPA_L36_DOC3.0_WOC1.0_N1800_F180,4,0
12,3,0,53,train,52,S_WPA_L36_DOC4.0_WOC1.0_N2700_F270_R1,S_WPA_L36_DOC4.0_WOC1.0_N2700_F270,1,0
12,3,0,53,train,53,S_WPA_L36_DOC4.0_WOC1.0_N2700_F270_R2,S_WPA_L36_DOC4.0_WOC1.0_N2700_F270,2,0
12,3,0,53,train,54,S_WPA_L36_DOC4.0_WOC1.0_N2700_F270_R3,S_WPA_L36_DOC4.0_WOC1.0_N2700_F270,3,0
12,3,0,53,train,55,S_WPA_L36_DOC4.0_WOC1.0_N2700_F270_R4,S_WPA_L36_DOC4.0_WOC1.0_N2700_F270,4,0
12,3,0,53,train,56,S_WPA_L36_DOC6.0_WOC1.0_N2700_F270_R1,S_WPA_L36_DOC6.0_WOC1.0_N2700_F270,1,0
12,3,0,53,train,57,S_WPA_L36_DOC6.0_WOC1.0_N2700_F270_R2,S_WPA_L36_DOC6.0_WOC1.0_N2700_F270,2,0
12,3,0,53,train,58,S_WPA_L36_DOC6.0_WOC1.0_N2700_F270_R3,S_WPA_L36_DOC6.0_WOC1.0_N2700_F270,3,0
12,3,0,53,train,59,S_WPA_L36_DOC6.0_WOC1.0_N2700_F270_R4,S_WPA_L36_DOC6.0_WOC1.0_N2700_F270,4,0
12,3,0,53,train,60,S_WPB_L56_DOC0.5_WOC1.0_N1800_F180_R1,S_WPB_L56_DOC0.5_WOC1.0_N1800_F180,1,0
12,3,0,53,train,61,S_WPB_L56_DOC0.5_WOC1.0_N1800_F180_R2,S_WPB_L56_DOC0.5_WOC1.0_N1800_F180,2,0
12,3,0,53,train,62,S_WPB_L56_DOC0.5_WOC1.0_N1800_F180_R3,S_WPB_L56_DOC0.5_WOC1.0_N1800_F180,3,0
12,3,0,53,train,63,S_WPB_L56_DOC0.5_WOC1.0_N1800_F180_R4,S_WPB_L56_DOC0.5_WOC1.0_N1800_F180,4,0
12,3,0,53,train,64,S_WPB_L56_DOC0.5_WOC1.0_N2700_F270_R1,S_WPB_L56_DOC0.5_WOC1.0_N2700_F270,1,0
12,3,0,53,train,65,S_WPB_L56_DOC0.5_WOC1.0_N2700_F270_R2,S_WPB_L56_DOC0.5_WOC1.0_N2700_F270,2,0
12,3,0,53,train,66,S_WPB_L56_DOC0.5_WOC1.0_N2700_F270_R3,S_WPB_L56_DOC0.5_WOC1.0_N2700_F270,3,0
12,3,0,53,train,67,S_WPB_L56_DOC0.5_WOC1.0_N2700_F270_R4,S_WPB_L56_DOC0.5_WOC1.0_N2700_F270,4,0
12,3,0,53,train,72,S_WPB_L56_DOC0.5_WOC2.0_N2700_F270_R1,S_WPB_L56_DOC0.5_WOC2.0_N2700_F270,1,0
12,3,0,53,train,73,S_WPB_L56_DOC0.5_WOC2.0_N2700_F270_R2,S_WPB_L56_DOC0.5_WOC2.0_N2700_F270,2,0
12,3,0,53,train,74,S_WPB_L56_DOC0.5_WOC2.0_N2700_F270_R3,S_WPB_L56_DOC0.5_WOC2.0_N2700_F270,3,0
12,3,0,53,train,75,S_WPB_L56_DOC0.5_WOC2.0_N2700_F270_R4,S_WPB_L56_DOC0.5_WOC2.0_N2700_F270,4,0
12,3,0,53,train,76,S_WPB_L56_DOC1.0_WOC1.0_N1800_F180_R1,S_WPB_L56_DOC1.0_WOC1.0_N1800_F180,1,0
12,3,0,53,train,77,S_WPB_L56_DOC1.0_WOC1.0_N1800_F180_R2,S_WPB_L56_DOC1.0_WOC1.0_N1800_F180,2,0
12,3,0,53,train,78,S_WPB_L56_DOC1.0_WOC1.0_N1800_F180_R3,S_WPB_L56_DOC1.0_WOC1.0_N1800_F180,3,0
12,3,0,53,train,79,S_WPB_L56_DOC1.0_WOC1.0_N1800_F180_R4,S_WPB_L56_DOC1.0_WOC1.0_N1800_F180,4,0
12,3,0,53,train,80,S_WPB_L56_DOC1.0_WOC1.0_N2700_F270_R1,S_WPB_L56_DOC1.0_WOC1.0_N2700_F270,1,0
12,3,0,53,train,81,S_WPB_L56_DOC1.0_WOC1.0_N2700_F270_R2,S_WPB_L56_DOC1.0_WOC1.0_N2700_F270,2,0
12,3,0,53,train,82,S_WPB_L56_DOC1.0_WOC1.0_N2700_F270_R3,S_WPB_L56_DOC1.0_WOC1.0_N2700_F270,3,0
12,3,0,53,train,83,S_WPB_L56_DOC1.0_WOC1.0_N2700_F270_R4,S_WPB_L56_DOC1.0_WOC1.0_N2700_F270,4,0
12,3,0,53,train,84,S_WPB_L56_DOC1.0_WOC1.0_N3600_F360_R1,S_WPB_L56_DOC1.0_WOC1.0_N3600_F360,1,0
12,3,0,53,train,85,S_WPB_L56_DOC1.0_WOC1.0_N3600_F360_R2,S_WPB_L56_DOC1.0_WOC1.0_N3600_F360,2,0
12,3,0,53,train,86,S_WPB_L56_DOC1.0_WOC1.0_N3600_F360_R3,S_WPB_L56_DOC1.0_WOC1.0_N3600_F360,3,0
12,3,0,53,train,87,S_WPB_L56_DOC1.0_WOC1.0_N3600_F360_R4,S_WPB_L56_DOC1.0_WOC1.0_N3600_F360,4,0
12,3,0,53,train,96,S_WPB_L56_DOC1.5_WOC1.0_N2700_F270_R1,S_WPB_L56_DOC1.5_WOC1.0_N2700_F270,1,0
12,3,0,53,train,97,S_WPB_L56_DOC1.5_WOC1.0_N2700_F270_R2,S_WPB_L56_DOC1.5_WOC1.0_N2700_F270,2,0
12,3,0,53,train,98,S_WPB_L56_DOC1.5_WOC1.0_N2700_F270_R3,S_WPB_L56_DOC1.5_WOC1.0_N2700_F270,3,0
12,3,0,53,train,99,S_WPB_L56_DOC1.5_WOC1.0_N2700_F270_R4,S_WPB_L56_DOC1.5_WOC1.0_N2700_F270,4,0
12,3,0,53,train,100,S_WPB_L56_DOC1.5_WOC1.0_N3600_F360_R1,S_WPB_L56_DOC1.5_WOC1.0_N3600_F360,1,0
12,3,0,53,train,101,S_WPB_L56_DOC1.5_WOC1.0_N3600_F360_R2,S_WPB_L56_DOC1.5_WOC1.0_N3600_F360,2,0
12,3,0,53,train,102,S_WPB_L56_DOC1.5_WOC1.0_N3600_F360_R3,S_WPB_L56_DOC1.5_WOC1.0_N3600_F360,3,0
12,3,0,53,train,103,S_WPB_L56_DOC1.5_WOC1.0_N3600_F360_R4,S_WPB_L56_DOC1.5_WOC1.0_N3600_F360,4,0
12,3,0,53,train,104,S_WPB_L56_DOC1.5_WOC2.0_N2700_F270_R1,S_WPB_L56_DOC1.5_WOC2.0_N2700_F270,1,0
12,3,0,53,train,105,S_WPB_L56_DOC1.5_WOC2.0_N2700_F270_R2,S_WPB_L56_DOC1.5_WOC2.0_N2700_F270,2,0
12,3,0,53,train,106,S_WPB_L56_DOC1.5_WOC2.0_N2700_F270_R3,S_WPB_L56_DOC1.5_WOC2.0_N2700_F270,3,0
12,3,0,53,train,107,S_WPB_L56_DOC1.5_WOC2.0_N2700_F270_R4,S_WPB_L56_DOC1.5_WOC2.0_N2700_F270,4,0
12,3,0,53,train,108,U_WPA_L36_DOC2.0_WOC1.0_N3600_F360_R1,U_WPA_L36_DOC2.0_WOC1.0_N3600_F360,1,1
12,3,0,53,train,109,U_WPA_L36_DOC2.0_WOC1.0_N3600_F360_R2,U_WPA_L36_DOC2.0_WOC1.0_N3600_F360,2,1
12,3,0,53,train,110,U_WPA_L36_DOC2.0_WOC1.0_N3600_F360_R3,U_WPA_L36_DOC2.0_WOC1.0_N3600_F360,3,1
12,3,0,53,train,111,U_WPA_L36_DOC2.0_WOC1.0_N3600_F360_R4,U_WPA_L36_DOC2.0_WOC1.0_N3600_F360,4,1
12,3,0,53,train,112,U_WPA_L36_DOC2.0_WOC2.0_N2700_F270_R1,U_WPA_L36_DOC2.0_WOC2.0_N2700_F270,1,1
12,3,0,53,train,113,U_WPA_L36_DOC2.0_WOC2.0_N2700_F270_R2,U_WPA_L36_DOC2.0_WOC2.0_N2700_F270,2,1
12,3,0,53,train,114,U_WPA_L36_DOC2.0_WOC2.0_N2700_F270_R3,U_WPA_L36_DOC2.0_WOC2.0_N2700_F270,3,1
12,3,0,53,train,115,U_WPA_L36_DOC2.0_WOC2.0_N2700_F270_R4,U_WPA_L36_DOC2.0_WOC2.0_N2700_F270,4,1
12,3,0,53,train,116,U_WPA_L36_DOC3.0_WOC1.0_N3600_F360_R1,U_WPA_L36_DOC3.0_WOC1.0_N3600_F360,1,1
12,3,0,53,train,117,U_WPA_L36_DOC3.0_WOC1.0_N3600_F360_R2,U_WPA_L36_DOC3.0_WOC1.0_N3600_F360,2,1
12,3,0,53,train,118,U_WPA_L36_DOC3.0_WOC1.0_N3600_F360_R3,U_WPA_L36_DOC3.0_WOC1.0_N3600_F360,3,1
12,3,0,53,train,119,U_WPA_L36_DOC3.0_WOC1.0_N3600_F360_R4,U_WPA_L36_DOC3.0_WOC1.0_N3600_F360,4,1
12,3,0,53,train,124,U_WPB_L56_DOC2.0_WOC1.0_N1800_F180_R1,U_WPB_L56_DOC2.0_WOC1.0_N1800_F180,1,1
12,3,0,53,train,125,U_WPB_L56_DOC2.0_WOC1.0_N1800_F180_R2,U_WPB_L56_DOC2.0_WOC1.0_N1800_F180,2,1
12,3,0,53,train,126,U_WPB_L56_DOC2.0_WOC1.0_N1800_F180_R3,U_WPB_L56_DOC2.0_WOC1.0_N1800_F180,3,1
12,3,0,53,train,127,U_WPB_L56_DOC2.0_WOC1.0_N1800_F180_R4,U_WPB_L56_DOC2.0_WOC1.0_N1800_F180,4,1
12,3,0,53,train,128,U_WPB_L56_DOC2.0_WOC1.0_N2700_F270_R1,U_WPB_L56_DOC2.0_WOC1.0_N2700_F270,1,1
12,3,0,53,train,129,U_WPB_L56_DOC2.0_WOC1.0_N2700_F270_R2,U_WPB_L56_DOC2.0_WOC1.0_N2700_F270,2,1
12,3,0,53,train,130,U_WPB_L56_DOC2.0_WOC1.0_N2700_F270_R3,U_WPB_L56_DOC2.0_WOC1.0_N2700_F270,3,1
12,3,0,53,train,131,U_WPB_L56_DOC2.0_WOC1.0_N2700_F270_R4,U_WPB_L56_DOC2.0_WOC1.0_N2700_F270,4,1
12,3,0,53,train,132,U_WPB_L56_DOC2.0_WOC1.0_N3600_F360_R1,U_WPB_L56_DOC2.0_WOC1.0_N3600_F360,1,1
12,3,0,53,train,133,U_WPB_L56_DOC2.0_WOC1.0_N3600_F360_R2,U_WPB_L56_DOC2.0_WOC1.0_N3600_F360,2,1
12,3,0,53,train,134,U_WPB_L56_DOC2.0_WOC1.0_N3600_F360_R3,U_WPB_L56_DOC2.0_WOC1.0_N3600_F360,3,1
12,3,0,53,train,135,U_WPB_L56_DOC2.0_WOC1.0_N3600_F360_R4,U_WPB_L56_DOC2.0_WOC1.0_N3600_F360,4,1
12,3,0,53,train,144,U_WPB_L56_DOC3.0_WOC1.0_N3600_F360_R1,U_WPB_L56_DOC3.0_WOC1.0_N3600_F360,1,1
12,3,0,53,train,145,U_WPB_L56_DOC3.0_WOC1.0_N3600_F360_R2,U_WPB_L56_DOC3.0_WOC1.0_N3600_F360,2,1
12,3,0,53,train,146,U_WPB_L56_DOC3.0_WOC1.0_N3600_F360_R3,U_WPB_L56_DOC3.0_WOC1.0_N3600_F360,3,1
12,3,0,53,train,147,U_WPB_L56_DOC3.0_WOC1.0_N3600_F360_R4,U_WPB_L56_DOC3.0_WOC1.0_N3600_F360,4,1
12,3,0,53,train,148,U_WPB_L56_DOC4.0_WOC1.0_N2700_F270_R1,U_WPB_L56_DOC4.0_WOC1.0_N2700_F270,1,1
12,3,0,53,train,149,U_WPB_L56_DOC4.0_WOC1.0_N2700_F270_R2,U_WPB_L56_DOC4.0_WOC1.0_N2700_F270,2,1
12,3,0,53,train,150,U_WPB_L56_DOC4.0_WOC1.0_N2700_F270_R3,U_WPB_L56_DOC4.0_WOC1.0_N2700_F270,3,1
12,3,0,53,train,151,U_WPB_L56_DOC4.0_WOC1.0_N2700_F270_R4,U_WPB_L56_DOC4.0_WOC1.0_N2700_F270,4,1
12,3,0,53,train,152,U_WPB_L56_DOC4.0_WOC2.0_N2700_F270_R1,U_WPB_L56_DOC4.0_WOC2.0_N2700_F270,1,1
12,3,0,53,train,153,U_WPB_L56_DOC4.0_WOC2.0_N2700_F270_R2,U_WPB_L56_DOC4.0_WOC2.0_N2700_F270,2,1
12,3,0,53,train,154,U_WPB_L56_DOC4.0_WOC2.0_N2700_F270_R3,U_WPB_L56_DOC4.0_WOC2.0_N2700_F270,3,1
12,3,0,53,train,155,U_WPB_L56_DOC4.0_WOC2.0_N2700_F270_R4,U_WPB_L56_DOC4.0_WOC2.0_N2700_F270,4,1
12,3,0,53,train,156,U_WPB_L56_DOC6.0_WOC1.0_N2700_F270_R1,U_WPB_L56_DOC6.0_WOC1.0_N2700_F270,1,1
12,3,0,53,train,157,U_WPB_L56_DOC6.0_WOC1.0_N2700_F270_R2,U_WPB_L56_DOC6.0_WOC1.0_N2700_F270,2,1
12,3,0,53,train,158,U_WPB_L56_DOC6.0_WOC1.0_N2700_F270_R3,U_WPB_L56_DOC6.0_WOC1.0_N2700_F270,3,1
12,3,0,53,train,159,U_WPB_L56_DOC6.0_WOC1.0_N2700_F270_R4,U_WPB_L56_DOC6.0_WOC1.0_N2700_F270,4,1
12,3,0,53,test,8,S_WPA_L36_DOC0.5_WOC2.0_N2700_F270_R1,S_WPA_L36_DOC0.5_WOC2.0_N2700_F270,1,0
12,3,0,53,test,9,S_WPA_L36_DOC0.5_WOC2.0_N2700_F270_R2,S_WPA_L36_DOC0.5_WOC2.0_N2700_F270,2,0
12,3,0,53,test,10,S_WPA_L36_DOC0.5_WOC2.0_N2700_F270_R3,S_WPA_L36_DOC0.5_WOC2.0_N2700_F270,3,0
12,3,0,53,test,11,S_WPA_L36_DOC0.5_WOC2.0_N2700_F270_R4,S_WPA_L36_DOC0.5_WOC2.0_N2700_F270,4,0
12,3,0,53,test,20,S_WPA_L36_DOC1.0_WOC1.0_N3600_F360_R1,S_WPA_L36_DOC1.0_WOC1.0_N3600_F360,1,0
12,3,0,53,test,21,S_WPA_L36_DOC1.0_WOC1.0_N3600_F360_R2,S_WPA_L36_DOC1.0_WOC1.0_N3600_F360,2,0
12,3,0,53,test,22,S_WPA_L36_DOC1.0_WOC1.0_N3600_F360_R3,S_WPA_L36_DOC1.0_WOC1.0_N3600_F360,3,0
12,3,0,53,test,23,S_WPA_L36_DOC1.0_WOC1.0_N3600_F360_R4,S_WPA_L36_DOC1.0_WOC1.0_N3600_F360,4,0
12,3,0,53,test,28,S_WPA_L36_DOC1.5_WOC1.0_N1800_F180_R1,S_WPA_L36_DOC1.5_WOC1.0_N1800_F180,1,0
12,3,0,53,test,29,S_WPA_L36_DOC1.5_WOC1.0_N1800_F180_R2,S_WPA_L36_DOC1.5_WOC1.0_N1800_F180,2,0
12,3,0,53,test,30,S_WPA_L36_DOC1.5_WOC1.0_N1800_F180_R3,S_WPA_L36_DOC1.5_WOC1.0_N1800_F180,3,0
12,3,0,53,test,31,S_WPA_L36_DOC1.5_WOC1.0_N1800_F180_R4,S_WPA_L36_DOC1.5_WOC1.0_N1800_F180,4,0
12,3,0,53,test,44,S_WPA_L36_DOC2.0_WOC1.0_N2700_F270_R1,S_WPA_L36_DOC2.0_WOC1.0_N2700_F270,1,0
12,3,0,53,test,45,S_WPA_L36_DOC2.0_WOC1.0_N2700_F270_R2,S_WPA_L36_DOC2.0_WOC1.0_N2700_F270,2,0
12,3,0,53,test,46,S_WPA_L36_DOC2.0_WOC1.0_N2700_F270_R3,S_WPA_L36_DOC2.0_WOC1.0_N2700_F270,3,0
12,3,0,53,test,47,S_WPA_L36_DOC2.0_WOC1.0_N2700_F270_R4,S_WPA_L36_DOC2.0_WOC1.0_N2700_F270,4,0
12,3,0,53,test,68,S_WPB_L56_DOC0.5_WOC1.0_N3600_F360_R1,S_WPB_L56_DOC0.5_WOC1.0_N3600_F360,1,0
12,3,0,53,test,69,S_WPB_L56_DOC0.5_WOC1.0_N3600_F360_R2,S_WPB_L56_DOC0.5_WOC1.0_N3600_F360,2,0
12,3,0,53,test,70,S_WPB_L56_DOC0.5_WOC1.0_N3600_F360_R3,S_WPB_L56_DOC0.5_WOC1.0_N3600_F360,3,0
12,3,0,53,test,71,S_WPB_L56_DOC0.5_WOC1.0_N3600_F360_R4,S_WPB_L56_DOC0.5_WOC1.0_N3600_F360,4,0
12,3,0,53,test,88,S_WPB_L56_DOC1.0_WOC2.0_N2700_F270_R1,S_WPB_L56_DOC1.0_WOC2.0_N2700_F270,1,0
12,3,0,53,test,89,S_WPB_L56_DOC1.0_WOC2.0_N2700_F270_R2,S_WPB_L56_DOC1.0_WOC2.0_N2700_F270,2,0
12,3,0,53,test,90,S_WPB_L56_DOC1.0_WOC2.0_N2700_F270_R3,S_WPB_L56_DOC1.0_WOC2.0_N2700_F270,3,0
12,3,0,53,test,91,S_WPB_L56_DOC1.0_WOC2.0_N2700_F270_R4,S_WPB_L56_DOC1.0_WOC2.0_N2700_F270,4,0
12,3,0,53,test,92,S_WPB_L56_DOC1.5_WOC1.0_N1800_F180_R1,S_WPB_L56_DOC1.5_WOC1.0_N1800_F180,1,0
12,3,0,53,test,93,S_WPB_L56_DOC1.5_WOC1.0_N1800_F180_R2,S_WPB_L56_DOC1.5_WOC1.0_N1800_F180,2,0
12,3,0,53,test,94,S_WPB_L56_DOC1.5_WOC1.0_N1800_F180_R3,S_WPB_L56_DOC1.5_WOC1.0_N1800_F180,3,0
12,3,0,53,test,95,S_WPB_L56_DOC1.5_WOC1.0_N1800_F180_R4,S_WPB_L56_DOC1.5_WOC1.0_N1800_F180,4,0
12,3,0,53,test,120,U_WPA_L36_DOC4.0_WOC2.0_N2700_F270_R1,U_WPA_L36_DOC4.0_WOC2.0_N2700_F270,1,1
12,3,0,53,test,121,U_WPA_L36_DOC4.0_WOC2.0_N2700_F270_R2,U_WPA_L36_DOC4.0_WOC2.0_N2700_F270,2,1
12,3,0,53,test,122,U_WPA_L36_DOC4.0_WOC2.0_N2700_F270_R3,U_WPA_L36_DOC4.0_WOC2.0_N2700_F270,3,1
12,3,0,53,test,123,U_WPA_L36_DOC4.0_WOC2.0_N2700_F270_R4,U_WPA_L36_DOC4.0_WOC2.0_N2700_F270,4,1
12,3,0,53,test,136,U_WPB_L56_DOC2.0_WOC2.0_N2700_F270_R1,U_WPB_L56_DOC2.0_WOC2.0_N2700_F270,1,1
12,3,0,53,test,137,U_WPB_L56_DOC2.0_WOC2.0_N2700_F270_R2,U_WPB_L56_DOC2.0_WOC2.0_N2700_F270,2,1
12,3,0,53,test,138,U_WPB_L56_DOC2.0_WOC2.0_N2700_F270_R3,U_WPB_L56_DOC2.0_WOC2.0_N2700_F270,3,1
12,3,0,53,test,139,U_WPB_L56_DOC2.0_WOC2.0_N2700_F270_R4,U_WPB_L56_DOC2.0_WOC2.0_N2700_F270,4,1
12,3,0,53,test,140,U_WPB_L56_DOC3.0_WOC1.0_N1800_F180_R1,U_WPB_L56_DOC3.0_WOC1.0_N1800_F180,1,1
12,3,0,53,test,141,U_WPB_L56_DOC3.0_WOC1.0_N1800_F180_R2,U_WPB_L56_DOC3.0_WOC1.0_N1800_F180,2,1
12,3,0,53,test,142,U_WPB_L56_DOC3.0_WOC1.0_N1800_F180_R3,U_WPB_L56_DOC3.0_WOC1.0_N1800_F180,3,1
12,3,0,53,test,143,U_WPB_L56_DOC3.0_WOC1.0_N1800_F180_R4,U_WPB_L56_DOC3.0_WOC1.0_N1800_F180,4,1
13,3,1,53,train,0,S_WPA_L36_DOC0.5_WOC1.0_N2700_F270_R1,S_WPA_L36_DOC0.5_WOC1.0_N2700_F270,1,0
13,3,1,53,train,1,S_WPA_L36_DOC0.5_WOC1.0_N2700_F270_R2,S_WPA_L36_DOC0.5_WOC1.0_N2700_F270,2,0
13,3,1,53,train,2,S_WPA_L36_DOC0.5_WOC1.0_N2700_F270_R3,S_WPA_L36_DOC0.5_WOC1.0_N2700_F270,3,0
13,3,1,53,train,3,S_WPA_L36_DOC0.5_WOC1.0_N2700_F270_R4,S_WPA_L36_DOC0.5_WOC1.0_N2700_F270,4,0
13,3,1,53,train,4,S_WPA_L36_DOC0.5_WOC1.0_N3600_F360_R1,S_WPA_L36_DOC0.5_WOC1.0_N3600_F360,1,0
13,3,1,53,train,5,S_WPA_L36_DOC0.5_WOC1.0_N3600_F360_R2,S_WPA_L36_DOC0.5_WOC1.0_N3600_F360,2,0
13,3,1,53,train,6,S_WPA_L36_DOC0.5_WOC1.0_N3600_F360_R3,S_WPA_L36_DOC0.5_WOC1.0_N3600_F360,3,0
13,3,1,53,train,7,S_WPA_L36_DOC0.5_WOC1.0_N3600_F360_R4,S_WPA_L36_DOC0.5_WOC1.0_N3600_F360,4,0
13,3,1,53,train,8,S_WPA_L36_DOC0.5_WOC2.0_N2700_F270_R1,S_WPA_L36_DOC0.5_WOC2.0_N2700_F270,1,0
13,3,1,53,train,9,S_WPA_L36_DOC0.5_WOC2.0_N2700_F270_R2,S_WPA_L36_DOC0.5_WOC2.0_N2700_F270,2,0
13,3,1,53,train,10,S_WPA_L36_DOC0.5_WOC2.0_N2700_F270_R3,S_WPA_L36_DOC0.5_WOC2.0_N2700_F270,3,0
13,3,1,53,train,11,S_WPA_L36_DOC0.5_WOC2.0_N2700_F270_R4,S_WPA_L36_DOC0.5_WOC2.0_N2700_F270,4,0
13,3,1,53,train,20,S_WPA_L36_DOC1.0_WOC1.0_N3600_F360_R1,S_WPA_L36_DOC1.0_WOC1.0_N3600_F360,1,0
13,3,1,53,train,21,S_WPA_L36_DOC1.0_WOC1.0_N3600_F360_R2,S_WPA_L36_DOC1.0_WOC1.0_N3600_F360,2,0
13,3,1,53,train,22,S_WPA_L36_DOC1.0_WOC1.0_N3600_F360_R3,S_WPA_L36_DOC1.0_WOC1.0_N3600_F360,3,0
13,3,1,53,train,23,S_WPA_L36_DOC1.0_WOC1.0_N3600_F360_R4,S_WPA_L36_DOC1.0_WOC1.0_N3600_F360,4,0
13,3,1,53,train,24,S_WPA_L36_DOC1.0_WOC2.0_N2700_F270_R1,S_WPA_L36_DOC1.0_WOC2.0_N2700_F270,1,0
13,3,1,53,train,25,S_WPA_L36_DOC1.0_WOC2.0_N2700_F270_R2,S_WPA_L36_DOC1.0_WOC2.0_N2700_F270,2,0
13,3,1,53,train,26,S_WPA_L36_DOC1.0_WOC2.0_N2700_F270_R3,S_WPA_L36_DOC1.0_WOC2.0_N2700_F270,3,0
13,3,1,53,train,27,S_WPA_L36_DOC1.0_WOC2.0_N2700_F270_R4,S_WPA_L36_DOC1.0_WOC2.0_N2700_F270,4,0
13,3,1,53,train,28,S_WPA_L36_DOC1.5_WOC1.0_N1800_F180_R1,S_WPA_L36_DOC1.5_WOC1.0_N1800_F180,1,0
13,3,1,53,train,29,S_WPA_L36_DOC1.5_WOC1.0_N1800_F180_R2,S_WPA_L36_DOC1.5_WOC1.0_N1800_F180,2,0
13,3,1,53,train,30,S_WPA_L36_DOC1.5_WOC1.0_N1800_F180_R3,S_WPA_L36_DOC1.5_WOC1.0_N1800_F180,3,0
13,3,1,53,train,31,S_WPA_L36_DOC1.5_WOC1.0_N1800_F180_R4,S_WPA_L36_DOC1.5_WOC1.0_N1800_F180,4,0
13,3,1,53,train,44,S_WPA_L36_DOC2.0_WOC1.0_N2700_F270_R1,S_WPA_L36_DOC2.0_WOC1.0_N2700_F270,1,0
13,3,1,53,train,45,S_WPA_L36_DOC2.0_WOC1.0_N2700_F270_R2,S_WPA_L36_DOC2.0_WOC1.0_N2700_F270,2,0
13,3,1,53,train,46,S_WPA_L36_DOC2.0_WOC1.0_N2700_F270_R3,S_WPA_L36_DOC2.0_WOC1.0_N2700_F270,3,0
13,3,1,53,train,47,S_WPA_L36_DOC2.0_WOC1.0_N2700_F270_R4,S_WPA_L36_DOC2.0_WOC1.0_N2700_F270,4,0
13,3,1,53,train,48,S_WPA_L36_DOC3.0_WOC1.0_N1800_F180_R1,S_WPA_L36_DOC3.0_WOC1.0_N1800_F180,1,0
13,3,1,53,train,49,S_WPA_L36_DOC3.0_WOC1.0_N1800_F180_R2,S_WPA_L36_DOC3.0_WOC1.0_N1800_F180,2,0
13,3,1,53,train,50,S_WPA_L36_DOC3.0_WOC1.0_N1800_F180_R3,S_WPA_L36_DOC3.0_WOC1.0_N1800_F180,3,0
13,3,1,53,train,51,S_WPA_L36_DOC3.0_WOC1.0_N1800_F180_R4,S_WPA_L36_DOC3.0_WOC1.0_N1800_F180,4,0
13,3,1,53,train,52,S_WPA_L36_DOC4.0_WOC1.0_N2700_F270_R1,S_WPA_L36_DOC4.0_WOC1.0_N2700_F270,1,0
13,3,1,53,train,53,S_WPA_L36_DOC4.0_WOC1.0_N2700_F270_R2,S_WPA_L36_DOC4.0_WOC1.0_N2700_F270,2,0
13,3,1,53,train,54,S_WPA_L36_DOC4.0_WOC1.0_N2700_F270_R3,S_WPA_L36_DOC4.0_WOC1.0_N2700_F270,3,0
13,3,1,53,train,55,S_WPA_L36_DOC4.0_WOC1.0_N2700_F270_R4,S_WPA_L36_DOC4.0_WOC1.0_N2700_F270,4,0
13,3,1,53,train,60,S_WPB_L56_DOC0.5_WOC1.0_N1800_F180_R1,S_WPB_L56_DOC0.5_WOC1.0_N1800_F180,1,0
13,3,1,53,train,61,S_WPB_L56_DOC0.5_WOC1.0_N1800_F180_R2,S_WPB_L56_DOC0.5_WOC1.0_N1800_F180,2,0
13,3,1,53,train,62,S_WPB_L56_DOC0.5_WOC1.0_N1800_F180_R3,S_WPB_L56_DOC0.5_WOC1.0_N1800_F180,3,0
13,3,1,53,train,63,S_WPB_L56_DOC0.5_WOC1.0_N1800_F180_R4,S_WPB_L56_DOC0.5_WOC1.0_N1800_F180,4,0
13,3,1,53,train,64,S_WPB_L56_DOC0.5_WOC1.0_N2700_F270_R1,S_WPB_L56_DOC0.5_WOC1.0_N2700_F270,1,0
13,3,1,53,train,65,S_WPB_L56_DOC0.5_WOC1.0_N2700_F270_R2,S_WPB_L56_DOC0.5_WOC1.0_N2700_F270,2,0
13,3,1,53,train,66,S_WPB_L56_DOC0.5_WOC1.0_N2700_F270_R3,S_WPB_L56_DOC0.5_WOC1.0_N2700_F270,3,0
13,3,1,53,train,67,S_WPB_L56_DOC0.5_WOC1.0_N2700_F270_R4,S_WPB_L56_DOC0.5_WOC1.0_N2700_F270,4,0
13,3,1,53,train,68,S_WPB_L56_DOC0.5_WOC1.0_N3600_F360_R1,S_WPB_L56_DOC0.5_WOC1.0_N3600_F360,1,0
13,3,1,53,train,69,S_WPB_L56_DOC0.5_WOC1.0_N3600_F360_R2,S_WPB_L56_DOC0.5_WOC1.0_N3600_F360,2,0
13,3,1,53,train,70,S_WPB_L56_DOC0.5_WOC1.0_N3600_F360_R3,S_WPB_L56_DOC0.5_WOC1.0_N3600_F360,3,0
13,3,1,53,train,71,S_WPB_L56_DOC0.5_WOC1.0_N3600_F360_R4,S_WPB_L56_DOC0.5_WOC1.0_N3600_F360,4,0
13,3,1,53,train,72,S_WPB_L56_DOC0.5_WOC2.0_N2700_F270_R1,S_WPB_L56_DOC0.5_WOC2.0_N2700_F270,1,0
13,3,1,53,train,73,S_WPB_L56_DOC0.5_WOC2.0_N2700_F270_R2,S_WPB_L56_DOC0.5_WOC2.0_N2700_F270,2,0
13,3,1,53,train,74,S_WPB_L56_DOC0.5_WOC2.0_N2700_F270_R3,S_WPB_L56_DOC0.5_WOC2.0_N2700_F270,3,0
13,3,1,53,train,75,S_WPB_L56_DOC0.5_WOC2.0_N2700_F270_R4,S_WPB_L56_DOC0.5_WOC2.0_N2700_F270,4,0
13,3,1,53,train,76,S_WPB_L56_DOC1.0_WOC1.0_N1800_F180_R1,S_WPB_L56_DOC1.0_WOC1.0_N1800_F180,1,0
13,3,1,53,train,77,S_WPB_L56_DOC1.0_WOC1.0_N1800_F180_R2,S_WPB_L56_DOC1.0_WOC1.0_N1800_F180,2,0
13,3,1,53,train,78,S_WPB_L56_DOC1.0_WOC1.0_N1800_F180_R3,S_WPB_L56_DOC1.0_WOC1.0_N1800_F180,3,0
13,3,1,53,train,79,S_WPB_L56_DOC1.0_WOC1.0_N1800_F180_R4,S_WPB_L56_DOC1.0_WOC1.0_N1800_F180,4,0
13,3,1,53,train,80,S_WPB_L56_DOC1.0_WOC1.0_N2700_F270_R1,S_WPB_L56_DOC1.0_WOC1.0_N2700_F270,1,0
13,3,1,53,train,81,S_WPB_L56_DOC1.0_WOC1.0_N2700_F270_R2,S_WPB_L56_DOC1.0_WOC1.0_N2700_F270,2,0
13,3,1,53,train,82,S_WPB_L56_DOC1.0_WOC1.0_N2700_F270_R3,S_WPB_L56_DOC1.0_WOC1.0_N2700_F270,3,0
13,3,1,53,train,83,S_WPB_L56_DOC1.0_WOC1.0_N2700_F270_R4,S_WPB_L56_DOC1.0_WOC1.0_N2700_F270,4,0
13,3,1,53,train,84,S_WPB_L56_DOC1.0_WOC1.0_N3600_F360_R1,S_WPB_L56_DOC1.0_WOC1.0_N3600_F360,1,0
13,3,1,53,train,85,S_WPB_L56_DOC1.0_WOC1.0_N3600_F360_R2,S_WPB_L56_DOC1.0_WOC1.0_N3600_F360,2,0
13,3,1,53,train,86,S_WPB_L56_DOC1.0_WOC1.0_N3600_F360_R3,S_WPB_L56_DOC1.0_WOC1.0_N3600_F360,3,0
13,3,1,53,train,87,S_WPB_L56_DOC1.0_WOC1.0_N3600_F360_R4,S_WPB_L56_DOC1.0_WOC1.0_N3600_F360,4,0
13,3,1,53,train,88,S_WPB_L56_DOC1.0_WOC2.0_N2700_F270_R1,S_WPB_L56_DOC1.0_WOC2.0_N2700_F270,1,0
13,3,1,53,train,89,S_WPB_L56_DOC1.0_WOC2.0_N2700_F270_R2,S_WPB_L56_DOC1.0_WOC2.0_N2700_F270,2,0
13,3,1,53,train,90,S_WPB_L56_DOC1.0_WOC2.0_N2700_F270_R3,S_WPB_L56_DOC1.0_WOC2.0_N2700_F270,3,0
13,3,1,53,train,91,S_WPB_L56_DOC1.0_WOC2.0_N2700_F270_R4,S_WPB_L56_DOC1.0_WOC2.0_N2700_F270,4,0
13,3,1,53,train,92,S_WPB_L56_DOC1.5_WOC1.0_N1800_F180_R1,S_WPB_L56_DOC1.5_WOC1.0_N1800_F180,1,0
13,3,1,53,train,93,S_WPB_L56_DOC1.5_WOC1.0_N1800_F180_R2,S_WPB_L56_DOC1.5_WOC1.0_N1800_F180,2,0
13,3,1,53,train,94,S_WPB_L56_DOC1.5_WOC1.0_N1800_F180_R3,S_WPB_L56_DOC1.5_WOC1.0_N1800_F180,3,0
13,3,1,53,train,95,S_WPB_L56_DOC1.5_WOC1.0_N1800_F180_R4,S_WPB_L56_DOC1.5_WOC1.0_N1800_F180,4,0
13,3,1,53,train,96,S_WPB_L56_DOC1.5_WOC1.0_N2700_F270_R1,S_WPB_L56_DOC1.5_WOC1.0_N2700_F270,1,0
13,3,1,53,train,97,S_WPB_L56_DOC1.5_WOC1.0_N2700_F270_R2,S_WPB_L56_DOC1.5_WOC1.0_N2700_F270,2,0
13,3,1,53,train,98,S_WPB_L56_DOC1.5_WOC1.0_N2700_F270_R3,S_WPB_L56_DOC1.5_WOC1.0_N2700_F270,3,0
13,3,1,53,train,99,S_WPB_L56_DOC1.5_WOC1.0_N2700_F270_R4,S_WPB_L56_DOC1.5_WOC1.0_N2700_F270,4,0
13,3,1,53,train,104,S_WPB_L56_DOC1.5_WOC2.0_N2700_F270_R1,S_WPB_L56_DOC1.5_WOC2.0_N2700_F270,1,0
13,3,1,53,train,105,S_WPB_L56_DOC1.5_WOC2.0_N2700_F270_R2,S_WPB_L56_DOC1.5_WOC2.0_N2700_F270,2,0
13,3,1,53,train,106,S_WPB_L56_DOC1.5_WOC2.0_N2700_F270_R3,S_WPB_L56_DOC1.5_WOC2.0_N2700_F270,3,0
13,3,1,53,train,107,S_WPB_L56_DOC1.5_WOC2.0_N2700_F270_R4,S_WPB_L56_DOC1.5_WOC2.0_N2700_F270,4,0
13,3,1,53,train,108,U_WPA_L36_DOC2.0_WOC1.0_N3600_F360_R1,U_WPA_L36_DOC2.0_WOC1.0_N3600_F360,1,1
13,3,1,53,train,109,U_WPA_L36_DOC2.0_WOC1.0_N3600_F360_R2,U_WPA_L36_DOC2.0_WOC1.0_N3600_F360,2,1
13,3,1,53,train,110,U_WPA_L36_DOC2.0_WOC1.0_N3600_F360_R3,U_WPA_L36_DOC2.0_WOC1.0_N3600_F360,3,1
13,3,1,53,train,111,U_WPA_L36_DOC2.0_WOC1.0_N3600_F360_R4,U_WPA_L36_DOC2.0_WOC1.0_N3600_F360,4,1
13,3,1,53,train,116,U_WPA_L36_DOC3.0_WOC1.0_N3600_F360_R1,U_WPA_L36_DOC3.0_WOC1.0_N3600_F360,1,1
13,3,1,53,train,117,U_WPA_L36_DOC3.0_WOC1.0_N3600_F360_R2,U_WPA_L36_DOC3.0_WOC1.0_N3600_F360,2,1
13,3,1,53,train,118,U_WPA_L36_DOC3.0_WOC1.0_N3600_F360_R3,U_WPA_L36_DOC3.0_WOC1.0_N3600_F360,3,1
13,3,1,53,train,119,U_WPA_L36_DOC3.0_WOC1.0_N3600_F360_R4,U_WPA_L36_DOC3.0_WOC1.0_N3600_F360,4,1
13,3,1,53,train,120,U_WPA_L36_DOC4.0_WOC2.0_N2700_F270_R1,U_WPA_L36_DOC4.0_WOC2.0_N2700_F270,1,1
13,3,1,53,train,121,U_WPA_L36_DOC4.0_WOC2.0_N2700_F270_R2,U_WPA_L36_DOC4.0_WOC2.0_N2700_F270,2,1
13,3,1,53,train,122,U_WPA_L36_DOC4.0_WOC2.0_N2700_F270_R3,U_WPA_L36_DOC4.0_WOC2.0_N2700_F270,3,1
13,3,1,53,train,123,U_WPA_L36_DOC4.0_WOC2.0_N2700_F270_R4,U_WPA_L36_DOC4.0_WOC2.0_N2700_F270,4,1
13,3,1,53,train,128,U_WPB_L56_DOC2.0_WOC1.0_N2700_F270_R1,U_WPB_L56_DOC2.0_WOC1.0_N2700_F270,1,1
13,3,1,53,train,129,U_WPB_L56_DOC2.0_WOC1.0_N2700_F270_R2,U_WPB_L56_DOC2.0_WOC1.0_N2700_F270,2,1
13,3,1,53,train,130,U_WPB_L56_DOC2.0_WOC1.0_N2700_F270_R3,U_WPB_L56_DOC2.0_WOC1.0_N2700_F270,3,1
13,3,1,53,train,131,U_WPB_L56_DOC2.0_WOC1.0_N2700_F270_R4,U_WPB_L56_DOC2.0_WOC1.0_N2700_F270,4,1
13,3,1,53,train,132,U_WPB_L56_DOC2.0_WOC1.0_N3600_F360_R1,U_WPB_L56_DOC2.0_WOC1.0_N3600_F360,1,1
13,3,1,53,train,133,U_WPB_L56_DOC2.0_WOC1.0_N3600_F360_R2,U_WPB_L56_DOC2.0_WOC1.0_N3600_F360,2,1
13,3,1,53,train,134,U_WPB_L56_DOC2.0_WOC1.0_N3600_F360_R3,U_WPB_L56_DOC2.0_WOC1.0_N3600_F360,3,1
13,3,1,53,train,135,U_WPB_L56_DOC2.0_WOC1.0_N3600_F360_R4,U_WPB_L56_DOC2.0_WOC1.0_N3600_F360,4,1
13,3,1,53,train,136,U_WPB_L56_DOC2.0_WOC2.0_N2700_F270_R1,U_WPB_L56_DOC2.0_WOC2.0_N2700_F270,1,1
13,3,1,53,train,137,U_WPB_L56_DOC2.0_WOC2.0_N2700_F270_R2,U_WPB_L56_DOC2.0_WOC2.0_N2700_F270,2,1
13,3,1,53,train,138,U_WPB_L56_DOC2.0_WOC2.0_N2700_F270_R3,U_WPB_L56_DOC2.0_WOC2.0_N2700_F270,3,1
13,3,1,53,train,139,U_WPB_L56_DOC2.0_WOC2.0_N2700_F270_R4,U_WPB_L56_DOC2.0_WOC2.0_N2700_F270,4,1
13,3,1,53,train,140,U_WPB_L56_DOC3.0_WOC1.0_N1800_F180_R1,U_WPB_L56_DOC3.0_WOC1.0_N1800_F180,1,1
13,3,1,53,train,141,U_WPB_L56_DOC3.0_WOC1.0_N1800_F180_R2,U_WPB_L56_DOC3.0_WOC1.0_N1800_F180,2,1
13,3,1,53,train,142,U_WPB_L56_DOC3.0_WOC1.0_N1800_F180_R3,U_WPB_L56_DOC3.0_WOC1.0_N1800_F180,3,1
13,3,1,53,train,143,U_WPB_L56_DOC3.0_WOC1.0_N1800_F180_R4,U_WPB_L56_DOC3.0_WOC1.0_N1800_F180,4,1
13,3,1,53,train,144,U_WPB_L56_DOC3.0_WOC1.0_N3600_F360_R1,U_WPB_L56_DOC3.0_WOC1.0_N3600_F360,1,1
13,3,1,53,train,145,U_WPB_L56_DOC3.0_WOC1.0_N3600_F360_R2,U_WPB_L56_DOC3.0_WOC1.0_N3600_F360,2,1
13,3,1,53,train,146,U_WPB_L56_DOC3.0_WOC1.0_N3600_F360_R3,U_WPB_L56_DOC3.0_WOC1.0_N3600_F360,3,1
13,3,1,53,train,147,U_WPB_L56_DOC3.0_WOC1.0_N3600_F360_R4,U_WPB_L56_DOC3.0_WOC1.0_N3600_F360,4,1
13,3,1,53,train,148,U_WPB_L56_DOC4.0_WOC1.0_N2700_F270_R1,U_WPB_L56_DOC4.0_WOC1.0_N2700_F270,1,1
13,3,1,53,train,149,U_WPB_L56_DOC4.0_WOC1.0_N2700_F270_R2,U_WPB_L56_DOC4.0_WOC1.0_N2700_F270,2,1
13,3,1,53,train,150,U_WPB_L56_DOC4.0_WOC1.0_N2700_F270_R3,U_WPB_L56_DOC4.0_WOC1.0_N2700_F270,3,1
13,3,1,53,train,151,U_WPB_L56_DOC4.0_WOC1.0_N2700_F270_R4,U_WPB_L56_DOC4.0_WOC1.0_N2700_F270,4,1
13,3,1,53,train,152,U_WPB_L56_DOC4.0_WOC2.0_N2700_F270_R1,U_WPB_L56_DOC4.0_WOC2.0_N2700_F270,1,1
13,3,1,53,train,153,U_WPB_L56_DOC4.0_WOC2.0_N2700_F270_R2,U_WPB_L56_DOC4.0_WOC2.0_N2700_F270,2,1
13,3,1,53,train,154,U_WPB_L56_DOC4.0_WOC2.0_N2700_F270_R3,U_WPB_L56_DOC4.0_WOC2.0_N2700_F270,3,1
13,3,1,53,train,155,U_WPB_L56_DOC4.0_WOC2.0_N2700_F270_R4,U_WPB_L56_DOC4.0_WOC2.0_N2700_F270,4,1
13,3,1,53,test,12,S_WPA_L36_DOC1.0_WOC1.0_N1800_F180_R1,S_WPA_L36_DOC1.0_WOC1.0_N1800_F180,1,0
13,3,1,53,test,13,S_WPA_L36_DOC1.0_WOC1.0_N1800_F180_R2,S_WPA_L36_DOC1.0_WOC1.0_N1800_F180,2,0
13,3,1,53,test,14,S_WPA_L36_DOC1.0_WOC1.0_N1800_F180_R3,S_WPA_L36_DOC1.0_WOC1.0_N1800_F180,3,0
13,3,1,53,test,15,S_WPA_L36_DOC1.0_WOC1.0_N1800_F180_R4,S_WPA_L36_DOC1.0_WOC1.0_N1800_F180,4,0
13,3,1,53,test,16,S_WPA_L36_DOC1.0_WOC1.0_N2700_F270_R1,S_WPA_L36_DOC1.0_WOC1.0_N2700_F270,1,0
13,3,1,53,test,17,S_WPA_L36_DOC1.0_WOC1.0_N2700_F270_R2,S_WPA_L36_DOC1.0_WOC1.0_N2700_F270,2,0
13,3,1,53,test,18,S_WPA_L36_DOC1.0_WOC1.0_N2700_F270_R3,S_WPA_L36_DOC1.0_WOC1.0_N2700_F270,3,0
13,3,1,53,test,19,S_WPA_L36_DOC1.0_WOC1.0_N2700_F270_R4,S_WPA_L36_DOC1.0_WOC1.0_N2700_F270,4,0
13,3,1,53,test,32,S_WPA_L36_DOC1.5_WOC1.0_N3600_F360_R1,S_WPA_L36_DOC1.5_WOC1.0_N3600_F360,1,0
13,3,1,53,test,33,S_WPA_L36_DOC1.5_WOC1.0_N3600_F360_R2,S_WPA_L36_DOC1.5_WOC1.0_N3600_F360,2,0
13,3,1,53,test,34,S_WPA_L36_DOC1.5_WOC1.0_N3600_F360_R3,S_WPA_L36_DOC1.5_WOC1.0_N3600_F360,3,0
13,3,1,53,test,35,S_WPA_L36_DOC1.5_WOC1.0_N3600_F360_R4,S_WPA_L36_DOC1.5_WOC1.0_N3600_F360,4,0
13,3,1,53,test,36,S_WPA_L36_DOC1.5_WOC2.0_N2700_F270_R1,S_WPA_L36_DOC1.5_WOC2.0_N2700_F270,1,0
13,3,1,53,test,37,S_WPA_L36_DOC1.5_WOC2.0_N2700_F270_R2,S_WPA_L36_DOC1.5_WOC2.0_N2700_F270,2,0
13,3,1,53,test,38,S_WPA_L36_DOC1.5_WOC2.0_N2700_F270_R3,S_WPA_L36_DOC1.5_WOC2.0_N2700_F270,3,0
13,3,1,53,test,39,S_WPA_L36_DOC1.5_WOC2.0_N2700_F270_R4,S_WPA_L36_DOC1.5_WOC2.0_N2700_F270,4,0
13,3,1,53,test,40,S_WPA_L36_DOC2.0_WOC1.0_N1800_F180_R1,S_WPA_L36_DOC2.0_WOC1.0_N1800_F180,1,0
13,3,1,53,test,41,S_WPA_L36_DOC2.0_WOC1.0_N1800_F180_R2,S_WPA_L36_DOC2.0_WOC1.0_N1800_F180,2,0
13,3,1,53,test,42,S_WPA_L36_DOC2.0_WOC1.0_N1800_F180_R3,S_WPA_L36_DOC2.0_WOC1.0_N1800_F180,3,0
13,3,1,53,test,43,S_WPA_L36_DOC2.0_WOC1.0_N1800_F180_R4,S_WPA_L36_DOC2.0_WOC1.0_N1800_F180,4,0
13,3,1,53,test,56,S_WPA_L36_DOC6.0_WOC1.0_N2700_F270_R1,S_WPA_L36_DOC6.0_WOC1.0_N2700_F270,1,0
13,3,1,53,test,57,S_WPA_L36_DOC6.0_WOC1.0_N2700_F270_R2,S_WPA_L36_DOC6.0_WOC1.0_N2700_F270,2,0
13,3,1,53,test,58,S_WPA_L36_DOC6.0_WOC1.0_N2700_F270_R3,S_WPA_L36_DOC6.0_WOC1.0_N2700_F270,3,0
13,3,1,53,test,59,S_WPA_L36_DOC6.0_WOC1.0_N2700_F270_R4,S_WPA_L36_DOC6.0_WOC1.0_N2700_F270,4,0
13,3,1,53,test,100,S_WPB_L56_DOC1.5_WOC1.0_N3600_F360_R1,S_WPB_L56_DOC1.5_WOC1.0_N3600_F360,1,0
13,3,1,53,test,101,S_WPB_L56_DOC1.5_WOC1.0_N3600_F360_R2,S_WPB_L56_DOC1.5_WOC1.0_N3600_F360,2,0
13,3,1,53,test,102,S_WPB_L56_DOC1.5_WOC1.0_N3600_F360_R3,S_WPB_L56_DOC1.5_WOC1.0_N3600_F360,3,0
13,3,1,53,test,103,S_WPB_L56_DOC1.5_WOC1.0_N3600_F360_R4,S_WPB_L56_DOC1.5_WOC1.0_N3600_F360,4,0
13,3,1,53,test,112,U_WPA_L36_DOC2.0_WOC2.0_N2700_F270_R1,U_WPA_L36_DOC2.0_WOC2.0_N2700_F270,1,1
13,3,1,53,test,113,U_WPA_L36_DOC2.0_WOC2.0_N2700_F270_R2,U_WPA_L36_DOC2.0_WOC2.0_N2700_F270,2,1
13,3,1,53,test,114,U_WPA_L36_DOC2.0_WOC2.0_N2700_F270_R3,U_WPA_L36_DOC2.0_WOC2.0_N2700_F270,3,1
13,3,1,53,test,115,U_WPA_L36_DOC2.0_WOC2.0_N2700_F270_R4,U_WPA_L36_DOC2.0_WOC2.0_N2700_F270,4,1
13,3,1,53,test,124,U_WPB_L56_DOC2.0_WOC1.0_N1800_F180_R1,U_WPB_L56_DOC2.0_WOC1.0_N1800_F180,1,1
13,3,1,53,test,125,U_WPB_L56_DOC2.0_WOC1.0_N1800_F180_R2,U_WPB_L56_DOC2.0_WOC1.0_N1800_F180,2,1
13,3,1,53,test,126,U_WPB_L56_DOC2.0_WOC1.0_N1800_F180_R3,U_WPB_L56_DOC2.0_WOC1.0_N1800_F180,3,1
13,3,1,53,test,127,U_WPB_L56_DOC2.0_WOC1.0_N1800_F180_R4,U_WPB_L56_DOC2.0_WOC1.0_N1800_F180,4,1
13,3,1,53,test,156,U_WPB_L56_DOC6.0_WOC1.0_N2700_F270_R1,U_WPB_L56_DOC6.0_WOC1.0_N2700_F270,1,1
13,3,1,53,test,157,U_WPB_L56_DOC6.0_WOC1.0_N2700_F270_R2,U_WPB_L56_DOC6.0_WOC1.0_N2700_F270,2,1
13,3,1,53,test,158,U_WPB_L56_DOC6.0_WOC1.0_N2700_F270_R3,U_WPB_L56_DOC6.0_WOC1.0_N2700_F270,3,1
13,3,1,53,test,159,U_WPB_L56_DOC6.0_WOC1.0_N2700_F270_R4,U_WPB_L56_DOC6.0_WOC1.0_N2700_F270,4,1
14,3,2,53,train,0,S_WPA_L36_DOC0.5_WOC1.0_N2700_F270_R1,S_WPA_L36_DOC0.5_WOC1.0_N2700_F270,1,0
14,3,2,53,train,1,S_WPA_L36_DOC0.5_WOC1.0_N2700_F270_R2,S_WPA_L36_DOC0.5_WOC1.0_N2700_F270,2,0
14,3,2,53,train,2,S_WPA_L36_DOC0.5_WOC1.0_N2700_F270_R3,S_WPA_L36_DOC0.5_WOC1.0_N2700_F270,3,0
14,3,2,53,train,3,S_WPA_L36_DOC0.5_WOC1.0_N2700_F270_R4,S_WPA_L36_DOC0.5_WOC1.0_N2700_F270,4,0
14,3,2,53,train,8,S_WPA_L36_DOC0.5_WOC2.0_N2700_F270_R1,S_WPA_L36_DOC0.5_WOC2.0_N2700_F270,1,0
14,3,2,53,train,9,S_WPA_L36_DOC0.5_WOC2.0_N2700_F270_R2,S_WPA_L36_DOC0.5_WOC2.0_N2700_F270,2,0
14,3,2,53,train,10,S_WPA_L36_DOC0.5_WOC2.0_N2700_F270_R3,S_WPA_L36_DOC0.5_WOC2.0_N2700_F270,3,0
14,3,2,53,train,11,S_WPA_L36_DOC0.5_WOC2.0_N2700_F270_R4,S_WPA_L36_DOC0.5_WOC2.0_N2700_F270,4,0
14,3,2,53,train,12,S_WPA_L36_DOC1.0_WOC1.0_N1800_F180_R1,S_WPA_L36_DOC1.0_WOC1.0_N1800_F180,1,0
14,3,2,53,train,13,S_WPA_L36_DOC1.0_WOC1.0_N1800_F180_R2,S_WPA_L36_DOC1.0_WOC1.0_N1800_F180,2,0
14,3,2,53,train,14,S_WPA_L36_DOC1.0_WOC1.0_N1800_F180_R3,S_WPA_L36_DOC1.0_WOC1.0_N1800_F180,3,0
14,3,2,53,train,15,S_WPA_L36_DOC1.0_WOC1.0_N1800_F180_R4,S_WPA_L36_DOC1.0_WOC1.0_N1800_F180,4,0
14,3,2,53,train,16,S_WPA_L36_DOC1.0_WOC1.0_N2700_F270_R1,S_WPA_L36_DOC1.0_WOC1.0_N2700_F270,1,0
14,3,2,53,train,17,S_WPA_L36_DOC1.0_WOC1.0_N2700_F270_R2,S_WPA_L36_DOC1.0_WOC1.0_N2700_F270,2,0
14,3,2,53,train,18,S_WPA_L36_DOC1.0_WOC1.0_N2700_F270_R3,S_WPA_L36_DOC1.0_WOC1.0_N2700_F270,3,0
14,3,2,53,train,19,S_WPA_L36_DOC1.0_WOC1.0_N2700_F270_R4,S_WPA_L36_DOC1.0_WOC1.0_N2700_F270,4,0
14,3,2,53,train,20,S_WPA_L36_DOC1.0_WOC1.0_N3600_F360_R1,S_WPA_L36_DOC1.0_WOC1.0_N3600_F360,1,0
14,3,2,53,train,21,S_WPA_L36_DOC1.0_WOC1.0_N3600_F360_R2,S_WPA_L36_DOC1.0_WOC1.0_N3600_F360,2,0
14,3,2,53,train,22,S_WPA_L36_DOC1.0_WOC1.0_N3600_F360_R3,S_WPA_L36_DOC1.0_WOC1.0_N3600_F360,3,0
14,3,2,53,train,23,S_WPA_L36_DOC1.0_WOC1.0_N3600_F360_R4,S_WPA_L36_DOC1.0_WOC1.0_N3600_F360,4,0
14,3,2,53,train,24,S_WPA_L36_DOC1.0_WOC2.0_N2700_F270_R1,S_WPA_L36_DOC1.0_WOC2.0_N2700_F270,1,0
14,3,2,53,train,25,S_WPA_L36_DOC1.0_WOC2.0_N2700_F270_R2,S_WPA_L36_DOC1.0_WOC2.0_N2700_F270,2,0
14,3,2,53,train,26,S_WPA_L36_DOC1.0_WOC2.0_N2700_F270_R3,S_WPA_L36_DOC1.0_WOC2.0_N2700_F270,3,0
14,3,2,53,train,27,S_WPA_L36_DOC1.0_WOC2.0_N2700_F270_R4,S_WPA_L36_DOC1.0_WOC2.0_N2700_F270,4,0
14,3,2,53,train,28,S_WPA_L36_DOC1.5_WOC1.0_N1800_F180_R1,S_WPA_L36_DOC1.5_WOC1.0_N1800_F180,1,0
14,3,2,53,train,29,S_WPA_L36_DOC1.5_WOC1.0_N1800_F180_R2,S_WPA_L36_DOC1.5_WOC1.0_N1800_F180,2,0
14,3,2,53,train,30,S_WPA_L36_DOC1.5_WOC1.0_N1800_F180_R3,S_WPA_L36_DOC1.5_WOC1.0_N1800_F180,3,0
14,3,2,53,train,31,S_WPA_L36_DOC1.5_WOC1.0_N1800_F180_R4,S_WPA_L36_DOC1.5_WOC1.0_N1800_F180,4,0
14,3,2,53,train,32,S_WPA_L36_DOC1.5_WOC1.0_N3600_F360_R1,S_WPA_L36_DOC1.5_WOC1.0_N3600_F360,1,0
14,3,2,53,train,33,S_WPA_L36_DOC1.5_WOC1.0_N3600_F360_R2,S_WPA_L36_DOC1.5_WOC1.0_N3600_F360,2,0
14,3,2,53,train,34,S_WPA_L36_DOC1.5_WOC1.0_N3600_F360_R3,S_WPA_L36_DOC1.5_WOC1.0_N3600_F360,3,0
14,3,2,53,train,35,S_WPA_L36_DOC1.5_WOC1.0_N3600_F360_R4,S_WPA_L36_DOC1.5_WOC1.0_N3600_F360,4,0
14,3,2,53,train,36,S_WPA_L36_DOC1.5_WOC2.0_N2700_F270_R1,S_WPA_L36_DOC1.5_WOC2.0_N2700_F270,1,0
14,3,2,53,train,37,S_WPA_L36_DOC1.5_WOC2.0_N2700_F270_R2,S_WPA_L36_DOC1.5_WOC2.0_N2700_F270,2,0
14,3,2,53,train,38,S_WPA_L36_DOC1.5_WOC2.0_N2700_F270_R3,S_WPA_L36_DOC1.5_WOC2.0_N2700_F270,3,0
14,3,2,53,train,39,S_WPA_L36_DOC1.5_WOC2.0_N2700_F270_R4,S_WPA_L36_DOC1.5_WOC2.0_N2700_F270,4,0
14,3,2,53,train,40,S_WPA_L36_DOC2.0_WOC1.0_N1800_F180_R1,S_WPA_L36_DOC2.0_WOC1.0_N1800_F180,1,0
14,3,2,53,train,41,S_WPA_L36_DOC2.0_WOC1.0_N1800_F180_R2,S_WPA_L36_DOC2.0_WOC1.0_N1800_F180,2,0
14,3,2,53,train,42,S_WPA_L36_DOC2.0_WOC1.0_N1800_F180_R3,S_WPA_L36_DOC2.0_WOC1.0_N1800_F180,3,0
14,3,2,53,train,43,S_WPA_L36_DOC2.0_WOC1.0_N1800_F180_R4,S_WPA_L36_DOC2.0_WOC1.0_N1800_F180,4,0
14,3,2,53,train,44,S_WPA_L36_DOC2.0_WOC1.0_N2700_F270_R1,S_WPA_L36_DOC2.0_WOC1.0_N2700_F270,1,0
14,3,2,53,train,45,S_WPA_L36_DOC2.0_WOC1.0_N2700_F270_R2,S_WPA_L36_DOC2.0_WOC1.0_N2700_F270,2,0
14,3,2,53,train,46,S_WPA_L36_DOC2.0_WOC1.0_N2700_F270_R3,S_WPA_L36_DOC2.0_WOC1.0_N2700_F270,3,0
14,3,2,53,train,47,S_WPA_L36_DOC2.0_WOC1.0_N2700_F270_R4,S_WPA_L36_DOC2.0_WOC1.0_N2700_F270,4,0
14,3,2,53,train,48,S_WPA_L36_DOC3.0_WOC1.0_N1800_F180_R1,S_WPA_L36_DOC3.0_WOC1.0_N1800_F180,1,0
14,3,2,53,train,49,S_WPA_L36_DOC3.0_WOC1.0_N1800_F180_R2,S_WPA_L36_DOC3.0_WOC1.0_N1800_F180,2,0
14,3,2,53,train,50,S_WPA_L36_DOC3.0_WOC1.0_N1800_F180_R3,S_WPA_L36_DOC3.0_WOC1.0_N1800_F180,3,0
14,3,2,53,train,51,S_WPA_L36_DOC3.0_WOC1.0_N1800_F180_R4,S_WPA_L36_DOC3.0_WOC1.0_N1800_F180,4,0
14,3,2,53,train,56,S_WPA_L36_DOC6.0_WOC1.0_N2700_F270_R1,S_WPA_L36_DOC6.0_WOC1.0_N2700_F270,1,0
14,3,2,53,train,57,S_WPA_L36_DOC6.0_WOC1.0_N2700_F270_R2,S_WPA_L36_DOC6.0_WOC1.0_N2700_F270,2,0
14,3,2,53,train,58,S_WPA_L36_DOC6.0_WOC1.0_N2700_F270_R3,S_WPA_L36_DOC6.0_WOC1.0_N2700_F270,3,0
14,3,2,53,train,59,S_WPA_L36_DOC6.0_WOC1.0_N2700_F270_R4,S_WPA_L36_DOC6.0_WOC1.0_N2700_F270,4,0
14,3,2,53,train,60,S_WPB_L56_DOC0.5_WOC1.0_N1800_F180_R1,S_WPB_L56_DOC0.5_WOC1.0_N1800_F180,1,0
14,3,2,53,train,61,S_WPB_L56_DOC0.5_WOC1.0_N1800_F180_R2,S_WPB_L56_DOC0.5_WOC1.0_N1800_F180,2,0
14,3,2,53,train,62,S_WPB_L56_DOC0.5_WOC1.0_N1800_F180_R3,S_WPB_L56_DOC0.5_WOC1.0_N1800_F180,3,0
14,3,2,53,train,63,S_WPB_L56_DOC0.5_WOC1.0_N1800_F180_R4,S_WPB_L56_DOC0.5_WOC1.0_N1800_F180,4,0
14,3,2,53,train,64,S_WPB_L56_DOC0.5_WOC1.0_N2700_F270_R1,S_WPB_L56_DOC0.5_WOC1.0_N2700_F270,1,0
14,3,2,53,train,65,S_WPB_L56_DOC0.5_WOC1.0_N2700_F270_R2,S_WPB_L56_DOC0.5_WOC1.0_N2700_F270,2,0
14,3,2,53,train,66,S_WPB_L56_DOC0.5_WOC1.0_N2700_F270_R3,S_WPB_L56_DOC0.5_WOC1.0_N2700_F270,3,0
14,3,2,53,train,67,S_WPB_L56_DOC0.5_WOC1.0_N2700_F270_R4,S_WPB_L56_DOC0.5_WOC1.0_N2700_F270,4,0
14,3,2,53,train,68,S_WPB_L56_DOC0.5_WOC1.0_N3600_F360_R1,S_WPB_L56_DOC0.5_WOC1.0_N3600_F360,1,0
14,3,2,53,train,69,S_WPB_L56_DOC0.5_WOC1.0_N3600_F360_R2,S_WPB_L56_DOC0.5_WOC1.0_N3600_F360,2,0
14,3,2,53,train,70,S_WPB_L56_DOC0.5_WOC1.0_N3600_F360_R3,S_WPB_L56_DOC0.5_WOC1.0_N3600_F360,3,0
14,3,2,53,train,71,S_WPB_L56_DOC0.5_WOC1.0_N3600_F360_R4,S_WPB_L56_DOC0.5_WOC1.0_N3600_F360,4,0
14,3,2,53,train,88,S_WPB_L56_DOC1.0_WOC2.0_N2700_F270_R1,S_WPB_L56_DOC1.0_WOC2.0_N2700_F270,1,0
14,3,2,53,train,89,S_WPB_L56_DOC1.0_WOC2.0_N2700_F270_R2,S_WPB_L56_DOC1.0_WOC2.0_N2700_F270,2,0
14,3,2,53,train,90,S_WPB_L56_DOC1.0_WOC2.0_N2700_F270_R3,S_WPB_L56_DOC1.0_WOC2.0_N2700_F270,3,0
14,3,2,53,train,91,S_WPB_L56_DOC1.0_WOC2.0_N2700_F270_R4,S_WPB_L56_DOC1.0_WOC2.0_N2700_F270,4,0
14,3,2,53,train,92,S_WPB_L56_DOC1.5_WOC1.0_N1800_F180_R1,S_WPB_L56_DOC1.5_WOC1.0_N1800_F180,1,0
14,3,2,53,train,93,S_WPB_L56_DOC1.5_WOC1.0_N1800_F180_R2,S_WPB_L56_DOC1.5_WOC1.0_N1800_F180,2,0
14,3,2,53,train,94,S_WPB_L56_DOC1.5_WOC1.0_N1800_F180_R3,S_WPB_L56_DOC1.5_WOC1.0_N1800_F180,3,0
14,3,2,53,train,95,S_WPB_L56_DOC1.5_WOC1.0_N1800_F180_R4,S_WPB_L56_DOC1.5_WOC1.0_N1800_F180,4,0
14,3,2,53,train,100,S_WPB_L56_DOC1.5_WOC1.0_N3600_F360_R1,S_WPB_L56_DOC1.5_WOC1.0_N3600_F360,1,0
14,3,2,53,train,101,S_WPB_L56_DOC1.5_WOC1.0_N3600_F360_R2,S_WPB_L56_DOC1.5_WOC1.0_N3600_F360,2,0
14,3,2,53,train,102,S_WPB_L56_DOC1.5_WOC1.0_N3600_F360_R3,S_WPB_L56_DOC1.5_WOC1.0_N3600_F360,3,0
14,3,2,53,train,103,S_WPB_L56_DOC1.5_WOC1.0_N3600_F360_R4,S_WPB_L56_DOC1.5_WOC1.0_N3600_F360,4,0
14,3,2,53,train,104,S_WPB_L56_DOC1.5_WOC2.0_N2700_F270_R1,S_WPB_L56_DOC1.5_WOC2.0_N2700_F270,1,0
14,3,2,53,train,105,S_WPB_L56_DOC1.5_WOC2.0_N2700_F270_R2,S_WPB_L56_DOC1.5_WOC2.0_N2700_F270,2,0
14,3,2,53,train,106,S_WPB_L56_DOC1.5_WOC2.0_N2700_F270_R3,S_WPB_L56_DOC1.5_WOC2.0_N2700_F270,3,0
14,3,2,53,train,107,S_WPB_L56_DOC1.5_WOC2.0_N2700_F270_R4,S_WPB_L56_DOC1.5_WOC2.0_N2700_F270,4,0
14,3,2,53,train,108,U_WPA_L36_DOC2.0_WOC1.0_N3600_F360_R1,U_WPA_L36_DOC2.0_WOC1.0_N3600_F360,1,1
14,3,2,53,train,109,U_WPA_L36_DOC2.0_WOC1.0_N3600_F360_R2,U_WPA_L36_DOC2.0_WOC1.0_N3600_F360,2,1
14,3,2,53,train,110,U_WPA_L36_DOC2.0_WOC1.0_N3600_F360_R3,U_WPA_L36_DOC2.0_WOC1.0_N3600_F360,3,1
14,3,2,53,train,111,U_WPA_L36_DOC2.0_WOC1.0_N3600_F360_R4,U_WPA_L36_DOC2.0_WOC1.0_N3600_F360,4,1
14,3,2,53,train,112,U_WPA_L36_DOC2.0_WOC2.0_N2700_F270_R1,U_WPA_L36_DOC2.0_WOC2.0_N2700_F270,1,1
14,3,2,53,train,113,U_WPA_L36_DOC2.0_WOC2.0_N2700_F270_R2,U_WPA_L36_DOC2.0_WOC2.0_N2700_F270,2,1
14,3,2,53,train,114,U_WPA_L36_DOC2.0_WOC2.0_N2700_F270_R3,U_WPA_L36_DOC2.0_WOC2.0_N2700_F270,3,1
14,3,2,53,train,115,U_WPA_L36_DOC2.0_WOC2.0_N2700_F270_R4,U_WPA_L36_DOC2.0_WOC2.0_N2700_F270,4,1
14,3,2,53,train,116,U_WPA_L36_DOC3.0_WOC1.0_N3600_F360_R1,U_WPA_L36_DOC3.0_WOC1.0_N3600_F360,1,1
14,3,2,53,train,117,U_WPA_L36_DOC3.0_WOC1.0_N3600_F360_R2,U_WPA_L36_DOC3.0_WOC1.0_N3600_F360,2,1
14,3,2,53,train,118,U_WPA_L36_DOC3.0_WOC1.0_N3600_F360_R3,U_WPA_L36_DOC3.0_WOC1.0_N3600_F360,3,1
14,3,2,53,train,119,U_WPA_L36_DOC3.0_WOC1.0_N3600_F360_R4,U_WPA_L36_DOC3.0_WOC1.0_N3600_F360,4,1
14,3,2,53,train,120,U_WPA_L36_DOC4.0_WOC2.0_N2700_F270_R1,U_WPA_L36_DOC4.0_WOC2.0_N2700_F270,1,1
14,3,2,53,train,121,U_WPA_L36_DOC4.0_WOC2.0_N2700_F270_R2,U_WPA_L36_DOC4.0_WOC2.0_N2700_F270,2,1
14,3,2,53,train,122,U_WPA_L36_DOC4.0_WOC2.0_N2700_F270_R3,U_WPA_L36_DOC4.0_WOC2.0_N2700_F270,3,1
14,3,2,53,train,123,U_WPA_L36_DOC4.0_WOC2.0_N2700_F270_R4,U_WPA_L36_DOC4.0_WOC2.0_N2700_F270,4,1
14,3,2,53,train,124,U_WPB_L56_DOC2.0_WOC1.0_N1800_F180_R1,U_WPB_L56_DOC2.0_WOC1.0_N1800_F180,1,1
14,3,2,53,train,125,U_WPB_L56_DOC2.0_WOC1.0_N1800_F180_R2,U_WPB_L56_DOC2.0_WOC1.0_N1800_F180,2,1
14,3,2,53,train,126,U_WPB_L56_DOC2.0_WOC1.0_N1800_F180_R3,U_WPB_L56_DOC2.0_WOC1.0_N1800_F180,3,1
14,3,2,53,train,127,U_WPB_L56_DOC2.0_WOC1.0_N1800_F180_R4,U_WPB_L56_DOC2.0_WOC1.0_N1800_F180,4,1
14,3,2,53,train,128,U_WPB_L56_DOC2.0_WOC1.0_N2700_F270_R1,U_WPB_L56_DOC2.0_WOC1.0_N2700_F270,1,1
14,3,2,53,train,129,U_WPB_L56_DOC2.0_WOC1.0_N2700_F270_R2,U_WPB_L56_DOC2.0_WOC1.0_N2700_F270,2,1
14,3,2,53,train,130,U_WPB_L56_DOC2.0_WOC1.0_N2700_F270_R3,U_WPB_L56_DOC2.0_WOC1.0_N2700_F270,3,1
14,3,2,53,train,131,U_WPB_L56_DOC2.0_WOC1.0_N2700_F270_R4,U_WPB_L56_DOC2.0_WOC1.0_N2700_F270,4,1
14,3,2,53,train,132,U_WPB_L56_DOC2.0_WOC1.0_N3600_F360_R1,U_WPB_L56_DOC2.0_WOC1.0_N3600_F360,1,1
14,3,2,53,train,133,U_WPB_L56_DOC2.0_WOC1.0_N3600_F360_R2,U_WPB_L56_DOC2.0_WOC1.0_N3600_F360,2,1
14,3,2,53,train,134,U_WPB_L56_DOC2.0_WOC1.0_N3600_F360_R3,U_WPB_L56_DOC2.0_WOC1.0_N3600_F360,3,1
14,3,2,53,train,135,U_WPB_L56_DOC2.0_WOC1.0_N3600_F360_R4,U_WPB_L56_DOC2.0_WOC1.0_N3600_F360,4,1
14,3,2,53,train,136,U_WPB_L56_DOC2.0_WOC2.0_N2700_F270_R1,U_WPB_L56_DOC2.0_WOC2.0_N2700_F270,1,1
14,3,2,53,train,137,U_WPB_L56_DOC2.0_WOC2.0_N2700_F270_R2,U_WPB_L56_DOC2.0_WOC2.0_N2700_F270,2,1
14,3,2,53,train,138,U_WPB_L56_DOC2.0_WOC2.0_N2700_F270_R3,U_WPB_L56_DOC2.0_WOC2.0_N2700_F270,3,1
14,3,2,53,train,139,U_WPB_L56_DOC2.0_WOC2.0_N2700_F270_R4,U_WPB_L56_DOC2.0_WOC2.0_N2700_F270,4,1
14,3,2,53,train,140,U_WPB_L56_DOC3.0_WOC1.0_N1800_F180_R1,U_WPB_L56_DOC3.0_WOC1.0_N1800_F180,1,1
14,3,2,53,train,141,U_WPB_L56_DOC3.0_WOC1.0_N1800_F180_R2,U_WPB_L56_DOC3.0_WOC1.0_N1800_F180,2,1
14,3,2,53,train,142,U_WPB_L56_DOC3.0_WOC1.0_N1800_F180_R3,U_WPB_L56_DOC3.0_WOC1.0_N1800_F180,3,1
14,3,2,53,train,143,U_WPB_L56_DOC3.0_WOC1.0_N1800_F180_R4,U_WPB_L56_DOC3.0_WOC1.0_N1800_F180,4,1
14,3,2,53,train,156,U_WPB_L56_DOC6.0_WOC1.0_N2700_F270_R1,U_WPB_L56_DOC6.0_WOC1.0_N2700_F270,1,1
14,3,2,53,train,157,U_WPB_L56_DOC6.0_WOC1.0_N2700_F270_R2,U_WPB_L56_DOC6.0_WOC1.0_N2700_F270,2,1
14,3,2,53,train,158,U_WPB_L56_DOC6.0_WOC1.0_N2700_F270_R3,U_WPB_L56_DOC6.0_WOC1.0_N2700_F270,3,1
14,3,2,53,train,159,U_WPB_L56_DOC6.0_WOC1.0_N2700_F270_R4,U_WPB_L56_DOC6.0_WOC1.0_N2700_F270,4,1
14,3,2,53,test,4,S_WPA_L36_DOC0.5_WOC1.0_N3600_F360_R1,S_WPA_L36_DOC0.5_WOC1.0_N3600_F360,1,0
14,3,2,53,test,5,S_WPA_L36_DOC0.5_WOC1.0_N3600_F360_R2,S_WPA_L36_DOC0.5_WOC1.0_N3600_F360,2,0
14,3,2,53,test,6,S_WPA_L36_DOC0.5_WOC1.0_N3600_F360_R3,S_WPA_L36_DOC0.5_WOC1.0_N3600_F360,3,0
14,3,2,53,test,7,S_WPA_L36_DOC0.5_WOC1.0_N3600_F360_R4,S_WPA_L36_DOC0.5_WOC1.0_N3600_F360,4,0
14,3,2,53,test,52,S_WPA_L36_DOC4.0_WOC1.0_N2700_F270_R1,S_WPA_L36_DOC4.0_WOC1.0_N2700_F270,1,0
14,3,2,53,test,53,S_WPA_L36_DOC4.0_WOC1.0_N2700_F270_R2,S_WPA_L36_DOC4.0_WOC1.0_N2700_F270,2,0
14,3,2,53,test,54,S_WPA_L36_DOC4.0_WOC1.0_N2700_F270_R3,S_WPA_L36_DOC4.0_WOC1.0_N2700_F270,3,0
14,3,2,53,test,55,S_WPA_L36_DOC4.0_WOC1.0_N2700_F270_R4,S_WPA_L36_DOC4.0_WOC1.0_N2700_F270,4,0
14,3,2,53,test,72,S_WPB_L56_DOC0.5_WOC2.0_N2700_F270_R1,S_WPB_L56_DOC0.5_WOC2.0_N2700_F270,1,0
14,3,2,53,test,73,S_WPB_L56_DOC0.5_WOC2.0_N2700_F270_R2,S_WPB_L56_DOC0.5_WOC2.0_N2700_F270,2,0
14,3,2,53,test,74,S_WPB_L56_DOC0.5_WOC2.0_N2700_F270_R3,S_WPB_L56_DOC0.5_WOC2.0_N2700_F270,3,0
14,3,2,53,test,75,S_WPB_L56_DOC0.5_WOC2.0_N2700_F270_R4,S_WPB_L56_DOC0.5_WOC2.0_N2700_F270,4,0
14,3,2,53,test,76,S_WPB_L56_DOC1.0_WOC1.0_N1800_F180_R1,S_WPB_L56_DOC1.0_WOC1.0_N1800_F180,1,0
14,3,2,53,test,77,S_WPB_L56_DOC1.0_WOC1.0_N1800_F180_R2,S_WPB_L56_DOC1.0_WOC1.0_N1800_F180,2,0
14,3,2,53,test,78,S_WPB_L56_DOC1.0_WOC1.0_N1800_F180_R3,S_WPB_L56_DOC1.0_WOC1.0_N1800_F180,3,0
14,3,2,53,test,79,S_WPB_L56_DOC1.0_WOC1.0_N1800_F180_R4,S_WPB_L56_DOC1.0_WOC1.0_N1800_F180,4,0
14,3,2,53,test,80,S_WPB_L56_DOC1.0_WOC1.0_N2700_F270_R1,S_WPB_L56_DOC1.0_WOC1.0_N2700_F270,1,0
14,3,2,53,test,81,S_WPB_L56_DOC1.0_WOC1.0_N2700_F270_R2,S_WPB_L56_DOC1.0_WOC1.0_N2700_F270,2,0
14,3,2,53,test,82,S_WPB_L56_DOC1.0_WOC1.0_N2700_F270_R3,S_WPB_L56_DOC1.0_WOC1.0_N2700_F270,3,0
14,3,2,53,test,83,S_WPB_L56_DOC1.0_WOC1.0_N2700_F270_R4,S_WPB_L56_DOC1.0_WOC1.0_N2700_F270,4,0
14,3,2,53,test,84,S_WPB_L56_DOC1.0_WOC1.0_N3600_F360_R1,S_WPB_L56_DOC1.0_WOC1.0_N3600_F360,1,0
14,3,2,53,test,85,S_WPB_L56_DOC1.0_WOC1.0_N3600_F360_R2,S_WPB_L56_DOC1.0_WOC1.0_N3600_F360,2,0
14,3,2,53,test,86,S_WPB_L56_DOC1.0_WOC1.0_N3600_F360_R3,S_WPB_L56_DOC1.0_WOC1.0_N3600_F360,3,0
14,3,2,53,test,87,S_WPB_L56_DOC1.0_WOC1.0_N3600_F360_R4,S_WPB_L56_DOC1.0_WOC1.0_N3600_F360,4,0
14,3,2,53,test,96,S_WPB_L56_DOC1.5_WOC1.0_N2700_F270_R1,S_WPB_L56_DOC1.5_WOC1.0_N2700_F270,1,0
14,3,2,53,test,97,S_WPB_L56_DOC1.5_WOC1.0_N2700_F270_R2,S_WPB_L56_DOC1.5_WOC1.0_N2700_F270,2,0
14,3,2,53,test,98,S_WPB_L56_DOC1.5_WOC1.0_N2700_F270_R3,S_WPB_L56_DOC1.5_WOC1.0_N2700_F270,3,0
14,3,2,53,test,99,S_WPB_L56_DOC1.5_WOC1.0_N2700_F270_R4,S_WPB_L56_DOC1.5_WOC1.0_N2700_F270,4,0
14,3,2,53,test,144,U_WPB_L56_DOC3.0_WOC1.0_N3600_F360_R1,U_WPB_L56_DOC3.0_WOC1.0_N3600_F360,1,1
14,3,2,53,test,145,U_WPB_L56_DOC3.0_WOC1.0_N3600_F360_R2,U_WPB_L56_DOC3.0_WOC1.0_N3600_F360,2,1
14,3,2,53,test,146,U_WPB_L56_DOC3.0_WOC1.0_N3600_F360_R3,U_WPB_L56_DOC3.0_WOC1.0_N3600_F360,3,1
14,3,2,53,test,147,U_WPB_L56_DOC3.0_WOC1.0_N3600_F360_R4,U_WPB_L56_DOC3.0_WOC1.0_N3600_F360,4,1
14,3,2,53,test,148,U_WPB_L56_DOC4.0_WOC1.0_N2700_F270_R1,U_WPB_L56_DOC4.0_WOC1.0_N2700_F270,1,1
14,3,2,53,test,149,U_WPB_L56_DOC4.0_WOC1.0_N2700_F270_R2,U_WPB_L56_DOC4.0_WOC1.0_N2700_F270,2,1
14,3,2,53,test,150,U_WPB_L56_DOC4.0_WOC1.0_N2700_F270_R3,U_WPB_L56_DOC4.0_WOC1.0_N2700_F270,3,1
14,3,2,53,test,151,U_WPB_L56_DOC4.0_WOC1.0_N2700_F270_R4,U_WPB_L56_DOC4.0_WOC1.0_N2700_F270,4,1
14,3,2,53,test,152,U_WPB_L56_DOC4.0_WOC2.0_N2700_F270_R1,U_WPB_L56_DOC4.0_WOC2.0_N2700_F270,1,1
14,3,2,53,test,153,U_WPB_L56_DOC4.0_WOC2.0_N2700_F270_R2,U_WPB_L56_DOC4.0_WOC2.0_N2700_F270,2,1
14,3,2,53,test,154,U_WPB_L56_DOC4.0_WOC2.0_N2700_F270_R3,U_WPB_L56_DOC4.0_WOC2.0_N2700_F270,3,1
14,3,2,53,test,155,U_WPB_L56_DOC4.0_WOC2.0_N2700_F270_R4,U_WPB_L56_DOC4.0_WOC2.0_N2700_F270,4,1
15,3,3,53,train,4,S_WPA_L36_DOC0.5_WOC1.0_N3600_F360_R1,S_WPA_L36_DOC0.5_WOC1.0_N3600_F360,1,0
15,3,3,53,train,5,S_WPA_L36_DOC0.5_WOC1.0_N3600_F360_R2,S_WPA_L36_DOC0.5_WOC1.0_N3600_F360,2,0
15,3,3,53,train,6,S_WPA_L36_DOC0.5_WOC1.0_N3600_F360_R3,S_WPA_L36_DOC0.5_WOC1.0_N3600_F360,3,0
15,3,3,53,train,7,S_WPA_L36_DOC0.5_WOC1.0_N3600_F360_R4,S_WPA_L36_DOC0.5_WOC1.0_N3600_F360,4,0
15,3,3,53,train,8,S_WPA_L36_DOC0.5_WOC2.0_N2700_F270_R1,S_WPA_L36_DOC0.5_WOC2.0_N2700_F270,1,0
15,3,3,53,train,9,S_WPA_L36_DOC0.5_WOC2.0_N2700_F270_R2,S_WPA_L36_DOC0.5_WOC2.0_N2700_F270,2,0
15,3,3,53,train,10,S_WPA_L36_DOC0.5_WOC2.0_N2700_F270_R3,S_WPA_L36_DOC0.5_WOC2.0_N2700_F270,3,0
15,3,3,53,train,11,S_WPA_L36_DOC0.5_WOC2.0_N2700_F270_R4,S_WPA_L36_DOC0.5_WOC2.0_N2700_F270,4,0
15,3,3,53,train,12,S_WPA_L36_DOC1.0_WOC1.0_N1800_F180_R1,S_WPA_L36_DOC1.0_WOC1.0_N1800_F180,1,0
15,3,3,53,train,13,S_WPA_L36_DOC1.0_WOC1.0_N1800_F180_R2,S_WPA_L36_DOC1.0_WOC1.0_N1800_F180,2,0
15,3,3,53,train,14,S_WPA_L36_DOC1.0_WOC1.0_N1800_F180_R3,S_WPA_L36_DOC1.0_WOC1.0_N1800_F180,3,0
15,3,3,53,train,15,S_WPA_L36_DOC1.0_WOC1.0_N1800_F180_R4,S_WPA_L36_DOC1.0_WOC1.0_N1800_F180,4,0
15,3,3,53,train,16,S_WPA_L36_DOC1.0_WOC1.0_N2700_F270_R1,S_WPA_L36_DOC1.0_WOC1.0_N2700_F270,1,0
15,3,3,53,train,17,S_WPA_L36_DOC1.0_WOC1.0_N2700_F270_R2,S_WPA_L36_DOC1.0_WOC1.0_N2700_F270,2,0
15,3,3,53,train,18,S_WPA_L36_DOC1.0_WOC1.0_N2700_F270_R3,S_WPA_L36_DOC1.0_WOC1.0_N2700_F270,3,0
15,3,3,53,train,19,S_WPA_L36_DOC1.0_WOC1.0_N2700_F270_R4,S_WPA_L36_DOC1.0_WOC1.0_N2700_F270,4,0
15,3,3,53,train,20,S_WPA_L36_DOC1.0_WOC1.0_N3600_F360_R1,S_WPA_L36_DOC1.0_WOC1.0_N3600_F360,1,0
15,3,3,53,train,21,S_WPA_L36_DOC1.0_WOC1.0_N3600_F360_R2,S_WPA_L36_DOC1.0_WOC1.0_N3600_F360,2,0
15,3,3,53,train,22,S_WPA_L36_DOC1.0_WOC1.0_N3600_F360_R3,S_WPA_L36_DOC1.0_WOC1.0_N3600_F360,3,0
15,3,3,53,train,23,S_WPA_L36_DOC1.0_WOC1.0_N3600_F360_R4,S_WPA_L36_DOC1.0_WOC1.0_N3600_F360,4,0
15,3,3,53,train,28,S_WPA_L36_DOC1.5_WOC1.0_N1800_F180_R1,S_WPA_L36_DOC1.5_WOC1.0_N1800_F180,1,0
15,3,3,53,train,29,S_WPA_L36_DOC1.5_WOC1.0_N1800_F180_R2,S_WPA_L36_DOC1.5_WOC1.0_N1800_F180,2,0
15,3,3,53,train,30,S_WPA_L36_DOC1.5_WOC1.0_N1800_F180_R3,S_WPA_L36_DOC1.5_WOC1.0_N1800_F180,3,0
15,3,3,53,train,31,S_WPA_L36_DOC1.5_WOC1.0_N1800_F180_R4,S_WPA_L36_DOC1.5_WOC1.0_N1800_F180,4,0
15,3,3,53,train,32,S_WPA_L36_DOC1.5_WOC1.0_N3600_F360_R1,S_WPA_L36_DOC1.5_WOC1.0_N3600_F360,1,0
15,3,3,53,train,33,S_WPA_L36_DOC1.5_WOC1.0_N3600_F360_R2,S_WPA_L36_DOC1.5_WOC1.0_N3600_F360,2,0
15,3,3,53,train,34,S_WPA_L36_DOC1.5_WOC1.0_N3600_F360_R3,S_WPA_L36_DOC1.5_WOC1.0_N3600_F360,3,0
15,3,3,53,train,35,S_WPA_L36_DOC1.5_WOC1.0_N3600_F360_R4,S_WPA_L36_DOC1.5_WOC1.0_N3600_F360,4,0
15,3,3,53,train,36,S_WPA_L36_DOC1.5_WOC2.0_N2700_F270_R1,S_WPA_L36_DOC1.5_WOC2.0_N2700_F270,1,0
15,3,3,53,train,37,S_WPA_L36_DOC1.5_WOC2.0_N2700_F270_R2,S_WPA_L36_DOC1.5_WOC2.0_N2700_F270,2,0
15,3,3,53,train,38,S_WPA_L36_DOC1.5_WOC2.0_N2700_F270_R3,S_WPA_L36_DOC1.5_WOC2.0_N2700_F270,3,0
15,3,3,53,train,39,S_WPA_L36_DOC1.5_WOC2.0_N2700_F270_R4,S_WPA_L36_DOC1.5_WOC2.0_N2700_F270,4,0
15,3,3,53,train,40,S_WPA_L36_DOC2.0_WOC1.0_N1800_F180_R1,S_WPA_L36_DOC2.0_WOC1.0_N1800_F180,1,0
15,3,3,53,train,41,S_WPA_L36_DOC2.0_WOC1.0_N1800_F180_R2,S_WPA_L36_DOC2.0_WOC1.0_N1800_F180,2,0
15,3,3,53,train,42,S_WPA_L36_DOC2.0_WOC1.0_N1800_F180_R3,S_WPA_L36_DOC2.0_WOC1.0_N1800_F180,3,0
15,3,3,53,train,43,S_WPA_L36_DOC2.0_WOC1.0_N1800_F180_R4,S_WPA_L36_DOC2.0_WOC1.0_N1800_F180,4,0
15,3,3,53,train,44,S_WPA_L36_DOC2.0_WOC1.0_N2700_F270_R1,S_WPA_L36_DOC2.0_WOC1.0_N2700_F270,1,0
15,3,3,53,train,45,S_WPA_L36_DOC2.0_WOC1.0_N2700_F270_R2,S_WPA_L36_DOC2.0_WOC1.0_N2700_F270,2,0
15,3,3,53,train,46,S_WPA_L36_DOC2.0_WOC1.0_N2700_F270_R3,S_WPA_L36_DOC2.0_WOC1.0_N2700_F270,3,0
15,3,3,53,train,47,S_WPA_L36_DOC2.0_WOC1.0_N2700_F270_R4,S_WPA_L36_DOC2.0_WOC1.0_N2700_F270,4,0
15,3,3,53,train,52,S_WPA_L36_DOC4.0_WOC1.0_N2700_F270_R1,S_WPA_L36_DOC4.0_WOC1.0_N2700_F270,1,0
15,3,3,53,train,53,S_WPA_L36_DOC4.0_WOC1.0_N2700_F270_R2,S_WPA_L36_DOC4.0_WOC1.0_N2700_F270,2,0
15,3,3,53,train,54,S_WPA_L36_DOC4.0_WOC1.0_N2700_F270_R3,S_WPA_L36_DOC4.0_WOC1.0_N2700_F270,3,0
15,3,3,53,train,55,S_WPA_L36_DOC4.0_WOC1.0_N2700_F270_R4,S_WPA_L36_DOC4.0_WOC1.0_N2700_F270,4,0
15,3,3,53,train,56,S_WPA_L36_DOC6.0_WOC1.0_N2700_F270_R1,S_WPA_L36_DOC6.0_WOC1.0_N2700_F270,1,0
15,3,3,53,train,57,S_WPA_L36_DOC6.0_WOC1.0_N2700_F270_R2,S_WPA_L36_DOC6.0_WOC1.0_N2700_F270,2,0
15,3,3,53,train,58,S_WPA_L36_DOC6.0_WOC1.0_N2700_F270_R3,S_WPA_L36_DOC6.0_WOC1.0_N2700_F270,3,0
15,3,3,53,train,59,S_WPA_L36_DOC6.0_WOC1.0_N2700_F270_R4,S_WPA_L36_DOC6.0_WOC1.0_N2700_F270,4,0
15,3,3,53,train,68,S_WPB_L56_DOC0.5_WOC1.0_N3600_F360_R1,S_WPB_L56_DOC0.5_WOC1.0_N3600_F360,1,0
15,3,3,53,train,69,S_WPB_L56_DOC0.5_WOC1.0_N3600_F360_R2,S_WPB_L56_DOC0.5_WOC1.0_N3600_F360,2,0
15,3,3,53,train,70,S_WPB_L56_DOC0.5_WOC1.0_N3600_F360_R3,S_WPB_L56_DOC0.5_WOC1.0_N3600_F360,3,0
15,3,3,53,train,71,S_WPB_L56_DOC0.5_WOC1.0_N3600_F360_R4,S_WPB_L56_DOC0.5_WOC1.0_N3600_F360,4,0
15,3,3,53,train,72,S_WPB_L56_DOC0.5_WOC2.0_N2700_F270_R1,S_WPB_L56_DOC0.5_WOC2.0_N2700_F270,1,0
15,3,3,53,train,73,S_WPB_L56_DOC0.5_WOC2.0_N2700_F270_R2,S_WPB_L56_DOC0.5_WOC2.0_N2700_F270,2,0
15,3,3,53,train,74,S_WPB_L56_DOC0.5_WOC2.0_N2700_F270_R3,S_WPB_L56_DOC0.5_WOC2.0_N2700_F270,3,0
15,3,3,53,train,75,S_WPB_L56_DOC0.5_WOC2.0_N2700_F270_R4,S_WPB_L56_DOC0.5_WOC2.0_N2700_F270,4,0
15,3,3,53,train,76,S_WPB_L56_DOC1.0_WOC1.0_N1800_F180_R1,S_WPB_L56_DOC1.0_WOC1.0_N1800_F180,1,0
15,3,3,53,train,77,S_WPB_L56_DOC1.0_WOC1.0_N1800_F180_R2,S_WPB_L56_DOC1.0_WOC1.0_N1800_F180,2,0
15,3,3,53,train,78,S_WPB_L56_DOC1.0_WOC1.0_N1800_F180_R3,S_WPB_L56_DOC1.0_WOC1.0_N1800_F180,3,0
15,3,3,53,train,79,S_WPB_L56_DOC1.0_WOC1.0_N1800_F180_R4,S_WPB_L56_DOC1.0_WOC1.0_N1800_F180,4,0
15,3,3,53,train,80,S_WPB_L56_DOC1.0_WOC1.0_N2700_F270_R1,S_WPB_L56_DOC1.0_WOC1.0_N2700_F270,1,0
15,3,3,53,train,81,S_WPB_L56_DOC1.0_WOC1.0_N2700_F270_R2,S_WPB_L56_DOC1.0_WOC1.0_N2700_F270,2,0
15,3,3,53,train,82,S_WPB_L56_DOC1.0_WOC1.0_N2700_F270_R3,S_WPB_L56_DOC1.0_WOC1.0_N2700_F270,3,0
15,3,3,53,train,83,S_WPB_L56_DOC1.0_WOC1.0_N2700_F270_R4,S_WPB_L56_DOC1.0_WOC1.0_N2700_F270,4,0
15,3,3,53,train,84,S_WPB_L56_DOC1.0_WOC1.0_N3600_F360_R1,S_WPB_L56_DOC1.0_WOC1.0_N3600_F360,1,0
15,3,3,53,train,85,S_WPB_L56_DOC1.0_WOC1.0_N3600_F360_R2,S_WPB_L56_DOC1.0_WOC1.0_N3600_F360,2,0
15,3,3,53,train,86,S_WPB_L56_DOC1.0_WOC1.0_N3600_F360_R3,S_WPB_L56_DOC1.0_WOC1.0_N3600_F360,3,0
15,3,3,53,train,87,S_WPB_L56_DOC1.0_WOC1.0_N3600_F360_R4,S_WPB_L56_DOC1.0_WOC1.0_N3600_F360,4,0
15,3,3,53,train,88,S_WPB_L56_DOC1.0_WOC2.0_N2700_F270_R1,S_WPB_L56_DOC1.0_WOC2.0_N2700_F270,1,0
15,3,3,53,train,89,S_WPB_L56_DOC1.0_WOC2.0_N2700_F270_R2,S_WPB_L56_DOC1.0_WOC2.0_N2700_F270,2,0
15,3,3,53,train,90,S_WPB_L56_DOC1.0_WOC2.0_N2700_F270_R3,S_WPB_L56_DOC1.0_WOC2.0_N2700_F270,3,0
15,3,3,53,train,91,S_WPB_L56_DOC1.0_WOC2.0_N2700_F270_R4,S_WPB_L56_DOC1.0_WOC2.0_N2700_F270,4,0
15,3,3,53,train,92,S_WPB_L56_DOC1.5_WOC1.0_N1800_F180_R1,S_WPB_L56_DOC1.5_WOC1.0_N1800_F180,1,0
15,3,3,53,train,93,S_WPB_L56_DOC1.5_WOC1.0_N1800_F180_R2,S_WPB_L56_DOC1.5_WOC1.0_N1800_F180,2,0
15,3,3,53,train,94,S_WPB_L56_DOC1.5_WOC1.0_N1800_F180_R3,S_WPB_L56_DOC1.5_WOC1.0_N1800_F180,3,0
15,3,3,53,train,95,S_WPB_L56_DOC1.5_WOC1.0_N1800_F180_R4,S_WPB_L56_DOC1.5_WOC1.0_N1800_F180,4,0
15,3,3,53,train,96,S_WPB_L56_DOC1.5_WOC1.0_N2700_F270_R1,S_WPB_L56_DOC1.5_WOC1.0_N2700_F270,1,0
15,3,3,53,train,97,S_WPB_L56_DOC1.5_WOC1.0_N2700_F270_R2,S_WPB_L56_DOC1.5_WOC1.0_N2700_F270,2,0
15,3,3,53,train,98,S_WPB_L56_DOC1.5_WOC1.0_N2700_F270_R3,S_WPB_L56_DOC1.5_WOC1.0_N2700_F270,3,0
15,3,3,53,train,99,S_WPB_L56_DOC1.5_WOC1.0_N2700_F270_R4,S_WPB_L56_DOC1.5_WOC1.0_N2700_F270,4,0
15,3,3,53,train,100,S_WPB_L56_DOC1.5_WOC1.0_N3600_F360_R1,S_WPB_L56_DOC1.5_WOC1.0_N3600_F360,1,0
15,3,3,53,train,101,S_WPB_L56_DOC1.5_WOC1.0_N3600_F360_R2,S_WPB_L56_DOC1.5_WOC1.0_N3600_F360,2,0
15,3,3,53,train,102,S_WPB_L56_DOC1.5_WOC1.0_N3600_F360_R3,S_WPB_L56_DOC1.5_WOC1.0_N3600_F360,3,0
15,3,3,53,train,103,S_WPB_L56_DOC1.5_WOC1.0_N3600_F360_R4,S_WPB_L56_DOC1.5_WOC1.0_N3600_F360,4,0
15,3,3,53,train,112,U_WPA_L36_DOC2.0_WOC2.0_N2700_F270_R1,U_WPA_L36_DOC2.0_WOC2.0_N2700_F270,1,1
15,3,3,53,train,113,U_WPA_L36_DOC2.0_WOC2.0_N2700_F270_R2,U_WPA_L36_DOC2.0_WOC2.0_N2700_F270,2,1
15,3,3,53,train,114,U_WPA_L36_DOC2.0_WOC2.0_N2700_F270_R3,U_WPA_L36_DOC2.0_WOC2.0_N2700_F270,3,1
15,3,3,53,train,115,U_WPA_L36_DOC2.0_WOC2.0_N2700_F270_R4,U_WPA_L36_DOC2.0_WOC2.0_N2700_F270,4,1
15,3,3,53,train,120,U_WPA_L36_DOC4.0_WOC2.0_N2700_F270_R1,U_WPA_L36_DOC4.0_WOC2.0_N2700_F270,1,1
15,3,3,53,train,121,U_WPA_L36_DOC4.0_WOC2.0_N2700_F270_R2,U_WPA_L36_DOC4.0_WOC2.0_N2700_F270,2,1
15,3,3,53,train,122,U_WPA_L36_DOC4.0_WOC2.0_N2700_F270_R3,U_WPA_L36_DOC4.0_WOC2.0_N2700_F270,3,1
15,3,3,53,train,123,U_WPA_L36_DOC4.0_WOC2.0_N2700_F270_R4,U_WPA_L36_DOC4.0_WOC2.0_N2700_F270,4,1
15,3,3,53,train,124,U_WPB_L56_DOC2.0_WOC1.0_N1800_F180_R1,U_WPB_L56_DOC2.0_WOC1.0_N1800_F180,1,1
15,3,3,53,train,125,U_WPB_L56_DOC2.0_WOC1.0_N1800_F180_R2,U_WPB_L56_DOC2.0_WOC1.0_N1800_F180,2,1
15,3,3,53,train,126,U_WPB_L56_DOC2.0_WOC1.0_N1800_F180_R3,U_WPB_L56_DOC2.0_WOC1.0_N1800_F180,3,1
15,3,3,53,train,127,U_WPB_L56_DOC2.0_WOC1.0_N1800_F180_R4,U_WPB_L56_DOC2.0_WOC1.0_N1800_F180,4,1
15,3,3,53,train,136,U_WPB_L56_DOC2.0_WOC2.0_N2700_F270_R1,U_WPB_L56_DOC2.0_WOC2.0_N2700_F270,1,1
15,3,3,53,train,137,U_WPB_L56_DOC2.0_WOC2.0_N2700_F270_R2,U_WPB_L56_DOC2.0_WOC2.0_N2700_F270,2,1
15,3,3,53,train,138,U_WPB_L56_DOC2.0_WOC2.0_N2700_F270_R3,U_WPB_L56_DOC2.0_WOC2.0_N2700_F270,3,1
15,3,3,53,train,139,U_WPB_L56_DOC2.0_WOC2.0_N2700_F270_R4,U_WPB_L56_DOC2.0_WOC2.0_N2700_F270,4,1
15,3,3,53,train,140,U_WPB_L56_DOC3.0_WOC1.0_N1800_F180_R1,U_WPB_L56_DOC3.0_WOC1.0_N1800_F180,1,1
15,3,3,53,train,141,U_WPB_L56_DOC3.0_WOC1.0_N1800_F180_R2,U_WPB_L56_DOC3.0_WOC1.0_N1800_F180,2,1
15,3,3,53,train,142,U_WPB_L56_DOC3.0_WOC1.0_N1800_F180_R3,U_WPB_L56_DOC3.0_WOC1.0_N1800_F180,3,1
15,3,3,53,train,143,U_WPB_L56_DOC3.0_WOC1.0_N1800_F180_R4,U_WPB_L56_DOC3.0_WOC1.0_N1800_F180,4,1
15,3,3,53,train,144,U_WPB_L56_DOC3.0_WOC1.0_N3600_F360_R1,U_WPB_L56_DOC3.0_WOC1.0_N3600_F360,1,1
15,3,3,53,train,145,U_WPB_L56_DOC3.0_WOC1.0_N3600_F360_R2,U_WPB_L56_DOC3.0_WOC1.0_N3600_F360,2,1
15,3,3,53,train,146,U_WPB_L56_DOC3.0_WOC1.0_N3600_F360_R3,U_WPB_L56_DOC3.0_WOC1.0_N3600_F360,3,1
15,3,3,53,train,147,U_WPB_L56_DOC3.0_WOC1.0_N3600_F360_R4,U_WPB_L56_DOC3.0_WOC1.0_N3600_F360,4,1
15,3,3,53,train,148,U_WPB_L56_DOC4.0_WOC1.0_N2700_F270_R1,U_WPB_L56_DOC4.0_WOC1.0_N2700_F270,1,1
15,3,3,53,train,149,U_WPB_L56_DOC4.0_WOC1.0_N2700_F270_R2,U_WPB_L56_DOC4.0_WOC1.0_N2700_F270,2,1
15,3,3,53,train,150,U_WPB_L56_DOC4.0_WOC1.0_N2700_F270_R3,U_WPB_L56_DOC4.0_WOC1.0_N2700_F270,3,1
15,3,3,53,train,151,U_WPB_L56_DOC4.0_WOC1.0_N2700_F270_R4,U_WPB_L56_DOC4.0_WOC1.0_N2700_F270,4,1
15,3,3,53,train,152,U_WPB_L56_DOC4.0_WOC2.0_N2700_F270_R1,U_WPB_L56_DOC4.0_WOC2.0_N2700_F270,1,1
15,3,3,53,train,153,U_WPB_L56_DOC4.0_WOC2.0_N2700_F270_R2,U_WPB_L56_DOC4.0_WOC2.0_N2700_F270,2,1
15,3,3,53,train,154,U_WPB_L56_DOC4.0_WOC2.0_N2700_F270_R3,U_WPB_L56_DOC4.0_WOC2.0_N2700_F270,3,1
15,3,3,53,train,155,U_WPB_L56_DOC4.0_WOC2.0_N2700_F270_R4,U_WPB_L56_DOC4.0_WOC2.0_N2700_F270,4,1
15,3,3,53,train,156,U_WPB_L56_DOC6.0_WOC1.0_N2700_F270_R1,U_WPB_L56_DOC6.0_WOC1.0_N2700_F270,1,1
15,3,3,53,train,157,U_WPB_L56_DOC6.0_WOC1.0_N2700_F270_R2,U_WPB_L56_DOC6.0_WOC1.0_N2700_F270,2,1
15,3,3,53,train,158,U_WPB_L56_DOC6.0_WOC1.0_N2700_F270_R3,U_WPB_L56_DOC6.0_WOC1.0_N2700_F270,3,1
15,3,3,53,train,159,U_WPB_L56_DOC6.0_WOC1.0_N2700_F270_R4,U_WPB_L56_DOC6.0_WOC1.0_N2700_F270,4,1
15,3,3,53,test,0,S_WPA_L36_DOC0.5_WOC1.0_N2700_F270_R1,S_WPA_L36_DOC0.5_WOC1.0_N2700_F270,1,0
15,3,3,53,test,1,S_WPA_L36_DOC0.5_WOC1.0_N2700_F270_R2,S_WPA_L36_DOC0.5_WOC1.0_N2700_F270,2,0
15,3,3,53,test,2,S_WPA_L36_DOC0.5_WOC1.0_N2700_F270_R3,S_WPA_L36_DOC0.5_WOC1.0_N2700_F270,3,0
15,3,3,53,test,3,S_WPA_L36_DOC0.5_WOC1.0_N2700_F270_R4,S_WPA_L36_DOC0.5_WOC1.0_N2700_F270,4,0
15,3,3,53,test,24,S_WPA_L36_DOC1.0_WOC2.0_N2700_F270_R1,S_WPA_L36_DOC1.0_WOC2.0_N2700_F270,1,0
15,3,3,53,test,25,S_WPA_L36_DOC1.0_WOC2.0_N2700_F270_R2,S_WPA_L36_DOC1.0_WOC2.0_N2700_F270,2,0
15,3,3,53,test,26,S_WPA_L36_DOC1.0_WOC2.0_N2700_F270_R3,S_WPA_L36_DOC1.0_WOC2.0_N2700_F270,3,0
15,3,3,53,test,27,S_WPA_L36_DOC1.0_WOC2.0_N2700_F270_R4,S_WPA_L36_DOC1.0_WOC2.0_N2700_F270,4,0
15,3,3,53,test,48,S_WPA_L36_DOC3.0_WOC1.0_N1800_F180_R1,S_WPA_L36_DOC3.0_WOC1.0_N1800_F180,1,0
15,3,3,53,test,49,S_WPA_L36_DOC3.0_WOC1.0_N1800_F180_R2,S_WPA_L36_DOC3.0_WOC1.0_N1800_F180,2,0
15,3,3,53,test,50,S_WPA_L36_DOC3.0_WOC1.0_N1800_F180_R3,S_WPA_L36_DOC3.0_WOC1.0_N1800_F180,3,0
15,3,3,53,test,51,S_WPA_L36_DOC3.0_WOC1.0_N1800_F180_R4,S_WPA_L36_DOC3.0_WOC1.0_N1800_F180,4,0
15,3,3,53,test,60,S_WPB_L56_DOC0.5_WOC1.0_N1800_F180_R1,S_WPB_L56_DOC0.5_WOC1.0_N1800_F180,1,0
15,3,3,53,test,61,S_WPB_L56_DOC0.5_WOC1.0_N1800_F180_R2,S_WPB_L56_DOC0.5_WOC1.0_N1800_F180,2,0
15,3,3,53,test,62,S_WPB_L56_DOC0.5_WOC1.0_N1800_F180_R3,S_WPB_L56_DOC0.5_WOC1.0_N1800_F180,3,0
15,3,3,53,test,63,S_WPB_L56_DOC0.5_WOC1.0_N1800_F180_R4,S_WPB_L56_DOC0.5_WOC1.0_N1800_F180,4,0
15,3,3,53,test,64,S_WPB_L56_DOC0.5_WOC1.0_N2700_F270_R1,S_WPB_L56_DOC0.5_WOC1.0_N2700_F270,1,0
15,3,3,53,test,65,S_WPB_L56_DOC0.5_WOC1.0_N2700_F270_R2,S_WPB_L56_DOC0.5_WOC1.0_N2700_F270,2,0
15,3,3,53,test,66,S_WPB_L56_DOC0.5_WOC1.0_N2700_F270_R3,S_WPB_L56_DOC0.5_WOC1.0_N2700_F270,3,0
15,3,3,53,test,67,S_WPB_L56_DOC0.5_WOC1.0_N2700_F270_R4,S_WPB_L56_DOC0.5_WOC1.0_N2700_F270,4,0
15,3,3,53,test,104,S_WPB_L56_DOC1.5_WOC2.0_N2700_F270_R1,S_WPB_L56_DOC1.5_WOC2.0_N2700_F270,1,0
15,3,3,53,test,105,S_WPB_L56_DOC1.5_WOC2.0_N2700_F270_R2,S_WPB_L56_DOC1.5_WOC2.0_N2700_F270,2,0
15,3,3,53,test,106,S_WPB_L56_DOC1.5_WOC2.0_N2700_F270_R3,S_WPB_L56_DOC1.5_WOC2.0_N2700_F270,3,0
15,3,3,53,test,107,S_WPB_L56_DOC1.5_WOC2.0_N2700_F270_R4,S_WPB_L56_DOC1.5_WOC2.0_N2700_F270,4,0
15,3,3,53,test,108,U_WPA_L36_DOC2.0_WOC1.0_N3600_F360_R1,U_WPA_L36_DOC2.0_WOC1.0_N3600_F360,1,1
15,3,3,53,test,109,U_WPA_L36_DOC2.0_WOC1.0_N3600_F360_R2,U_WPA_L36_DOC2.0_WOC1.0_N3600_F360,2,1
15,3,3,53,test,110,U_WPA_L36_DOC2.0_WOC1.0_N3600_F360_R3,U_WPA_L36_DOC2.0_WOC1.0_N3600_F360,3,1
15,3,3,53,test,111,U_WPA_L36_DOC2.0_WOC1.0_N3600_F360_R4,U_WPA_L36_DOC2.0_WOC1.0_N3600_F360,4,1
15,3,3,53,test,116,U_WPA_L36_DOC3.0_WOC1.0_N3600_F360_R1,U_WPA_L36_DOC3.0_WOC1.0_N3600_F360,1,1
15,3,3,53,test,117,U_WPA_L36_DOC3.0_WOC1.0_N3600_F360_R2,U_WPA_L36_DOC3.0_WOC1.0_N3600_F360,2,1
15,3,3,53,test,118,U_WPA_L36_DOC3.0_WOC1.0_N3600_F360_R3,U_WPA_L36_DOC3.0_WOC1.0_N3600_F360,3,1
15,3,3,53,test,119,U_WPA_L36_DOC3.0_WOC1.0_N3600_F360_R4,U_WPA_L36_DOC3.0_WOC1.0_N3600_F360,4,1
15,3,3,53,test,128,U_WPB_L56_DOC2.0_WOC1.0_N2700_F270_R1,U_WPB_L56_DOC2.0_WOC1.0_N2700_F270,1,1
15,3,3,53,test,129,U_WPB_L56_DOC2.0_WOC1.0_N2700_F270_R2,U_WPB_L56_DOC2.0_WOC1.0_N2700_F270,2,1
15,3,3,53,test,130,U_WPB_L56_DOC2.0_WOC1.0_N2700_F270_R3,U_WPB_L56_DOC2.0_WOC1.0_N2700_F270,3,1
15,3,3,53,test,131,U_WPB_L56_DOC2.0_WOC1.0_N2700_F270_R4,U_WPB_L56_DOC2.0_WOC1.0_N2700_F270,4,1
15,3,3,53,test,132,U_WPB_L56_DOC2.0_WOC1.0_N3600_F360_R1,U_WPB_L56_DOC2.0_WOC1.0_N3600_F360,1,1
15,3,3,53,test,133,U_WPB_L56_DOC2.0_WOC1.0_N3600_F360_R2,U_WPB_L56_DOC2.0_WOC1.0_N3600_F360,2,1
15,3,3,53,test,134,U_WPB_L56_DOC2.0_WOC1.0_N3600_F360_R3,U_WPB_L56_DOC2.0_WOC1.0_N3600_F360,3,1
15,3,3,53,test,135,U_WPB_L56_DOC2.0_WOC1.0_N3600_F360_R4,U_WPB_L56_DOC2.0_WOC1.0_N3600_F360,4,1
16,4,0,71,train,0,S_WPA_L36_DOC0.5_WOC1.0_N2700_F270_R1,S_WPA_L36_DOC0.5_WOC1.0_N2700_F270,1,0
16,4,0,71,train,1,S_WPA_L36_DOC0.5_WOC1.0_N2700_F270_R2,S_WPA_L36_DOC0.5_WOC1.0_N2700_F270,2,0
16,4,0,71,train,2,S_WPA_L36_DOC0.5_WOC1.0_N2700_F270_R3,S_WPA_L36_DOC0.5_WOC1.0_N2700_F270,3,0
16,4,0,71,train,3,S_WPA_L36_DOC0.5_WOC1.0_N2700_F270_R4,S_WPA_L36_DOC0.5_WOC1.0_N2700_F270,4,0
16,4,0,71,train,8,S_WPA_L36_DOC0.5_WOC2.0_N2700_F270_R1,S_WPA_L36_DOC0.5_WOC2.0_N2700_F270,1,0
16,4,0,71,train,9,S_WPA_L36_DOC0.5_WOC2.0_N2700_F270_R2,S_WPA_L36_DOC0.5_WOC2.0_N2700_F270,2,0
16,4,0,71,train,10,S_WPA_L36_DOC0.5_WOC2.0_N2700_F270_R3,S_WPA_L36_DOC0.5_WOC2.0_N2700_F270,3,0
16,4,0,71,train,11,S_WPA_L36_DOC0.5_WOC2.0_N2700_F270_R4,S_WPA_L36_DOC0.5_WOC2.0_N2700_F270,4,0
16,4,0,71,train,12,S_WPA_L36_DOC1.0_WOC1.0_N1800_F180_R1,S_WPA_L36_DOC1.0_WOC1.0_N1800_F180,1,0
16,4,0,71,train,13,S_WPA_L36_DOC1.0_WOC1.0_N1800_F180_R2,S_WPA_L36_DOC1.0_WOC1.0_N1800_F180,2,0
16,4,0,71,train,14,S_WPA_L36_DOC1.0_WOC1.0_N1800_F180_R3,S_WPA_L36_DOC1.0_WOC1.0_N1800_F180,3,0
16,4,0,71,train,15,S_WPA_L36_DOC1.0_WOC1.0_N1800_F180_R4,S_WPA_L36_DOC1.0_WOC1.0_N1800_F180,4,0
16,4,0,71,train,16,S_WPA_L36_DOC1.0_WOC1.0_N2700_F270_R1,S_WPA_L36_DOC1.0_WOC1.0_N2700_F270,1,0
16,4,0,71,train,17,S_WPA_L36_DOC1.0_WOC1.0_N2700_F270_R2,S_WPA_L36_DOC1.0_WOC1.0_N2700_F270,2,0
16,4,0,71,train,18,S_WPA_L36_DOC1.0_WOC1.0_N2700_F270_R3,S_WPA_L36_DOC1.0_WOC1.0_N2700_F270,3,0
16,4,0,71,train,19,S_WPA_L36_DOC1.0_WOC1.0_N2700_F270_R4,S_WPA_L36_DOC1.0_WOC1.0_N2700_F270,4,0
16,4,0,71,train,24,S_WPA_L36_DOC1.0_WOC2.0_N2700_F270_R1,S_WPA_L36_DOC1.0_WOC2.0_N2700_F270,1,0
16,4,0,71,train,25,S_WPA_L36_DOC1.0_WOC2.0_N2700_F270_R2,S_WPA_L36_DOC1.0_WOC2.0_N2700_F270,2,0
16,4,0,71,train,26,S_WPA_L36_DOC1.0_WOC2.0_N2700_F270_R3,S_WPA_L36_DOC1.0_WOC2.0_N2700_F270,3,0
16,4,0,71,train,27,S_WPA_L36_DOC1.0_WOC2.0_N2700_F270_R4,S_WPA_L36_DOC1.0_WOC2.0_N2700_F270,4,0
16,4,0,71,train,28,S_WPA_L36_DOC1.5_WOC1.0_N1800_F180_R1,S_WPA_L36_DOC1.5_WOC1.0_N1800_F180,1,0
16,4,0,71,train,29,S_WPA_L36_DOC1.5_WOC1.0_N1800_F180_R2,S_WPA_L36_DOC1.5_WOC1.0_N1800_F180,2,0
16,4,0,71,train,30,S_WPA_L36_DOC1.5_WOC1.0_N1800_F180_R3,S_WPA_L36_DOC1.5_WOC1.0_N1800_F180,3,0
16,4,0,71,train,31,S_WPA_L36_DOC1.5_WOC1.0_N1800_F180_R4,S_WPA_L36_DOC1.5_WOC1.0_N1800_F180,4,0
16,4,0,71,train,32,S_WPA_L36_DOC1.5_WOC1.0_N3600_F360_R1,S_WPA_L36_DOC1.5_WOC1.0_N3600_F360,1,0
16,4,0,71,train,33,S_WPA_L36_DOC1.5_WOC1.0_N3600_F360_R2,S_WPA_L36_DOC1.5_WOC1.0_N3600_F360,2,0
16,4,0,71,train,34,S_WPA_L36_DOC1.5_WOC1.0_N3600_F360_R3,S_WPA_L36_DOC1.5_WOC1.0_N3600_F360,3,0
16,4,0,71,train,35,S_WPA_L36_DOC1.5_WOC1.0_N3600_F360_R4,S_WPA_L36_DOC1.5_WOC1.0_N3600_F360,4,0
16,4,0,71,train,36,S_WPA_L36_DOC1.5_WOC2.0_N2700_F270_R1,S_WPA_L36_DOC1.5_WOC2.0_N2700_F270,1,0
16,4,0,71,train,37,S_WPA_L36_DOC1.5_WOC2.0_N2700_F270_R2,S_WPA_L36_DOC1.5_WOC2.0_N2700_F270,2,0
16,4,0,71,train,38,S_WPA_L36_DOC1.5_WOC2.0_N2700_F270_R3,S_WPA_L36_DOC1.5_WOC2.0_N2700_F270,3,0
16,4,0,71,train,39,S_WPA_L36_DOC1.5_WOC2.0_N2700_F270_R4,S_WPA_L36_DOC1.5_WOC2.0_N2700_F270,4,0
16,4,0,71,train,40,S_WPA_L36_DOC2.0_WOC1.0_N1800_F180_R1,S_WPA_L36_DOC2.0_WOC1.0_N1800_F180,1,0
16,4,0,71,train,41,S_WPA_L36_DOC2.0_WOC1.0_N1800_F180_R2,S_WPA_L36_DOC2.0_WOC1.0_N1800_F180,2,0
16,4,0,71,train,42,S_WPA_L36_DOC2.0_WOC1.0_N1800_F180_R3,S_WPA_L36_DOC2.0_WOC1.0_N1800_F180,3,0
16,4,0,71,train,43,S_WPA_L36_DOC2.0_WOC1.0_N1800_F180_R4,S_WPA_L36_DOC2.0_WOC1.0_N1800_F180,4,0
16,4,0,71,train,44,S_WPA_L36_DOC2.0_WOC1.0_N2700_F270_R1,S_WPA_L36_DOC2.0_WOC1.0_N2700_F270,1,0
16,4,0,71,train,45,S_WPA_L36_DOC2.0_WOC1.0_N2700_F270_R2,S_WPA_L36_DOC2.0_WOC1.0_N2700_F270,2,0
16,4,0,71,train,46,S_WPA_L36_DOC2.0_WOC1.0_N2700_F270_R3,S_WPA_L36_DOC2.0_WOC1.0_N2700_F270,3,0
16,4,0,71,train,47,S_WPA_L36_DOC2.0_WOC1.0_N2700_F270_R4,S_WPA_L36_DOC2.0_WOC1.0_N2700_F270,4,0
16,4,0,71,train,48,S_WPA_L36_DOC3.0_WOC1.0_N1800_F180_R1,S_WPA_L36_DOC3.0_WOC1.0_N1800_F180,1,0
16,4,0,71,train,49,S_WPA_L36_DOC3.0_WOC1.0_N1800_F180_R2,S_WPA_L36_DOC3.0_WOC1.0_N1800_F180,2,0
16,4,0,71,train,50,S_WPA_L36_DOC3.0_WOC1.0_N1800_F180_R3,S_WPA_L36_DOC3.0_WOC1.0_N1800_F180,3,0
16,4,0,71,train,51,S_WPA_L36_DOC3.0_WOC1.0_N1800_F180_R4,S_WPA_L36_DOC3.0_WOC1.0_N1800_F180,4,0
16,4,0,71,train,56,S_WPA_L36_DOC6.0_WOC1.0_N2700_F270_R1,S_WPA_L36_DOC6.0_WOC1.0_N2700_F270,1,0
16,4,0,71,train,57,S_WPA_L36_DOC6.0_WOC1.0_N2700_F270_R2,S_WPA_L36_DOC6.0_WOC1.0_N2700_F270,2,0
16,4,0,71,train,58,S_WPA_L36_DOC6.0_WOC1.0_N2700_F270_R3,S_WPA_L36_DOC6.0_WOC1.0_N2700_F270,3,0
16,4,0,71,train,59,S_WPA_L36_DOC6.0_WOC1.0_N2700_F270_R4,S_WPA_L36_DOC6.0_WOC1.0_N2700_F270,4,0
16,4,0,71,train,60,S_WPB_L56_DOC0.5_WOC1.0_N1800_F180_R1,S_WPB_L56_DOC0.5_WOC1.0_N1800_F180,1,0
16,4,0,71,train,61,S_WPB_L56_DOC0.5_WOC1.0_N1800_F180_R2,S_WPB_L56_DOC0.5_WOC1.0_N1800_F180,2,0
16,4,0,71,train,62,S_WPB_L56_DOC0.5_WOC1.0_N1800_F180_R3,S_WPB_L56_DOC0.5_WOC1.0_N1800_F180,3,0
16,4,0,71,train,63,S_WPB_L56_DOC0.5_WOC1.0_N1800_F180_R4,S_WPB_L56_DOC0.5_WOC1.0_N1800_F180,4,0
16,4,0,71,train,64,S_WPB_L56_DOC0.5_WOC1.0_N2700_F270_R1,S_WPB_L56_DOC0.5_WOC1.0_N2700_F270,1,0
16,4,0,71,train,65,S_WPB_L56_DOC0.5_WOC1.0_N2700_F270_R2,S_WPB_L56_DOC0.5_WOC1.0_N2700_F270,2,0
16,4,0,71,train,66,S_WPB_L56_DOC0.5_WOC1.0_N2700_F270_R3,S_WPB_L56_DOC0.5_WOC1.0_N2700_F270,3,0
16,4,0,71,train,67,S_WPB_L56_DOC0.5_WOC1.0_N2700_F270_R4,S_WPB_L56_DOC0.5_WOC1.0_N2700_F270,4,0
16,4,0,71,train,68,S_WPB_L56_DOC0.5_WOC1.0_N3600_F360_R1,S_WPB_L56_DOC0.5_WOC1.0_N3600_F360,1,0
16,4,0,71,train,69,S_WPB_L56_DOC0.5_WOC1.0_N3600_F360_R2,S_WPB_L56_DOC0.5_WOC1.0_N3600_F360,2,0
16,4,0,71,train,70,S_WPB_L56_DOC0.5_WOC1.0_N3600_F360_R3,S_WPB_L56_DOC0.5_WOC1.0_N3600_F360,3,0
16,4,0,71,train,71,S_WPB_L56_DOC0.5_WOC1.0_N3600_F360_R4,S_WPB_L56_DOC0.5_WOC1.0_N3600_F360,4,0
16,4,0,71,train,80,S_WPB_L56_DOC1.0_WOC1.0_N2700_F270_R1,S_WPB_L56_DOC1.0_WOC1.0_N2700_F270,1,0
16,4,0,71,train,81,S_WPB_L56_DOC1.0_WOC1.0_N2700_F270_R2,S_WPB_L56_DOC1.0_WOC1.0_N2700_F270,2,0
16,4,0,71,train,82,S_WPB_L56_DOC1.0_WOC1.0_N2700_F270_R3,S_WPB_L56_DOC1.0_WOC1.0_N2700_F270,3,0
16,4,0,71,train,83,S_WPB_L56_DOC1.0_WOC1.0_N2700_F270_R4,S_WPB_L56_DOC1.0_WOC1.0_N2700_F270,4,0
16,4,0,71,train,88,S_WPB_L56_DOC1.0_WOC2.0_N2700_F270_R1,S_WPB_L56_DOC1.0_WOC2.0_N2700_F270,1,0
16,4,0,71,train,89,S_WPB_L56_DOC1.0_WOC2.0_N2700_F270_R2,S_WPB_L56_DOC1.0_WOC2.0_N2700_F270,2,0
16,4,0,71,train,90,S_WPB_L56_DOC1.0_WOC2.0_N2700_F270_R3,S_WPB_L56_DOC1.0_WOC2.0_N2700_F270,3,0
16,4,0,71,train,91,S_WPB_L56_DOC1.0_WOC2.0_N2700_F270_R4,S_WPB_L56_DOC1.0_WOC2.0_N2700_F270,4,0
16,4,0,71,train,92,S_WPB_L56_DOC1.5_WOC1.0_N1800_F180_R1,S_WPB_L56_DOC1.5_WOC1.0_N1800_F180,1,0
16,4,0,71,train,93,S_WPB_L56_DOC1.5_WOC1.0_N1800_F180_R2,S_WPB_L56_DOC1.5_WOC1.0_N1800_F180,2,0
16,4,0,71,train,94,S_WPB_L56_DOC1.5_WOC1.0_N1800_F180_R3,S_WPB_L56_DOC1.5_WOC1.0_N1800_F180,3,0
16,4,0,71,train,95,S_WPB_L56_DOC1.5_WOC1.0_N1800_F180_R4,S_WPB_L56_DOC1.5_WOC1.0_N1800_F180,4,0
16,4,0,71,train,100,S_WPB_L56_DOC1.5_WOC1.0_N3600_F360_R1,S_WPB_L56_DOC1.5_WOC1.0_N3600_F360,1,0
16,4,0,71,train,101,S_WPB_L56_DOC1.5_WOC1.0_N3600_F360_R2,S_WPB_L56_DOC1.5_WOC1.0_N3600_F360,2,0
16,4,0,71,train,102,S_WPB_L56_DOC1.5_WOC1.0_N3600_F360_R3,S_WPB_L56_DOC1.5_WOC1.0_N3600_F360,3,0
16,4,0,71,train,103,S_WPB_L56_DOC1.5_WOC1.0_N3600_F360_R4,S_WPB_L56_DOC1.5_WOC1.0_N3600_F360,4,0
16,4,0,71,train,104,S_WPB_L56_DOC1.5_WOC2.0_N2700_F270_R1,S_WPB_L56_DOC1.5_WOC2.0_N2700_F270,1,0
16,4,0,71,train,105,S_WPB_L56_DOC1.5_WOC2.0_N2700_F270_R2,S_WPB_L56_DOC1.5_WOC2.0_N2700_F270,2,0
16,4,0,71,train,106,S_WPB_L56_DOC1.5_WOC2.0_N2700_F270_R3,S_WPB_L56_DOC1.5_WOC2.0_N2700_F270,3,0
16,4,0,71,train,107,S_WPB_L56_DOC1.5_WOC2.0_N2700_F270_R4,S_WPB_L56_DOC1.5_WOC2.0_N2700_F270,4,0
16,4,0,71,train,108,U_WPA_L36_DOC2.0_WOC1.0_N3600_F360_R1,U_WPA_L36_DOC2.0_WOC1.0_N3600_F360,1,1
16,4,0,71,train,109,U_WPA_L36_DOC2.0_WOC1.0_N3600_F360_R2,U_WPA_L36_DOC2.0_WOC1.0_N3600_F360,2,1
16,4,0,71,train,110,U_WPA_L36_DOC2.0_WOC1.0_N3600_F360_R3,U_WPA_L36_DOC2.0_WOC1.0_N3600_F360,3,1
16,4,0,71,train,111,U_WPA_L36_DOC2.0_WOC1.0_N3600_F360_R4,U_WPA_L36_DOC2.0_WOC1.0_N3600_F360,4,1
16,4,0,71,train,116,U_WPA_L36_DOC3.0_WOC1.0_N3600_F360_R1,U_WPA_L36_DOC3.0_WOC1.0_N3600_F360,1,1
16,4,0,71,train,117,U_WPA_L36_DOC3.0_WOC1.0_N3600_F360_R2,U_WPA_L36_DOC3.0_WOC1.0_N3600_F360,2,1
16,4,0,71,train,118,U_WPA_L36_DOC3.0_WOC1.0_N3600_F360_R3,U_WPA_L36_DOC3.0_WOC1.0_N3600_F360,3,1
16,4,0,71,train,119,U_WPA_L36_DOC3.0_WOC1.0_N3600_F360_R4,U_WPA_L36_DOC3.0_WOC1.0_N3600_F360,4,1
16,4,0,71,train,124,U_WPB_L56_DOC2.0_WOC1.0_N1800_F180_R1,U_WPB_L56_DOC2.0_WOC1.0_N1800_F180,1,1
16,4,0,71,train,125,U_WPB_L56_DOC2.0_WOC1.0_N1800_F180_R2,U_WPB_L56_DOC2.0_WOC1.0_N1800_F180,2,1
16,4,0,71,train,126,U_WPB_L56_DOC2.0_WOC1.0_N1800_F180_R3,U_WPB_L56_DOC2.0_WOC1.0_N1800_F180,3,1
16,4,0,71,train,127,U_WPB_L56_DOC2.0_WOC1.0_N1800_F180_R4,U_WPB_L56_DOC2.0_WOC1.0_N1800_F180,4,1
16,4,0,71,train,128,U_WPB_L56_DOC2.0_WOC1.0_N2700_F270_R1,U_WPB_L56_DOC2.0_WOC1.0_N2700_F270,1,1
16,4,0,71,train,129,U_WPB_L56_DOC2.0_WOC1.0_N2700_F270_R2,U_WPB_L56_DOC2.0_WOC1.0_N2700_F270,2,1
16,4,0,71,train,130,U_WPB_L56_DOC2.0_WOC1.0_N2700_F270_R3,U_WPB_L56_DOC2.0_WOC1.0_N2700_F270,3,1
16,4,0,71,train,131,U_WPB_L56_DOC2.0_WOC1.0_N2700_F270_R4,U_WPB_L56_DOC2.0_WOC1.0_N2700_F270,4,1
16,4,0,71,train,132,U_WPB_L56_DOC2.0_WOC1.0_N3600_F360_R1,U_WPB_L56_DOC2.0_WOC1.0_N3600_F360,1,1
16,4,0,71,train,133,U_WPB_L56_DOC2.0_WOC1.0_N3600_F360_R2,U_WPB_L56_DOC2.0_WOC1.0_N3600_F360,2,1
16,4,0,71,train,134,U_WPB_L56_DOC2.0_WOC1.0_N3600_F360_R3,U_WPB_L56_DOC2.0_WOC1.0_N3600_F360,3,1
16,4,0,71,train,135,U_WPB_L56_DOC2.0_WOC1.0_N3600_F360_R4,U_WPB_L56_DOC2.0_WOC1.0_N3600_F360,4,1
16,4,0,71,train,140,U_WPB_L56_DOC3.0_WOC1.0_N1800_F180_R1,U_WPB_L56_DOC3.0_WOC1.0_N1800_F180,1,1
16,4,0,71,train,141,U_WPB_L56_DOC3.0_WOC1.0_N1800_F180_R2,U_WPB_L56_DOC3.0_WOC1.0_N1800_F180,2,1
16,4,0,71,train,142,U_WPB_L56_DOC3.0_WOC1.0_N1800_F180_R3,U_WPB_L56_DOC3.0_WOC1.0_N1800_F180,3,1
16,4,0,71,train,143,U_WPB_L56_DOC3.0_WOC1.0_N1800_F180_R4,U_WPB_L56_DOC3.0_WOC1.0_N1800_F180,4,1
16,4,0,71,train,144,U_WPB_L56_DOC3.0_WOC1.0_N3600_F360_R1,U_WPB_L56_DOC3.0_WOC1.0_N3600_F360,1,1
16,4,0,71,train,145,U_WPB_L56_DOC3.0_WOC1.0_N3600_F360_R2,U_WPB_L56_DOC3.0_WOC1.0_N3600_F360,2,1
16,4,0,71,train,146,U_WPB_L56_DOC3.0_WOC1.0_N3600_F360_R3,U_WPB_L56_DOC3.0_WOC1.0_N3600_F360,3,1
16,4,0,71,train,147,U_WPB_L56_DOC3.0_WOC1.0_N3600_F360_R4,U_WPB_L56_DOC3.0_WOC1.0_N3600_F360,4,1
16,4,0,71,train,148,U_WPB_L56_DOC4.0_WOC1.0_N2700_F270_R1,U_WPB_L56_DOC4.0_WOC1.0_N2700_F270,1,1
16,4,0,71,train,149,U_WPB_L56_DOC4.0_WOC1.0_N2700_F270_R2,U_WPB_L56_DOC4.0_WOC1.0_N2700_F270,2,1
16,4,0,71,train,150,U_WPB_L56_DOC4.0_WOC1.0_N2700_F270_R3,U_WPB_L56_DOC4.0_WOC1.0_N2700_F270,3,1
16,4,0,71,train,151,U_WPB_L56_DOC4.0_WOC1.0_N2700_F270_R4,U_WPB_L56_DOC4.0_WOC1.0_N2700_F270,4,1
16,4,0,71,train,152,U_WPB_L56_DOC4.0_WOC2.0_N2700_F270_R1,U_WPB_L56_DOC4.0_WOC2.0_N2700_F270,1,1
16,4,0,71,train,153,U_WPB_L56_DOC4.0_WOC2.0_N2700_F270_R2,U_WPB_L56_DOC4.0_WOC2.0_N2700_F270,2,1
16,4,0,71,train,154,U_WPB_L56_DOC4.0_WOC2.0_N2700_F270_R3,U_WPB_L56_DOC4.0_WOC2.0_N2700_F270,3,1
16,4,0,71,train,155,U_WPB_L56_DOC4.0_WOC2.0_N2700_F270_R4,U_WPB_L56_DOC4.0_WOC2.0_N2700_F270,4,1
16,4,0,71,train,156,U_WPB_L56_DOC6.0_WOC1.0_N2700_F270_R1,U_WPB_L56_DOC6.0_WOC1.0_N2700_F270,1,1
16,4,0,71,train,157,U_WPB_L56_DOC6.0_WOC1.0_N2700_F270_R2,U_WPB_L56_DOC6.0_WOC1.0_N2700_F270,2,1
16,4,0,71,train,158,U_WPB_L56_DOC6.0_WOC1.0_N2700_F270_R3,U_WPB_L56_DOC6.0_WOC1.0_N2700_F270,3,1
16,4,0,71,train,159,U_WPB_L56_DOC6.0_WOC1.0_N2700_F270_R4,U_WPB_L56_DOC6.0_WOC1.0_N2700_F270,4,1
16,4,0,71,test,4,S_WPA_L36_DOC0.5_WOC1.0_N3600_F360_R1,S_WPA_L36_DOC0.5_WOC1.0_N3600_F360,1,0
16,4,0,71,test,5,S_WPA_L36_DOC0.5_WOC1.0_N3600_F360_R2,S_WPA_L36_DOC0.5_WOC1.0_N3600_F360,2,0
16,4,0,71,test,6,S_WPA_L36_DOC0.5_WOC1.0_N3600_F360_R3,S_WPA_L36_DOC0.5_WOC1.0_N3600_F360,3,0
16,4,0,71,test,7,S_WPA_L36_DOC0.5_WOC1.0_N3600_F360_R4,S_WPA_L36_DOC0.5_WOC1.0_N3600_F360,4,0
16,4,0,71,test,20,S_WPA_L36_DOC1.0_WOC1.0_N3600_F360_R1,S_WPA_L36_DOC1.0_WOC1.0_N3600_F360,1,0
16,4,0,71,test,21,S_WPA_L36_DOC1.0_WOC1.0_N3600_F360_R2,S_WPA_L36_DOC1.0_WOC1.0_N3600_F360,2,0
16,4,0,71,test,22,S_WPA_L36_DOC1.0_WOC1.0_N3600_F360_R3,S_WPA_L36_DOC1.0_WOC1.0_N3600_F360,3,0
16,4,0,71,test,23,S_WPA_L36_DOC1.0_WOC1.0_N3600_F360_R4,S_WPA_L36_DOC1.0_WOC1.0_N3600_F360,4,0
16,4,0,71,test,52,S_WPA_L36_DOC4.0_WOC1.0_N2700_F270_R1,S_WPA_L36_DOC4.0_WOC1.0_N2700_F270,1,0
16,4,0,71,test,53,S_WPA_L36_DOC4.0_WOC1.0_N2700_F270_R2,S_WPA_L36_DOC4.0_WOC1.0_N2700_F270,2,0
16,4,0,71,test,54,S_WPA_L36_DOC4.0_WOC1.0_N2700_F270_R3,S_WPA_L36_DOC4.0_WOC1.0_N2700_F270,3,0
16,4,0,71,test,55,S_WPA_L36_DOC4.0_WOC1.0_N2700_F270_R4,S_WPA_L36_DOC4.0_WOC1.0_N2700_F270,4,0
16,4,0,71,test,72,S_WPB_L56_DOC0.5_WOC2.0_N2700_F270_R1,S_WPB_L56_DOC0.5_WOC2.0_N2700_F270,1,0
16,4,0,71,test,73,S_WPB_L56_DOC0.5_WOC2.0_N2700_F270_R2,S_WPB_L56_DOC0.5_WOC2.0_N2700_F270,2,0
16,4,0,71,test,74,S_WPB_L56_DOC0.5_WOC2.0_N2700_F270_R3,S_WPB_L56_DOC0.5_WOC2.0_N2700_F270,3,0
16,4,0,71,test,75,S_WPB_L56_DOC0.5_WOC2.0_N2700_F270_R4,S_WPB_L56_DOC0.5_WOC2.0_N2700_F270,4,0
16,4,0,71,test,76,S_WPB_L56_DOC1.0_WOC1.0_N1800_F180_R1,S_WPB_L56_DOC1.0_WOC1.0_N1800_F180,1,0
16,4,0,71,test,77,S_WPB_L56_DOC1.0_WOC1.0_N1800_F180_R2,S_WPB_L56_DOC1.0_WOC1.0_N1800_F180,2,0
16,4,0,71,test,78,S_WPB_L56_DOC1.0_WOC1.0_N1800_F180_R3,S_WPB_L56_DOC1.0_WOC1.0_N1800_F180,3,0
16,4,0,71,test,79,S_WPB_L56_DOC1.0_WOC1.0_N1800_F180_R4,S_WPB_L56_DOC1.0_WOC1.0_N1800_F180,4,0
16,4,0,71,test,84,S_WPB_L56_DOC1.0_WOC1.0_N3600_F360_R1,S_WPB_L56_DOC1.0_WOC1.0_N3600_F360,1,0
16,4,0,71,test,85,S_WPB_L56_DOC1.0_WOC1.0_N3600_F360_R2,S_WPB_L56_DOC1.0_WOC1.0_N3600_F360,2,0
16,4,0,71,test,86,S_WPB_L56_DOC1.0_WOC1.0_N3600_F360_R3,S_WPB_L56_DOC1.0_WOC1.0_N3600_F360,3,0
16,4,0,71,test,87,S_WPB_L56_DOC1.0_WOC1.0_N3600_F360_R4,S_WPB_L56_DOC1.0_WOC1.0_N3600_F360,4,0
16,4,0,71,test,96,S_WPB_L56_DOC1.5_WOC1.0_N2700_F270_R1,S_WPB_L56_DOC1.5_WOC1.0_N2700_F270,1,0
16,4,0,71,test,97,S_WPB_L56_DOC1.5_WOC1.0_N2700_F270_R2,S_WPB_L56_DOC1.5_WOC1.0_N2700_F270,2,0
16,4,0,71,test,98,S_WPB_L56_DOC1.5_WOC1.0_N2700_F270_R3,S_WPB_L56_DOC1.5_WOC1.0_N2700_F270,3,0
16,4,0,71,test,99,S_WPB_L56_DOC1.5_WOC1.0_N2700_F270_R4,S_WPB_L56_DOC1.5_WOC1.0_N2700_F270,4,0
16,4,0,71,test,112,U_WPA_L36_DOC2.0_WOC2.0_N2700_F270_R1,U_WPA_L36_DOC2.0_WOC2.0_N2700_F270,1,1
16,4,0,71,test,113,U_WPA_L36_DOC2.0_WOC2.0_N2700_F270_R2,U_WPA_L36_DOC2.0_WOC2.0_N2700_F270,2,1
16,4,0,71,test,114,U_WPA_L36_DOC2.0_WOC2.0_N2700_F270_R3,U_WPA_L36_DOC2.0_WOC2.0_N2700_F270,3,1
16,4,0,71,test,115,U_WPA_L36_DOC2.0_WOC2.0_N2700_F270_R4,U_WPA_L36_DOC2.0_WOC2.0_N2700_F270,4,1
16,4,0,71,test,120,U_WPA_L36_DOC4.0_WOC2.0_N2700_F270_R1,U_WPA_L36_DOC4.0_WOC2.0_N2700_F270,1,1
16,4,0,71,test,121,U_WPA_L36_DOC4.0_WOC2.0_N2700_F270_R2,U_WPA_L36_DOC4.0_WOC2.0_N2700_F270,2,1
16,4,0,71,test,122,U_WPA_L36_DOC4.0_WOC2.0_N2700_F270_R3,U_WPA_L36_DOC4.0_WOC2.0_N2700_F270,3,1
16,4,0,71,test,123,U_WPA_L36_DOC4.0_WOC2.0_N2700_F270_R4,U_WPA_L36_DOC4.0_WOC2.0_N2700_F270,4,1
16,4,0,71,test,136,U_WPB_L56_DOC2.0_WOC2.0_N2700_F270_R1,U_WPB_L56_DOC2.0_WOC2.0_N2700_F270,1,1
16,4,0,71,test,137,U_WPB_L56_DOC2.0_WOC2.0_N2700_F270_R2,U_WPB_L56_DOC2.0_WOC2.0_N2700_F270,2,1
16,4,0,71,test,138,U_WPB_L56_DOC2.0_WOC2.0_N2700_F270_R3,U_WPB_L56_DOC2.0_WOC2.0_N2700_F270,3,1
16,4,0,71,test,139,U_WPB_L56_DOC2.0_WOC2.0_N2700_F270_R4,U_WPB_L56_DOC2.0_WOC2.0_N2700_F270,4,1
17,4,1,71,train,0,S_WPA_L36_DOC0.5_WOC1.0_N2700_F270_R1,S_WPA_L36_DOC0.5_WOC1.0_N2700_F270,1,0
17,4,1,71,train,1,S_WPA_L36_DOC0.5_WOC1.0_N2700_F270_R2,S_WPA_L36_DOC0.5_WOC1.0_N2700_F270,2,0
17,4,1,71,train,2,S_WPA_L36_DOC0.5_WOC1.0_N2700_F270_R3,S_WPA_L36_DOC0.5_WOC1.0_N2700_F270,3,0
17,4,1,71,train,3,S_WPA_L36_DOC0.5_WOC1.0_N2700_F270_R4,S_WPA_L36_DOC0.5_WOC1.0_N2700_F270,4,0
17,4,1,71,train,4,S_WPA_L36_DOC0.5_WOC1.0_N3600_F360_R1,S_WPA_L36_DOC0.5_WOC1.0_N3600_F360,1,0
17,4,1,71,train,5,S_WPA_L36_DOC0.5_WOC1.0_N3600_F360_R2,S_WPA_L36_DOC0.5_WOC1.0_N3600_F360,2,0
17,4,1,71,train,6,S_WPA_L36_DOC0.5_WOC1.0_N3600_F360_R3,S_WPA_L36_DOC0.5_WOC1.0_N3600_F360,3,0
17,4,1,71,train,7,S_WPA_L36_DOC0.5_WOC1.0_N3600_F360_R4,S_WPA_L36_DOC0.5_WOC1.0_N3600_F360,4,0
17,4,1,71,train,8,S_WPA_L36_DOC0.5_WOC2.0_N2700_F270_R1,S_WPA_L36_DOC0.5_WOC2.0_N2700_F270,1,0
17,4,1,71,train,9,S_WPA_L36_DOC0.5_WOC2.0_N2700_F270_R2,S_WPA_L36_DOC0.5_WOC2.0_N2700_F270,2,0
17,4,1,71,train,10,S_WPA_L36_DOC0.5_WOC2.0_N2700_F270_R3,S_WPA_L36_DOC0.5_WOC2.0_N2700_F270,3,0
17,4,1,71,train,11,S_WPA_L36_DOC0.5_WOC2.0_N2700_F270_R4,S_WPA_L36_DOC0.5_WOC2.0_N2700_F270,4,0
17,4,1,71,train,12,S_WPA_L36_DOC1.0_WOC1.0_N1800_F180_R1,S_WPA_L36_DOC1.0_WOC1.0_N1800_F180,1,0
17,4,1,71,train,13,S_WPA_L36_DOC1.0_WOC1.0_N1800_F180_R2,S_WPA_L36_DOC1.0_WOC1.0_N1800_F180,2,0
17,4,1,71,train,14,S_WPA_L36_DOC1.0_WOC1.0_N1800_F180_R3,S_WPA_L36_DOC1.0_WOC1.0_N1800_F180,3,0
17,4,1,71,train,15,S_WPA_L36_DOC1.0_WOC1.0_N1800_F180_R4,S_WPA_L36_DOC1.0_WOC1.0_N1800_F180,4,0
17,4,1,71,train,20,S_WPA_L36_DOC1.0_WOC1.0_N3600_F360_R1,S_WPA_L36_DOC1.0_WOC1.0_N3600_F360,1,0
17,4,1,71,train,21,S_WPA_L36_DOC1.0_WOC1.0_N3600_F360_R2,S_WPA_L36_DOC1.0_WOC1.0_N3600_F360,2,0
17,4,1,71,train,22,S_WPA_L36_DOC1.0_WOC1.0_N3600_F360_R3,S_WPA_L36_DOC1.0_WOC1.0_N3600_F360,3,0
17,4,1,71,train,23,S_WPA_L36_DOC1.0_WOC1.0_N3600_F360_R4,S_WPA_L36_DOC1.0_WOC1.0_N3600_F360,4,0
17,4,1,71,train,28,S_WPA_L36_DOC1.5_WOC1.0_N1800_F180_R1,S_WPA_L36_DOC1.5_WOC1.0_N1800_F180,1,0
17,4,1,71,train,29,S_WPA_L36_DOC1.5_WOC1.0_N1800_F180_R2,S_WPA_L36_DOC1.5_WOC1.0_N1800_F180,2,0
17,4,1,71,train,30,S_WPA_L36_DOC1.5_WOC1.0_N1800_F180_R3,S_WPA_L36_DOC1.5_WOC1.0_N1800_F180,3,0
17,4,1,71,train,31,S_WPA_L36_DOC1.5_WOC1.0_N1800_F180_R4,S_WPA_L36_DOC1.5_WOC1.0_N1800_F180,4,0
17,4,1,71,train,32,S_WPA_L36_DOC1.5_WOC1.0_N3600_F360_R1,S_WPA_L36_DOC1.5_WOC1.0_N3600_F360,1,0
17,4,1,71,train,33,S_WPA_L36_DOC1.5_WOC1.0_N3600_F360_R2,S_WPA_L36_DOC1.5_WOC1.0_N3600_F360,2,0
17,4,1,71,train,34,S_WPA_L36_DOC1.5_WOC1.0_N3600_F360_R3,S_WPA_L36_DOC1.5_WOC1.0_N3600_F360,3,0
17,4,1,71,train,35,S_WPA_L36_DOC1.5_WOC1.0_N3600_F360_R4,S_WPA_L36_DOC1.5_WOC1.0_N3600_F360,4,0
17,4,1,71,train,40,S_WPA_L36_DOC2.0_WOC1.0_N1800_F180_R1,S_WPA_L36_DOC2.0_WOC1.0_N1800_F180,1,0
17,4,1,71,train,41,S_WPA_L36_DOC2.0_WOC1.0_N1800_F180_R2,S_WPA_L36_DOC2.0_WOC1.0_N1800_F180,2,0
17,4,1,71,train,42,S_WPA_L36_DOC2.0_WOC1.0_N1800_F180_R3,S_WPA_L36_DOC2.0_WOC1.0_N1800_F180,3,0
17,4,1,71,train,43,S_WPA_L36_DOC2.0_WOC1.0_N1800_F180_R4,S_WPA_L36_DOC2.0_WOC1.0_N1800_F180,4,0
17,4,1,71,train,52,S_WPA_L36_DOC4.0_WOC1.0_N2700_F270_R1,S_WPA_L36_DOC4.0_WOC1.0_N2700_F270,1,0
17,4,1,71,train,53,S_WPA_L36_DOC4.0_WOC1.0_N2700_F270_R2,S_WPA_L36_DOC4.0_WOC1.0_N2700_F270,2,0
17,4,1,71,train,54,S_WPA_L36_DOC4.0_WOC1.0_N2700_F270_R3,S_WPA_L36_DOC4.0_WOC1.0_N2700_F270,3,0
17,4,1,71,train,55,S_WPA_L36_DOC4.0_WOC1.0_N2700_F270_R4,S_WPA_L36_DOC4.0_WOC1.0_N2700_F270,4,0
17,4,1,71,train,56,S_WPA_L36_DOC6.0_WOC1.0_N2700_F270_R1,S_WPA_L36_DOC6.0_WOC1.0_N2700_F270,1,0
17,4,1,71,train,57,S_WPA_L36_DOC6.0_WOC1.0_N2700_F270_R2,S_WPA_L36_DOC6.0_WOC1.0_N2700_F270,2,0
17,4,1,71,train,58,S_WPA_L36_DOC6.0_WOC1.0_N2700_F270_R3,S_WPA_L36_DOC6.0_WOC1.0_N2700_F270,3,0
17,4,1,71,train,59,S_WPA_L36_DOC6.0_WOC1.0_N2700_F270_R4,S_WPA_L36_DOC6.0_WOC1.0_N2700_F270,4,0
17,4,1,71,train,60,S_WPB_L56_DOC0.5_WOC1.0_N1800_F180_R1,S_WPB_L56_DOC0.5_WOC1.0_N1800_F180,1,0
17,4,1,71,train,61,S_WPB_L56_DOC0.5_WOC1.0_N1800_F180_R2,S_WPB_L56_DOC0.5_WOC1.0_N1800_F180,2,0
17,4,1,71,train,62,S_WPB_L56_DOC0.5_WOC1.0_N1800_F180_R3,S_WPB_L56_DOC0.5_WOC1.0_N1800_F180,3,0
17,4,1,71,train,63,S_WPB_L56_DOC0.5_WOC1.0_N1800_F180_R4,S_WPB_L56_DOC0.5_WOC1.0_N1800_F180,4,0
17,4,1,71,train,64,S_WPB_L56_DOC0.5_WOC1.0_N2700_F270_R1,S_WPB_L56_DOC0.5_WOC1.0_N2700_F270,1,0
17,4,1,71,train,65,S_WPB_L56_DOC0.5_WOC1.0_N2700_F270_R2,S_WPB_L56_DOC0.5_WOC1.0_N2700_F270,2,0
17,4,1,71,train,66,S_WPB_L56_DOC0.5_WOC1.0_N2700_F270_R3,S_WPB_L56_DOC0.5_WOC1.0_N2700_F270,3,0
17,4,1,71,train,67,S_WPB_L56_DOC0.5_WOC1.0_N2700_F270_R4,S_WPB_L56_DOC0.5_WOC1.0_N2700_F270,4,0
17,4,1,71,train,68,S_WPB_L56_DOC0.5_WOC1.0_N3600_F360_R1,S_WPB_L56_DOC0.5_WOC1.0_N3600_F360,1,0
17,4,1,71,train,69,S_WPB_L56_DOC0.5_WOC1.0_N3600_F360_R2,S_WPB_L56_DOC0.5_WOC1.0_N3600_F360,2,0
17,4,1,71,train,70,S_WPB_L56_DOC0.5_WOC1.0_N3600_F360_R3,S_WPB_L56_DOC0.5_WOC1.0_N3600_F360,3,0
17,4,1,71,train,71,S_WPB_L56_DOC0.5_WOC1.0_N3600_F360_R4,S_WPB_L56_DOC0.5_WOC1.0_N3600_F360,4,0
17,4,1,71,train,72,S_WPB_L56_DOC0.5_WOC2.0_N2700_F270_R1,S_WPB_L56_DOC0.5_WOC2.0_N2700_F270,1,0
17,4,1,71,train,73,S_WPB_L56_DOC0.5_WOC2.0_N2700_F270_R2,S_WPB_L56_DOC0.5_WOC2.0_N2700_F270,2,0
17,4,1,71,train,74,S_WPB_L56_DOC0.5_WOC2.0_N2700_F270_R3,S_WPB_L56_DOC0.5_WOC2.0_N2700_F270,3,0
17,4,1,71,train,75,S_WPB_L56_DOC0.5_WOC2.0_N2700_F270_R4,S_WPB_L56_DOC0.5_WOC2.0_N2700_F270,4,0
17,4,1,71,train,76,S_WPB_L56_DOC1.0_WOC1.0_N1800_F180_R1,S_WPB_L56_DOC1.0_WOC1.0_N1800_F180,1,0
17,4,1,71,train,77,S_WPB_L56_DOC1.0_WOC1.0_N1800_F180_R2,S_WPB_L56_DOC1.0_WOC1.0_N1800_F180,2,0
17,4,1,71,train,78,S_WPB_L56_DOC1.0_WOC1.0_N1800_F180_R3,S_WPB_L56_DOC1.0_WOC1.0_N1800_F180,3,0
17,4,1,71,train,79,S_WPB_L56_DOC1.0_WOC1.0_N1800_F180_R4,S_WPB_L56_DOC1.0_WOC1.0_N1800_F180,4,0
17,4,1,71,train,80,S_WPB_L56_DOC1.0_WOC1.0_N2700_F270_R1,S_WPB_L56_DOC1.0_WOC1.0_N2700_F270,1,0
17,4,1,71,train,81,S_WPB_L56_DOC1.0_WOC1.0_N2700_F270_R2,S_WPB_L56_DOC1.0_WOC1.0_N2700_F270,2,0
17,4,1,71,train,82,S_WPB_L56_DOC1.0_WOC1.0_N2700_F270_R3,S_WPB_L56_DOC1.0_WOC1.0_N2700_F270,3,0
17,4,1,71,train,83,S_WPB_L56_DOC1.0_WOC1.0_N2700_F270_R4,S_WPB_L56_DOC1.0_WOC1.0_N2700_F270,4,0
17,4,1,71,train,84,S_WPB_L56_DOC1.0_WOC1.0_N3600_F360_R1,S_WPB_L56_DOC1.0_WOC1.0_N3600_F360,1,0
17,4,1,71,train,85,S_WPB_L56_DOC1.0_WOC1.0_N3600_F360_R2,S_WPB_L56_DOC1.0_WOC1.0_N3600_F360,2,0
17,4,1,71,train,86,S_WPB_L56_DOC1.0_WOC1.0_N3600_F360_R3,S_WPB_L56_DOC1.0_WOC1.0_N3600_F360,3,0
17,4,1,71,train,87,S_WPB_L56_DOC1.0_WOC1.0_N3600_F360_R4,S_WPB_L56_DOC1.0_WOC1.0_N3600_F360,4,0
17,4,1,71,train,92,S_WPB_L56_DOC1.5_WOC1.0_N1800_F180_R1,S_WPB_L56_DOC1.5_WOC1.0_N1800_F180,1,0
17,4,1,71,train,93,S_WPB_L56_DOC1.5_WOC1.0_N1800_F180_R2,S_WPB_L56_DOC1.5_WOC1.0_N1800_F180,2,0
17,4,1,71,train,94,S_WPB_L56_DOC1.5_WOC1.0_N1800_F180_R3,S_WPB_L56_DOC1.5_WOC1.0_N1800_F180,3,0
17,4,1,71,train,95,S_WPB_L56_DOC1.5_WOC1.0_N1800_F180_R4,S_WPB_L56_DOC1.5_WOC1.0_N1800_F180,4,0
17,4,1,71,train,96,S_WPB_L56_DOC1.5_WOC1.0_N2700_F270_R1,S_WPB_L56_DOC1.5_WOC1.0_N2700_F270,1,0
17,4,1,71,train,97,S_WPB_L56_DOC1.5_WOC1.0_N2700_F270_R2,S_WPB_L56_DOC1.5_WOC1.0_N2700_F270,2,0
17,4,1,71,train,98,S_WPB_L56_DOC1.5_WOC1.0_N2700_F270_R3,S_WPB_L56_DOC1.5_WOC1.0_N2700_F270,3,0
17,4,1,71,train,99,S_WPB_L56_DOC1.5_WOC1.0_N2700_F270_R4,S_WPB_L56_DOC1.5_WOC1.0_N2700_F270,4,0
17,4,1,71,train,104,S_WPB_L56_DOC1.5_WOC2.0_N2700_F270_R1,S_WPB_L56_DOC1.5_WOC2.0_N2700_F270,1,0
17,4,1,71,train,105,S_WPB_L56_DOC1.5_WOC2.0_N2700_F270_R2,S_WPB_L56_DOC1.5_WOC2.0_N2700_F270,2,0
17,4,1,71,train,106,S_WPB_L56_DOC1.5_WOC2.0_N2700_F270_R3,S_WPB_L56_DOC1.5_WOC2.0_N2700_F270,3,0
17,4,1,71,train,107,S_WPB_L56_DOC1.5_WOC2.0_N2700_F270_R4,S_WPB_L56_DOC1.5_WOC2.0_N2700_F270,4,0
17,4,1,71,train,112,U_WPA_L36_DOC2.0_WOC2.0_N2700_F270_R1,U_WPA_L36_DOC2.0_WOC2.0_N2700_F270,1,1
17,4,1,71,train,113,U_WPA_L36_DOC2.0_WOC2.0_N2700_F270_R2,U_WPA_L36_DOC2.0_WOC2.0_N2700_F270,2,1
17,4,1,71,train,114,U_WPA_L36_DOC2.0_WOC2.0_N2700_F270_R3,U_WPA_L36_DOC2.0_WOC2.0_N2700_F270,3,1
17,4,1,71,train,115,U_WPA_L36_DOC2.0_WOC2.0_N2700_F270_R4,U_WPA_L36_DOC2.0_WOC2.0_N2700_F270,4,1
17,4,1,71,train,116,U_WPA_L36_DOC3.0_WOC1.0_N3600_F360_R1,U_WPA_L36_DOC3.0_WOC1.0_N3600_F360,1,1
17,4,1,71,train,117,U_WPA_L36_DOC3.0_WOC1.0_N3600_F360_R2,U_WPA_L36_DOC3.0_WOC1.0_N3600_F360,2,1
17,4,1,71,train,118,U_WPA_L36_DOC3.0_WOC1.0_N3600_F360_R3,U_WPA_L36_DOC3.0_WOC1.0_N3600_F360,3,1
17,4,1,71,train,119,U_WPA_L36_DOC3.0_WOC1.0_N3600_F360_R4,U_WPA_L36_DOC3.0_WOC1.0_N3600_F360,4,1
17,4,1,71,train,120,U_WPA_L36_DOC4.0_WOC2.0_N2700_F270_R1,U_WPA_L36_DOC4.0_WOC2.0_N2700_F270,1,1
17,4,1,71,train,121,U_WPA_L36_DOC4.0_WOC2.0_N2700_F270_R2,U_WPA_L36_DOC4.0_WOC2.0_N2700_F270,2,1
17,4,1,71,train,122,U_WPA_L36_DOC4.0_WOC2.0_N2700_F270_R3,U_WPA_L36_DOC4.0_WOC2.0_N2700_F270,3,1
17,4,1,71,train,123,U_WPA_L36_DOC4.0_WOC2.0_N2700_F270_R4,U_WPA_L36_DOC4.0_WOC2.0_N2700_F270,4,1
17,4,1,71,train,124,U_WPB_L56_DOC2.0_WOC1.0_N1800_F180_R1,U_WPB_L56_DOC2.0_WOC1.0_N1800_F180,1,1
17,4,1,71,train,125,U_WPB_L56_DOC2.0_WOC1.0_N1800_F180_R2,U_WPB_L56_DOC2.0_WOC1.0_N1800_F180,2,1
17,4,1,71,train,126,U_WPB_L56_DOC2.0_WOC1.0_N1800_F180_R3,U_WPB_L56_DOC2.0_WOC1.0_N1800_F180,3,1
17,4,1,71,train,127,U_WPB_L56_DOC2.0_WOC1.0_N1800_F180_R4,U_WPB_L56_DOC2.0_WOC1.0_N1800_F180,4,1
17,4,1,71,train,128,U_WPB_L56_DOC2.0_WOC1.0_N2700_F270_R1,U_WPB_L56_DOC2.0_WOC1.0_N2700_F270,1,1
17,4,1,71,train,129,U_WPB_L56_DOC2.0_WOC1.0_N2700_F270_R2,U_WPB_L56_DOC2.0_WOC1.0_N2700_F270,2,1
17,4,1,71,train,130,U_WPB_L56_DOC2.0_WOC1.0_N2700_F270_R3,U_WPB_L56_DOC2.0_WOC1.0_N2700_F270,3,1
17,4,1,71,train,131,U_WPB_L56_DOC2.0_WOC1.0_N2700_F270_R4,U_WPB_L56_DOC2.0_WOC1.0_N2700_F270,4,1
17,4,1,71,train,132,U_WPB_L56_DOC2.0_WOC1.0_N3600_F360_R1,U_WPB_L56_DOC2.0_WOC1.0_N3600_F360,1,1
17,4,1,71,train,133,U_WPB_L56_DOC2.0_WOC1.0_N3600_F360_R2,U_WPB_L56_DOC2.0_WOC1.0_N3600_F360,2,1
17,4,1,71,train,134,U_WPB_L56_DOC2.0_WOC1.0_N3600_F360_R3,U_WPB_L56_DOC2.0_WOC1.0_N3600_F360,3,1
17,4,1,71,train,135,U_WPB_L56_DOC2.0_WOC1.0_N3600_F360_R4,U_WPB_L56_DOC2.0_WOC1.0_N3600_F360,4,1
17,4,1,71,train,136,U_WPB_L56_DOC2.0_WOC2.0_N2700_F270_R1,U_WPB_L56_DOC2.0_WOC2.0_N2700_F270,1,1
17,4,1,71,train,137,U_WPB_L56_DOC2.0_WOC2.0_N2700_F270_R2,U_WPB_L56_DOC2.0_WOC2.0_N2700_F270,2,1
17,4,1,71,train,138,U_WPB_L56_DOC2.0_WOC2.0_N2700_F270_R3,U_WPB_L56_DOC2.0_WOC2.0_N2700_F270,3,1
17,4,1,71,train,139,U_WPB_L56_DOC2.0_WOC2.0_N2700_F270_R4,U_WPB_L56_DOC2.0_WOC2.0_N2700_F270,4,1
17,4,1,71,train,144,U_WPB_L56_DOC3.0_WOC1.0_N3600_F360_R1,U_WPB_L56_DOC3.0_WOC1.0_N3600_F360,1,1
17,4,1,71,train,145,U_WPB_L56_DOC3.0_WOC1.0_N3600_F360_R2,U_WPB_L56_DOC3.0_WOC1.0_N3600_F360,2,1
17,4,1,71,train,146,U_WPB_L56_DOC3.0_WOC1.0_N3600_F360_R3,U_WPB_L56_DOC3.0_WOC1.0_N3600_F360,3,1
17,4,1,71,train,147,U_WPB_L56_DOC3.0_WOC1.0_N3600_F360_R4,U_WPB_L56_DOC3.0_WOC1.0_N3600_F360,4,1
17,4,1,71,train,148,U_WPB_L56_DOC4.0_WOC1.0_N2700_F270_R1,U_WPB_L56_DOC4.0_WOC1.0_N2700_F270,1,1
17,4,1,71,train,149,U_WPB_L56_DOC4.0_WOC1.0_N2700_F270_R2,U_WPB_L56_DOC4.0_WOC1.0_N2700_F270,2,1
17,4,1,71,train,150,U_WPB_L56_DOC4.0_WOC1.0_N2700_F270_R3,U_WPB_L56_DOC4.0_WOC1.0_N2700_F270,3,1
17,4,1,71,train,151,U_WPB_L56_DOC4.0_WOC1.0_N2700_F270_R4,U_WPB_L56_DOC4.0_WOC1.0_N2700_F270,4,1
17,4,1,71,train,152,U_WPB_L56_DOC4.0_WOC2.0_N2700_F270_R1,U_WPB_L56_DOC4.0_WOC2.0_N2700_F270,1,1
17,4,1,71,train,153,U_WPB_L56_DOC4.0_WOC2.0_N2700_F270_R2,U_WPB_L56_DOC4.0_WOC2.0_N2700_F270,2,1
17,4,1,71,train,154,U_WPB_L56_DOC4.0_WOC2.0_N2700_F270_R3,U_WPB_L56_DOC4.0_WOC2.0_N2700_F270,3,1
17,4,1,71,train,155,U_WPB_L56_DOC4.0_WOC2.0_N2700_F270_R4,U_WPB_L56_DOC4.0_WOC2.0_N2700_F270,4,1
17,4,1,71,test,16,S_WPA_L36_DOC1.0_WOC1.0_N2700_F270_R1,S_WPA_L36_DOC1.0_WOC1.0_N2700_F270,1,0
17,4,1,71,test,17,S_WPA_L36_DOC1.0_WOC1.0_N2700_F270_R2,S_WPA_L36_DOC1.0_WOC1.0_N2700_F270,2,0
17,4,1,71,test,18,S_WPA_L36_DOC1.0_WOC1.0_N2700_F270_R3,S_WPA_L36_DOC1.0_WOC1.0_N2700_F270,3,0
17,4,1,71,test,19,S_WPA_L36_DOC1.0_WOC1.0_N2700_F270_R4,S_WPA_L36_DOC1.0_WOC1.0_N2700_F270,4,0
17,4,1,71,test,24,S_WPA_L36_DOC1.0_WOC2.0_N2700_F270_R1,S_WPA_L36_DOC1.0_WOC2.0_N2700_F270,1,0
17,4,1,71,test,25,S_WPA_L36_DOC1.0_WOC2.0_N2700_F270_R2,S_WPA_L36_DOC1.0_WOC2.0_N2700_F270,2,0
17,4,1,71,test,26,S_WPA_L36_DOC1.0_WOC2.0_N2700_F270_R3,S_WPA_L36_DOC1.0_WOC2.0_N2700_F270,3,0
17,4,1,71,test,27,S_WPA_L36_DOC1.0_WOC2.0_N2700_F270_R4,S_WPA_L36_DOC1.0_WOC2.0_N2700_F270,4,0
17,4,1,71,test,36,S_WPA_L36_DOC1.5_WOC2.0_N2700_F270_R1,S_WPA_L36_DOC1.5_WOC2.0_N2700_F270,1,0
17,4,1,71,test,37,S_WPA_L36_DOC1.5_WOC2.0_N2700_F270_R2,S_WPA_L36_DOC1.5_WOC2.0_N2700_F270,2,0
17,4,1,71,test,38,S_WPA_L36_DOC1.5_WOC2.0_N2700_F270_R3,S_WPA_L36_DOC1.5_WOC2.0_N2700_F270,3,0
17,4,1,71,test,39,S_WPA_L36_DOC1.5_WOC2.0_N2700_F270_R4,S_WPA_L36_DOC1.5_WOC2.0_N2700_F270,4,0
17,4,1,71,test,44,S_WPA_L36_DOC2.0_WOC1.0_N2700_F270_R1,S_WPA_L36_DOC2.0_WOC1.0_N2700_F270,1,0
17,4,1,71,test,45,S_WPA_L36_DOC2.0_WOC1.0_N2700_F270_R2,S_WPA_L36_DOC2.0_WOC1.0_N2700_F270,2,0
17,4,1,71,test,46,S_WPA_L36_DOC2.0_WOC1.0_N2700_F270_R3,S_WPA_L36_DOC2.0_WOC1.0_N2700_F270,3,0
17,4,1,71,test,47,S_WPA_L36_DOC2.0_WOC1.0_N2700_F270_R4,S_WPA_L36_DOC2.0_WOC1.0_N2700_F270,4,0
17,4,1,71,test,48,S_WPA_L36_DOC3.0_WOC1.0_N1800_F180_R1,S_WPA_L36_DOC3.0_WOC1.0_N1800_F180,1,0
17,4,1,71,test,49,S_WPA_L36_DOC3.0_WOC1.0_N1800_F180_R2,S_WPA_L36_DOC3.0_WOC1.0_N1800_F180,2,0
17,4,1,71,test,50,S_WPA_L36_DOC3.0_WOC1.0_N1800_F180_R3,S_WPA_L36_DOC3.0_WOC1.0_N1800_F180,3,0
17,4,1,71,test,51,S_WPA_L36_DOC3.0_WOC1.0_N1800_F180_R4,S_WPA_L36_DOC3.0_WOC1.0_N1800_F180,4,0
17,4,1,71,test,88,S_WPB_L56_DOC1.0_WOC2.0_N2700_F270_R1,S_WPB_L56_DOC1.0_WOC2.0_N2700_F270,1,0
17,4,1,71,test,89,S_WPB_L56_DOC1.0_WOC2.0_N2700_F270_R2,S_WPB_L56_DOC1.0_WOC2.0_N2700_F270,2,0
17,4,1,71,test,90,S_WPB_L56_DOC1.0_WOC2.0_N2700_F270_R3,S_WPB_L56_DOC1.0_WOC2.0_N2700_F270,3,0
17,4,1,71,test,91,S_WPB_L56_DOC1.0_WOC2.0_N2700_F270_R4,S_WPB_L56_DOC1.0_WOC2.0_N2700_F270,4,0
17,4,1,71,test,100,S_WPB_L56_DOC1.5_WOC1.0_N3600_F360_R1,S_WPB_L56_DOC1.5_WOC1.0_N3600_F360,1,0
17,4,1,71,test,101,S_WPB_L56_DOC1.5_WOC1.0_N3600_F360_R2,S_WPB_L56_DOC1.5_WOC1.0_N3600_F360,2,0
17,4,1,71,test,102,S_WPB_L56_DOC1.5_WOC1.0_N3600_F360_R3,S_WPB_L56_DOC1.5_WOC1.0_N3600_F360,3,0
17,4,1,71,test,103,S_WPB_L56_DOC1.5_WOC1.0_N3600_F360_R4,S_WPB_L56_DOC1.5_WOC1.0_N3600_F360,4,0
17,4,1,71,test,108,U_WPA_L36_DOC2.0_WOC1.0_N3600_F360_R1,U_WPA_L36_DOC2.0_WOC1.0_N3600_F360,1,1
17,4,1,71,test,109,U_WPA_L36_DOC2.0_WOC1.0_N3600_F360_R2,U_WPA_L36_DOC2.0_WOC1.0_N3600_F360,2,1
17,4,1,71,test,110,U_WPA_L36_DOC2.0_WOC1.0_N3600_F360_R3,U_WPA_L36_DOC2.0_WOC1.0_N3600_F360,3,1
17,4,1,71,test,111,U_WPA_L36_DOC2.0_WOC1.0_N3600_F360_R4,U_WPA_L36_DOC2.0_WOC1.0_N3600_F360,4,1
17,4,1,71,test,140,U_WPB_L56_DOC3.0_WOC1.0_N1800_F180_R1,U_WPB_L56_DOC3.0_WOC1.0_N1800_F180,1,1
17,4,1,71,test,141,U_WPB_L56_DOC3.0_WOC1.0_N1800_F180_R2,U_WPB_L56_DOC3.0_WOC1.0_N1800_F180,2,1
17,4,1,71,test,142,U_WPB_L56_DOC3.0_WOC1.0_N1800_F180_R3,U_WPB_L56_DOC3.0_WOC1.0_N1800_F180,3,1
17,4,1,71,test,143,U_WPB_L56_DOC3.0_WOC1.0_N1800_F180_R4,U_WPB_L56_DOC3.0_WOC1.0_N1800_F180,4,1
17,4,1,71,test,156,U_WPB_L56_DOC6.0_WOC1.0_N2700_F270_R1,U_WPB_L56_DOC6.0_WOC1.0_N2700_F270,1,1
17,4,1,71,test,157,U_WPB_L56_DOC6.0_WOC1.0_N2700_F270_R2,U_WPB_L56_DOC6.0_WOC1.0_N2700_F270,2,1
17,4,1,71,test,158,U_WPB_L56_DOC6.0_WOC1.0_N2700_F270_R3,U_WPB_L56_DOC6.0_WOC1.0_N2700_F270,3,1
17,4,1,71,test,159,U_WPB_L56_DOC6.0_WOC1.0_N2700_F270_R4,U_WPB_L56_DOC6.0_WOC1.0_N2700_F270,4,1
18,4,2,71,train,0,S_WPA_L36_DOC0.5_WOC1.0_N2700_F270_R1,S_WPA_L36_DOC0.5_WOC1.0_N2700_F270,1,0
18,4,2,71,train,1,S_WPA_L36_DOC0.5_WOC1.0_N2700_F270_R2,S_WPA_L36_DOC0.5_WOC1.0_N2700_F270,2,0
18,4,2,71,train,2,S_WPA_L36_DOC0.5_WOC1.0_N2700_F270_R3,S_WPA_L36_DOC0.5_WOC1.0_N2700_F270,3,0
18,4,2,71,train,3,S_WPA_L36_DOC0.5_WOC1.0_N2700_F270_R4,S_WPA_L36_DOC0.5_WOC1.0_N2700_F270,4,0
18,4,2,71,train,4,S_WPA_L36_DOC0.5_WOC1.0_N3600_F360_R1,S_WPA_L36_DOC0.5_WOC1.0_N3600_F360,1,0
18,4,2,71,train,5,S_WPA_L36_DOC0.5_WOC1.0_N3600_F360_R2,S_WPA_L36_DOC0.5_WOC1.0_N3600_F360,2,0
18,4,2,71,train,6,S_WPA_L36_DOC0.5_WOC1.0_N3600_F360_R3,S_WPA_L36_DOC0.5_WOC1.0_N3600_F360,3,0
18,4,2,71,train,7,S_WPA_L36_DOC0.5_WOC1.0_N3600_F360_R4,S_WPA_L36_DOC0.5_WOC1.0_N3600_F360,4,0
18,4,2,71,train,16,S_WPA_L36_DOC1.0_WOC1.0_N2700_F270_R1,S_WPA_L36_DOC1.0_WOC1.0_N2700_F270,1,0
18,4,2,71,train,17,S_WPA_L36_DOC1.0_WOC1.0_N2700_F270_R2,S_WPA_L36_DOC1.0_WOC1.0_N2700_F270,2,0
18,4,2,71,train,18,S_WPA_L36_DOC1.0_WOC1.0_N2700_F270_R3,S_WPA_L36_DOC1.0_WOC1.0_N2700_F270,3,0
18,4,2,71,train,19,S_WPA_L36_DOC1.0_WOC1.0_N2700_F270_R4,S_WPA_L36_DOC1.0_WOC1.0_N2700_F270,4,0
18,4,2,71,train,20,S_WPA_L36_DOC1.0_WOC1.0_N3600_F360_R1,S_WPA_L36_DOC1.0_WOC1.0_N3600_F360,1,0
18,4,2,71,train,21,S_WPA_L36_DOC1.0_WOC1.0_N3600_F360_R2,S_WPA_L36_DOC1.0_WOC1.0_N3600_F360,2,0
18,4,2,71,train,22,S_WPA_L36_DOC1.0_WOC1.0_N3600_F360_R3,S_WPA_L36_DOC1.0_WOC1.0_N3600_F360,3,0
18,4,2,71,train,23,S_WPA_L36_DOC1.0_WOC1.0_N3600_F360_R4,S_WPA_L36_DOC1.0_WOC1.0_N3600_F360,4,0
18,4,2,71,train,24,S_WPA_L36_DOC1.0_WOC2.0_N2700_F270_R1,S_WPA_L36_DOC1.0_WOC2.0_N2700_F270,1,0
18,4,2,71,train,25,S_WPA_L36_DOC1.0_WOC2.0_N2700_F270_R2,S_WPA_L36_DOC1.0_WOC2.0_N2700_F270,2,0
18,4,2,71,train,26,S_WPA_L36_DOC1.0_WOC2.0_N2700_F270_R3,S_WPA_L36_DOC1.0_WOC2.0_N2700_F270,3,0
18,4,2,71,train,27,S_WPA_L36_DOC1.0_WOC2.0_N2700_F270_R4,S_WPA_L36_DOC1.0_WOC2.0_N2700_F270,4,0
18,4,2,71,train,36,S_WPA_L36_DOC1.5_WOC2.0_N2700_F270_R1,S_WPA_L36_DOC1.5_WOC2.0_N2700_F270,1,0
18,4,2,71,train,37,S_WPA_L36_DOC1.5_WOC2.0_N2700_F270_R2,S_WPA_L36_DOC1.5_WOC2.0_N2700_F270,2,0
18,4,2,71,train,38,S_WPA_L36_DOC1.5_WOC2.0_N2700_F270_R3,S_WPA_L36_DOC1.5_WOC2.0_N2700_F270,3,0
18,4,2,71,train,39,S_WPA_L36_DOC1.5_WOC2.0_N2700_F270_R4,S_WPA_L36_DOC1.5_WOC2.0_N2700_F270,4,0
18,4,2,71,train,40,S_WPA_L36_DOC2.0_WOC1.0_N1800_F180_R1,S_WPA_L36_DOC2.0_WOC1.0_N1800_F180,1,0
18,4,2,71,train,41,S_WPA_L36_DOC2.0_WOC1.0_N1800_F180_R2,S_WPA_L36_DOC2.0_WOC1.0_N1800_F180,2,0
18,4,2,71,train,42,S_WPA_L36_DOC2.0_WOC1.0_N1800_F180_R3,S_WPA_L36_DOC2.0_WOC1.0_N1800_F180,3,0
18,4,2,71,train,43,S_WPA_L36_DOC2.0_WOC1.0_N1800_F180_R4,S_WPA_L36_DOC2.0_WOC1.0_N1800_F180,4,0
18,4,2,71,train,44,S_WPA_L36_DOC2.0_WOC1.0_N2700_F270_R1,S_WPA_L36_DOC2.0_WOC1.0_N2700_F270,1,0
18,4,2,71,train,45,S_WPA_L36_DOC2.0_WOC1.0_N2700_F270_R2,S_WPA_L36_DOC2.0_WOC1.0_N2700_F270,2,0
18,4,2,71,train,46,S_WPA_L36_DOC2.0_WOC1.0_N2700_F270_R3,S_WPA_L36_DOC2.0_WOC1.0_N2700_F270,3,0
18,4,2,71,train,47,S_WPA_L36_DOC2.0_WOC1.0_N2700_F270_R4,S_WPA_L36_DOC2.0_WOC1.0_N2700_F270,4,0
18,4,2,71,train,48,S_WPA_L36_DOC3.0_WOC1.0_N1800_F180_R1,S_WPA_L36_DOC3.0_WOC1.0_N1800_F180,1,0
18,4,2,71,train,49,S_WPA_L36_DOC3.0_WOC1.0_N1800_F180_R2,S_WPA_L36_DOC3.0_WOC1.0_N1800_F180,2,0
18,4,2,71,train,50,S_WPA_L36_DOC3.0_WOC1.0_N1800_F180_R3,S_WPA_L36_DOC3.0_WOC1.0_N1800_F180,3,0
18,4,2,71,train,51,S_WPA_L36_DOC3.0_WOC1.0_N1800_F180_R4,S_WPA_L36_DOC3.0_WOC1.0_N1800_F180,4,0
18,4,2,71,train,52,S_WPA_L36_DOC4.0_WOC1.0_N2700_F270_R1,S_WPA_L36_DOC4.0_WOC1.0_N2700_F270,1,0
18,4,2,71,train,53,S_WPA_L36_DOC4.0_WOC1.0_N2700_F270_R2,S_WPA_L36_DOC4.0_WOC1.0_N2700_F270,2,0
18,4,2,71,train,54,S_WPA_L36_DOC4.0_WOC1.0_N2700_F270_R3,S_WPA_L36_DOC4.0_WOC1.0_N2700_F270,3,0
18,4,2,71,train,55,S_WPA_L36_DOC4.0_WOC1.0_N2700_F270_R4,S_WPA_L36_DOC4.0_WOC1.0_N2700_F270,4,0
18,4,2,71,train,56,S_WPA_L36_DOC6.0_WOC1.0_N2700_F270_R1,S_WPA_L36_DOC6.0_WOC1.0_N2700_F270,1,0
18,4,2,71,train,57,S_WPA_L36_DOC6.0_WOC1.0_N2700_F270_R2,S_WPA_L36_DOC6.0_WOC1.0_N2700_F270,2,0
18,4,2,71,train,58,S_WPA_L36_DOC6.0_WOC1.0_N2700_F270_R3,S_WPA_L36_DOC6.0_WOC1.0_N2700_F270,3,0
18,4,2,71,train,59,S_WPA_L36_DOC6.0_WOC1.0_N2700_F270_R4,S_WPA_L36_DOC6.0_WOC1.0_N2700_F270,4,0
18,4,2,71,train,60,S_WPB_L56_DOC0.5_WOC1.0_N1800_F180_R1,S_WPB_L56_DOC0.5_WOC1.0_N1800_F180,1,0
18,4,2,71,train,61,S_WPB_L56_DOC0.5_WOC1.0_N1800_F180_R2,S_WPB_L56_DOC0.5_WOC1.0_N1800_F180,2,0
18,4,2,71,train,62,S_WPB_L56_DOC0.5_WOC1.0_N1800_F180_R3,S_WPB_L56_DOC0.5_WOC1.0_N1800_F180,3,0
18,4,2,71,train,63,S_WPB_L56_DOC0.5_WOC1.0_N1800_F180_R4,S_WPB_L56_DOC0.5_WOC1.0_N1800_F180,4,0
18,4,2,71,train,64,S_WPB_L56_DOC0.5_WOC1.0_N2700_F270_R1,S_WPB_L56_DOC0.5_WOC1.0_N2700_F270,1,0
18,4,2,71,train,65,S_WPB_L56_DOC0.5_WOC1.0_N2700_F270_R2,S_WPB_L56_DOC0.5_WOC1.0_N2700_F270,2,0
18,4,2,71,train,66,S_WPB_L56_DOC0.5_WOC1.0_N2700_F270_R3,S_WPB_L56_DOC0.5_WOC1.0_N2700_F270,3,0
18,4,2,71,train,67,S_WPB_L56_DOC0.5_WOC1.0_N2700_F270_R4,S_WPB_L56_DOC0.5_WOC1.0_N2700_F270,4,0
18,4,2,71,train,72,S_WPB_L56_DOC0.5_WOC2.0_N2700_F270_R1,S_WPB_L56_DOC0.5_WOC2.0_N2700_F270,1,0
18,4,2,71,train,73,S_WPB_L56_DOC0.5_WOC2.0_N2700_F270_R2,S_WPB_L56_DOC0.5_WOC2.0_N2700_F270,2,0
18,4,2,71,train,74,S_WPB_L56_DOC0.5_WOC2.0_N2700_F270_R3,S_WPB_L56_DOC0.5_WOC2.0_N2700_F270,3,0
18,4,2,71,train,75,S_WPB_L56_DOC0.5_WOC2.0_N2700_F270_R4,S_WPB_L56_DOC0.5_WOC2.0_N2700_F270,4,0
18,4,2,71,train,76,S_WPB_L56_DOC1.0_WOC1.0_N1800_F180_R1,S_WPB_L56_DOC1.0_WOC1.0_N1800_F180,1,0
18,4,2,71,train,77,S_WPB_L56_DOC1.0_WOC1.0_N1800_F180_R2,S_WPB_L56_DOC1.0_WOC1.0_N1800_F180,2,0
18,4,2,71,train,78,S_WPB_L56_DOC1.0_WOC1.0_N1800_F180_R3,S_WPB_L56_DOC1.0_WOC1.0_N1800_F180,3,0
18,4,2,71,train,79,S_WPB_L56_DOC1.0_WOC1.0_N1800_F180_R4,S_WPB_L56_DOC1.0_WOC1.0_N1800_F180,4,0
18,4,2,71,train,80,S_WPB_L56_DOC1.0_WOC1.0_N2700_F270_R1,S_WPB_L56_DOC1.0_WOC1.0_N2700_F270,1,0
18,4,2,71,train,81,S_WPB_L56_DOC1.0_WOC1.0_N2700_F270_R2,S_WPB_L56_DOC1.0_WOC1.0_N2700_F270,2,0
18,4,2,71,train,82,S_WPB_L56_DOC1.0_WOC1.0_N2700_F270_R3,S_WPB_L56_DOC1.0_WOC1.0_N2700_F270,3,0
18,4,2,71,train,83,S_WPB_L56_DOC1.0_WOC1.0_N2700_F270_R4,S_WPB_L56_DOC1.0_WOC1.0_N2700_F270,4,0
18,4,2,71,train,84,S_WPB_L56_DOC1.0_WOC1.0_N3600_F360_R1,S_WPB_L56_DOC1.0_WOC1.0_N3600_F360,1,0
18,4,2,71,train,85,S_WPB_L56_DOC1.0_WOC1.0_N3600_F360_R2,S_WPB_L56_DOC1.0_WOC1.0_N3600_F360,2,0
18,4,2,71,train,86,S_WPB_L56_DOC1.0_WOC1.0_N3600_F360_R3,S_WPB_L56_DOC1.0_WOC1.0_N3600_F360,3,0
18,4,2,71,train,87,S_WPB_L56_DOC1.0_WOC1.0_N3600_F360_R4,S_WPB_L56_DOC1.0_WOC1.0_N3600_F360,4,0
18,4,2,71,train,88,S_WPB_L56_DOC1.0_WOC2.0_N2700_F270_R1,S_WPB_L56_DOC1.0_WOC2.0_N2700_F270,1,0
18,4,2,71,train,89,S_WPB_L56_DOC1.0_WOC2.0_N2700_F270_R2,S_WPB_L56_DOC1.0_WOC2.0_N2700_F270,2,0
18,4,2,71,train,90,S_WPB_L56_DOC1.0_WOC2.0_N2700_F270_R3,S_WPB_L56_DOC1.0_WOC2.0_N2700_F270,3,0
18,4,2,71,train,91,S_WPB_L56_DOC1.0_WOC2.0_N2700_F270_R4,S_WPB_L56_DOC1.0_WOC2.0_N2700_F270,4,0
18,4,2,71,train,96,S_WPB_L56_DOC1.5_WOC1.0_N2700_F270_R1,S_WPB_L56_DOC1.5_WOC1.0_N2700_F270,1,0
18,4,2,71,train,97,S_WPB_L56_DOC1.5_WOC1.0_N2700_F270_R2,S_WPB_L56_DOC1.5_WOC1.0_N2700_F270,2,0
18,4,2,71,train,98,S_WPB_L56_DOC1.5_WOC1.0_N2700_F270_R3,S_WPB_L56_DOC1.5_WOC1.0_N2700_F270,3,0
18,4,2,71,train,99,S_WPB_L56_DOC1.5_WOC1.0_N2700_F270_R4,S_WPB_L56_DOC1.5_WOC1.0_N2700_F270,4,0
18,4,2,71,train,100,S_WPB_L56_DOC1.5_WOC1.0_N3600_F360_R1,S_WPB_L56_DOC1.5_WOC1.0_N3600_F360,1,0
18,4,2,71,train,101,S_WPB_L56_DOC1.5_WOC1.0_N3600_F360_R2,S_WPB_L56_DOC1.5_WOC1.0_N3600_F360,2,0
18,4,2,71,train,102,S_WPB_L56_DOC1.5_WOC1.0_N3600_F360_R3,S_WPB_L56_DOC1.5_WOC1.0_N3600_F360,3,0
18,4,2,71,train,103,S_WPB_L56_DOC1.5_WOC1.0_N3600_F360_R4,S_WPB_L56_DOC1.5_WOC1.0_N3600_F360,4,0
18,4,2,71,train,104,S_WPB_L56_DOC1.5_WOC2.0_N2700_F270_R1,S_WPB_L56_DOC1.5_WOC2.0_N2700_F270,1,0
18,4,2,71,train,105,S_WPB_L56_DOC1.5_WOC2.0_N2700_F270_R2,S_WPB_L56_DOC1.5_WOC2.0_N2700_F270,2,0
18,4,2,71,train,106,S_WPB_L56_DOC1.5_WOC2.0_N2700_F270_R3,S_WPB_L56_DOC1.5_WOC2.0_N2700_F270,3,0
18,4,2,71,train,107,S_WPB_L56_DOC1.5_WOC2.0_N2700_F270_R4,S_WPB_L56_DOC1.5_WOC2.0_N2700_F270,4,0
18,4,2,71,train,108,U_WPA_L36_DOC2.0_WOC1.0_N3600_F360_R1,U_WPA_L36_DOC2.0_WOC1.0_N3600_F360,1,1
18,4,2,71,train,109,U_WPA_L36_DOC2.0_WOC1.0_N3600_F360_R2,U_WPA_L36_DOC2.0_WOC1.0_N3600_F360,2,1
18,4,2,71,train,110,U_WPA_L36_DOC2.0_WOC1.0_N3600_F360_R3,U_WPA_L36_DOC2.0_WOC1.0_N3600_F360,3,1
18,4,2,71,train,111,U_WPA_L36_DOC2.0_WOC1.0_N3600_F360_R4,U_WPA_L36_DOC2.0_WOC1.0_N3600_F360,4,1
18,4,2,71,train,112,U_WPA_L36_DOC2.0_WOC2.0_N2700_F270_R1,U_WPA_L36_DOC2.0_WOC2.0_N2700_F270,1,1
18,4,2,71,train,113,U_WPA_L36_DOC2.0_WOC2.0_N2700_F270_R2,U_WPA_L36_DOC2.0_WOC2.0_N2700_F270,2,1
18,4,2,71,train,114,U_WPA_L36_DOC2.0_WOC2.0_N2700_F270_R3,U_WPA_L36_DOC2.0_WOC2.0_N2700_F270,3,1
18,4,2,71,train,115,U_WPA_L36_DOC2.0_WOC2.0_N2700_F270_R4,U_WPA_L36_DOC2.0_WOC2.0_N2700_F270,4,1
18,4,2,71,train,120,U_WPA_L36_DOC4.0_WOC2.0_N2700_F270_R1,U_WPA_L36_DOC4.0_WOC2.0_N2700_F270,1,1
18,4,2,71,train,121,U_WPA_L36_DOC4.0_WOC2.0_N2700_F270_R2,U_WPA_L36_DOC4.0_WOC2.0_N2700_F270,2,1
18,4,2,71,train,122,U_WPA_L36_DOC4.0_WOC2.0_N2700_F270_R3,U_WPA_L36_DOC4.0_WOC2.0_N2700_F270,3,1
18,4,2,71,train,123,U_WPA_L36_DOC4.0_WOC2.0_N2700_F270_R4,U_WPA_L36_DOC4.0_WOC2.0_N2700_F270,4,1
18,4,2,71,train,128,U_WPB_L56_DOC2.0_WOC1.0_N2700_F270_R1,U_WPB_L56_DOC2.0_WOC1.0_N2700_F270,1,1
18,4,2,71,train,129,U_WPB_L56_DOC2.0_WOC1.0_N2700_F270_R2,U_WPB_L56_DOC2.0_WOC1.0_N2700_F270,2,1
18,4,2,71,train,130,U_WPB_L56_DOC2.0_WOC1.0_N2700_F270_R3,U_WPB_L56_DOC2.0_WOC1.0_N2700_F270,3,1
18,4,2,71,train,131,U_WPB_L56_DOC2.0_WOC1.0_N2700_F270_R4,U_WPB_L56_DOC2.0_WOC1.0_N2700_F270,4,1
18,4,2,71,train,132,U_WPB_L56_DOC2.0_WOC1.0_N3600_F360_R1,U_WPB_L56_DOC2.0_WOC1.0_N3600_F360,1,1
18,4,2,71,train,133,U_WPB_L56_DOC2.0_WOC1.0_N3600_F360_R2,U_WPB_L56_DOC2.0_WOC1.0_N3600_F360,2,1
18,4,2,71,train,134,U_WPB_L56_DOC2.0_WOC1.0_N3600_F360_R3,U_WPB_L56_DOC2.0_WOC1.0_N3600_F360,3,1
18,4,2,71,train,135,U_WPB_L56_DOC2.0_WOC1.0_N3600_F360_R4,U_WPB_L56_DOC2.0_WOC1.0_N3600_F360,4,1
18,4,2,71,train,136,U_WPB_L56_DOC2.0_WOC2.0_N2700_F270_R1,U_WPB_L56_DOC2.0_WOC2.0_N2700_F270,1,1
18,4,2,71,train,137,U_WPB_L56_DOC2.0_WOC2.0_N2700_F270_R2,U_WPB_L56_DOC2.0_WOC2.0_N2700_F270,2,1
18,4,2,71,train,138,U_WPB_L56_DOC2.0_WOC2.0_N2700_F270_R3,U_WPB_L56_DOC2.0_WOC2.0_N2700_F270,3,1
18,4,2,71,train,139,U_WPB_L56_DOC2.0_WOC2.0_N2700_F270_R4,U_WPB_L56_DOC2.0_WOC2.0_N2700_F270,4,1
18,4,2,71,train,140,U_WPB_L56_DOC3.0_WOC1.0_N1800_F180_R1,U_WPB_L56_DOC3.0_WOC1.0_N1800_F180,1,1
18,4,2,71,train,141,U_WPB_L56_DOC3.0_WOC1.0_N1800_F180_R2,U_WPB_L56_DOC3.0_WOC1.0_N1800_F180,2,1
18,4,2,71,train,142,U_WPB_L56_DOC3.0_WOC1.0_N1800_F180_R3,U_WPB_L56_DOC3.0_WOC1.0_N1800_F180,3,1
18,4,2,71,train,143,U_WPB_L56_DOC3.0_WOC1.0_N1800_F180_R4,U_WPB_L56_DOC3.0_WOC1.0_N1800_F180,4,1
18,4,2,71,train,152,U_WPB_L56_DOC4.0_WOC2.0_N2700_F270_R1,U_WPB_L56_DOC4.0_WOC2.0_N2700_F270,1,1
18,4,2,71,train,153,U_WPB_L56_DOC4.0_WOC2.0_N2700_F270_R2,U_WPB_L56_DOC4.0_WOC2.0_N2700_F270,2,1
18,4,2,71,train,154,U_WPB_L56_DOC4.0_WOC2.0_N2700_F270_R3,U_WPB_L56_DOC4.0_WOC2.0_N2700_F270,3,1
18,4,2,71,train,155,U_WPB_L56_DOC4.0_WOC2.0_N2700_F270_R4,U_WPB_L56_DOC4.0_WOC2.0_N2700_F270,4,1
18,4,2,71,train,156,U_WPB_L56_DOC6.0_WOC1.0_N2700_F270_R1,U_WPB_L56_DOC6.0_WOC1.0_N2700_F270,1,1
18,4,2,71,train,157,U_WPB_L56_DOC6.0_WOC1.0_N2700_F270_R2,U_WPB_L56_DOC6.0_WOC1.0_N2700_F270,2,1
18,4,2,71,train,158,U_WPB_L56_DOC6.0_WOC1.0_N2700_F270_R3,U_WPB_L56_DOC6.0_WOC1.0_N2700_F270,3,1
18,4,2,71,train,159,U_WPB_L56_DOC6.0_WOC1.0_N2700_F270_R4,U_WPB_L56_DOC6.0_WOC1.0_N2700_F270,4,1
18,4,2,71,test,8,S_WPA_L36_DOC0.5_WOC2.0_N2700_F270_R1,S_WPA_L36_DOC0.5_WOC2.0_N2700_F270,1,0
18,4,2,71,test,9,S_WPA_L36_DOC0.5_WOC2.0_N2700_F270_R2,S_WPA_L36_DOC0.5_WOC2.0_N2700_F270,2,0
18,4,2,71,test,10,S_WPA_L36_DOC0.5_WOC2.0_N2700_F270_R3,S_WPA_L36_DOC0.5_WOC2.0_N2700_F270,3,0
18,4,2,71,test,11,S_WPA_L36_DOC0.5_WOC2.0_N2700_F270_R4,S_WPA_L36_DOC0.5_WOC2.0_N2700_F270,4,0
18,4,2,71,test,12,S_WPA_L36_DOC1.0_WOC1.0_N1800_F180_R1,S_WPA_L36_DOC1.0_WOC1.0_N1800_F180,1,0
18,4,2,71,test,13,S_WPA_L36_DOC1.0_WOC1.0_N1800_F180_R2,S_WPA_L36_DOC1.0_WOC1.0_N1800_F180,2,0
18,4,2,71,test,14,S_WPA_L36_DOC1.0_WOC1.0_N1800_F180_R3,S_WPA_L36_DOC1.0_WOC1.0_N1800_F180,3,0
18,4,2,71,test,15,S_WPA_L36_DOC1.0_WOC1.0_N1800_F180_R4,S_WPA_L36_DOC1.0_WOC1.0_N1800_F180,4,0
18,4,2,71,test,28,S_WPA_L36_DOC1.5_WOC1.0_N1800_F180_R1,S_WPA_L36_DOC1.5_WOC1.0_N1800_F180,1,0
18,4,2,71,test,29,S_WPA_L36_DOC1.5_WOC1.0_N1800_F180_R2,S_WPA_L36_DOC1.5_WOC1.0_N1800_F180,2,0
18,4,2,71,test,30,S_WPA_L36_DOC1.5_WOC1.0_N1800_F180_R3,S_WPA_L36_DOC1.5_WOC1.0_N1800_F180,3,0
18,4,2,71,test,31,S_WPA_L36_DOC1.5_WOC1.0_N1800_F180_R4,S_WPA_L36_DOC1.5_WOC1.0_N1800_F180,4,0
18,4,2,71,test,32,S_WPA_L36_DOC1.5_WOC1.0_N3600_F360_R1,S_WPA_L36_DOC1.5_WOC1.0_N3600_F360,1,0
18,4,2,71,test,33,S_WPA_L36_DOC1.5_WOC1.0_N3600_F360_R2,S_WPA_L36_DOC1.5_WOC1.0_N3600_F360,2,0
18,4,2,71,test,34,S_WPA_L36_DOC1.5_WOC1.0_N3600_F360_R3,S_WPA_L36_DOC1.5_WOC1.0_N3600_F360,3,0
18,4,2,71,test,35,S_WPA_L36_DOC1.5_WOC1.0_N3600_F360_R4,S_WPA_L36_DOC1.5_WOC1.0_N3600_F360,4,0
18,4,2,71,test,68,S_WPB_L56_DOC0.5_WOC1.0_N3600_F360_R1,S_WPB_L56_DOC0.5_WOC1.0_N3600_F360,1,0
18,4,2,71,test,69,S_WPB_L56_DOC0.5_WOC1.0_N3600_F360_R2,S_WPB_L56_DOC0.5_WOC1.0_N3600_F360,2,0
18,4,2,71,test,70,S_WPB_L56_DOC0.5_WOC1.0_N3600_F360_R3,S_WPB_L56_DOC0.5_WOC1.0_N3600_F360,3,0
18,4,2,71,test,71,S_WPB_L56_DOC0.5_WOC1.0_N3600_F360_R4,S_WPB_L56_DOC0.5_WOC1.0_N3600_F360,4,0
18,4,2,71,test,92,S_WPB_L56_DOC1.5_WOC1.0_N1800_F180_R1,S_WPB_L56_DOC1.5_WOC1.0_N1800_F180,1,0
18,4,2,71,test,93,S_WPB_L56_DOC1.5_WOC1.0_N1800_F180_R2,S_WPB_L56_DOC1.5_WOC1.0_N1800_F180,2,0
18,4,2,71,test,94,S_WPB_L56_DOC1.5_WOC1.0_N1800_F180_R3,S_WPB_L56_DOC1.5_WOC1.0_N1800_F180,3,0
18,4,2,71,test,95,S_WPB_L56_DOC1.5_WOC1.0_N1800_F180_R4,S_WPB_L56_DOC1.5_WOC1.0_N1800_F180,4,0
18,4,2,71,test,116,U_WPA_L36_DOC3.0_WOC1.0_N3600_F360_R1,U_WPA_L36_DOC3.0_WOC1.0_N3600_F360,1,1
18,4,2,71,test,117,U_WPA_L36_DOC3.0_WOC1.0_N3600_F360_R2,U_WPA_L36_DOC3.0_WOC1.0_N3600_F360,2,1
18,4,2,71,test,118,U_WPA_L36_DOC3.0_WOC1.0_N3600_F360_R3,U_WPA_L36_DOC3.0_WOC1.0_N3600_F360,3,1
18,4,2,71,test,119,U_WPA_L36_DOC3.0_WOC1.0_N3600_F360_R4,U_WPA_L36_DOC3.0_WOC1.0_N3600_F360,4,1
18,4,2,71,test,124,U_WPB_L56_DOC2.0_WOC1.0_N1800_F180_R1,U_WPB_L56_DOC2.0_WOC1.0_N1800_F180,1,1
18,4,2,71,test,125,U_WPB_L56_DOC2.0_WOC1.0_N1800_F180_R2,U_WPB_L56_DOC2.0_WOC1.0_N1800_F180,2,1
18,4,2,71,test,126,U_WPB_L56_DOC2.0_WOC1.0_N1800_F180_R3,U_WPB_L56_DOC2.0_WOC1.0_N1800_F180,3,1
18,4,2,71,test,127,U_WPB_L56_DOC2.0_WOC1.0_N1800_F180_R4,U_WPB_L56_DOC2.0_WOC1.0_N1800_F180,4,1
18,4,2,71,test,144,U_WPB_L56_DOC3.0_WOC1.0_N3600_F360_R1,U_WPB_L56_DOC3.0_WOC1.0_N3600_F360,1,1
18,4,2,71,test,145,U_WPB_L56_DOC3.0_WOC1.0_N3600_F360_R2,U_WPB_L56_DOC3.0_WOC1.0_N3600_F360,2,1
18,4,2,71,test,146,U_WPB_L56_DOC3.0_WOC1.0_N3600_F360_R3,U_WPB_L56_DOC3.0_WOC1.0_N3600_F360,3,1
18,4,2,71,test,147,U_WPB_L56_DOC3.0_WOC1.0_N3600_F360_R4,U_WPB_L56_DOC3.0_WOC1.0_N3600_F360,4,1
18,4,2,71,test,148,U_WPB_L56_DOC4.0_WOC1.0_N2700_F270_R1,U_WPB_L56_DOC4.0_WOC1.0_N2700_F270,1,1
18,4,2,71,test,149,U_WPB_L56_DOC4.0_WOC1.0_N2700_F270_R2,U_WPB_L56_DOC4.0_WOC1.0_N2700_F270,2,1
18,4,2,71,test,150,U_WPB_L56_DOC4.0_WOC1.0_N2700_F270_R3,U_WPB_L56_DOC4.0_WOC1.0_N2700_F270,3,1
18,4,2,71,test,151,U_WPB_L56_DOC4.0_WOC1.0_N2700_F270_R4,U_WPB_L56_DOC4.0_WOC1.0_N2700_F270,4,1
19,4,3,71,train,4,S_WPA_L36_DOC0.5_WOC1.0_N3600_F360_R1,S_WPA_L36_DOC0.5_WOC1.0_N3600_F360,1,0
19,4,3,71,train,5,S_WPA_L36_DOC0.5_WOC1.0_N3600_F360_R2,S_WPA_L36_DOC0.5_WOC1.0_N3600_F360,2,0
19,4,3,71,train,6,S_WPA_L36_DOC0.5_WOC1.0_N3600_F360_R3,S_WPA_L36_DOC0.5_WOC1.0_N3600_F360,3,0
19,4,3,71,train,7,S_WPA_L36_DOC0.5_WOC1.0_N3600_F360_R4,S_WPA_L36_DOC0.5_WOC1.0_N3600_F360,4,0
19,4,3,71,train,8,S_WPA_L36_DOC0.5_WOC2.0_N2700_F270_R1,S_WPA_L36_DOC0.5_WOC2.0_N2700_F270,1,0
19,4,3,71,train,9,S_WPA_L36_DOC0.5_WOC2.0_N2700_F270_R2,S_WPA_L36_DOC0.5_WOC2.0_N2700_F270,2,0
19,4,3,71,train,10,S_WPA_L36_DOC0.5_WOC2.0_N2700_F270_R3,S_WPA_L36_DOC0.5_WOC2.0_N2700_F270,3,0
19,4,3,71,train,11,S_WPA_L36_DOC0.5_WOC2.0_N2700_F270_R4,S_WPA_L36_DOC0.5_WOC2.0_N2700_F270,4,0
19,4,3,71,train,12,S_WPA_L36_DOC1.0_WOC1.0_N1800_F180_R1,S_WPA_L36_DOC1.0_WOC1.0_N1800_F180,1,0
19,4,3,71,train,13,S_WPA_L36_DOC1.0_WOC1.0_N1800_F180_R2,S_WPA_L36_DOC1.0_WOC1.0_N1800_F180,2,0
19,4,3,71,train,14,S_WPA_L36_DOC1.0_WOC1.0_N1800_F180_R3,S_WPA_L36_DOC1.0_WOC1.0_N1800_F180,3,0
19,4,3,71,train,15,S_WPA_L36_DOC1.0_WOC1.0_N1800_F180_R4,S_WPA_L36_DOC1.0_WOC1.0_N1800_F180,4,0
19,4,3,71,train,16,S_WPA_L36_DOC1.0_WOC1.0_N2700_F270_R1,S_WPA_L36_DOC1.0_WOC1.0_N2700_F270,1,0
19,4,3,71,train,17,S_WPA_L36_DOC1.0_WOC1.0_N2700_F270_R2,S_WPA_L36_DOC1.0_WOC1.0_N2700_F270,2,0
19,4,3,71,train,18,S_WPA_L36_DOC1.0_WOC1.0_N2700_F270_R3,S_WPA_L36_DOC1.0_WOC1.0_N2700_F270,3,0
19,4,3,71,train,19,S_WPA_L36_DOC1.0_WOC1.0_N2700_F270_R4,S_WPA_L36_DOC1.0_WOC1.0_N2700_F270,4,0
19,4,3,71,train,20,S_WPA_L36_DOC1.0_WOC1.0_N3600_F360_R1,S_WPA_L36_DOC1.0_WOC1.0_N3600_F360,1,0
19,4,3,71,train,21,S_WPA_L36_DOC1.0_WOC1.0_N3600_F360_R2,S_WPA_L36_DOC1.0_WOC1.0_N3600_F360,2,0
19,4,3,71,train,22,S_WPA_L36_DOC1.0_WOC1.0_N3600_F360_R3,S_WPA_L36_DOC1.0_WOC1.0_N3600_F360,3,0
19,4,3,71,train,23,S_WPA_L36_DOC1.0_WOC1.0_N3600_F360_R4,S_WPA_L36_DOC1.0_WOC1.0_N3600_F360,4,0
19,4,3,71,train,24,S_WPA_L36_DOC1.0_WOC2.0_N2700_F270_R1,S_WPA_L36_DOC1.0_WOC2.0_N2700_F270,1,0
19,4,3,71,train,25,S_WPA_L36_DOC1.0_WOC2.0_N2700_F270_R2,S_WPA_L36_DOC1.0_WOC2.0_N2700_F270,2,0
19,4,3,71,train,26,S_WPA_L36_DOC1.0_WOC2.0_N2700_F270_R3,S_WPA_L36_DOC1.0_WOC2.0_N2700_F270,3,0
19,4,3,71,train,27,S_WPA_L36_DOC1.0_WOC2.0_N2700_F270_R4,S_WPA_L36_DOC1.0_WOC2.0_N2700_F270,4,0
19,4,3,71,train,28,S_WPA_L36_DOC1.5_WOC1.0_N1800_F180_R1,S_WPA_L36_DOC1.5_WOC1.0_N1800_F180,1,0
19,4,3,71,train,29,S_WPA_L36_DOC1.5_WOC1.0_N1800_F180_R2,S_WPA_L36_DOC1.5_WOC1.0_N1800_F180,2,0
19,4,3,71,train,30,S_WPA_L36_DOC1.5_WOC1.0_N1800_F180_R3,S_WPA_L36_DOC1.5_WOC1.0_N1800_F180,3,0
19,4,3,71,train,31,S_WPA_L36_DOC1.5_WOC1.0_N1800_F180_R4,S_WPA_L36_DOC1.5_WOC1.0_N1800_F180,4,0
19,4,3,71,train,32,S_WPA_L36_DOC1.5_WOC1.0_N3600_F360_R1,S_WPA_L36_DOC1.5_WOC1.0_N3600_F360,1,0
19,4,3,71,train,33,S_WPA_L36_DOC1.5_WOC1.0_N3600_F360_R2,S_WPA_L36_DOC1.5_WOC1.0_N3600_F360,2,0
19,4,3,71,train,34,S_WPA_L36_DOC1.5_WOC1.0_N3600_F360_R3,S_WPA_L36_DOC1.5_WOC1.0_N3600_F360,3,0
19,4,3,71,train,35,S_WPA_L36_DOC1.5_WOC1.0_N3600_F360_R4,S_WPA_L36_DOC1.5_WOC1.0_N3600_F360,4,0
19,4,3,71,train,36,S_WPA_L36_DOC1.5_WOC2.0_N2700_F270_R1,S_WPA_L36_DOC1.5_WOC2.0_N2700_F270,1,0
19,4,3,71,train,37,S_WPA_L36_DOC1.5_WOC2.0_N2700_F270_R2,S_WPA_L36_DOC1.5_WOC2.0_N2700_F270,2,0
19,4,3,71,train,38,S_WPA_L36_DOC1.5_WOC2.0_N2700_F270_R3,S_WPA_L36_DOC1.5_WOC2.0_N2700_F270,3,0
19,4,3,71,train,39,S_WPA_L36_DOC1.5_WOC2.0_N2700_F270_R4,S_WPA_L36_DOC1.5_WOC2.0_N2700_F270,4,0
19,4,3,71,train,44,S_WPA_L36_DOC2.0_WOC1.0_N2700_F270_R1,S_WPA_L36_DOC2.0_WOC1.0_N2700_F270,1,0
19,4,3,71,train,45,S_WPA_L36_DOC2.0_WOC1.0_N2700_F270_R2,S_WPA_L36_DOC2.0_WOC1.0_N2700_F270,2,0
19,4,3,71,train,46,S_WPA_L36_DOC2.0_WOC1.0_N2700_F270_R3,S_WPA_L36_DOC2.0_WOC1.0_N2700_F270,3,0
19,4,3,71,train,47,S_WPA_L36_DOC2.0_WOC1.0_N2700_F270_R4,S_WPA_L36_DOC2.0_WOC1.0_N2700_F270,4,0
19,4,3,71,train,48,S_WPA_L36_DOC3.0_WOC1.0_N1800_F180_R1,S_WPA_L36_DOC3.0_WOC1.0_N1800_F180,1,0
19,4,3,71,train,49,S_WPA_L36_DOC3.0_WOC1.0_N1800_F180_R2,S_WPA_L36_DOC3.0_WOC1.0_N1800_F180,2,0
19,4,3,71,train,50,S_WPA_L36_DOC3.0_WOC1.0_N1800_F180_R3,S_WPA_L36_DOC3.0_WOC1.0_N1800_F180,3,0
19,4,3,71,train,51,S_WPA_L36_DOC3.0_WOC1.0_N1800_F180_R4,S_WPA_L36_DOC3.0_WOC1.0_N1800_F180,4,0
19,4,3,71,train,52,S_WPA_L36_DOC4.0_WOC1.0_N2700_F270_R1,S_WPA_L36_DOC4.0_WOC1.0_N2700_F270,1,0
19,4,3,71,train,53,S_WPA_L36_DOC4.0_WOC1.0_N2700_F270_R2,S_WPA_L36_DOC4.0_WOC1.0_N2700_F270,2,0
19,4,3,71,train,54,S_WPA_L36_DOC4.0_WOC1.0_N2700_F270_R3,S_WPA_L36_DOC4.0_WOC1.0_N2700_F270,3,0
19,4,3,71,train,55,S_WPA_L36_DOC4.0_WOC1.0_N2700_F270_R4,S_WPA_L36_DOC4.0_WOC1.0_N2700_F270,4,0
19,4,3,71,train,68,S_WPB_L56_DOC0.5_WOC1.0_N3600_F360_R1,S_WPB_L56_DOC0.5_WOC1.0_N3600_F360,1,0
19,4,3,71,train,69,S_WPB_L56_DOC0.5_WOC1.0_N3600_F360_R2,S_WPB_L56_DOC0.5_WOC1.0_N3600_F360,2,0
19,4,3,71,train,70,S_WPB_L56_DOC0.5_WOC1.0_N3600_F360_R3,S_WPB_L56_DOC0.5_WOC1.0_N3600_F360,3,0
19,4,3,71,train,71,S_WPB_L56_DOC0.5_WOC1.0_N3600_F360_R4,S_WPB_L56_DOC0.5_WOC1.0_N3600_F360,4,0
19,4,3,71,train,72,S_WPB_L56_DOC0.5_WOC2.0_N2700_F270_R1,S_WPB_L56_DOC0.5_WOC2.0_N2700_F270,1,0
19,4,3,71,train,73,S_WPB_L56_DOC0.5_WOC2.0_N2700_F270_R2,S_WPB_L56_DOC0.5_WOC2.0_N2700_F270,2,0
19,4,3,71,train,74,S_WPB_L56_DOC0.5_WOC2.0_N2700_F270_R3,S_WPB_L56_DOC0.5_WOC2.0_N2700_F270,3,0
19,4,3,71,train,75,S_WPB_L56_DOC0.5_WOC2.0_N2700_F270_R4,S_WPB_L56_DOC0.5_WOC2.0_N2700_F270,4,0
19,4,3,71,train,76,S_WPB_L56_DOC1.0_WOC1.0_N1800_F180_R1,S_WPB_L56_DOC1.0_WOC1.0_N1800_F180,1,0
19,4,3,71,train,77,S_WPB_L56_DOC1.0_WOC1.0_N1800_F180_R2,S_WPB_L56_DOC1.0_WOC1.0_N1800_F180,2,0
19,4,3,71,train,78,S_WPB_L56_DOC1.0_WOC1.0_N1800_F180_R3,S_WPB_L56_DOC1.0_WOC1.0_N1800_F180,3,0
19,4,3,71,train,79,S_WPB_L56_DOC1.0_WOC1.0_N1800_F180_R4,S_WPB_L56_DOC1.0_WOC1.0_N1800_F180,4,0
19,4,3,71,train,84,S_WPB_L56_DOC1.0_WOC1.0_N3600_F360_R1,S_WPB_L56_DOC1.0_WOC1.0_N3600_F360,1,0
19,4,3,71,train,85,S_WPB_L56_DOC1.0_WOC1.0_N3600_F360_R2,S_WPB_L56_DOC1.0_WOC1.0_N3600_F360,2,0
19,4,3,71,train,86,S_WPB_L56_DOC1.0_WOC1.0_N3600_F360_R3,S_WPB_L56_DOC1.0_WOC1.0_N3600_F360,3,0
19,4,3,71,train,87,S_WPB_L56_DOC1.0_WOC1.0_N3600_F360_R4,S_WPB_L56_DOC1.0_WOC1.0_N3600_F360,4,0
19,4,3,71,train,88,S_WPB_L56_DOC1.0_WOC2.0_N2700_F270_R1,S_WPB_L56_DOC1.0_WOC2.0_N2700_F270,1,0
19,4,3,71,train,89,S_WPB_L56_DOC1.0_WOC2.0_N2700_F270_R2,S_WPB_L56_DOC1.0_WOC2.0_N2700_F270,2,0
19,4,3,71,train,90,S_WPB_L56_DOC1.0_WOC2.0_N2700_F270_R3,S_WPB_L56_DOC1.0_WOC2.0_N2700_F270,3,0
19,4,3,71,train,91,S_WPB_L56_DOC1.0_WOC2.0_N2700_F270_R4,S_WPB_L56_DOC1.0_WOC2.0_N2700_F270,4,0
19,4,3,71,train,92,S_WPB_L56_DOC1.5_WOC1.0_N1800_F180_R1,S_WPB_L56_DOC1.5_WOC1.0_N1800_F180,1,0
19,4,3,71,train,93,S_WPB_L56_DOC1.5_WOC1.0_N1800_F180_R2,S_WPB_L56_DOC1.5_WOC1.0_N1800_F180,2,0
19,4,3,71,train,94,S_WPB_L56_DOC1.5_WOC1.0_N1800_F180_R3,S_WPB_L56_DOC1.5_WOC1.0_N1800_F180,3,0
19,4,3,71,train,95,S_WPB_L56_DOC1.5_WOC1.0_N1800_F180_R4,S_WPB_L56_DOC1.5_WOC1.0_N1800_F180,4,0
19,4,3,71,train,96,S_WPB_L56_DOC1.5_WOC1.0_N2700_F270_R1,S_WPB_L56_DOC1.5_WOC1.0_N2700_F270,1,0
19,4,3,71,train,97,S_WPB_L56_DOC1.5_WOC1.0_N2700_F270_R2,S_WPB_L56_DOC1.5_WOC1.0_N2700_F270,2,0
19,4,3,71,train,98,S_WPB_L56_DOC1.5_WOC1.0_N2700_F270_R3,S_WPB_L56_DOC1.5_WOC1.0_N2700_F270,3,0
19,4,3,71,train,99,S_WPB_L56_DOC1.5_WOC1.0_N2700_F270_R4,S_WPB_L56_DOC1.5_WOC1.0_N2700_F270,4,0
19,4,3,71,train,100,S_WPB_L56_DOC1.5_WOC1.0_N3600_F360_R1,S_WPB_L56_DOC1.5_WOC1.0_N3600_F360,1,0
19,4,3,71,train,101,S_WPB_L56_DOC1.5_WOC1.0_N3600_F360_R2,S_WPB_L56_DOC1.5_WOC1.0_N3600_F360,2,0
19,4,3,71,train,102,S_WPB_L56_DOC1.5_WOC1.0_N3600_F360_R3,S_WPB_L56_DOC1.5_WOC1.0_N3600_F360,3,0
19,4,3,71,train,103,S_WPB_L56_DOC1.5_WOC1.0_N3600_F360_R4,S_WPB_L56_DOC1.5_WOC1.0_N3600_F360,4,0
19,4,3,71,train,108,U_WPA_L36_DOC2.0_WOC1.0_N3600_F360_R1,U_WPA_L36_DOC2.0_WOC1.0_N3600_F360,1,1
19,4,3,71,train,109,U_WPA_L36_DOC2.0_WOC1.0_N3600_F360_R2,U_WPA_L36_DOC2.0_WOC1.0_N3600_F360,2,1
19,4,3,71,train,110,U_WPA_L36_DOC2.0_WOC1.0_N3600_F360_R3,U_WPA_L36_DOC2.0_WOC1.0_N3600_F360,3,1
19,4,3,71,train,111,U_WPA_L36_DOC2.0_WOC1.0_N3600_F360_R4,U_WPA_L36_DOC2.0_WOC1.0_N3600_F360,4,1
19,4,3,71,train,112,U_WPA_L36_DOC2.0_WOC2.0_N2700_F270_R1,U_WPA_L36_DOC2.0_WOC2.0_N2700_F270,1,1
19,4,3,71,train,113,U_WPA_L36_DOC2.0_WOC2.0_N2700_F270_R2,U_WPA_L36_DOC2.0_WOC2.0_N2700_F270,2,1
19,4,3,71,train,114,U_WPA_L36_DOC2.0_WOC2.0_N2700_F270_R3,U_WPA_L36_DOC2.0_WOC2.0_N2700_F270,3,1
19,4,3,71,train,115,U_WPA_L36_DOC2.0_WOC2.0_N2700_F270_R4,U_WPA_L36_DOC2.0_WOC2.0_N2700_F270,4,1
19,4,3,71,train,116,U_WPA_L36_DOC3.0_WOC1.0_N3600_F360_R1,U_WPA_L36_DOC3.0_WOC1.0_N3600_F360,1,1
19,4,3,71,train,117,U_WPA_L36_DOC3.0_WOC1.0_N3600_F360_R2,U_WPA_L36_DOC3.0_WOC1.0_N3600_F360,2,1
19,4,3,71,train,118,U_WPA_L36_DOC3.0_WOC1.0_N3600_F360_R3,U_WPA_L36_DOC3.0_WOC1.0_N3600_F360,3,1
19,4,3,71,train,119,U_WPA_L36_DOC3.0_WOC1.0_N3600_F360_R4,U_WPA_L36_DOC3.0_WOC1.0_N3600_F360,4,1
19,4,3,71,train,120,U_WPA_L36_DOC4.0_WOC2.0_N2700_F270_R1,U_WPA_L36_DOC4.0_WOC2.0_N2700_F270,1,1
19,4,3,71,train,121,U_WPA_L36_DOC4.0_WOC2.0_N2700_F270_R2,U_WPA_L36_DOC4.0_WOC2.0_N2700_F270,2,1
19,4,3,71,train,122,U_WPA_L36_DOC4.0_WOC2.0_N2700_F270_R3,U_WPA_L36_DOC4.0_WOC2.0_N2700_F270,3,1
19,4,3,71,train,123,U_WPA_L36_DOC4.0_WOC2.0_N2700_F270_R4,U_WPA_L36_DOC4.0_WOC2.0_N2700_F270,4,1
19,4,3,71,train,124,U_WPB_L56_DOC2.0_WOC1.0_N1800_F180_R1,U_WPB_L56_DOC2.0_WOC1.0_N1800_F180,1,1
19,4,3,71,train,125,U_WPB_L56_DOC2.0_WOC1.0_N1800_F180_R2,U_WPB_L56_DOC2.0_WOC1.0_N1800_F180,2,1
19,4,3,71,train,126,U_WPB_L56_DOC2.0_WOC1.0_N1800_F180_R3,U_WPB_L56_DOC2.0_WOC1.0_N1800_F180,3,1
19,4,3,71,train,127,U_WPB_L56_DOC2.0_WOC1.0_N1800_F180_R4,U_WPB_L56_DOC2.0_WOC1.0_N1800_F180,4,1
19,4,3,71,train,136,U_WPB_L56_DOC2.0_WOC2.0_N2700_F270_R1,U_WPB_L56_DOC2.0_WOC2.0_N2700_F270,1,1
19,4,3,71,train,137,U_WPB_L56_DOC2.0_WOC2.0_N2700_F270_R2,U_WPB_L56_DOC2.0_WOC2.0_N2700_F270,2,1
19,4,3,71,train,138,U_WPB_L56_DOC2.0_WOC2.0_N2700_F270_R3,U_WPB_L56_DOC2.0_WOC2.0_N2700_F270,3,1
19,4,3,71,train,139,U_WPB_L56_DOC2.0_WOC2.0_N2700_F270_R4,U_WPB_L56_DOC2.0_WOC2.0_N2700_F270,4,1
19,4,3,71,train,140,U_WPB_L56_DOC3.0_WOC1.0_N1800_F180_R1,U_WPB_L56_DOC3.0_WOC1.0_N1800_F180,1,1
19,4,3,71,train,141,U_WPB_L56_DOC3.0_WOC1.0_N1800_F180_R2,U_WPB_L56_DOC3.0_WOC1.0_N1800_F180,2,1
19,4,3,71,train,142,U_WPB_L56_DOC3.0_WOC1.0_N1800_F180_R3,U_WPB_L56_DOC3.0_WOC1.0_N1800_F180,3,1
19,4,3,71,train,143,U_WPB_L56_DOC3.0_WOC1.0_N1800_F180_R4,U_WPB_L56_DOC3.0_WOC1.0_N1800_F180,4,1
19,4,3,71,train,144,U_WPB_L56_DOC3.0_WOC1.0_N3600_F360_R1,U_WPB_L56_DOC3.0_WOC1.0_N3600_F360,1,1
19,4,3,71,train,145,U_WPB_L56_DOC3.0_WOC1.0_N3600_F360_R2,U_WPB_L56_DOC3.0_WOC1.0_N3600_F360,2,1
19,4,3,71,train,146,U_WPB_L56_DOC3.0_WOC1.0_N3600_F360_R3,U_WPB_L56_DOC3.0_WOC1.0_N3600_F360,3,1
19,4,3,71,train,147,U_WPB_L56_DOC3.0_WOC1.0_N3600_F360_R4,U_WPB_L56_DOC3.0_WOC1.0_N3600_F360,4,1
19,4,3,71,train,148,U_WPB_L56_DOC4.0_WOC1.0_N2700_F270_R1,U_WPB_L56_DOC4.0_WOC1.0_N2700_F270,1,1
19,4,3,71,train,149,U_WPB_L56_DOC4.0_WOC1.0_N2700_F270_R2,U_WPB_L56_DOC4.0_WOC1.0_N2700_F270,2,1
19,4,3,71,train,150,U_WPB_L56_DOC4.0_WOC1.0_N2700_F270_R3,U_WPB_L56_DOC4.0_WOC1.0_N2700_F270,3,1
19,4,3,71,train,151,U_WPB_L56_DOC4.0_WOC1.0_N2700_F270_R4,U_WPB_L56_DOC4.0_WOC1.0_N2700_F270,4,1
19,4,3,71,train,156,U_WPB_L56_DOC6.0_WOC1.0_N2700_F270_R1,U_WPB_L56_DOC6.0_WOC1.0_N2700_F270,1,1
19,4,3,71,train,157,U_WPB_L56_DOC6.0_WOC1.0_N2700_F270_R2,U_WPB_L56_DOC6.0_WOC1.0_N2700_F270,2,1
19,4,3,71,train,158,U_WPB_L56_DOC6.0_WOC1.0_N2700_F270_R3,U_WPB_L56_DOC6.0_WOC1.0_N2700_F270,3,1
19,4,3,71,train,159,U_WPB_L56_DOC6.0_WOC1.0_N2700_F270_R4,U_WPB_L56_DOC6.0_WOC1.0_N2700_F270,4,1
19,4,3,71,test,0,S_WPA_L36_DOC0.5_WOC1.0_N2700_F270_R1,S_WPA_L36_DOC0.5_WOC1.0_N2700_F270,1,0
19,4,3,71,test,1,S_WPA_L36_DOC0.5_WOC1.0_N2700_F270_R2,S_WPA_L36_DOC0.5_WOC1.0_N2700_F270,2,0
19,4,3,71,test,2,S_WPA_L36_DOC0.5_WOC1.0_N2700_F270_R3,S_WPA_L36_DOC0.5_WOC1.0_N2700_F270,3,0
19,4,3,71,test,3,S_WPA_L36_DOC0.5_WOC1.0_N2700_F270_R4,S_WPA_L36_DOC0.5_WOC1.0_N2700_F270,4,0
19,4,3,71,test,40,S_WPA_L36_DOC2.0_WOC1.0_N1800_F180_R1,S_WPA_L36_DOC2.0_WOC1.0_N1800_F180,1,0
19,4,3,71,test,41,S_WPA_L36_DOC2.0_WOC1.0_N1800_F180_R2,S_WPA_L36_DOC2.0_WOC1.0_N1800_F180,2,0
19,4,3,71,test,42,S_WPA_L36_DOC2.0_WOC1.0_N1800_F180_R3,S_WPA_L36_DOC2.0_WOC1.0_N1800_F180,3,0
19,4,3,71,test,43,S_WPA_L36_DOC2.0_WOC1.0_N1800_F180_R4,S_WPA_L36_DOC2.0_WOC1.0_N1800_F180,4,0
19,4,3,71,test,56,S_WPA_L36_DOC6.0_WOC1.0_N2700_F270_R1,S_WPA_L36_DOC6.0_WOC1.0_N2700_F270,1,0
19,4,3,71,test,57,S_WPA_L36_DOC6.0_WOC1.0_N2700_F270_R2,S_WPA_L36_DOC6.0_WOC1.0_N2700_F270,2,0
19,4,3,71,test,58,S_WPA_L36_DOC6.0_WOC1.0_N2700_F270_R3,S_WPA_L36_DOC6.0_WOC1.0_N2700_F270,3,0
19,4,3,71,test,59,S_WPA_L36_DOC6.0_WOC1.0_N2700_F270_R4,S_WPA_L36_DOC6.0_WOC1.0_N2700_F270,4,0
19,4,3,71,test,60,S_WPB_L56_DOC0.5_WOC1.0_N1800_F180_R1,S_WPB_L56_DOC0.5_WOC1.0_N1800_F180,1,0
19,4,3,71,test,61,S_WPB_L56_DOC0.5_WOC1.0_N1800_F180_R2,S_WPB_L56_DOC0.5_WOC1.0_N1800_F180,2,0
19,4,3,71,test,62,S_WPB_L56_DOC0.5_WOC1.0_N1800_F180_R3,S_WPB_L56_DOC0.5_WOC1.0_N1800_F180,3,0
19,4,3,71,test,63,S_WPB_L56_DOC0.5_WOC1.0_N1800_F180_R4,S_WPB_L56_DOC0.5_WOC1.0_N1800_F180,4,0
19,4,3,71,test,64,S_WPB_L56_DOC0.5_WOC1.0_N2700_F270_R1,S_WPB_L56_DOC0.5_WOC1.0_N2700_F270,1,0
19,4,3,71,test,65,S_WPB_L56_DOC0.5_WOC1.0_N2700_F270_R2,S_WPB_L56_DOC0.5_WOC1.0_N2700_F270,2,0
19,4,3,71,test,66,S_WPB_L56_DOC0.5_WOC1.0_N2700_F270_R3,S_WPB_L56_DOC0.5_WOC1.0_N2700_F270,3,0
19,4,3,71,test,67,S_WPB_L56_DOC0.5_WOC1.0_N2700_F270_R4,S_WPB_L56_DOC0.5_WOC1.0_N2700_F270,4,0
19,4,3,71,test,80,S_WPB_L56_DOC1.0_WOC1.0_N2700_F270_R1,S_WPB_L56_DOC1.0_WOC1.0_N2700_F270,1,0
19,4,3,71,test,81,S_WPB_L56_DOC1.0_WOC1.0_N2700_F270_R2,S_WPB_L56_DOC1.0_WOC1.0_N2700_F270,2,0
19,4,3,71,test,82,S_WPB_L56_DOC1.0_WOC1.0_N2700_F270_R3,S_WPB_L56_DOC1.0_WOC1.0_N2700_F270,3,0
19,4,3,71,test,83,S_WPB_L56_DOC1.0_WOC1.0_N2700_F270_R4,S_WPB_L56_DOC1.0_WOC1.0_N2700_F270,4,0
19,4,3,71,test,104,S_WPB_L56_DOC1.5_WOC2.0_N2700_F270_R1,S_WPB_L56_DOC1.5_WOC2.0_N2700_F270,1,0
19,4,3,71,test,105,S_WPB_L56_DOC1.5_WOC2.0_N2700_F270_R2,S_WPB_L56_DOC1.5_WOC2.0_N2700_F270,2,0
19,4,3,71,test,106,S_WPB_L56_DOC1.5_WOC2.0_N2700_F270_R3,S_WPB_L56_DOC1.5_WOC2.0_N2700_F270,3,0
19,4,3,71,test,107,S_WPB_L56_DOC1.5_WOC2.0_N2700_F270_R4,S_WPB_L56_DOC1.5_WOC2.0_N2700_F270,4,0
19,4,3,71,test,128,U_WPB_L56_DOC2.0_WOC1.0_N2700_F270_R1,U_WPB_L56_DOC2.0_WOC1.0_N2700_F270,1,1
19,4,3,71,test,129,U_WPB_L56_DOC2.0_WOC1.0_N2700_F270_R2,U_WPB_L56_DOC2.0_WOC1.0_N2700_F270,2,1
19,4,3,71,test,130,U_WPB_L56_DOC2.0_WOC1.0_N2700_F270_R3,U_WPB_L56_DOC2.0_WOC1.0_N2700_F270,3,1
19,4,3,71,test,131,U_WPB_L56_DOC2.0_WOC1.0_N2700_F270_R4,U_WPB_L56_DOC2.0_WOC1.0_N2700_F270,4,1
19,4,3,71,test,132,U_WPB_L56_DOC2.0_WOC1.0_N3600_F360_R1,U_WPB_L56_DOC2.0_WOC1.0_N3600_F360,1,1
19,4,3,71,test,133,U_WPB_L56_DOC2.0_WOC1.0_N3600_F360_R2,U_WPB_L56_DOC2.0_WOC1.0_N3600_F360,2,1
19,4,3,71,test,134,U_WPB_L56_DOC2.0_WOC1.0_N3600_F360_R3,U_WPB_L56_DOC2.0_WOC1.0_N3600_F360,3,1
19,4,3,71,test,135,U_WPB_L56_DOC2.0_WOC1.0_N3600_F360_R4,U_WPB_L56_DOC2.0_WOC1.0_N3600_F360,4,1
19,4,3,71,test,152,U_WPB_L56_DOC4.0_WOC2.0_N2700_F270_R1,U_WPB_L56_DOC4.0_WOC2.0_N2700_F270,1,1
19,4,3,71,test,153,U_WPB_L56_DOC4.0_WOC2.0_N2700_F270_R2,U_WPB_L56_DOC4.0_WOC2.0_N2700_F270,2,1
19,4,3,71,test,154,U_WPB_L56_DOC4.0_WOC2.0_N2700_F270_R3,U_WPB_L56_DOC4.0_WOC2.0_N2700_F270,3,1
19,4,3,71,test,155,U_WPB_L56_DOC4.0_WOC2.0_N2700_F270_R4,U_WPB_L56_DOC4.0_WOC2.0_N2700_F270,4,1
