split,repeat,fold,seed,feature_set,n_train,n_test,n_train_conditions,n_test_conditions,budget,method,stage,n_selected,n_unique_selected_conditions,n_duplicate_condition_slots,max_selected_per_condition,rank,train_local_index,global_index,recording_id,condition_id,repetition,label,voronoi_weight,renyi_weight
0,0,0,11,all40,120,40,30,10,0.1,Random,initializer,12,11,1,2,1,3,7,S_WPA_L36_DOC0.5_WOC1.0_N3600_F360_R4,S_WPA_L36_DOC0.5_WOC1.0_N3600_F360,4,0,0.175,1.2144931859653051e-82
0,0,0,11,all40,120,40,30,10,0.1,Random,initializer,12,11,1,2,2,14,22,S_WPA_L36_DOC1.0_WOC1.0_N3600_F360_R3,S_WPA_L36_DOC1.0_WOC1.0_N3600_F360,3,0,0.11666666666666667,2.803434322468823e-84
0,0,0,11,all40,120,40,30,10,0.1,Random,initializer,12,11,1,2,3,17,25,S_WPA_L36_DOC1.0_WOC2.0_N2700_F270_R2,S_WPA_L36_DOC1.0_WOC2.0_N2700_F270,2,0,0.09166666666666666,5.895124773898311e-85
0,0,0,11,all40,120,40,30,10,0.1,Random,initializer,12,11,1,2,4,47,59,S_WPA_L36_DOC6.0_WOC1.0_N2700_F270_R4,S_WPA_L36_DOC6.0_WOC1.0_N2700_F270,4,0,0.075,5.0749212185210805e-61
0,0,0,11,all40,120,40,30,10,0.1,Random,initializer,12,11,1,2,5,55,67,S_WPB_L56_DOC0.5_WOC1.0_N2700_F270_R4,S_WPB_L56_DOC0.5_WOC1.0_N2700_F270,4,0,0.03333333333333333,6.843089077806869e-18
0,0,0,11,all40,120,40,30,10,0.1,Random,initializer,12,11,1,2,6,56,72,S_WPB_L56_DOC0.5_WOC2.0_N2700_F270_R1,S_WPB_L56_DOC0.5_WOC2.0_N2700_F270,1,0,0.1,8.441483154219862e-70
0,0,0,11,all40,120,40,30,10,0.1,Random,initializer,12,11,1,2,7,66,82,S_WPB_L56_DOC1.0_WOC1.0_N2700_F270_R3,S_WPB_L56_DOC1.0_WOC1.0_N2700_F270,3,0,0.058333333333333334,1.1340984156950285e-70
0,0,0,11,all40,120,40,30,10,0.1,Random,initializer,12,11,1,2,8,68,96,S_WPB_L56_DOC1.5_WOC1.0_N2700_F270_R1,S_WPB_L56_DOC1.5_WOC1.0_N2700_F270,1,0,0.03333333333333333,1.0
0,0,0,11,all40,120,40,30,10,0.1,Random,initializer,12,11,1,2,9,81,109,U_WPA_L36_DOC2.0_WOC1.0_N3600_F360_R2,U_WPA_L36_DOC2.0_WOC1.0_N3600_F360,2,1,0.075,3.4913164018015855e-24
0,0,0,11,all40,120,40,30,10,0.1,Random,initializer,12,11,1,2,10,88,124,U_WPB_L56_DOC2.0_WOC1.0_N1800_F180_R1,U_WPB_L56_DOC2.0_WOC1.0_N1800_F180,1,1,0.09166666666666666,4.027424356745128e-75
0,0,0,11,all40,120,40,30,10,0.1,Random,initializer,12,11,1,2,11,109,149,U_WPB_L56_DOC4.0_WOC1.0_N2700_F270_R2,U_WPB_L56_DOC4.0_WOC1.0_N2700_F270,2,1,0.125,4.375478834945481e-78
0,0,0,11,all40,120,40,30,10,0.1,Random,initializer,12,11,1,2,12,111,151,U_WPB_L56_DOC4.0_WOC1.0_N2700_F270_R4,U_WPB_L56_DOC4.0_WOC1.0_N2700_F270,4,1,0.025,6.532612840892515e-78
0,0,0,11,all40,120,40,30,10,0.1,Random-R,same-objective one-swap refinement,12,11,1,2,1,14,22,S_WPA_L36_DOC1.0_WOC1.0_N3600_F360_R3,S_WPA_L36_DOC1.0_WOC1.0_N3600_F360,3,0,0.25,2.4729350178458416e-247
0,0,0,11,all40,120,40,30,10,0.1,Random-R,same-objective one-swap refinement,12,11,1,2,2,17,25,S_WPA_L36_DOC1.0_WOC2.0_N2700_F270_R2,S_WPA_L36_DOC1.0_WOC2.0_N2700_F270,2,0,0.13333333333333333,3.3091679438380917e-249
0,0,0,11,all40,120,40,30,10,0.1,Random-R,same-objective one-swap refinement,12,11,1,2,3,29,41,S_WPA_L36_DOC2.0_WOC1.0_N1800_F180_R2,S_WPA_L36_DOC2.0_WOC1.0_N1800_F180,2,0,0.016666666666666666,1.9383383563322973e-05
0,0,0,11,all40,120,40,30,10,0.1,Random-R,same-objective one-swap refinement,12,11,1,2,4,47,59,S_WPA_L36_DOC6.0_WOC1.0_N2700_F270_R4,S_WPA_L36_DOC6.0_WOC1.0_N2700_F270,4,0,0.075,7.2090732285586675e-183
0,0,0,11,all40,120,40,30,10,0.1,Random-R,same-objective one-swap refinement,12,11,1,2,5,55,67,S_WPB_L56_DOC0.5_WOC1.0_N2700_F270_R4,S_WPB_L56_DOC0.5_WOC1.0_N2700_F270,4,0,0.03333333333333333,2.6416300571777093e-63
0,0,0,11,all40,120,40,30,10,0.1,Random-R,same-objective one-swap refinement,12,11,1,2,6,56,72,S_WPB_L56_DOC0.5_WOC2.0_N2700_F270_R1,S_WPB_L56_DOC0.5_WOC2.0_N2700_F270,1,0,0.1,3.3240883982630116e-207
0,0,0,11,all40,120,40,30,10,0.1,Random-R,same-objective one-swap refinement,12,11,1,2,7,66,82,S_WPB_L56_DOC1.0_WOC1.0_N2700_F270_R3,S_WPB_L56_DOC1.0_WOC1.0_N2700_F270,3,0,0.058333333333333334,1.2748732045994383e-209
0,0,0,11,all40,120,40,30,10,0.1,Random-R,same-objective one-swap refinement,12,11,1,2,8,68,96,S_WPB_L56_DOC1.5_WOC1.0_N2700_F270_R1,S_WPB_L56_DOC1.5_WOC1.0_N2700_F270,1,0,0.016666666666666666,0.9999806166164367
0,0,0,11,all40,120,40,30,10,0.1,Random-R,same-objective one-swap refinement,12,11,1,2,9,81,109,U_WPA_L36_DOC2.0_WOC1.0_N3600_F360_R2,U_WPA_L36_DOC2.0_WOC1.0_N3600_F360,2,1,0.075,1.0508966571654483e-80
0,0,0,11,all40,120,40,30,10,0.1,Random-R,same-objective one-swap refinement,12,11,1,2,10,88,124,U_WPB_L56_DOC2.0_WOC1.0_N1800_F180_R1,U_WPB_L56_DOC2.0_WOC1.0_N1800_F180,1,1,0.09166666666666666,6.281090300695121e-222
0,0,0,11,all40,120,40,30,10,0.1,Random-R,same-objective one-swap refinement,12,11,1,2,11,109,149,U_WPB_L56_DOC4.0_WOC1.0_N2700_F270_R2,U_WPB_L56_DOC4.0_WOC1.0_N2700_F270,2,1,0.125,3.7690297548678274e-230
0,0,0,11,all40,120,40,30,10,0.1,Random-R,same-objective one-swap refinement,12,11,1,2,12,111,151,U_WPB_L56_DOC4.0_WOC1.0_N2700_F270_R4,U_WPB_L56_DOC4.0_WOC1.0_N2700_F270,4,1,0.025,1.1426403328644e-229
0,0,0,11,all40,120,40,30,10,0.1,FacilityLocation,initializer,12,10,2,3,1,24,36,S_WPA_L36_DOC1.5_WOC2.0_N2700_F270_R1,S_WPA_L36_DOC1.5_WOC2.0_N2700_F270,1,0,0.14166666666666666,0.1101782701610463
0,0,0,11,all40,120,40,30,10,0.1,FacilityLocation,initializer,12,10,2,3,2,87,119,U_WPA_L36_DOC3.0_WOC1.0_N3600_F360_R4,U_WPA_L36_DOC3.0_WOC1.0_N3600_F360,4,1,0.06666666666666667,0.07936994455211681
0,0,0,11,all40,120,40,30,10,0.1,FacilityLocation,initializer,12,10,2,3,3,101,137,U_WPB_L56_DOC2.0_WOC2.0_N2700_F270_R2,U_WPB_L56_DOC2.0_WOC2.0_N2700_F270,2,1,0.225,0.11898596421028262
0,0,0,11,all40,120,40,30,10,0.1,FacilityLocation,initializer,12,10,2,3,4,8,16,S_WPA_L36_DOC1.0_WOC1.0_N2700_F270_R1,S_WPA_L36_DOC1.0_WOC1.0_N2700_F270,1,0,0.14166666666666666,0.11711451360351328
0,0,0,11,all40,120,40,30,10,0.1,FacilityLocation,initializer,12,10,2,3,5,57,73,S_WPB_L56_DOC0.5_WOC2.0_N2700_F270_R2,S_WPB_L56_DOC0.5_WOC2.0_N2700_F270,2,0,0.1,0.0865069422070441
0,0,0,11,all40,120,40,30,10,0.1,FacilityLocation,initializer,12,10,2,3,6,54,66,S_WPB_L56_DOC0.5_WOC1.0_N2700_F270_R3,S_WPB_L56_DOC0.5_WOC1.0_N2700_F270,3,0,0.03333333333333333,0.06087180104284515
0,0,0,11,all40,120,40,30,10,0.1,FacilityLocation,initializer,12,10,2,3,7,29,41,S_WPA_L36_DOC2.0_WOC1.0_N1800_F180_R2,S_WPA_L36_DOC2.0_WOC1.0_N1800_F180,2,0,0.008333333333333333,0.06542274235225964
0,0,0,11,all40,120,40,30,10,0.1,FacilityLocation,initializer,12,10,2,3,8,72,100,S_WPB_L56_DOC1.5_WOC1.0_N3600_F360_R1,S_WPB_L56_DOC1.5_WOC1.0_N3600_F360,1,0,0.008333333333333333,0.06542274235225964
0,0,0,11,all40,120,40,30,10,0.1,FacilityLocation,initializer,12,10,2,3,9,84,116,U_WPA_L36_DOC3.0_WOC1.0_N3600_F360_R1,U_WPA_L36_DOC3.0_WOC1.0_N3600_F360,1,1,0.008333333333333333,0.06542077928879449
0,0,0,11,all40,120,40,30,10,0.1,FacilityLocation,initializer,12,10,2,3,10,85,117,U_WPA_L36_DOC3.0_WOC1.0_N3600_F360_R2,U_WPA_L36_DOC3.0_WOC1.0_N3600_F360,2,1,0.008333333333333333,0.06542240319192441
0,0,0,11,all40,120,40,30,10,0.1,FacilityLocation,initializer,12,10,2,3,11,68,96,S_WPB_L56_DOC1.5_WOC1.0_N2700_F270_R1,S_WPB_L56_DOC1.5_WOC1.0_N2700_F270,1,0,0.008333333333333333,0.06550741056722688
0,0,0,11,all40,120,40,30,10,0.1,FacilityLocation,initializer,12,10,2,3,12,3,7,S_WPA_L36_DOC0.5_WOC1.0_N3600_F360_R4,S_WPA_L36_DOC0.5_WOC1.0_N3600_F360,4,0,0.25,0.09977648647068668
0,0,0,11,all40,120,40,30,10,0.1,FacilityLocation-R,same-objective one-swap refinement,12,9,3,3,1,3,7,S_WPA_L36_DOC0.5_WOC1.0_N3600_F360_R4,S_WPA_L36_DOC0.5_WOC1.0_N3600_F360,4,0,0.25,0.10518639788762894
0,0,0,11,all40,120,40,30,10,0.1,FacilityLocation-R,same-objective one-swap refinement,12,9,3,3,2,8,16,S_WPA_L36_DOC1.0_WOC1.0_N2700_F270_R1,S_WPA_L36_DOC1.0_WOC1.0_N2700_F270,1,0,0.14166666666666666,0.12901128104158566
0,0,0,11,all40,120,40,30,10,0.1,FacilityLocation-R,same-objective one-swap refinement,12,9,3,3,3,24,36,S_WPA_L36_DOC1.5_WOC2.0_N2700_F270_R1,S_WPA_L36_DOC1.5_WOC2.0_N2700_F270,1,0,0.13333333333333333,0.12099562917180808
0,0,0,11,all40,120,40,30,10,0.1,FacilityLocation-R,same-objective one-swap refinement,12,9,3,3,4,29,41,S_WPA_L36_DOC2.0_WOC1.0_N1800_F180_R2,S_WPA_L36_DOC2.0_WOC1.0_N1800_F180,2,0,0.008333333333333333,0.054017714298482435
0,0,0,11,all40,120,40,30,10,0.1,FacilityLocation-R,same-objective one-swap refinement,12,9,3,3,5,54,66,S_WPB_L56_DOC0.5_WOC1.0_N2700_F270_R3,S_WPB_L56_DOC0.5_WOC1.0_N2700_F270,3,0,0.03333333333333333,0.05312112467358291
0,0,0,11,all40,120,40,30,10,0.1,FacilityLocation-R,same-objective one-swap refinement,12,9,3,3,6,57,73,S_WPB_L56_DOC0.5_WOC2.0_N2700_F270_R2,S_WPB_L56_DOC0.5_WOC2.0_N2700_F270,2,0,0.1,0.0864210541728147
0,0,0,11,all40,120,40,30,10,0.1,FacilityLocation-R,same-objective one-swap refinement,12,9,3,3,7,72,100,S_WPB_L56_DOC1.5_WOC1.0_N3600_F360_R1,S_WPB_L56_DOC1.5_WOC1.0_N3600_F360,1,0,0.008333333333333333,0.054017714298482435
0,0,0,11,all40,120,40,30,10,0.1,FacilityLocation-R,same-objective one-swap refinement,12,9,3,3,8,75,103,S_WPB_L56_DOC1.5_WOC1.0_N3600_F360_R4,S_WPB_L56_DOC1.5_WOC1.0_N3600_F360,4,0,0.016666666666666666,0.07063152736040612
0,0,0,11,all40,120,40,30,10,0.1,FacilityLocation-R,same-objective one-swap refinement,12,9,3,3,9,84,116,U_WPA_L36_DOC3.0_WOC1.0_N3600_F360_R1,U_WPA_L36_DOC3.0_WOC1.0_N3600_F360,1,1,0.008333333333333333,0.0540258404847789
0,0,0,11,all40,120,40,30,10,0.1,FacilityLocation-R,same-objective one-swap refinement,12,9,3,3,10,85,117,U_WPA_L36_DOC3.0_WOC1.0_N3600_F360_R2,U_WPA_L36_DOC3.0_WOC1.0_N3600_F360,2,1,0.008333333333333333,0.05401757221240254
0,0,0,11,all40,120,40,30,10,0.1,FacilityLocation-R,same-objective one-swap refinement,12,9,3,3,11,87,119,U_WPA_L36_DOC3.0_WOC1.0_N3600_F360_R4,U_WPA_L36_DOC3.0_WOC1.0_N3600_F360,4,1,0.06666666666666667,0.08131701281534683
0,0,0,11,all40,120,40,30,10,0.1,FacilityLocation-R,same-objective one-swap refinement,12,9,3,3,12,101,137,U_WPB_L56_DOC2.0_WOC2.0_N2700_F270_R2,U_WPB_L56_DOC2.0_WOC2.0_N2700_F270,2,1,0.225,0.13723713158268053
0,0,0,11,all40,120,40,30,10,0.1,W2-KMedoids,initializer,12,10,2,3,1,11,19,S_WPA_L36_DOC1.0_WOC1.0_N2700_F270_R4,S_WPA_L36_DOC1.0_WOC1.0_N2700_F270,4,0,0.09166666666666666,0.08991736450793562
0,0,0,11,all40,120,40,30,10,0.1,W2-KMedoids,initializer,12,10,2,3,2,21,33,S_WPA_L36_DOC1.5_WOC1.0_N3600_F360_R2,S_WPA_L36_DOC1.5_WOC1.0_N3600_F360,2,0,0.35833333333333334,0.10970804649708639
0,0,0,11,all40,120,40,30,10,0.1,W2-KMedoids,initializer,12,10,2,3,3,29,41,S_WPA_L36_DOC2.0_WOC1.0_N1800_F180_R2,S_WPA_L36_DOC2.0_WOC1.0_N1800_F180,2,0,0.008333333333333333,0.06526031747969223
0,0,0,11,all40,120,40,30,10,0.1,W2-KMedoids,initializer,12,10,2,3,4,45,57,S_WPA_L36_DOC6.0_WOC1.0_N2700_F270_R2,S_WPA_L36_DOC6.0_WOC1.0_N2700_F270,2,0,0.058333333333333334,0.09298847107765716
0,0,0,11,all40,120,40,30,10,0.1,W2-KMedoids,initializer,12,10,2,3,5,52,64,S_WPB_L56_DOC0.5_WOC1.0_N2700_F270_R1,S_WPB_L56_DOC0.5_WOC1.0_N2700_F270,1,0,0.03333333333333333,0.07685009144736972
0,0,0,11,all40,120,40,30,10,0.1,W2-KMedoids,initializer,12,10,2,3,6,58,74,S_WPB_L56_DOC0.5_WOC2.0_N2700_F270_R3,S_WPB_L56_DOC0.5_WOC2.0_N2700_F270,3,0,0.1,0.0971996989281851
0,0,0,11,all40,120,40,30,10,0.1,W2-KMedoids,initializer,12,10,2,3,7,68,96,S_WPB_L56_DOC1.5_WOC1.0_N2700_F270_R1,S_WPB_L56_DOC1.5_WOC1.0_N2700_F270,1,0,0.008333333333333333,0.06535861068802812
0,0,0,11,all40,120,40,30,10,0.1,W2-KMedoids,initializer,12,10,2,3,8,72,100,S_WPB_L56_DOC1.5_WOC1.0_N3600_F360_R1,S_WPB_L56_DOC1.5_WOC1.0_N3600_F360,1,0,0.008333333333333333,0.06526031747969223
0,0,0,11,all40,120,40,30,10,0.1,W2-KMedoids,initializer,12,10,2,3,9,84,116,U_WPA_L36_DOC3.0_WOC1.0_N3600_F360_R1,U_WPA_L36_DOC3.0_WOC1.0_N3600_F360,1,1,0.008333333333333333,0.06525833067471322
0,0,0,11,all40,120,40,30,10,0.1,W2-KMedoids,initializer,12,10,2,3,10,85,117,U_WPA_L36_DOC3.0_WOC1.0_N3600_F360_R2,U_WPA_L36_DOC3.0_WOC1.0_N3600_F360,2,1,0.008333333333333333,0.06526024955803138
0,0,0,11,all40,120,40,30,10,0.1,W2-KMedoids,initializer,12,10,2,3,11,87,119,U_WPA_L36_DOC3.0_WOC1.0_N3600_F360_R4,U_WPA_L36_DOC3.0_WOC1.0_N3600_F360,4,1,0.075,0.08890685065937698
0,0,0,11,all40,120,40,30,10,0.1,W2-KMedoids,initializer,12,10,2,3,12,101,137,U_WPB_L56_DOC2.0_WOC2.0_N2700_F270_R2,U_WPB_L56_DOC2.0_WOC2.0_N2700_F270,2,1,0.24166666666666667,0.11803165100223181
0,0,0,11,all40,120,40,30,10,0.1,W2-KMedoids-R,same-objective one-swap refinement,12,9,3,3,1,11,19,S_WPA_L36_DOC1.0_WOC1.0_N2700_F270_R4,S_WPA_L36_DOC1.0_WOC1.0_N2700_F270,4,0,0.09166666666666666,0.08980149139926172
0,0,0,11,all40,120,40,30,10,0.1,W2-KMedoids-R,same-objective one-swap refinement,12,9,3,3,2,21,33,S_WPA_L36_DOC1.5_WOC1.0_N3600_F360_R2,S_WPA_L36_DOC1.5_WOC1.0_N3600_F360,2,0,0.35,0.12243560334200142
0,0,0,11,all40,120,40,30,10,0.1,W2-KMedoids-R,same-objective one-swap refinement,12,9,3,3,3,29,41,S_WPA_L36_DOC2.0_WOC1.0_N1800_F180_R2,S_WPA_L36_DOC2.0_WOC1.0_N1800_F180,2,0,0.008333333333333333,0.053597292578620996
0,0,0,11,all40,120,40,30,10,0.1,W2-KMedoids-R,same-objective one-swap refinement,12,9,3,3,4,45,57,S_WPA_L36_DOC6.0_WOC1.0_N2700_F270_R2,S_WPA_L36_DOC6.0_WOC1.0_N2700_F270,2,0,0.058333333333333334,0.09484050628426424
0,0,0,11,all40,120,40,30,10,0.1,W2-KMedoids-R,same-objective one-swap refinement,12,9,3,3,5,52,64,S_WPB_L56_DOC0.5_WOC1.0_N2700_F270_R1,S_WPB_L56_DOC0.5_WOC1.0_N2700_F270,1,0,0.03333333333333333,0.07376770845376358
0,0,0,11,all40,120,40,30,10,0.1,W2-KMedoids-R,same-objective one-swap refinement,12,9,3,3,6,58,74,S_WPB_L56_DOC0.5_WOC2.0_N2700_F270_R3,S_WPB_L56_DOC0.5_WOC2.0_N2700_F270,3,0,0.1,0.10291149432898392
0,0,0,11,all40,120,40,30,10,0.1,W2-KMedoids-R,same-objective one-swap refinement,12,9,3,3,7,72,100,S_WPB_L56_DOC1.5_WOC1.0_N3600_F360_R1,S_WPB_L56_DOC1.5_WOC1.0_N3600_F360,1,0,0.008333333333333333,0.053597292578620996
0,0,0,11,all40,120,40,30,10,0.1,W2-KMedoids-R,same-objective one-swap refinement,12,9,3,3,8,75,103,S_WPB_L56_DOC1.5_WOC1.0_N3600_F360_R4,S_WPB_L56_DOC1.5_WOC1.0_N3600_F360,4,0,0.016666666666666666,0.07222035986986265
0,0,0,11,all40,120,40,30,10,0.1,W2-KMedoids-R,same-objective one-swap refinement,12,9,3,3,9,84,116,U_WPA_L36_DOC3.0_WOC1.0_N3600_F360_R1,U_WPA_L36_DOC3.0_WOC1.0_N3600_F360,1,1,0.008333333333333333,0.053605616771679715
0,0,0,11,all40,120,40,30,10,0.1,W2-KMedoids-R,same-objective one-swap refinement,12,9,3,3,10,85,117,U_WPA_L36_DOC3.0_WOC1.0_N3600_F360_R2,U_WPA_L36_DOC3.0_WOC1.0_N3600_F360,2,1,0.008333333333333333,0.05359735785281888
0,0,0,11,all40,120,40,30,10,0.1,W2-KMedoids-R,same-objective one-swap refinement,12,9,3,3,11,87,119,U_WPA_L36_DOC3.0_WOC1.0_N3600_F360_R4,U_WPA_L36_DOC3.0_WOC1.0_N3600_F360,4,1,0.075,0.09287788860256346
0,0,0,11,all40,120,40,30,10,0.1,W2-KMedoids-R,same-objective one-swap refinement,12,9,3,3,12,101,137,U_WPB_L56_DOC2.0_WOC2.0_N2700_F270_R2,U_WPB_L56_DOC2.0_WOC2.0_N2700_F270,2,1,0.24166666666666667,0.13674738793755836
0,0,0,11,all40,120,40,30,10,0.1,MRDS projected,initializer,12,11,1,2,1,4,8,S_WPA_L36_DOC0.5_WOC2.0_N2700_F270_R1,S_WPA_L36_DOC0.5_WOC2.0_N2700_F270,1,0,0.625,0.19653791588035982
0,0,0,11,all40,120,40,30,10,0.1,MRDS projected,initializer,12,11,1,2,2,72,100,S_WPB_L56_DOC1.5_WOC1.0_N3600_F360_R1,S_WPB_L56_DOC1.5_WOC1.0_N3600_F360,1,0,0.008333333333333333,0.06083947807782728
0,0,0,11,all40,120,40,30,10,0.1,MRDS projected,initializer,12,11,1,2,3,29,41,S_WPA_L36_DOC2.0_WOC1.0_N1800_F180_R2,S_WPA_L36_DOC2.0_WOC1.0_N1800_F180,2,0,0.008333333333333333,0.06083947807782728
0,0,0,11,all40,120,40,30,10,0.1,MRDS projected,initializer,12,11,1,2,4,84,116,U_WPA_L36_DOC3.0_WOC1.0_N3600_F360_R1,U_WPA_L36_DOC3.0_WOC1.0_N3600_F360,1,1,0.008333333333333333,0.06083716239267623
0,0,0,11,all40,120,40,30,10,0.1,MRDS projected,initializer,12,11,1,2,5,85,117,U_WPA_L36_DOC3.0_WOC1.0_N3600_F360_R2,U_WPA_L36_DOC3.0_WOC1.0_N3600_F360,2,1,0.008333333333333333,0.0608376719373602
0,0,0,11,all40,120,40,30,10,0.1,MRDS projected,initializer,12,11,1,2,6,68,96,S_WPB_L56_DOC1.5_WOC1.0_N2700_F270_R1,S_WPB_L56_DOC1.5_WOC1.0_N2700_F270,1,0,0.008333333333333333,0.06106839594083107
0,0,0,11,all40,120,40,30,10,0.1,MRDS projected,initializer,12,11,1,2,7,53,65,S_WPB_L56_DOC0.5_WOC1.0_N2700_F270_R2,S_WPB_L56_DOC0.5_WOC1.0_N2700_F270,2,0,0.03333333333333333,0.10561586834913937
0,0,0,11,all40,120,40,30,10,0.1,MRDS projected,initializer,12,11,1,2,8,112,152,U_WPB_L56_DOC4.0_WOC2.0_N2700_F270_R1,U_WPB_L56_DOC4.0_WOC2.0_N2700_F270,1,1,0.016666666666666666,0.06523348417096261
0,0,0,11,all40,120,40,30,10,0.1,MRDS projected,initializer,12,11,1,2,9,81,109,U_WPA_L36_DOC2.0_WOC1.0_N3600_F360_R2,U_WPA_L36_DOC2.0_WOC1.0_N3600_F360,2,1,0.05,0.05106422312512738
0,0,0,11,all40,120,40,30,10,0.1,MRDS projected,initializer,12,11,1,2,10,39,51,S_WPA_L36_DOC3.0_WOC1.0_N1800_F180_R4,S_WPA_L36_DOC3.0_WOC1.0_N1800_F180,4,0,0.025,0.06428518920551173
0,0,0,11,all40,120,40,30,10,0.1,MRDS projected,initializer,12,11,1,2,11,110,150,U_WPB_L56_DOC4.0_WOC1.0_N2700_F270_R3,U_WPB_L56_DOC4.0_WOC1.0_N2700_F270,3,1,0.041666666666666664,0.07632564181756252
0,0,0,11,all40,120,40,30,10,0.1,MRDS projected,initializer,12,11,1,2,12,8,16,S_WPA_L36_DOC1.0_WOC1.0_N2700_F270_R1,S_WPA_L36_DOC1.0_WOC1.0_N2700_F270,1,0,0.16666666666666666,0.1365154910248145
0,0,0,11,all40,120,40,30,10,0.1,MRDS-IS-R (proposed),same-objective one-swap refinement,12,10,2,2,1,4,8,S_WPA_L36_DOC0.5_WOC2.0_N2700_F270_R1,S_WPA_L36_DOC0.5_WOC2.0_N2700_F270,1,0,0.5916666666666667,0.2904251919611109
0,0,0,11,all40,120,40,30,10,0.1,MRDS-IS-R (proposed),same-objective one-swap refinement,12,10,2,2,2,29,41,S_WPA_L36_DOC2.0_WOC1.0_N1800_F180_R2,S_WPA_L36_DOC2.0_WOC1.0_N1800_F180,2,0,0.008333333333333333,0.04835768883062834
0,0,0,11,all40,120,40,30,10,0.1,MRDS-IS-R (proposed),same-objective one-swap refinement,12,10,2,2,3,39,51,S_WPA_L36_DOC3.0_WOC1.0_N1800_F180_R4,S_WPA_L36_DOC3.0_WOC1.0_N1800_F180,4,0,0.025,0.05360426336944631
0,0,0,11,all40,120,40,30,10,0.1,MRDS-IS-R (proposed),same-objective one-swap refinement,12,10,2,2,4,53,65,S_WPB_L56_DOC0.5_WOC1.0_N2700_F270_R2,S_WPB_L56_DOC0.5_WOC1.0_N2700_F270,2,0,0.03333333333333333,0.10310555594611395
0,0,0,11,all40,120,40,30,10,0.1,MRDS-IS-R (proposed),same-objective one-swap refinement,12,10,2,2,5,68,96,S_WPB_L56_DOC1.5_WOC1.0_N2700_F270_R1,S_WPB_L56_DOC1.5_WOC1.0_N2700_F270,1,0,0.008333333333333333,0.048666767791473296
0,0,0,11,all40,120,40,30,10,0.1,MRDS-IS-R (proposed),same-objective one-swap refinement,12,10,2,2,6,72,100,S_WPB_L56_DOC1.5_WOC1.0_N3600_F360_R1,S_WPB_L56_DOC1.5_WOC1.0_N3600_F360,1,0,0.008333333333333333,0.04835768883062834
0,0,0,11,all40,120,40,30,10,0.1,MRDS-IS-R (proposed),same-objective one-swap refinement,12,10,2,2,7,81,109,U_WPA_L36_DOC2.0_WOC1.0_N3600_F360_R2,U_WPA_L36_DOC2.0_WOC1.0_N3600_F360,2,1,0.05,0.037434992422983496
0,0,0,11,all40,120,40,30,10,0.1,MRDS-IS-R (proposed),same-objective one-swap refinement,12,10,2,2,8,84,116,U_WPA_L36_DOC3.0_WOC1.0_N3600_F360_R1,U_WPA_L36_DOC3.0_WOC1.0_N3600_F360,1,1,0.008333333333333333,0.04835448690727148
0,0,0,11,all40,120,40,30,10,0.1,MRDS-IS-R (proposed),same-objective one-swap refinement,12,10,2,2,9,85,117,U_WPA_L36_DOC3.0_WOC1.0_N3600_F360_R2,U_WPA_L36_DOC3.0_WOC1.0_N3600_F360,2,1,0.008333333333333333,0.04835561203921723
0,0,0,11,all40,120,40,30,10,0.1,MRDS-IS-R (proposed),same-objective one-swap refinement,12,10,2,2,10,110,150,U_WPB_L56_DOC4.0_WOC1.0_N2700_F270_R3,U_WPB_L56_DOC4.0_WOC1.0_N2700_F270,3,1,0.008333333333333333,0.06573879873149534
0,0,0,11,all40,120,40,30,10,0.1,MRDS-IS-R (proposed),same-objective one-swap refinement,12,10,2,2,11,111,151,U_WPB_L56_DOC4.0_WOC1.0_N2700_F270_R4,U_WPB_L56_DOC4.0_WOC1.0_N2700_F270,4,1,0.23333333333333334,0.1573991453223238
0,0,0,11,all40,120,40,30,10,0.1,MRDS-IS-R (proposed),same-objective one-swap refinement,12,10,2,2,12,112,152,U_WPB_L56_DOC4.0_WOC2.0_N2700_F270_R1,U_WPB_L56_DOC4.0_WOC2.0_N2700_F270,1,1,0.016666666666666666,0.05019980784730745
0,0,0,11,all40,120,40,30,10,0.1,Best-of-starts-R (diagnostic only),diagnostic oracle over supplied starts; winner=FacilityLocation,12,9,3,3,1,3,7,S_WPA_L36_DOC0.5_WOC1.0_N3600_F360_R4,S_WPA_L36_DOC0.5_WOC1.0_N3600_F360,4,0,0.25,0.10518639788762894
0,0,0,11,all40,120,40,30,10,0.1,Best-of-starts-R (diagnostic only),diagnostic oracle over supplied starts; winner=FacilityLocation,12,9,3,3,2,8,16,S_WPA_L36_DOC1.0_WOC1.0_N2700_F270_R1,S_WPA_L36_DOC1.0_WOC1.0_N2700_F270,1,0,0.14166666666666666,0.12901128104158566
0,0,0,11,all40,120,40,30,10,0.1,Best-of-starts-R (diagnostic only),diagnostic oracle over supplied starts; winner=FacilityLocation,12,9,3,3,3,24,36,S_WPA_L36_DOC1.5_WOC2.0_N2700_F270_R1,S_WPA_L36_DOC1.5_WOC2.0_N2700_F270,1,0,0.13333333333333333,0.12099562917180808
0,0,0,11,all40,120,40,30,10,0.1,Best-of-starts-R (diagnostic only),diagnostic oracle over supplied starts; winner=FacilityLocation,12,9,3,3,4,29,41,S_WPA_L36_DOC2.0_WOC1.0_N1800_F180_R2,S_WPA_L36_DOC2.0_WOC1.0_N1800_F180,2,0,0.008333333333333333,0.054017714298482435
0,0,0,11,all40,120,40,30,10,0.1,Best-of-starts-R (diagnostic only),diagnostic oracle over supplied starts; winner=FacilityLocation,12,9,3,3,5,54,66,S_WPB_L56_DOC0.5_WOC1.0_N2700_F270_R3,S_WPB_L56_DOC0.5_WOC1.0_N2700_F270,3,0,0.03333333333333333,0.05312112467358291
0,0,0,11,all40,120,40,30,10,0.1,Best-of-starts-R (diagnostic only),diagnostic oracle over supplied starts; winner=FacilityLocation,12,9,3,3,6,57,73,S_WPB_L56_DOC0.5_WOC2.0_N2700_F270_R2,S_WPB_L56_DOC0.5_WOC2.0_N2700_F270,2,0,0.1,0.0864210541728147
0,0,0,11,all40,120,40,30,10,0.1,Best-of-starts-R (diagnostic only),diagnostic oracle over supplied starts; winner=FacilityLocation,12,9,3,3,7,72,100,S_WPB_L56_DOC1.5_WOC1.0_N3600_F360_R1,S_WPB_L56_DOC1.5_WOC1.0_N3600_F360,1,0,0.008333333333333333,0.054017714298482435
0,0,0,11,all40,120,40,30,10,0.1,Best-of-starts-R (diagnostic only),diagnostic oracle over supplied starts; winner=FacilityLocation,12,9,3,3,8,75,103,S_WPB_L56_DOC1.5_WOC1.0_N3600_F360_R4,S_WPB_L56_DOC1.5_WOC1.0_N3600_F360,4,0,0.016666666666666666,0.07063152736040612
0,0,0,11,all40,120,40,30,10,0.1,Best-of-starts-R (diagnostic only),diagnostic oracle over supplied starts; winner=FacilityLocation,12,9,3,3,9,84,116,U_WPA_L36_DOC3.0_WOC1.0_N3600_F360_R1,U_WPA_L36_DOC3.0_WOC1.0_N3600_F360,1,1,0.008333333333333333,0.0540258404847789
0,0,0,11,all40,120,40,30,10,0.1,Best-of-starts-R (diagnostic only),diagnostic oracle over supplied starts; winner=FacilityLocation,12,9,3,3,10,85,117,U_WPA_L36_DOC3.0_WOC1.0_N3600_F360_R2,U_WPA_L36_DOC3.0_WOC1.0_N3600_F360,2,1,0.008333333333333333,0.05401757221240254
0,0,0,11,all40,120,40,30,10,0.1,Best-of-starts-R (diagnostic only),diagnostic oracle over supplied starts; winner=FacilityLocation,12,9,3,3,11,87,119,U_WPA_L36_DOC3.0_WOC1.0_N3600_F360_R4,U_WPA_L36_DOC3.0_WOC1.0_N3600_F360,4,1,0.06666666666666667,0.08131701281534683
0,0,0,11,all40,120,40,30,10,0.1,Best-of-starts-R (diagnostic only),diagnostic oracle over supplied starts; winner=FacilityLocation,12,9,3,3,12,101,137,U_WPB_L56_DOC2.0_WOC2.0_N2700_F270_R2,U_WPB_L56_DOC2.0_WOC2.0_N2700_F270,2,1,0.225,0.13723713158268053
1,0,1,11,all40,120,40,30,10,0.1,Random,initializer,12,11,1,2,1,3,3,S_WPA_L36_DOC0.5_WOC1.0_N2700_F270_R4,S_WPA_L36_DOC0.5_WOC1.0_N2700_F270,4,0,0.03333333333333333,2.944422205588829e-140
1,0,1,11,all40,120,40,30,10,0.1,Random,initializer,12,11,1,2,2,14,18,S_WPA_L36_DOC1.0_WOC1.0_N2700_F270_R3,S_WPA_L36_DOC1.0_WOC1.0_N2700_F270,3,0,0.058333333333333334,4.616885848881844e-164
1,0,1,11,all40,120,40,30,10,0.1,Random,initializer,12,11,1,2,3,17,25,S_WPA_L36_DOC1.0_WOC2.0_N2700_F270_R2,S_WPA_L36_DOC1.0_WOC2.0_N2700_F270,2,0,0.2833333333333333,7.984129553862959e-210
1,0,1,11,all40,120,40,30,10,0.1,Random,initializer,12,11,1,2,4,47,71,S_WPB_L56_DOC0.5_WOC1.0_N3600_F360_R4,S_WPB_L56_DOC0.5_WOC1.0_N3600_F360,4,0,0.058333333333333334,6.127448454112379e-179
1,0,1,11,all40,120,40,30,10,0.1,Random,initializer,12,11,1,2,5,55,83,S_WPB_L56_DOC1.0_WOC1.0_N2700_F270_R4,S_WPB_L56_DOC1.0_WOC1.0_N2700_F270,4,0,0.06666666666666667,1.0542936159465848e-172
1,0,1,11,all40,120,40,30,10,0.1,Random,initializer,12,11,1,2,6,56,84,S_WPB_L56_DOC1.0_WOC1.0_N3600_F360_R1,S_WPB_L56_DOC1.0_WOC1.0_N3600_F360,1,0,0.06666666666666667,2.045585725559217e-188
1,0,1,11,all40,120,40,30,10,0.1,Random,initializer,12,11,1,2,7,66,94,S_WPB_L56_DOC1.5_WOC1.0_N1800_F180_R3,S_WPB_L56_DOC1.5_WOC1.0_N1800_F180,3,0,0.09166666666666666,1.0820395391205393e-189
1,0,1,11,all40,120,40,30,10,0.1,Random,initializer,12,11,1,2,8,68,96,S_WPB_L56_DOC1.5_WOC1.0_N2700_F270_R1,S_WPB_L56_DOC1.5_WOC1.0_N2700_F270,1,0,0.025,0.021847757223114234
1,0,1,11,all40,120,40,30,10,0.1,Random,initializer,12,11,1,2,9,81,109,U_WPA_L36_DOC2.0_WOC1.0_N3600_F360_R2,U_WPA_L36_DOC2.0_WOC1.0_N3600_F360,2,1,0.058333333333333334,2.4751731348954066e-55
1,0,1,11,all40,120,40,30,10,0.1,Random,initializer,12,11,1,2,10,88,116,U_WPA_L36_DOC3.0_WOC1.0_N3600_F360_R1,U_WPA_L36_DOC3.0_WOC1.0_N3600_F360,1,1,0.03333333333333333,0.9781522427768858
1,0,1,11,all40,120,40,30,10,0.1,Random,initializer,12,11,1,2,11,109,145,U_WPB_L56_DOC3.0_WOC1.0_N3600_F360_R2,U_WPB_L56_DOC3.0_WOC1.0_N3600_F360,2,1,0.016666666666666666,2.02542936096087e-161
1,0,1,11,all40,120,40,30,10,0.1,Random,initializer,12,11,1,2,12,111,147,U_WPB_L56_DOC3.0_WOC1.0_N3600_F360_R4,U_WPB_L56_DOC3.0_WOC1.0_N3600_F360,4,1,0.20833333333333334,5.677922353084232e-181
1,0,1,11,all40,120,40,30,10,0.1,Random-R,same-objective one-swap refinement,12,11,1,2,1,3,3,S_WPA_L36_DOC0.5_WOC1.0_N2700_F270_R4,S_WPA_L36_DOC0.5_WOC1.0_N2700_F270,4,0,0.03333333333333333,2.4078493708264827e-07
1,0,1,11,all40,120,40,30,10,0.1,Random-R,same-objective one-swap refinement,12,11,1,2,2,14,18,S_WPA_L36_DOC1.0_WOC1.0_N2700_F270_R3,S_WPA_L36_DOC1.0_WOC1.0_N2700_F270,3,0,0.058333333333333334,2.8298933467502404e-06
1,0,1,11,all40,120,40,30,10,0.1,Random-R,same-objective one-swap refinement,12,11,1,2,3,17,25,S_WPA_L36_DOC1.0_WOC2.0_N2700_F270_R2,S_WPA_L36_DOC1.0_WOC2.0_N2700_F270,2,0,0.2916666666666667,7.446079418094712e-05
1,0,1,11,all40,120,40,30,10,0.1,Random-R,same-objective one-swap refinement,12,11,1,2,4,33,41,S_WPA_L36_DOC2.0_WOC1.0_N1800_F180_R2,S_WPA_L36_DOC2.0_WOC1.0_N1800_F180,2,0,0.025,0.02180066964724133
1,0,1,11,all40,120,40,30,10,0.1,Random-R,same-objective one-swap refinement,12,11,1,2,5,47,71,S_WPB_L56_DOC0.5_WOC1.0_N3600_F360_R4,S_WPB_L56_DOC0.5_WOC1.0_N3600_F360,4,0,0.058333333333333334,9.463349702254496e-07
1,0,1,11,all40,120,40,30,10,0.1,Random-R,same-objective one-swap refinement,12,11,1,2,6,55,83,S_WPB_L56_DOC1.0_WOC1.0_N2700_F270_R4,S_WPB_L56_DOC1.0_WOC1.0_N2700_F270,4,0,0.06666666666666667,6.931648893070358e-06
1,0,1,11,all40,120,40,30,10,0.1,Random-R,same-objective one-swap refinement,12,11,1,2,7,56,84,S_WPB_L56_DOC1.0_WOC1.0_N3600_F360_R1,S_WPB_L56_DOC1.0_WOC1.0_N3600_F360,1,0,0.06666666666666667,3.271040734274509e-06
1,0,1,11,all40,120,40,30,10,0.1,Random-R,same-objective one-swap refinement,12,11,1,2,8,66,94,S_WPB_L56_DOC1.5_WOC1.0_N1800_F180_R3,S_WPB_L56_DOC1.5_WOC1.0_N1800_F180,3,0,0.09166666666666666,7.491461184908114e-06
1,0,1,11,all40,120,40,30,10,0.1,Random-R,same-objective one-swap refinement,12,11,1,2,9,81,109,U_WPA_L36_DOC2.0_WOC1.0_N3600_F360_R2,U_WPA_L36_DOC2.0_WOC1.0_N3600_F360,2,1,0.058333333333333334,6.935665478006005e-13
1,0,1,11,all40,120,40,30,10,0.1,Random-R,same-objective one-swap refinement,12,11,1,2,10,88,116,U_WPA_L36_DOC3.0_WOC1.0_N3600_F360_R1,U_WPA_L36_DOC3.0_WOC1.0_N3600_F360,1,1,0.025,0.9781020535703766
1,0,1,11,all40,120,40,30,10,0.1,Random-R,same-objective one-swap refinement,12,11,1,2,11,109,145,U_WPB_L56_DOC3.0_WOC1.0_N3600_F360_R2,U_WPB_L56_DOC3.0_WOC1.0_N3600_F360,2,1,0.016666666666666666,9.328506758016666e-08
1,0,1,11,all40,120,40,30,10,0.1,Random-R,same-objective one-swap refinement,12,11,1,2,12,111,147,U_WPB_L56_DOC3.0_WOC1.0_N3600_F360_R4,U_WPB_L56_DOC3.0_WOC1.0_N3600_F360,4,1,0.20833333333333334,1.0115383735365604e-06
1,0,1,11,all40,120,40,30,10,0.1,FacilityLocation,initializer,12,8,4,3,1,29,37,S_WPA_L36_DOC1.5_WOC2.0_N2700_F270_R2,S_WPA_L36_DOC1.5_WOC2.0_N2700_F270,2,0,0.3416666666666667,0.1372875832152733
1,0,1,11,all40,120,40,30,10,0.1,FacilityLocation,initializer,12,8,4,3,2,110,146,U_WPB_L56_DOC3.0_WOC1.0_N3600_F360_R3,U_WPB_L56_DOC3.0_WOC1.0_N3600_F360,3,1,0.19166666666666668,0.10130011613797447
1,0,1,11,all40,120,40,30,10,0.1,FacilityLocation,initializer,12,8,4,3,3,91,119,U_WPA_L36_DOC3.0_WOC1.0_N3600_F360_R4,U_WPA_L36_DOC3.0_WOC1.0_N3600_F360,4,1,0.075,0.06305268836898141
1,0,1,11,all40,120,40,30,10,0.1,FacilityLocation,initializer,12,8,4,3,4,63,91,S_WPB_L56_DOC1.0_WOC2.0_N2700_F270_R4,S_WPB_L56_DOC1.0_WOC2.0_N2700_F270,4,0,0.175,0.13883664097594148
1,0,1,11,all40,120,40,30,10,0.1,FacilityLocation,initializer,12,8,4,3,5,12,16,S_WPA_L36_DOC1.0_WOC1.0_N2700_F270_R1,S_WPA_L36_DOC1.0_WOC1.0_N2700_F270,1,0,0.15,0.12752187879928106
1,0,1,11,all40,120,40,30,10,0.1,FacilityLocation,initializer,12,8,4,3,6,62,90,S_WPB_L56_DOC1.0_WOC2.0_N2700_F270_R3,S_WPB_L56_DOC1.0_WOC2.0_N2700_F270,3,0,0.016666666666666666,0.061067969295884435
1,0,1,11,all40,120,40,30,10,0.1,FacilityLocation,initializer,12,8,4,3,7,33,41,S_WPA_L36_DOC2.0_WOC1.0_N1800_F180_R2,S_WPA_L36_DOC2.0_WOC1.0_N1800_F180,2,0,0.008333333333333333,0.061491161843763416
1,0,1,11,all40,120,40,30,10,0.1,FacilityLocation,initializer,12,8,4,3,8,72,100,S_WPB_L56_DOC1.5_WOC1.0_N3600_F360_R1,S_WPB_L56_DOC1.5_WOC1.0_N3600_F360,1,0,0.008333333333333333,0.0619380429854914
1,0,1,11,all40,120,40,30,10,0.1,FacilityLocation,initializer,12,8,4,3,9,89,117,U_WPA_L36_DOC3.0_WOC1.0_N3600_F360_R2,U_WPA_L36_DOC3.0_WOC1.0_N3600_F360,2,1,0.008333333333333333,0.06193186265969771
1,0,1,11,all40,120,40,30,10,0.1,FacilityLocation,initializer,12,8,4,3,10,88,116,U_WPA_L36_DOC3.0_WOC1.0_N3600_F360_R1,U_WPA_L36_DOC3.0_WOC1.0_N3600_F360,1,1,0.008333333333333333,0.06185825264754305
1,0,1,11,all40,120,40,30,10,0.1,FacilityLocation,initializer,12,8,4,3,11,68,96,S_WPB_L56_DOC1.5_WOC1.0_N2700_F270_R1,S_WPB_L56_DOC1.5_WOC1.0_N2700_F270,1,0,0.008333333333333333,0.062222641226404855
1,0,1,11,all40,120,40,30,10,0.1,FacilityLocation,initializer,12,8,4,3,12,61,89,S_WPB_L56_DOC1.0_WOC2.0_N2700_F270_R2,S_WPB_L56_DOC1.0_WOC2.0_N2700_F270,2,0,0.008333333333333333,0.061491161843763416
1,0,1,11,all40,120,40,30,10,0.1,FacilityLocation-R,same-objective one-swap refinement,12,8,4,3,1,12,16,S_WPA_L36_DOC1.0_WOC1.0_N2700_F270_R1,S_WPA_L36_DOC1.0_WOC1.0_N2700_F270,1,0,0.15,0.1397689937975787
1,0,1,11,all40,120,40,30,10,0.1,FacilityLocation-R,same-objective one-swap refinement,12,8,4,3,2,27,35,S_WPA_L36_DOC1.5_WOC1.0_N3600_F360_R4,S_WPA_L36_DOC1.5_WOC1.0_N3600_F360,4,0,0.18333333333333332,0.0706221758088372
1,0,1,11,all40,120,40,30,10,0.1,FacilityLocation-R,same-objective one-swap refinement,12,8,4,3,3,29,37,S_WPA_L36_DOC1.5_WOC2.0_N2700_F270_R2,S_WPA_L36_DOC1.5_WOC2.0_N2700_F270,2,0,0.16666666666666666,0.15606790881933974
1,0,1,11,all40,120,40,30,10,0.1,FacilityLocation-R,same-objective one-swap refinement,12,8,4,3,4,33,41,S_WPA_L36_DOC2.0_WOC1.0_N1800_F180_R2,S_WPA_L36_DOC2.0_WOC1.0_N1800_F180,2,0,0.008333333333333333,0.049756101303979075
1,0,1,11,all40,120,40,30,10,0.1,FacilityLocation-R,same-objective one-swap refinement,12,8,4,3,5,61,89,S_WPB_L56_DOC1.0_WOC2.0_N2700_F270_R2,S_WPB_L56_DOC1.0_WOC2.0_N2700_F270,2,0,0.008333333333333333,0.049756101303979075
1,0,1,11,all40,120,40,30,10,0.1,FacilityLocation-R,same-objective one-swap refinement,12,8,4,3,6,62,90,S_WPB_L56_DOC1.0_WOC2.0_N2700_F270_R3,S_WPB_L56_DOC1.0_WOC2.0_N2700_F270,3,0,0.016666666666666666,0.0506104823282189
1,0,1,11,all40,120,40,30,10,0.1,FacilityLocation-R,same-objective one-swap refinement,12,8,4,3,7,63,91,S_WPB_L56_DOC1.0_WOC2.0_N2700_F270_R4,S_WPB_L56_DOC1.0_WOC2.0_N2700_F270,4,0,0.175,0.15265501074064988
1,0,1,11,all40,120,40,30,10,0.1,FacilityLocation-R,same-objective one-swap refinement,12,8,4,3,8,72,100,S_WPB_L56_DOC1.5_WOC1.0_N3600_F360_R1,S_WPB_L56_DOC1.5_WOC1.0_N3600_F360,1,0,0.008333333333333333,0.050373919291683306
1,0,1,11,all40,120,40,30,10,0.1,FacilityLocation-R,same-objective one-swap refinement,12,8,4,3,9,88,116,U_WPA_L36_DOC3.0_WOC1.0_N3600_F360_R1,U_WPA_L36_DOC3.0_WOC1.0_N3600_F360,1,1,0.008333333333333333,0.05031647044667491
1,0,1,11,all40,120,40,30,10,0.1,FacilityLocation-R,same-objective one-swap refinement,12,8,4,3,10,89,117,U_WPA_L36_DOC3.0_WOC1.0_N3600_F360_R2,U_WPA_L36_DOC3.0_WOC1.0_N3600_F360,2,1,0.008333333333333333,0.05036967624050842
1,0,1,11,all40,120,40,30,10,0.1,FacilityLocation-R,same-objective one-swap refinement,12,8,4,3,11,91,119,U_WPA_L36_DOC3.0_WOC1.0_N3600_F360_R4,U_WPA_L36_DOC3.0_WOC1.0_N3600_F360,4,1,0.075,0.06399341675819588
1,0,1,11,all40,120,40,30,10,0.1,FacilityLocation-R,same-objective one-swap refinement,12,8,4,3,12,110,146,U_WPB_L56_DOC3.0_WOC1.0_N3600_F360_R3,U_WPB_L56_DOC3.0_WOC1.0_N3600_F360,3,1,0.19166666666666668,0.11570974316035486
1,0,1,11,all40,120,40,30,10,0.1,W2-KMedoids,initializer,12,8,4,3,1,25,33,S_WPA_L36_DOC1.5_WOC1.0_N3600_F360_R2,S_WPA_L36_DOC1.5_WOC1.0_N3600_F360,2,0,0.3333333333333333,0.137912268421559
1,0,1,11,all40,120,40,30,10,0.1,W2-KMedoids,initializer,12,8,4,3,2,33,41,S_WPA_L36_DOC2.0_WOC1.0_N1800_F180_R2,S_WPA_L36_DOC2.0_WOC1.0_N1800_F180,2,0,0.008333333333333333,0.061507673870721626
1,0,1,11,all40,120,40,30,10,0.1,W2-KMedoids,initializer,12,8,4,3,3,52,80,S_WPB_L56_DOC1.0_WOC1.0_N2700_F270_R1,S_WPB_L56_DOC1.0_WOC1.0_N2700_F270,1,0,0.14166666666666666,0.13266456581106809
1,0,1,11,all40,120,40,30,10,0.1,W2-KMedoids,initializer,12,8,4,3,4,61,89,S_WPB_L56_DOC1.0_WOC2.0_N2700_F270_R2,S_WPB_L56_DOC1.0_WOC2.0_N2700_F270,2,0,0.008333333333333333,0.061507673870721626
1,0,1,11,all40,120,40,30,10,0.1,W2-KMedoids,initializer,12,8,4,3,5,62,90,S_WPB_L56_DOC1.0_WOC2.0_N2700_F270_R3,S_WPB_L56_DOC1.0_WOC2.0_N2700_F270,3,0,0.016666666666666666,0.06108298538131903
1,0,1,11,all40,120,40,30,10,0.1,W2-KMedoids,initializer,12,8,4,3,6,63,91,S_WPB_L56_DOC1.0_WOC2.0_N2700_F270_R4,S_WPB_L56_DOC1.0_WOC2.0_N2700_F270,4,0,0.175,0.1284293024464291
1,0,1,11,all40,120,40,30,10,0.1,W2-KMedoids,initializer,12,8,4,3,7,68,96,S_WPB_L56_DOC1.5_WOC1.0_N2700_F270_R1,S_WPB_L56_DOC1.5_WOC1.0_N2700_F270,1,0,0.008333333333333333,0.06221703574012648
1,0,1,11,all40,120,40,30,10,0.1,W2-KMedoids,initializer,12,8,4,3,8,72,100,S_WPB_L56_DOC1.5_WOC1.0_N3600_F360_R1,S_WPB_L56_DOC1.5_WOC1.0_N3600_F360,1,0,0.008333333333333333,0.06195478725944211
1,0,1,11,all40,120,40,30,10,0.1,W2-KMedoids,initializer,12,8,4,3,9,88,116,U_WPA_L36_DOC3.0_WOC1.0_N3600_F360_R1,U_WPA_L36_DOC3.0_WOC1.0_N3600_F360,1,1,0.008333333333333333,0.06187493216357255
1,0,1,11,all40,120,40,30,10,0.1,W2-KMedoids,initializer,12,8,4,3,10,89,117,U_WPA_L36_DOC3.0_WOC1.0_N3600_F360_R2,U_WPA_L36_DOC3.0_WOC1.0_N3600_F360,2,1,0.008333333333333333,0.061949012466804794
1,0,1,11,all40,120,40,30,10,0.1,W2-KMedoids,initializer,12,8,4,3,11,91,119,U_WPA_L36_DOC3.0_WOC1.0_N3600_F360_R4,U_WPA_L36_DOC3.0_WOC1.0_N3600_F360,4,1,0.075,0.06686490365049885
1,0,1,11,all40,120,40,30,10,0.1,W2-KMedoids,initializer,12,8,4,3,12,110,146,U_WPB_L56_DOC3.0_WOC1.0_N3600_F360_R3,U_WPB_L56_DOC3.0_WOC1.0_N3600_F360,3,1,0.20833333333333334,0.10203485891773677
1,0,1,11,all40,120,40,30,10,0.1,W2-KMedoids-R,same-objective one-swap refinement,12,8,4,3,1,25,33,S_WPA_L36_DOC1.5_WOC1.0_N3600_F360_R2,S_WPA_L36_DOC1.5_WOC1.0_N3600_F360,2,0,0.26666666666666666,0.15895521486126066
1,0,1,11,all40,120,40,30,10,0.1,W2-KMedoids-R,same-objective one-swap refinement,12,8,4,3,2,33,41,S_WPA_L36_DOC2.0_WOC1.0_N1800_F180_R2,S_WPA_L36_DOC2.0_WOC1.0_N1800_F180,2,0,0.008333333333333333,0.049743252259997345
1,0,1,11,all40,120,40,30,10,0.1,W2-KMedoids-R,same-objective one-swap refinement,12,8,4,3,3,52,80,S_WPB_L56_DOC1.0_WOC1.0_N2700_F270_R1,S_WPB_L56_DOC1.0_WOC1.0_N2700_F270,1,0,0.14166666666666666,0.15045793850103395
1,0,1,11,all40,120,40,30,10,0.1,W2-KMedoids-R,same-objective one-swap refinement,12,8,4,3,4,61,89,S_WPB_L56_DOC1.0_WOC2.0_N2700_F270_R2,S_WPB_L56_DOC1.0_WOC2.0_N2700_F270,2,0,0.008333333333333333,0.049743252259997345
1,0,1,11,all40,120,40,30,10,0.1,W2-KMedoids-R,same-objective one-swap refinement,12,8,4,3,5,62,90,S_WPB_L56_DOC1.0_WOC2.0_N2700_F270_R3,S_WPB_L56_DOC1.0_WOC2.0_N2700_F270,3,0,0.016666666666666666,0.05059688623674423
1,0,1,11,all40,120,40,30,10,0.1,W2-KMedoids-R,same-objective one-swap refinement,12,8,4,3,6,63,91,S_WPB_L56_DOC1.0_WOC2.0_N2700_F270_R4,S_WPB_L56_DOC1.0_WOC2.0_N2700_F270,4,0,0.175,0.14345871863481308
1,0,1,11,all40,120,40,30,10,0.1,W2-KMedoids-R,same-objective one-swap refinement,12,8,4,3,7,72,100,S_WPB_L56_DOC1.5_WOC1.0_N3600_F360_R1,S_WPB_L56_DOC1.5_WOC1.0_N3600_F360,1,0,0.008333333333333333,0.05036159485272726
1,0,1,11,all40,120,40,30,10,0.1,W2-KMedoids-R,same-objective one-swap refinement,12,8,4,3,8,88,116,U_WPA_L36_DOC3.0_WOC1.0_N3600_F360_R1,U_WPA_L36_DOC3.0_WOC1.0_N3600_F360,1,1,0.008333333333333333,0.0503046023857777
1,0,1,11,all40,120,40,30,10,0.1,W2-KMedoids-R,same-objective one-swap refinement,12,8,4,3,9,89,117,U_WPA_L36_DOC3.0_WOC1.0_N3600_F360_R2,U_WPA_L36_DOC3.0_WOC1.0_N3600_F360,2,1,0.008333333333333333,0.050357169534545734
1,0,1,11,all40,120,40,30,10,0.1,W2-KMedoids-R,same-objective one-swap refinement,12,8,4,3,10,91,119,U_WPA_L36_DOC3.0_WOC1.0_N3600_F360_R4,U_WPA_L36_DOC3.0_WOC1.0_N3600_F360,4,1,0.075,0.06544792937134279
1,0,1,11,all40,120,40,30,10,0.1,W2-KMedoids-R,same-objective one-swap refinement,12,8,4,3,11,103,131,U_WPB_L56_DOC2.0_WOC1.0_N2700_F270_R4,U_WPB_L56_DOC2.0_WOC1.0_N2700_F270,4,1,0.09166666666666666,0.0704129090551272
1,0,1,11,all40,120,40,30,10,0.1,W2-KMedoids-R,same-objective one-swap refinement,12,8,4,3,12,110,146,U_WPB_L56_DOC3.0_WOC1.0_N3600_F360_R3,U_WPB_L56_DOC3.0_WOC1.0_N3600_F360,3,1,0.19166666666666668,0.11016053204663272
1,0,1,11,all40,120,40,30,10,0.1,MRDS projected,initializer,12,10,2,2,1,11,15,S_WPA_L36_DOC1.0_WOC1.0_N1800_F180_R4,S_WPA_L36_DOC1.0_WOC1.0_N1800_F180,4,0,0.31666666666666665,0.2324158983175967
1,0,1,11,all40,120,40,30,10,0.1,MRDS projected,initializer,12,10,2,2,2,72,100,S_WPB_L56_DOC1.5_WOC1.0_N3600_F360_R1,S_WPB_L56_DOC1.5_WOC1.0_N3600_F360,1,0,0.008333333333333333,0.056508846100748876
1,0,1,11,all40,120,40,30,10,0.1,MRDS projected,initializer,12,10,2,2,3,33,41,S_WPA_L36_DOC2.0_WOC1.0_N1800_F180_R2,S_WPA_L36_DOC2.0_WOC1.0_N1800_F180,2,0,0.008333333333333333,0.056005743391268445
1,0,1,11,all40,120,40,30,10,0.1,MRDS projected,initializer,12,10,2,2,4,88,116,U_WPA_L36_DOC3.0_WOC1.0_N3600_F360_R1,U_WPA_L36_DOC3.0_WOC1.0_N3600_F360,1,1,0.008333333333333333,0.056401301401618614
1,0,1,11,all40,120,40,30,10,0.1,MRDS projected,initializer,12,10,2,2,5,89,117,U_WPA_L36_DOC3.0_WOC1.0_N3600_F360_R2,U_WPA_L36_DOC3.0_WOC1.0_N3600_F360,2,1,0.008333333333333333,0.05649840093862131
1,0,1,11,all40,120,40,30,10,0.1,MRDS projected,initializer,12,10,2,2,6,44,68,S_WPB_L56_DOC0.5_WOC1.0_N3600_F360_R1,S_WPB_L56_DOC0.5_WOC1.0_N3600_F360,1,0,0.008333333333333333,0.05462492675148755
1,0,1,11,all40,120,40,30,10,0.1,MRDS projected,initializer,12,10,2,2,7,68,96,S_WPB_L56_DOC1.5_WOC1.0_N2700_F270_R1,S_WPB_L56_DOC1.5_WOC1.0_N2700_F270,1,0,0.008333333333333333,0.057082700196693585
1,0,1,11,all40,120,40,30,10,0.1,MRDS projected,initializer,12,10,2,2,8,61,89,S_WPB_L56_DOC1.0_WOC2.0_N2700_F270_R2,S_WPB_L56_DOC1.0_WOC2.0_N2700_F270,2,0,0.008333333333333333,0.056005743391268445
1,0,1,11,all40,120,40,30,10,0.1,MRDS projected,initializer,12,10,2,2,9,62,90,S_WPB_L56_DOC1.0_WOC2.0_N2700_F270_R3,S_WPB_L56_DOC1.0_WOC2.0_N2700_F270,3,0,0.008333333333333333,0.05460385292528451
1,0,1,11,all40,120,40,30,10,0.1,MRDS projected,initializer,12,10,2,2,10,112,152,U_WPB_L56_DOC4.0_WOC2.0_N2700_F270_R1,U_WPB_L56_DOC4.0_WOC2.0_N2700_F270,1,1,0.025,0.06073304898511554
1,0,1,11,all40,120,40,30,10,0.1,MRDS projected,initializer,12,10,2,2,11,81,109,U_WPA_L36_DOC2.0_WOC1.0_N3600_F360_R2,U_WPA_L36_DOC2.0_WOC1.0_N3600_F360,2,1,0.05,0.047691162077359094
1,0,1,11,all40,120,40,30,10,0.1,MRDS projected,initializer,12,10,2,2,12,103,131,U_WPB_L56_DOC2.0_WOC1.0_N2700_F270_R4,U_WPB_L56_DOC2.0_WOC1.0_N2700_F270,4,1,0.5416666666666666,0.21142837552293728
1,0,1,11,all40,120,40,30,10,0.1,MRDS-IS-R (proposed),same-objective one-swap refinement,12,11,1,2,1,11,15,S_WPA_L36_DOC1.0_WOC1.0_N1800_F180_R4,S_WPA_L36_DOC1.0_WOC1.0_N1800_F180,4,0,0.25,0.248459164252611
1,0,1,11,all40,120,40,30,10,0.1,MRDS-IS-R (proposed),same-objective one-swap refinement,12,11,1,2,2,33,41,S_WPA_L36_DOC2.0_WOC1.0_N1800_F180_R2,S_WPA_L36_DOC2.0_WOC1.0_N1800_F180,2,0,0.008333333333333333,0.04455544565374663
1,0,1,11,all40,120,40,30,10,0.1,MRDS-IS-R (proposed),same-objective one-swap refinement,12,11,1,2,3,44,68,S_WPB_L56_DOC0.5_WOC1.0_N3600_F360_R1,S_WPB_L56_DOC0.5_WOC1.0_N3600_F360,1,0,0.016666666666666666,0.04432569416829205
1,0,1,11,all40,120,40,30,10,0.1,MRDS-IS-R (proposed),same-objective one-swap refinement,12,11,1,2,4,59,87,S_WPB_L56_DOC1.0_WOC1.0_N3600_F360_R4,S_WPB_L56_DOC1.0_WOC1.0_N3600_F360,4,0,0.19166666666666668,0.06918980261436711
1,0,1,11,all40,120,40,30,10,0.1,MRDS-IS-R (proposed),same-objective one-swap refinement,12,11,1,2,5,61,89,S_WPB_L56_DOC1.0_WOC2.0_N2700_F270_R2,S_WPB_L56_DOC1.0_WOC2.0_N2700_F270,2,0,0.008333333333333333,0.04455544565374663
1,0,1,11,all40,120,40,30,10,0.1,MRDS-IS-R (proposed),same-objective one-swap refinement,12,11,1,2,6,68,96,S_WPB_L56_DOC1.5_WOC1.0_N2700_F270_R1,S_WPB_L56_DOC1.5_WOC1.0_N2700_F270,1,0,0.008333333333333333,0.04588329057694201
1,0,1,11,all40,120,40,30,10,0.1,MRDS-IS-R (proposed),same-objective one-swap refinement,12,11,1,2,7,72,100,S_WPB_L56_DOC1.5_WOC1.0_N3600_F360_R1,S_WPB_L56_DOC1.5_WOC1.0_N3600_F360,1,0,0.008333333333333333,0.045202932551974995
1,0,1,11,all40,120,40,30,10,0.1,MRDS-IS-R (proposed),same-objective one-swap refinement,12,11,1,2,8,81,109,U_WPA_L36_DOC2.0_WOC1.0_N3600_F360_R2,U_WPA_L36_DOC2.0_WOC1.0_N3600_F360,2,1,0.05,0.048936008974301906
1,0,1,11,all40,120,40,30,10,0.1,MRDS-IS-R (proposed),same-objective one-swap refinement,12,11,1,2,9,88,116,U_WPA_L36_DOC3.0_WOC1.0_N3600_F360_R1,U_WPA_L36_DOC3.0_WOC1.0_N3600_F360,1,1,0.008333333333333333,0.04512186113625243
1,0,1,11,all40,120,40,30,10,0.1,MRDS-IS-R (proposed),same-objective one-swap refinement,12,11,1,2,10,89,117,U_WPA_L36_DOC3.0_WOC1.0_N3600_F360_R2,U_WPA_L36_DOC3.0_WOC1.0_N3600_F360,2,1,0.008333333333333333,0.0451954266223177
1,0,1,11,all40,120,40,30,10,0.1,MRDS-IS-R (proposed),same-objective one-swap refinement,12,11,1,2,11,103,131,U_WPB_L56_DOC2.0_WOC1.0_N2700_F270_R4,U_WPB_L56_DOC2.0_WOC1.0_N2700_F270,4,1,0.4166666666666667,0.25738143582361106
1,0,1,11,all40,120,40,30,10,0.1,MRDS-IS-R (proposed),same-objective one-swap refinement,12,11,1,2,12,112,152,U_WPB_L56_DOC4.0_WOC2.0_N2700_F270_R1,U_WPB_L56_DOC4.0_WOC2.0_N2700_F270,1,1,0.025,0.061193491971836544
1,0,1,11,all40,120,40,30,10,0.1,Best-of-starts-R (diagnostic only),diagnostic oracle over supplied starts; winner=FacilityLocation,12,8,4,3,1,12,16,S_WPA_L36_DOC1.0_WOC1.0_N2700_F270_R1,S_WPA_L36_DOC1.0_WOC1.0_N2700_F270,1,0,0.15,0.1397689937975787
1,0,1,11,all40,120,40,30,10,0.1,Best-of-starts-R (diagnostic only),diagnostic oracle over supplied starts; winner=FacilityLocation,12,8,4,3,2,27,35,S_WPA_L36_DOC1.5_WOC1.0_N3600_F360_R4,S_WPA_L36_DOC1.5_WOC1.0_N3600_F360,4,0,0.18333333333333332,0.0706221758088372
1,0,1,11,all40,120,40,30,10,0.1,Best-of-starts-R (diagnostic only),diagnostic oracle over supplied starts; winner=FacilityLocation,12,8,4,3,3,29,37,S_WPA_L36_DOC1.5_WOC2.0_N2700_F270_R2,S_WPA_L36_DOC1.5_WOC2.0_N2700_F270,2,0,0.16666666666666666,0.15606790881933974
1,0,1,11,all40,120,40,30,10,0.1,Best-of-starts-R (diagnostic only),diagnostic oracle over supplied starts; winner=FacilityLocation,12,8,4,3,4,33,41,S_WPA_L36_DOC2.0_WOC1.0_N1800_F180_R2,S_WPA_L36_DOC2.0_WOC1.0_N1800_F180,2,0,0.008333333333333333,0.049756101303979075
1,0,1,11,all40,120,40,30,10,0.1,Best-of-starts-R (diagnostic only),diagnostic oracle over supplied starts; winner=FacilityLocation,12,8,4,3,5,61,89,S_WPB_L56_DOC1.0_WOC2.0_N2700_F270_R2,S_WPB_L56_DOC1.0_WOC2.0_N2700_F270,2,0,0.008333333333333333,0.049756101303979075
1,0,1,11,all40,120,40,30,10,0.1,Best-of-starts-R (diagnostic only),diagnostic oracle over supplied starts; winner=FacilityLocation,12,8,4,3,6,62,90,S_WPB_L56_DOC1.0_WOC2.0_N2700_F270_R3,S_WPB_L56_DOC1.0_WOC2.0_N2700_F270,3,0,0.016666666666666666,0.0506104823282189
1,0,1,11,all40,120,40,30,10,0.1,Best-of-starts-R (diagnostic only),diagnostic oracle over supplied starts; winner=FacilityLocation,12,8,4,3,7,63,91,S_WPB_L56_DOC1.0_WOC2.0_N2700_F270_R4,S_WPB_L56_DOC1.0_WOC2.0_N2700_F270,4,0,0.175,0.15265501074064988
1,0,1,11,all40,120,40,30,10,0.1,Best-of-starts-R (diagnostic only),diagnostic oracle over supplied starts; winner=FacilityLocation,12,8,4,3,8,72,100,S_WPB_L56_DOC1.5_WOC1.0_N3600_F360_R1,S_WPB_L56_DOC1.5_WOC1.0_N3600_F360,1,0,0.008333333333333333,0.050373919291683306
1,0,1,11,all40,120,40,30,10,0.1,Best-of-starts-R (diagnostic only),diagnostic oracle over supplied starts; winner=FacilityLocation,12,8,4,3,9,88,116,U_WPA_L36_DOC3.0_WOC1.0_N3600_F360_R1,U_WPA_L36_DOC3.0_WOC1.0_N3600_F360,1,1,0.008333333333333333,0.05031647044667491
1,0,1,11,all40,120,40,30,10,0.1,Best-of-starts-R (diagnostic only),diagnostic oracle over supplied starts; winner=FacilityLocation,12,8,4,3,10,89,117,U_WPA_L36_DOC3.0_WOC1.0_N3600_F360_R2,U_WPA_L36_DOC3.0_WOC1.0_N3600_F360,2,1,0.008333333333333333,0.05036967624050842
1,0,1,11,all40,120,40,30,10,0.1,Best-of-starts-R (diagnostic only),diagnostic oracle over supplied starts; winner=FacilityLocation,12,8,4,3,11,91,119,U_WPA_L36_DOC3.0_WOC1.0_N3600_F360_R4,U_WPA_L36_DOC3.0_WOC1.0_N3600_F360,4,1,0.075,0.06399341675819588
1,0,1,11,all40,120,40,30,10,0.1,Best-of-starts-R (diagnostic only),diagnostic oracle over supplied starts; winner=FacilityLocation,12,8,4,3,12,110,146,U_WPB_L56_DOC3.0_WOC1.0_N3600_F360_R3,U_WPB_L56_DOC3.0_WOC1.0_N3600_F360,3,1,0.19166666666666668,0.11570974316035486
2,0,2,11,all40,120,40,30,10,0.1,Random,initializer,12,11,1,2,1,3,3,S_WPA_L36_DOC0.5_WOC1.0_N2700_F270_R4,S_WPA_L36_DOC0.5_WOC1.0_N2700_F270,4,0,0.016666666666666666,4.866822198530946e-05
2,0,2,11,all40,120,40,30,10,0.1,Random,initializer,12,11,1,2,2,14,14,S_WPA_L36_DOC1.0_WOC1.0_N1800_F180_R3,S_WPA_L36_DOC1.0_WOC1.0_N1800_F180,3,0,0.125,1.2637517375484623e-09
2,0,2,11,all40,120,40,30,10,0.1,Random,initializer,12,11,1,2,3,17,21,S_WPA_L36_DOC1.0_WOC1.0_N3600_F360_R2,S_WPA_L36_DOC1.0_WOC1.0_N3600_F360,2,0,0.24166666666666667,3.2280802291564495e-10
2,0,2,11,all40,120,40,30,10,0.1,Random,initializer,12,11,1,2,4,47,59,S_WPA_L36_DOC6.0_WOC1.0_N2700_F270_R4,S_WPA_L36_DOC6.0_WOC1.0_N2700_F270,4,0,0.058333333333333334,3.31755247636017e-05
2,0,2,11,all40,120,40,30,10,0.1,Random,initializer,12,11,1,2,5,55,67,S_WPB_L56_DOC0.5_WOC1.0_N2700_F270_R4,S_WPB_L56_DOC0.5_WOC1.0_N2700_F270,4,0,0.03333333333333333,2.0698341632637474e-05
2,0,2,11,all40,120,40,30,10,0.1,Random,initializer,12,11,1,2,6,56,68,S_WPB_L56_DOC0.5_WOC1.0_N3600_F360_R1,S_WPB_L56_DOC0.5_WOC1.0_N3600_F360,1,0,0.03333333333333333,0.9998825064620505
2,0,2,11,all40,120,40,30,10,0.1,Random,initializer,12,11,1,2,7,66,86,S_WPB_L56_DOC1.0_WOC1.0_N3600_F360_R3,S_WPB_L56_DOC1.0_WOC1.0_N3600_F360,3,0,0.13333333333333333,3.2714084399031544e-10
2,0,2,11,all40,120,40,30,10,0.1,Random,initializer,12,11,1,2,8,68,88,S_WPB_L56_DOC1.0_WOC2.0_N2700_F270_R1,S_WPB_L56_DOC1.0_WOC2.0_N2700_F270,1,0,0.016666666666666666,3.012031615930997e-08
2,0,2,11,all40,120,40,30,10,0.1,Random,initializer,12,11,1,2,9,81,101,S_WPB_L56_DOC1.5_WOC1.0_N3600_F360_R2,S_WPB_L56_DOC1.5_WOC1.0_N3600_F360,2,0,0.058333333333333334,8.32703990562865e-10
2,0,2,11,all40,120,40,30,10,0.1,Random,initializer,12,11,1,2,10,88,120,U_WPA_L36_DOC4.0_WOC2.0_N2700_F270_R1,U_WPA_L36_DOC4.0_WOC2.0_N2700_F270,1,1,0.13333333333333333,5.087173420187462e-06
2,0,2,11,all40,120,40,30,10,0.1,Random,initializer,12,11,1,2,11,109,145,U_WPB_L56_DOC3.0_WOC1.0_N3600_F360_R2,U_WPB_L56_DOC3.0_WOC1.0_N3600_F360,2,1,0.008333333333333333,8.6030069267321e-06
2,0,2,11,all40,120,40,30,10,0.1,Random,initializer,12,11,1,2,12,111,147,U_WPB_L56_DOC3.0_WOC1.0_N3600_F360_R4,U_WPB_L56_DOC3.0_WOC1.0_N3600_F360,4,1,0.14166666666666666,1.228402500305029e-06
2,0,2,11,all40,120,40,30,10,0.1,Random-R,same-objective one-swap refinement,12,10,2,2,1,3,3,S_WPA_L36_DOC0.5_WOC1.0_N2700_F270_R4,S_WPA_L36_DOC0.5_WOC1.0_N2700_F270,4,0,0.016666666666666666,1.7060773143203382e-05
2,0,2,11,all40,120,40,30,10,0.1,Random-R,same-objective one-swap refinement,12,10,2,2,2,14,14,S_WPA_L36_DOC1.0_WOC1.0_N1800_F180_R3,S_WPA_L36_DOC1.0_WOC1.0_N1800_F180,3,0,0.125,3.3057000566282034e-10
2,0,2,11,all40,120,40,30,10,0.1,Random-R,same-objective one-swap refinement,12,10,2,2,3,17,21,S_WPA_L36_DOC1.0_WOC1.0_N3600_F360_R2,S_WPA_L36_DOC1.0_WOC1.0_N3600_F360,2,0,0.24166666666666667,9.992892930167952e-11
2,0,2,11,all40,120,40,30,10,0.1,Random-R,same-objective one-swap refinement,12,10,2,2,4,47,59,S_WPA_L36_DOC6.0_WOC1.0_N2700_F270_R4,S_WPA_L36_DOC6.0_WOC1.0_N2700_F270,4,0,0.058333333333333334,1.1700277398235675e-05
2,0,2,11,all40,120,40,30,10,0.1,Random-R,same-objective one-swap refinement,12,10,2,2,5,55,67,S_WPB_L56_DOC0.5_WOC1.0_N2700_F270_R4,S_WPB_L56_DOC0.5_WOC1.0_N2700_F270,4,0,0.03333333333333333,1.2040982357311096e-05
2,0,2,11,all40,120,40,30,10,0.1,Random-R,same-objective one-swap refinement,12,10,2,2,6,66,86,S_WPB_L56_DOC1.0_WOC1.0_N3600_F360_R3,S_WPB_L56_DOC1.0_WOC1.0_N3600_F360,3,0,0.13333333333333333,1.2932643530877478e-10
2,0,2,11,all40,120,40,30,10,0.1,Random-R,same-objective one-swap refinement,12,10,2,2,7,68,88,S_WPB_L56_DOC1.0_WOC2.0_N2700_F270_R1,S_WPB_L56_DOC1.0_WOC2.0_N2700_F270,1,0,0.03333333333333333,0.00011071768717740578
2,0,2,11,all40,120,40,30,10,0.1,Random-R,same-objective one-swap refinement,12,10,2,2,8,69,89,S_WPB_L56_DOC1.0_WOC2.0_N2700_F270_R2,S_WPB_L56_DOC1.0_WOC2.0_N2700_F270,2,0,0.016666666666666666,0.9998357273130583
2,0,2,11,all40,120,40,30,10,0.1,Random-R,same-objective one-swap refinement,12,10,2,2,9,81,101,S_WPB_L56_DOC1.5_WOC1.0_N3600_F360_R2,S_WPB_L56_DOC1.5_WOC1.0_N3600_F360,2,0,0.058333333333333334,3.1856897974501674e-10
2,0,2,11,all40,120,40,30,10,0.1,Random-R,same-objective one-swap refinement,12,10,2,2,10,88,120,U_WPA_L36_DOC4.0_WOC2.0_N2700_F270_R1,U_WPA_L36_DOC4.0_WOC2.0_N2700_F270,1,1,0.13333333333333333,3.1430439486032776e-06
2,0,2,11,all40,120,40,30,10,0.1,Random-R,same-objective one-swap refinement,12,10,2,2,11,109,145,U_WPB_L56_DOC3.0_WOC1.0_N3600_F360_R2,U_WPB_L56_DOC3.0_WOC1.0_N3600_F360,2,1,0.008333333333333333,8.722710041801226e-06
2,0,2,11,all40,120,40,30,10,0.1,Random-R,same-objective one-swap refinement,12,10,2,2,12,111,147,U_WPB_L56_DOC3.0_WOC1.0_N3600_F360_R4,U_WPB_L56_DOC3.0_WOC1.0_N3600_F360,4,1,0.14166666666666666,8.863344806334264e-07
2,0,2,11,all40,120,40,30,10,0.1,FacilityLocation,initializer,12,10,2,2,1,30,38,S_WPA_L36_DOC1.5_WOC2.0_N2700_F270_R3,S_WPA_L36_DOC1.5_WOC2.0_N2700_F270,3,0,0.39166666666666666,0.11893676200520754
2,0,2,11,all40,120,40,30,10,0.1,FacilityLocation,initializer,12,10,2,2,2,97,129,U_WPB_L56_DOC2.0_WOC1.0_N2700_F270_R2,U_WPB_L56_DOC2.0_WOC1.0_N2700_F270,2,1,0.21666666666666667,0.08635117298615969
2,0,2,11,all40,120,40,30,10,0.1,FacilityLocation,initializer,12,10,2,2,3,71,91,S_WPB_L56_DOC1.0_WOC2.0_N2700_F270_R4,S_WPB_L56_DOC1.0_WOC2.0_N2700_F270,4,0,0.14166666666666666,0.12924944009258016
2,0,2,11,all40,120,40,30,10,0.1,FacilityLocation,initializer,12,10,2,2,4,45,57,S_WPA_L36_DOC6.0_WOC1.0_N2700_F270_R2,S_WPA_L36_DOC6.0_WOC1.0_N2700_F270,2,0,0.05,0.08152017186538255
2,0,2,11,all40,120,40,30,10,0.1,FacilityLocation,initializer,12,10,2,2,5,85,113,U_WPA_L36_DOC2.0_WOC2.0_N2700_F270_R2,U_WPA_L36_DOC2.0_WOC2.0_N2700_F270,2,1,0.05,0.08039410733110498
2,0,2,11,all40,120,40,30,10,0.1,FacilityLocation,initializer,12,10,2,2,6,54,66,S_WPB_L56_DOC0.5_WOC1.0_N2700_F270_R3,S_WPB_L56_DOC0.5_WOC1.0_N2700_F270,3,0,0.03333333333333333,0.09608614468706202
2,0,2,11,all40,120,40,30,10,0.1,FacilityLocation,initializer,12,10,2,2,7,56,68,S_WPB_L56_DOC0.5_WOC1.0_N3600_F360_R1,S_WPB_L56_DOC0.5_WOC1.0_N3600_F360,1,0,0.016666666666666666,0.06552979216492204
2,0,2,11,all40,120,40,30,10,0.1,FacilityLocation,initializer,12,10,2,2,8,69,89,S_WPB_L56_DOC1.0_WOC2.0_N2700_F270_R2,S_WPB_L56_DOC1.0_WOC2.0_N2700_F270,2,0,0.008333333333333333,0.06611561218365886
2,0,2,11,all40,120,40,30,10,0.1,FacilityLocation,initializer,12,10,2,2,9,80,100,S_WPB_L56_DOC1.5_WOC1.0_N3600_F360_R1,S_WPB_L56_DOC1.5_WOC1.0_N3600_F360,1,0,0.008333333333333333,0.06611561218365886
2,0,2,11,all40,120,40,30,10,0.1,FacilityLocation,initializer,12,10,2,2,10,76,96,S_WPB_L56_DOC1.5_WOC1.0_N2700_F270_R1,S_WPB_L56_DOC1.5_WOC1.0_N2700_F270,1,0,0.008333333333333333,0.06634235937784179
2,0,2,11,all40,120,40,30,10,0.1,FacilityLocation,initializer,12,10,2,2,11,117,153,U_WPB_L56_DOC4.0_WOC2.0_N2700_F270_R2,U_WPB_L56_DOC4.0_WOC2.0_N2700_F270,2,1,0.03333333333333333,0.06034183493872622
2,0,2,11,all40,120,40,30,10,0.1,FacilityLocation,initializer,12,10,2,2,12,47,59,S_WPA_L36_DOC6.0_WOC1.0_N2700_F270_R4,S_WPA_L36_DOC6.0_WOC1.0_N2700_F270,4,0,0.041666666666666664,0.08301699018369549
2,0,2,11,all40,120,40,30,10,0.1,FacilityLocation-R,same-objective one-swap refinement,12,10,2,2,1,5,5,S_WPA_L36_DOC0.5_WOC1.0_N3600_F360_R2,S_WPA_L36_DOC0.5_WOC1.0_N3600_F360,2,0,0.1,0.11677633875909044
2,0,2,11,all40,120,40,30,10,0.1,FacilityLocation-R,same-objective one-swap refinement,12,10,2,2,2,30,38,S_WPA_L36_DOC1.5_WOC2.0_N2700_F270_R3,S_WPA_L36_DOC1.5_WOC2.0_N2700_F270,3,0,0.2916666666666667,0.13246158187415685
2,0,2,11,all40,120,40,30,10,0.1,FacilityLocation-R,same-objective one-swap refinement,12,10,2,2,3,45,57,S_WPA_L36_DOC6.0_WOC1.0_N2700_F270_R2,S_WPA_L36_DOC6.0_WOC1.0_N2700_F270,2,0,0.05,0.07538216254448839
2,0,2,11,all40,120,40,30,10,0.1,FacilityLocation-R,same-objective one-swap refinement,12,10,2,2,4,47,59,S_WPA_L36_DOC6.0_WOC1.0_N2700_F270_R4,S_WPA_L36_DOC6.0_WOC1.0_N2700_F270,4,0,0.041666666666666664,0.07673886669017405
2,0,2,11,all40,120,40,30,10,0.1,FacilityLocation-R,same-objective one-swap refinement,12,10,2,2,5,56,68,S_WPB_L56_DOC0.5_WOC1.0_N3600_F360_R1,S_WPB_L56_DOC0.5_WOC1.0_N3600_F360,1,0,0.016666666666666666,0.05465919943578049
2,0,2,11,all40,120,40,30,10,0.1,FacilityLocation-R,same-objective one-swap refinement,12,10,2,2,6,69,89,S_WPB_L56_DOC1.0_WOC2.0_N2700_F270_R2,S_WPB_L56_DOC1.0_WOC2.0_N2700_F270,2,0,0.008333333333333333,0.054761558418284534
2,0,2,11,all40,120,40,30,10,0.1,FacilityLocation-R,same-objective one-swap refinement,12,10,2,2,7,71,91,S_WPB_L56_DOC1.0_WOC2.0_N2700_F270_R4,S_WPB_L56_DOC1.0_WOC2.0_N2700_F270,4,0,0.175,0.15622488175387947
2,0,2,11,all40,120,40,30,10,0.1,FacilityLocation-R,same-objective one-swap refinement,12,10,2,2,8,76,96,S_WPB_L56_DOC1.5_WOC1.0_N2700_F270_R1,S_WPB_L56_DOC1.5_WOC1.0_N2700_F270,1,0,0.008333333333333333,0.05510003555054023
2,0,2,11,all40,120,40,30,10,0.1,FacilityLocation-R,same-objective one-swap refinement,12,10,2,2,9,80,100,S_WPB_L56_DOC1.5_WOC1.0_N3600_F360_R1,S_WPB_L56_DOC1.5_WOC1.0_N3600_F360,1,0,0.008333333333333333,0.054761558418284534
2,0,2,11,all40,120,40,30,10,0.1,FacilityLocation-R,same-objective one-swap refinement,12,10,2,2,10,85,113,U_WPA_L36_DOC2.0_WOC2.0_N2700_F270_R2,U_WPA_L36_DOC2.0_WOC2.0_N2700_F270,2,1,0.05,0.08037752136651
2,0,2,11,all40,120,40,30,10,0.1,FacilityLocation-R,same-objective one-swap refinement,12,10,2,2,11,97,129,U_WPB_L56_DOC2.0_WOC1.0_N2700_F270_R2,U_WPB_L56_DOC2.0_WOC1.0_N2700_F270,2,1,0.21666666666666667,0.08771260553005554
2,0,2,11,all40,120,40,30,10,0.1,FacilityLocation-R,same-objective one-swap refinement,12,10,2,2,12,117,153,U_WPB_L56_DOC4.0_WOC2.0_N2700_F270_R2,U_WPB_L56_DOC4.0_WOC2.0_N2700_F270,2,1,0.03333333333333333,0.05504368965875535
2,0,2,11,all40,120,40,30,10,0.1,W2-KMedoids,initializer,12,10,2,2,1,18,22,S_WPA_L36_DOC1.0_WOC1.0_N3600_F360_R3,S_WPA_L36_DOC1.0_WOC1.0_N3600_F360,3,0,0.35833333333333334,0.09966114205618515
2,0,2,11,all40,120,40,30,10,0.1,W2-KMedoids,initializer,12,10,2,2,2,24,28,S_WPA_L36_DOC1.5_WOC1.0_N1800_F180_R1,S_WPA_L36_DOC1.5_WOC1.0_N1800_F180,1,0,0.05,0.08339014007583383
2,0,2,11,all40,120,40,30,10,0.1,W2-KMedoids,initializer,12,10,2,2,3,45,57,S_WPA_L36_DOC6.0_WOC1.0_N2700_F270_R2,S_WPA_L36_DOC6.0_WOC1.0_N2700_F270,2,0,0.05,0.08202397488533586
2,0,2,11,all40,120,40,30,10,0.1,W2-KMedoids,initializer,12,10,2,2,4,47,59,S_WPA_L36_DOC6.0_WOC1.0_N2700_F270_R4,S_WPA_L36_DOC6.0_WOC1.0_N2700_F270,4,0,0.041666666666666664,0.08350395345014257
2,0,2,11,all40,120,40,30,10,0.1,W2-KMedoids,initializer,12,10,2,2,5,53,65,S_WPB_L56_DOC0.5_WOC1.0_N2700_F270_R2,S_WPB_L56_DOC0.5_WOC1.0_N2700_F270,2,0,0.03333333333333333,0.08635166529799713
2,0,2,11,all40,120,40,30,10,0.1,W2-KMedoids,initializer,12,10,2,2,6,56,68,S_WPB_L56_DOC0.5_WOC1.0_N3600_F360_R1,S_WPB_L56_DOC0.5_WOC1.0_N3600_F360,1,0,0.016666666666666666,0.06691998326420211
2,0,2,11,all40,120,40,30,10,0.1,W2-KMedoids,initializer,12,10,2,2,7,57,69,S_WPB_L56_DOC0.5_WOC1.0_N3600_F360_R2,S_WPB_L56_DOC0.5_WOC1.0_N3600_F360,2,0,0.14166666666666666,0.09838157374045954
2,0,2,11,all40,120,40,30,10,0.1,W2-KMedoids,initializer,12,10,2,2,8,69,89,S_WPB_L56_DOC1.0_WOC2.0_N2700_F270_R2,S_WPB_L56_DOC1.0_WOC2.0_N2700_F270,2,0,0.008333333333333333,0.0673531645261603
2,0,2,11,all40,120,40,30,10,0.1,W2-KMedoids,initializer,12,10,2,2,9,76,96,S_WPB_L56_DOC1.5_WOC1.0_N2700_F270_R1,S_WPB_L56_DOC1.5_WOC1.0_N2700_F270,1,0,0.008333333333333333,0.06747817288367981
2,0,2,11,all40,120,40,30,10,0.1,W2-KMedoids,initializer,12,10,2,2,10,80,100,S_WPB_L56_DOC1.5_WOC1.0_N3600_F360_R1,S_WPB_L56_DOC1.5_WOC1.0_N3600_F360,1,0,0.008333333333333333,0.0673531645261603
2,0,2,11,all40,120,40,30,10,0.1,W2-KMedoids,initializer,12,10,2,2,11,85,113,U_WPA_L36_DOC2.0_WOC2.0_N2700_F270_R2,U_WPA_L36_DOC2.0_WOC2.0_N2700_F270,2,1,0.03333333333333333,0.08600439191760167
2,0,2,11,all40,120,40,30,10,0.1,W2-KMedoids,initializer,12,10,2,2,12,98,130,U_WPB_L56_DOC2.0_WOC1.0_N2700_F270_R3,U_WPB_L56_DOC2.0_WOC1.0_N2700_F270,3,1,0.25,0.11157867337624167
2,0,2,11,all40,120,40,30,10,0.1,W2-KMedoids-R,same-objective one-swap refinement,12,9,3,2,1,18,22,S_WPA_L36_DOC1.0_WOC1.0_N3600_F360_R3,S_WPA_L36_DOC1.0_WOC1.0_N3600_F360,3,0,0.3416666666666667,0.10971650965764804
2,0,2,11,all40,120,40,30,10,0.1,W2-KMedoids-R,same-objective one-swap refinement,12,9,3,2,2,24,28,S_WPA_L36_DOC1.5_WOC1.0_N1800_F180_R1,S_WPA_L36_DOC1.5_WOC1.0_N1800_F180,1,0,0.05,0.08311098515878167
2,0,2,11,all40,120,40,30,10,0.1,W2-KMedoids-R,same-objective one-swap refinement,12,9,3,2,3,45,57,S_WPA_L36_DOC6.0_WOC1.0_N2700_F270_R2,S_WPA_L36_DOC6.0_WOC1.0_N2700_F270,2,0,0.05,0.07996754523215449
2,0,2,11,all40,120,40,30,10,0.1,W2-KMedoids-R,same-objective one-swap refinement,12,9,3,2,4,47,59,S_WPA_L36_DOC6.0_WOC1.0_N2700_F270_R4,S_WPA_L36_DOC6.0_WOC1.0_N2700_F270,4,0,0.041666666666666664,0.08365351005206773
2,0,2,11,all40,120,40,30,10,0.1,W2-KMedoids-R,same-objective one-swap refinement,12,9,3,2,5,53,65,S_WPB_L56_DOC0.5_WOC1.0_N2700_F270_R2,S_WPB_L56_DOC0.5_WOC1.0_N2700_F270,2,0,0.03333333333333333,0.08995893733015174
2,0,2,11,all40,120,40,30,10,0.1,W2-KMedoids-R,same-objective one-swap refinement,12,9,3,2,6,56,68,S_WPB_L56_DOC0.5_WOC1.0_N3600_F360_R1,S_WPB_L56_DOC0.5_WOC1.0_N3600_F360,1,0,0.016666666666666666,0.05701416644374382
2,0,2,11,all40,120,40,30,10,0.1,W2-KMedoids-R,same-objective one-swap refinement,12,9,3,2,7,57,69,S_WPB_L56_DOC0.5_WOC1.0_N3600_F360_R2,S_WPB_L56_DOC0.5_WOC1.0_N3600_F360,2,0,0.14166666666666666,0.10788219052804299
2,0,2,11,all40,120,40,30,10,0.1,W2-KMedoids-R,same-objective one-swap refinement,12,9,3,2,8,69,89,S_WPB_L56_DOC1.0_WOC2.0_N2700_F270_R2,S_WPB_L56_DOC1.0_WOC2.0_N2700_F270,2,0,0.008333333333333333,0.056481013972659616
2,0,2,11,all40,120,40,30,10,0.1,W2-KMedoids-R,same-objective one-swap refinement,12,9,3,2,9,80,100,S_WPB_L56_DOC1.5_WOC1.0_N3600_F360_R1,S_WPB_L56_DOC1.5_WOC1.0_N3600_F360,1,0,0.008333333333333333,0.056481013972659616
2,0,2,11,all40,120,40,30,10,0.1,W2-KMedoids-R,same-objective one-swap refinement,12,9,3,2,10,85,113,U_WPA_L36_DOC2.0_WOC2.0_N2700_F270_R2,U_WPA_L36_DOC2.0_WOC2.0_N2700_F270,2,1,0.03333333333333333,0.08110893885601791
2,0,2,11,all40,120,40,30,10,0.1,W2-KMedoids-R,same-objective one-swap refinement,12,9,3,2,11,96,128,U_WPB_L56_DOC2.0_WOC1.0_N2700_F270_R1,U_WPB_L56_DOC2.0_WOC1.0_N2700_F270,1,1,0.06666666666666667,0.07412977090595217
2,0,2,11,all40,120,40,30,10,0.1,W2-KMedoids-R,same-objective one-swap refinement,12,9,3,2,12,98,130,U_WPB_L56_DOC2.0_WOC1.0_N2700_F270_R3,U_WPB_L56_DOC2.0_WOC1.0_N2700_F270,3,1,0.20833333333333334,0.12049541789012043
2,0,2,11,all40,120,40,30,10,0.1,MRDS projected,initializer,12,10,2,3,1,0,0,S_WPA_L36_DOC0.5_WOC1.0_N2700_F270_R1,S_WPA_L36_DOC0.5_WOC1.0_N2700_F270,1,0,0.38333333333333336,0.17292066787288052
2,0,2,11,all40,120,40,30,10,0.1,MRDS projected,initializer,12,10,2,3,2,80,100,S_WPB_L56_DOC1.5_WOC1.0_N3600_F360_R1,S_WPB_L56_DOC1.5_WOC1.0_N3600_F360,1,0,0.008333333333333333,0.06185400322180383
2,0,2,11,all40,120,40,30,10,0.1,MRDS projected,initializer,12,10,2,3,3,69,89,S_WPB_L56_DOC1.0_WOC2.0_N2700_F270_R2,S_WPB_L56_DOC1.0_WOC2.0_N2700_F270,2,0,0.008333333333333333,0.06185400322180383
2,0,2,11,all40,120,40,30,10,0.1,MRDS projected,initializer,12,10,2,3,4,70,90,S_WPB_L56_DOC1.0_WOC2.0_N2700_F270_R3,S_WPB_L56_DOC1.0_WOC2.0_N2700_F270,3,0,0.008333333333333333,0.06008496083533366
2,0,2,11,all40,120,40,30,10,0.1,MRDS projected,initializer,12,10,2,3,5,76,96,S_WPB_L56_DOC1.5_WOC1.0_N2700_F270_R1,S_WPB_L56_DOC1.5_WOC1.0_N2700_F270,1,0,0.008333333333333333,0.06205873564345051
2,0,2,11,all40,120,40,30,10,0.1,MRDS projected,initializer,12,10,2,3,6,116,152,U_WPB_L56_DOC4.0_WOC2.0_N2700_F270_R1,U_WPB_L56_DOC4.0_WOC2.0_N2700_F270,1,1,0.008333333333333333,0.05662455980777559
2,0,2,11,all40,120,40,30,10,0.1,MRDS projected,initializer,12,10,2,3,7,53,65,S_WPB_L56_DOC0.5_WOC1.0_N2700_F270_R2,S_WPB_L56_DOC0.5_WOC1.0_N2700_F270,2,0,0.058333333333333334,0.09090705660808004
2,0,2,11,all40,120,40,30,10,0.1,MRDS projected,initializer,12,10,2,3,8,56,68,S_WPB_L56_DOC0.5_WOC1.0_N3600_F360_R1,S_WPB_L56_DOC0.5_WOC1.0_N3600_F360,1,0,0.008333333333333333,0.06007999528280544
2,0,2,11,all40,120,40,30,10,0.1,MRDS projected,initializer,12,10,2,3,9,39,51,S_WPA_L36_DOC3.0_WOC1.0_N1800_F180_R4,S_WPA_L36_DOC3.0_WOC1.0_N1800_F180,4,0,0.041666666666666664,0.07204141463441892
2,0,2,11,all40,120,40,30,10,0.1,MRDS projected,initializer,12,10,2,3,10,93,125,U_WPB_L56_DOC2.0_WOC1.0_N1800_F180_R2,U_WPB_L56_DOC2.0_WOC1.0_N1800_F180,2,1,0.3416666666666667,0.12418551005432175
2,0,2,11,all40,120,40,30,10,0.1,MRDS projected,initializer,12,10,2,3,11,68,88,S_WPB_L56_DOC1.0_WOC2.0_N2700_F270_R1,S_WPB_L56_DOC1.0_WOC2.0_N2700_F270,1,0,0.10833333333333334,0.11048921923621216
2,0,2,11,all40,120,40,30,10,0.1,MRDS projected,initializer,12,10,2,3,12,114,150,U_WPB_L56_DOC4.0_WOC1.0_N2700_F270_R3,U_WPB_L56_DOC4.0_WOC1.0_N2700_F270,3,1,0.016666666666666666,0.06689987358111374
2,0,2,11,all40,120,40,30,10,0.1,MRDS-IS-R (proposed),same-objective one-swap refinement,12,10,2,3,1,0,0,S_WPA_L36_DOC0.5_WOC1.0_N2700_F270_R1,S_WPA_L36_DOC0.5_WOC1.0_N2700_F270,1,0,0.125,0.2076045499196965
2,0,2,11,all40,120,40,30,10,0.1,MRDS-IS-R (proposed),same-objective one-swap refinement,12,10,2,3,2,23,27,S_WPA_L36_DOC1.0_WOC2.0_N2700_F270_R4,S_WPA_L36_DOC1.0_WOC2.0_N2700_F270,4,0,0.48333333333333334,0.07234295007654878
2,0,2,11,all40,120,40,30,10,0.1,MRDS-IS-R (proposed),same-objective one-swap refinement,12,10,2,3,3,39,51,S_WPA_L36_DOC3.0_WOC1.0_N1800_F180_R4,S_WPA_L36_DOC3.0_WOC1.0_N1800_F180,4,0,0.041666666666666664,0.06841459211907949
2,0,2,11,all40,120,40,30,10,0.1,MRDS-IS-R (proposed),same-objective one-swap refinement,12,10,2,3,4,53,65,S_WPB_L56_DOC0.5_WOC1.0_N2700_F270_R2,S_WPB_L56_DOC0.5_WOC1.0_N2700_F270,2,0,0.041666666666666664,0.08689098770424913
2,0,2,11,all40,120,40,30,10,0.1,MRDS-IS-R (proposed),same-objective one-swap refinement,12,10,2,3,5,68,88,S_WPB_L56_DOC1.0_WOC2.0_N2700_F270_R1,S_WPB_L56_DOC1.0_WOC2.0_N2700_F270,1,0,0.025,0.11379994527973306
2,0,2,11,all40,120,40,30,10,0.1,MRDS-IS-R (proposed),same-objective one-swap refinement,12,10,2,3,6,69,89,S_WPB_L56_DOC1.0_WOC2.0_N2700_F270_R2,S_WPB_L56_DOC1.0_WOC2.0_N2700_F270,2,0,0.008333333333333333,0.05010790154416031
2,0,2,11,all40,120,40,30,10,0.1,MRDS-IS-R (proposed),same-objective one-swap refinement,12,10,2,3,7,70,90,S_WPB_L56_DOC1.0_WOC2.0_N2700_F270_R3,S_WPB_L56_DOC1.0_WOC2.0_N2700_F270,3,0,0.016666666666666666,0.0490207837756387
2,0,2,11,all40,120,40,30,10,0.1,MRDS-IS-R (proposed),same-objective one-swap refinement,12,10,2,3,8,76,96,S_WPB_L56_DOC1.5_WOC1.0_N2700_F270_R1,S_WPB_L56_DOC1.5_WOC1.0_N2700_F270,1,0,0.008333333333333333,0.05040119107845101
2,0,2,11,all40,120,40,30,10,0.1,MRDS-IS-R (proposed),same-objective one-swap refinement,12,10,2,3,9,80,100,S_WPB_L56_DOC1.5_WOC1.0_N3600_F360_R1,S_WPB_L56_DOC1.5_WOC1.0_N3600_F360,1,0,0.008333333333333333,0.05010790154416031
2,0,2,11,all40,120,40,30,10,0.1,MRDS-IS-R (proposed),same-objective one-swap refinement,12,10,2,3,10,93,125,U_WPB_L56_DOC2.0_WOC1.0_N1800_F180_R2,U_WPB_L56_DOC2.0_WOC1.0_N1800_F180,2,1,0.21666666666666667,0.14101421265561073
2,0,2,11,all40,120,40,30,10,0.1,MRDS-IS-R (proposed),same-objective one-swap refinement,12,10,2,3,11,114,150,U_WPB_L56_DOC4.0_WOC1.0_N2700_F270_R3,U_WPB_L56_DOC4.0_WOC1.0_N2700_F270,3,1,0.016666666666666666,0.06183045336855477
2,0,2,11,all40,120,40,30,10,0.1,MRDS-IS-R (proposed),same-objective one-swap refinement,12,10,2,3,12,116,152,U_WPB_L56_DOC4.0_WOC2.0_N2700_F270_R1,U_WPB_L56_DOC4.0_WOC2.0_N2700_F270,1,1,0.008333333333333333,0.048464530934117164
2,0,2,11,all40,120,40,30,10,0.1,Best-of-starts-R (diagnostic only),diagnostic oracle over supplied starts; winner=W2-KMedoids,12,9,3,2,1,18,22,S_WPA_L36_DOC1.0_WOC1.0_N3600_F360_R3,S_WPA_L36_DOC1.0_WOC1.0_N3600_F360,3,0,0.3416666666666667,0.10971650965764804
2,0,2,11,all40,120,40,30,10,0.1,Best-of-starts-R (diagnostic only),diagnostic oracle over supplied starts; winner=W2-KMedoids,12,9,3,2,2,24,28,S_WPA_L36_DOC1.5_WOC1.0_N1800_F180_R1,S_WPA_L36_DOC1.5_WOC1.0_N1800_F180,1,0,0.05,0.08311098515878167
2,0,2,11,all40,120,40,30,10,0.1,Best-of-starts-R (diagnostic only),diagnostic oracle over supplied starts; winner=W2-KMedoids,12,9,3,2,3,45,57,S_WPA_L36_DOC6.0_WOC1.0_N2700_F270_R2,S_WPA_L36_DOC6.0_WOC1.0_N2700_F270,2,0,0.05,0.07996754523215449
2,0,2,11,all40,120,40,30,10,0.1,Best-of-starts-R (diagnostic only),diagnostic oracle over supplied starts; winner=W2-KMedoids,12,9,3,2,4,47,59,S_WPA_L36_DOC6.0_WOC1.0_N2700_F270_R4,S_WPA_L36_DOC6.0_WOC1.0_N2700_F270,4,0,0.041666666666666664,0.08365351005206773
2,0,2,11,all40,120,40,30,10,0.1,Best-of-starts-R (diagnostic only),diagnostic oracle over supplied starts; winner=W2-KMedoids,12,9,3,2,5,53,65,S_WPB_L56_DOC0.5_WOC1.0_N2700_F270_R2,S_WPB_L56_DOC0.5_WOC1.0_N2700_F270,2,0,0.03333333333333333,0.08995893733015174
2,0,2,11,all40,120,40,30,10,0.1,Best-of-starts-R (diagnostic only),diagnostic oracle over supplied starts; winner=W2-KMedoids,12,9,3,2,6,56,68,S_WPB_L56_DOC0.5_WOC1.0_N3600_F360_R1,S_WPB_L56_DOC0.5_WOC1.0_N3600_F360,1,0,0.016666666666666666,0.05701416644374382
2,0,2,11,all40,120,40,30,10,0.1,Best-of-starts-R (diagnostic only),diagnostic oracle over supplied starts; winner=W2-KMedoids,12,9,3,2,7,57,69,S_WPB_L56_DOC0.5_WOC1.0_N3600_F360_R2,S_WPB_L56_DOC0.5_WOC1.0_N3600_F360,2,0,0.14166666666666666,0.10788219052804299
2,0,2,11,all40,120,40,30,10,0.1,Best-of-starts-R (diagnostic only),diagnostic oracle over supplied starts; winner=W2-KMedoids,12,9,3,2,8,69,89,S_WPB_L56_DOC1.0_WOC2.0_N2700_F270_R2,S_WPB_L56_DOC1.0_WOC2.0_N2700_F270,2,0,0.008333333333333333,0.056481013972659616
2,0,2,11,all40,120,40,30,10,0.1,Best-of-starts-R (diagnostic only),diagnostic oracle over supplied starts; winner=W2-KMedoids,12,9,3,2,9,80,100,S_WPB_L56_DOC1.5_WOC1.0_N3600_F360_R1,S_WPB_L56_DOC1.5_WOC1.0_N3600_F360,1,0,0.008333333333333333,0.056481013972659616
2,0,2,11,all40,120,40,30,10,0.1,Best-of-starts-R (diagnostic only),diagnostic oracle over supplied starts; winner=W2-KMedoids,12,9,3,2,10,85,113,U_WPA_L36_DOC2.0_WOC2.0_N2700_F270_R2,U_WPA_L36_DOC2.0_WOC2.0_N2700_F270,2,1,0.03333333333333333,0.08110893885601791
2,0,2,11,all40,120,40,30,10,0.1,Best-of-starts-R (diagnostic only),diagnostic oracle over supplied starts; winner=W2-KMedoids,12,9,3,2,11,96,128,U_WPB_L56_DOC2.0_WOC1.0_N2700_F270_R1,U_WPB_L56_DOC2.0_WOC1.0_N2700_F270,1,1,0.06666666666666667,0.07412977090595217
2,0,2,11,all40,120,40,30,10,0.1,Best-of-starts-R (diagnostic only),diagnostic oracle over supplied starts; winner=W2-KMedoids,12,9,3,2,12,98,130,U_WPB_L56_DOC2.0_WOC1.0_N2700_F270_R3,U_WPB_L56_DOC2.0_WOC1.0_N2700_F270,3,1,0.20833333333333334,0.12049541789012043
3,0,3,11,all40,120,40,30,10,0.1,Random,initializer,12,11,1,2,1,3,3,S_WPA_L36_DOC0.5_WOC1.0_N2700_F270_R4,S_WPA_L36_DOC0.5_WOC1.0_N2700_F270,4,0,0.025,8.696592939017886e-05
3,0,3,11,all40,120,40,30,10,0.1,Random,initializer,12,11,1,2,2,14,18,S_WPA_L36_DOC1.0_WOC1.0_N2700_F270_R3,S_WPA_L36_DOC1.0_WOC1.0_N2700_F270,3,0,0.1,1.560738735054956e-06
3,0,3,11,all40,120,40,30,10,0.1,Random,initializer,12,11,1,2,3,17,21,S_WPA_L36_DOC1.0_WOC1.0_N3600_F360_R2,S_WPA_L36_DOC1.0_WOC1.0_N3600_F360,2,0,0.18333333333333332,1.4006387794084162e-11
3,0,3,11,all40,120,40,30,10,0.1,Random,initializer,12,11,1,2,4,47,67,S_WPB_L56_DOC0.5_WOC1.0_N2700_F270_R4,S_WPB_L56_DOC0.5_WOC1.0_N2700_F270,4,0,0.03333333333333333,6.28779275050698e-05
3,0,3,11,all40,120,40,30,10,0.1,Random,initializer,12,11,1,2,5,55,75,S_WPB_L56_DOC0.5_WOC2.0_N2700_F270_R4,S_WPB_L56_DOC0.5_WOC2.0_N2700_F270,4,0,0.13333333333333333,6.69088277332294e-11
3,0,3,11,all40,120,40,30,10,0.1,Random,initializer,12,11,1,2,6,56,76,S_WPB_L56_DOC1.0_WOC1.0_N1800_F180_R1,S_WPB_L56_DOC1.0_WOC1.0_N1800_F180,1,0,0.075,1.4065682307182417e-11
3,0,3,11,all40,120,40,30,10,0.1,Random,initializer,12,11,1,2,7,66,86,S_WPB_L56_DOC1.0_WOC1.0_N3600_F360_R3,S_WPB_L56_DOC1.0_WOC1.0_N3600_F360,3,0,0.058333333333333334,1.2861814618888125e-11
3,0,3,11,all40,120,40,30,10,0.1,Random,initializer,12,11,1,2,8,68,88,S_WPB_L56_DOC1.0_WOC2.0_N2700_F270_R1,S_WPB_L56_DOC1.0_WOC2.0_N2700_F270,1,0,0.016666666666666666,1.2588811328800117e-09
3,0,3,11,all40,120,40,30,10,0.1,Random,initializer,12,11,1,2,9,81,109,U_WPA_L36_DOC2.0_WOC1.0_N3600_F360_R2,U_WPA_L36_DOC2.0_WOC1.0_N3600_F360,2,1,0.09166666666666666,1.4165456840469924e-06
3,0,3,11,all40,120,40,30,10,0.1,Random,initializer,12,11,1,2,10,88,116,U_WPA_L36_DOC3.0_WOC1.0_N3600_F360_R1,U_WPA_L36_DOC3.0_WOC1.0_N3600_F360,1,1,0.041666666666666664,0.9998471774739488
3,0,3,11,all40,120,40,30,10,0.1,Random,initializer,12,11,1,2,11,109,145,U_WPB_L56_DOC3.0_WOC1.0_N3600_F360_R2,U_WPB_L56_DOC3.0_WOC1.0_N3600_F360,2,1,0.016666666666666666,1.4070309453412374e-11
3,0,3,11,all40,120,40,30,10,0.1,Random,initializer,12,11,1,2,12,111,147,U_WPB_L56_DOC3.0_WOC1.0_N3600_F360_R4,U_WPB_L56_DOC3.0_WOC1.0_N3600_F360,4,1,0.225,3.942585627139867e-12
3,0,3,11,all40,120,40,30,10,0.1,Random-R,same-objective one-swap refinement,12,12,0,1,1,3,3,S_WPA_L36_DOC0.5_WOC1.0_N2700_F270_R4,S_WPA_L36_DOC0.5_WOC1.0_N2700_F270,4,0,0.025,4.324839736619319e-12
3,0,3,11,all40,120,40,30,10,0.1,Random-R,same-objective one-swap refinement,12,12,0,1,2,14,18,S_WPA_L36_DOC1.0_WOC1.0_N2700_F270_R3,S_WPA_L36_DOC1.0_WOC1.0_N2700_F270,3,0,0.10833333333333334,5.0176638494631206e-08
3,0,3,11,all40,120,40,30,10,0.1,Random-R,same-objective one-swap refinement,12,12,0,1,3,17,21,S_WPA_L36_DOC1.0_WOC1.0_N3600_F360_R2,S_WPA_L36_DOC1.0_WOC1.0_N3600_F360,2,0,0.19166666666666668,0.5778253236185731
3,0,3,11,all40,120,40,30,10,0.1,Random-R,same-objective one-swap refinement,12,12,0,1,4,29,41,S_WPA_L36_DOC2.0_WOC1.0_N1800_F180_R2,S_WPA_L36_DOC2.0_WOC1.0_N1800_F180,2,0,0.016666666666666666,0.04886145113348911
3,0,3,11,all40,120,40,30,10,0.1,Random-R,same-objective one-swap refinement,12,12,0,1,5,47,67,S_WPB_L56_DOC0.5_WOC1.0_N2700_F270_R4,S_WPB_L56_DOC0.5_WOC1.0_N2700_F270,4,0,0.03333333333333333,3.0157732908783675e-22
3,0,3,11,all40,120,40,30,10,0.1,Random-R,same-objective one-swap refinement,12,12,0,1,6,55,75,S_WPB_L56_DOC0.5_WOC2.0_N2700_F270_R4,S_WPB_L56_DOC0.5_WOC2.0_N2700_F270,4,0,0.13333333333333333,0.004546785722584215
3,0,3,11,all40,120,40,30,10,0.1,Random-R,same-objective one-swap refinement,12,12,0,1,7,56,76,S_WPB_L56_DOC1.0_WOC1.0_N1800_F180_R1,S_WPB_L56_DOC1.0_WOC1.0_N1800_F180,1,0,0.075,0.19182688336128273
3,0,3,11,all40,120,40,30,10,0.1,Random-R,same-objective one-swap refinement,12,12,0,1,8,66,86,S_WPB_L56_DOC1.0_WOC1.0_N3600_F360_R3,S_WPB_L56_DOC1.0_WOC1.0_N3600_F360,3,0,0.058333333333333334,0.039872511293488795
3,0,3,11,all40,120,40,30,10,0.1,Random-R,same-objective one-swap refinement,12,12,0,1,9,68,88,S_WPB_L56_DOC1.0_WOC2.0_N2700_F270_R1,S_WPB_L56_DOC1.0_WOC2.0_N2700_F270,1,0,0.016666666666666666,6.08227764153617e-08
3,0,3,11,all40,120,40,30,10,0.1,Random-R,same-objective one-swap refinement,12,12,0,1,10,81,109,U_WPA_L36_DOC2.0_WOC1.0_N3600_F360_R2,U_WPA_L36_DOC2.0_WOC1.0_N3600_F360,2,1,0.09166666666666666,3.6423129357503024e-14
3,0,3,11,all40,120,40,30,10,0.1,Random-R,same-objective one-swap refinement,12,12,0,1,11,88,116,U_WPA_L36_DOC3.0_WOC1.0_N3600_F360_R1,U_WPA_L36_DOC3.0_WOC1.0_N3600_F360,1,1,0.025,0.077926280491553
3,0,3,11,all40,120,40,30,10,0.1,Random-R,same-objective one-swap refinement,12,12,0,1,12,109,145,U_WPB_L56_DOC3.0_WOC1.0_N3600_F360_R2,U_WPB_L56_DOC3.0_WOC1.0_N3600_F360,2,1,0.225,0.05914065337525294
3,0,3,11,all40,120,40,30,10,0.1,FacilityLocation,initializer,12,9,3,3,1,27,35,S_WPA_L36_DOC1.5_WOC1.0_N3600_F360_R4,S_WPA_L36_DOC1.5_WOC1.0_N3600_F360,4,0,0.175,0.10114409099956001
3,0,3,11,all40,120,40,30,10,0.1,FacilityLocation,initializer,12,9,3,3,2,110,146,U_WPB_L56_DOC3.0_WOC1.0_N3600_F360_R3,U_WPB_L56_DOC3.0_WOC1.0_N3600_F360,3,1,0.14166666666666666,0.08403446290499297
3,0,3,11,all40,120,40,30,10,0.1,FacilityLocation,initializer,12,9,3,3,3,91,119,U_WPA_L36_DOC3.0_WOC1.0_N3600_F360_R4,U_WPA_L36_DOC3.0_WOC1.0_N3600_F360,4,1,0.09166666666666666,0.06470832032811939
3,0,3,11,all40,120,40,30,10,0.1,FacilityLocation,initializer,12,9,3,3,4,12,16,S_WPA_L36_DOC1.0_WOC1.0_N2700_F270_R1,S_WPA_L36_DOC1.0_WOC1.0_N2700_F270,1,0,0.125,0.10932607397775843
3,0,3,11,all40,120,40,30,10,0.1,FacilityLocation,initializer,12,9,3,3,5,71,91,S_WPB_L56_DOC1.0_WOC2.0_N2700_F270_R4,S_WPB_L56_DOC1.0_WOC2.0_N2700_F270,4,0,0.20833333333333334,0.10734307520622086
3,0,3,11,all40,120,40,30,10,0.1,FacilityLocation,initializer,12,9,3,3,6,70,90,S_WPB_L56_DOC1.0_WOC2.0_N2700_F270_R3,S_WPB_L56_DOC1.0_WOC2.0_N2700_F270,3,0,0.016666666666666666,0.06438108555945911
3,0,3,11,all40,120,40,30,10,0.1,FacilityLocation,initializer,12,9,3,3,7,46,66,S_WPB_L56_DOC0.5_WOC1.0_N2700_F270_R3,S_WPB_L56_DOC0.5_WOC1.0_N2700_F270,3,0,0.03333333333333333,0.08358640904506628
3,0,3,11,all40,120,40,30,10,0.1,FacilityLocation,initializer,12,9,3,3,8,29,41,S_WPA_L36_DOC2.0_WOC1.0_N1800_F180_R2,S_WPA_L36_DOC2.0_WOC1.0_N1800_F180,2,0,0.016666666666666666,0.06696358456026082
3,0,3,11,all40,120,40,30,10,0.1,FacilityLocation,initializer,12,9,3,3,9,89,117,U_WPA_L36_DOC3.0_WOC1.0_N3600_F360_R2,U_WPA_L36_DOC3.0_WOC1.0_N3600_F360,2,1,0.008333333333333333,0.0673923370510653
3,0,3,11,all40,120,40,30,10,0.1,FacilityLocation,initializer,12,9,3,3,10,88,116,U_WPA_L36_DOC3.0_WOC1.0_N3600_F360_R1,U_WPA_L36_DOC3.0_WOC1.0_N3600_F360,1,1,0.008333333333333333,0.06688270722084112
3,0,3,11,all40,120,40,30,10,0.1,FacilityLocation,initializer,12,9,3,3,11,21,29,S_WPA_L36_DOC1.5_WOC1.0_N1800_F180_R2,S_WPA_L36_DOC1.5_WOC1.0_N1800_F180,2,0,0.075,0.09347334324513017
3,0,3,11,all40,120,40,30,10,0.1,FacilityLocation,initializer,12,9,3,3,12,92,120,U_WPA_L36_DOC4.0_WOC2.0_N2700_F270_R1,U_WPA_L36_DOC4.0_WOC2.0_N2700_F270,1,1,0.1,0.09076450990152564
3,0,3,11,all40,120,40,30,10,0.1,FacilityLocation-R,same-objective one-swap refinement,12,10,2,2,1,12,16,S_WPA_L36_DOC1.0_WOC1.0_N2700_F270_R1,S_WPA_L36_DOC1.0_WOC1.0_N2700_F270,1,0,0.125,0.11715422202910895
3,0,3,11,all40,120,40,30,10,0.1,FacilityLocation-R,same-objective one-swap refinement,12,10,2,2,2,21,29,S_WPA_L36_DOC1.5_WOC1.0_N1800_F180_R2,S_WPA_L36_DOC1.5_WOC1.0_N1800_F180,2,0,0.075,0.09641945445893516
3,0,3,11,all40,120,40,30,10,0.1,FacilityLocation-R,same-objective one-swap refinement,12,10,2,2,3,27,35,S_WPA_L36_DOC1.5_WOC1.0_N3600_F360_R4,S_WPA_L36_DOC1.5_WOC1.0_N3600_F360,4,0,0.175,0.10597694991048297
3,0,3,11,all40,120,40,30,10,0.1,FacilityLocation-R,same-objective one-swap refinement,12,10,2,2,4,29,41,S_WPA_L36_DOC2.0_WOC1.0_N1800_F180_R2,S_WPA_L36_DOC2.0_WOC1.0_N1800_F180,2,0,0.016666666666666666,0.05668313771048005
3,0,3,11,all40,120,40,30,10,0.1,FacilityLocation-R,same-objective one-swap refinement,12,10,2,2,5,46,66,S_WPB_L56_DOC0.5_WOC1.0_N2700_F270_R3,S_WPB_L56_DOC0.5_WOC1.0_N2700_F270,3,0,0.03333333333333333,0.0775013785229358
3,0,3,11,all40,120,40,30,10,0.1,FacilityLocation-R,same-objective one-swap refinement,12,10,2,2,6,55,75,S_WPB_L56_DOC0.5_WOC2.0_N2700_F270_R4,S_WPB_L56_DOC0.5_WOC2.0_N2700_F270,4,0,0.08333333333333333,0.06958763721351488
3,0,3,11,all40,120,40,30,10,0.1,FacilityLocation-R,same-objective one-swap refinement,12,10,2,2,7,70,90,S_WPB_L56_DOC1.0_WOC2.0_N2700_F270_R3,S_WPB_L56_DOC1.0_WOC2.0_N2700_F270,3,0,0.025,0.05789508262589391
3,0,3,11,all40,120,40,30,10,0.1,FacilityLocation-R,same-objective one-swap refinement,12,10,2,2,8,71,91,S_WPB_L56_DOC1.0_WOC2.0_N2700_F270_R4,S_WPB_L56_DOC1.0_WOC2.0_N2700_F270,4,0,0.125,0.10988954241859204
3,0,3,11,all40,120,40,30,10,0.1,FacilityLocation-R,same-objective one-swap refinement,12,10,2,2,9,89,117,U_WPA_L36_DOC3.0_WOC1.0_N3600_F360_R2,U_WPA_L36_DOC3.0_WOC1.0_N3600_F360,2,1,0.008333333333333333,0.05670308076232122
3,0,3,11,all40,120,40,30,10,0.1,FacilityLocation-R,same-objective one-swap refinement,12,10,2,2,10,91,119,U_WPA_L36_DOC3.0_WOC1.0_N3600_F360_R4,U_WPA_L36_DOC3.0_WOC1.0_N3600_F360,4,1,0.09166666666666666,0.0656738462419715
3,0,3,11,all40,120,40,30,10,0.1,FacilityLocation-R,same-objective one-swap refinement,12,10,2,2,11,92,120,U_WPA_L36_DOC4.0_WOC2.0_N2700_F270_R1,U_WPA_L36_DOC4.0_WOC2.0_N2700_F270,1,1,0.1,0.09717031818313002
3,0,3,11,all40,120,40,30,10,0.1,FacilityLocation-R,same-objective one-swap refinement,12,10,2,2,12,110,146,U_WPB_L56_DOC3.0_WOC1.0_N3600_F360_R3,U_WPB_L56_DOC3.0_WOC1.0_N3600_F360,3,1,0.14166666666666666,0.08934534992263349
3,0,3,11,all40,120,40,30,10,0.1,W2-KMedoids,initializer,12,9,3,3,1,4,8,S_WPA_L36_DOC0.5_WOC2.0_N2700_F270_R1,S_WPA_L36_DOC0.5_WOC2.0_N2700_F270,1,0,0.225,0.09838828078786434
3,0,3,11,all40,120,40,30,10,0.1,W2-KMedoids,initializer,12,9,3,3,2,22,30,S_WPA_L36_DOC1.5_WOC1.0_N1800_F180_R3,S_WPA_L36_DOC1.5_WOC1.0_N1800_F180,3,0,0.058333333333333334,0.08869949841713794
3,0,3,11,all40,120,40,30,10,0.1,W2-KMedoids,initializer,12,9,3,3,3,45,65,S_WPB_L56_DOC0.5_WOC1.0_N2700_F270_R2,S_WPB_L56_DOC0.5_WOC1.0_N2700_F270,2,0,0.03333333333333333,0.08547695835641868
3,0,3,11,all40,120,40,30,10,0.1,W2-KMedoids,initializer,12,9,3,3,4,54,74,S_WPB_L56_DOC0.5_WOC2.0_N2700_F270_R3,S_WPB_L56_DOC0.5_WOC2.0_N2700_F270,3,0,0.20833333333333334,0.09567144872088315
3,0,3,11,all40,120,40,30,10,0.1,W2-KMedoids,initializer,12,9,3,3,5,63,83,S_WPB_L56_DOC1.0_WOC1.0_N2700_F270_R4,S_WPB_L56_DOC1.0_WOC1.0_N2700_F270,4,0,0.09166666666666666,0.10046090441017091
3,0,3,11,all40,120,40,30,10,0.1,W2-KMedoids,initializer,12,9,3,3,6,69,89,S_WPB_L56_DOC1.0_WOC2.0_N2700_F270_R2,S_WPB_L56_DOC1.0_WOC2.0_N2700_F270,2,0,0.016666666666666666,0.06747859982398126
3,0,3,11,all40,120,40,30,10,0.1,W2-KMedoids,initializer,12,9,3,3,7,70,90,S_WPB_L56_DOC1.0_WOC2.0_N2700_F270_R3,S_WPB_L56_DOC1.0_WOC2.0_N2700_F270,3,0,0.016666666666666666,0.0649219392608313
3,0,3,11,all40,120,40,30,10,0.1,W2-KMedoids,initializer,12,9,3,3,8,88,116,U_WPA_L36_DOC3.0_WOC1.0_N3600_F360_R1,U_WPA_L36_DOC3.0_WOC1.0_N3600_F360,1,1,0.008333333333333333,0.06735275775322669
3,0,3,11,all40,120,40,30,10,0.1,W2-KMedoids,initializer,12,9,3,3,9,89,117,U_WPA_L36_DOC3.0_WOC1.0_N3600_F360_R2,U_WPA_L36_DOC3.0_WOC1.0_N3600_F360,2,1,0.008333333333333333,0.0679090819434105
3,0,3,11,all40,120,40,30,10,0.1,W2-KMedoids,initializer,12,9,3,3,10,91,119,U_WPA_L36_DOC3.0_WOC1.0_N3600_F360_R4,U_WPA_L36_DOC3.0_WOC1.0_N3600_F360,4,1,0.09166666666666666,0.07460387959695197
3,0,3,11,all40,120,40,30,10,0.1,W2-KMedoids,initializer,12,9,3,3,11,92,120,U_WPA_L36_DOC4.0_WOC2.0_N2700_F270_R1,U_WPA_L36_DOC4.0_WOC2.0_N2700_F270,1,1,0.125,0.09668025186532603
3,0,3,11,all40,120,40,30,10,0.1,W2-KMedoids,initializer,12,9,3,3,12,111,147,U_WPB_L56_DOC3.0_WOC1.0_N3600_F360_R4,U_WPB_L56_DOC3.0_WOC1.0_N3600_F360,4,1,0.11666666666666667,0.09235639906379724
3,0,3,11,all40,120,40,30,10,0.1,W2-KMedoids-R,same-objective one-swap refinement,12,10,2,2,1,4,8,S_WPA_L36_DOC0.5_WOC2.0_N2700_F270_R1,S_WPA_L36_DOC0.5_WOC2.0_N2700_F270,1,0,0.225,0.1039586597292194
3,0,3,11,all40,120,40,30,10,0.1,W2-KMedoids-R,same-objective one-swap refinement,12,10,2,2,2,22,30,S_WPA_L36_DOC1.5_WOC1.0_N1800_F180_R3,S_WPA_L36_DOC1.5_WOC1.0_N1800_F180,3,0,0.058333333333333334,0.0921470776934621
3,0,3,11,all40,120,40,30,10,0.1,W2-KMedoids-R,same-objective one-swap refinement,12,10,2,2,3,45,65,S_WPB_L56_DOC0.5_WOC1.0_N2700_F270_R2,S_WPB_L56_DOC0.5_WOC1.0_N2700_F270,2,0,0.03333333333333333,0.08841345541987396
3,0,3,11,all40,120,40,30,10,0.1,W2-KMedoids-R,same-objective one-swap refinement,12,10,2,2,4,54,74,S_WPB_L56_DOC0.5_WOC2.0_N2700_F270_R3,S_WPB_L56_DOC0.5_WOC2.0_N2700_F270,3,0,0.20833333333333334,0.10170542218617398
3,0,3,11,all40,120,40,30,10,0.1,W2-KMedoids-R,same-objective one-swap refinement,12,10,2,2,5,63,83,S_WPB_L56_DOC1.0_WOC1.0_N2700_F270_R4,S_WPB_L56_DOC1.0_WOC1.0_N2700_F270,4,0,0.09166666666666666,0.10509747361973973
3,0,3,11,all40,120,40,30,10,0.1,W2-KMedoids-R,same-objective one-swap refinement,12,10,2,2,6,69,89,S_WPB_L56_DOC1.0_WOC2.0_N2700_F270_R2,S_WPB_L56_DOC1.0_WOC2.0_N2700_F270,2,0,0.016666666666666666,0.05735383976346763
3,0,3,11,all40,120,40,30,10,0.1,W2-KMedoids-R,same-objective one-swap refinement,12,10,2,2,7,70,90,S_WPB_L56_DOC1.0_WOC2.0_N2700_F270_R3,S_WPB_L56_DOC1.0_WOC2.0_N2700_F270,3,0,0.025,0.05865205662096631
3,0,3,11,all40,120,40,30,10,0.1,W2-KMedoids-R,same-objective one-swap refinement,12,10,2,2,8,87,115,U_WPA_L36_DOC2.0_WOC2.0_N2700_F270_R4,U_WPA_L36_DOC2.0_WOC2.0_N2700_F270,4,1,0.016666666666666666,0.06953068590872807
3,0,3,11,all40,120,40,30,10,0.1,W2-KMedoids-R,same-objective one-swap refinement,12,10,2,2,9,89,117,U_WPA_L36_DOC3.0_WOC1.0_N3600_F360_R2,U_WPA_L36_DOC3.0_WOC1.0_N3600_F360,2,1,0.008333333333333333,0.057332900899759426
3,0,3,11,all40,120,40,30,10,0.1,W2-KMedoids-R,same-objective one-swap refinement,12,10,2,2,10,91,119,U_WPA_L36_DOC3.0_WOC1.0_N3600_F360_R4,U_WPA_L36_DOC3.0_WOC1.0_N3600_F360,4,1,0.09166666666666666,0.07369077428311353
3,0,3,11,all40,120,40,30,10,0.1,W2-KMedoids-R,same-objective one-swap refinement,12,10,2,2,11,92,120,U_WPA_L36_DOC4.0_WOC2.0_N2700_F270_R1,U_WPA_L36_DOC4.0_WOC2.0_N2700_F270,1,1,0.10833333333333334,0.09834357340685482
3,0,3,11,all40,120,40,30,10,0.1,W2-KMedoids-R,same-objective one-swap refinement,12,10,2,2,12,111,147,U_WPB_L56_DOC3.0_WOC1.0_N3600_F360_R4,U_WPB_L56_DOC3.0_WOC1.0_N3600_F360,4,1,0.11666666666666667,0.09377408046864112
3,0,3,11,all40,120,40,30,10,0.1,MRDS projected,initializer,12,10,2,2,1,2,2,S_WPA_L36_DOC0.5_WOC1.0_N2700_F270_R3,S_WPA_L36_DOC0.5_WOC1.0_N2700_F270,3,0,0.20833333333333334,0.1300852572540751
3,0,3,11,all40,120,40,30,10,0.1,MRDS projected,initializer,12,10,2,2,2,29,41,S_WPA_L36_DOC2.0_WOC1.0_N1800_F180_R2,S_WPA_L36_DOC2.0_WOC1.0_N1800_F180,2,0,0.008333333333333333,0.06235717245771608
3,0,3,11,all40,120,40,30,10,0.1,MRDS projected,initializer,12,10,2,2,3,88,116,U_WPA_L36_DOC3.0_WOC1.0_N3600_F360_R1,U_WPA_L36_DOC3.0_WOC1.0_N3600_F360,1,1,0.008333333333333333,0.06334517665279818
3,0,3,11,all40,120,40,30,10,0.1,MRDS projected,initializer,12,10,2,2,4,89,117,U_WPA_L36_DOC3.0_WOC1.0_N3600_F360_R2,U_WPA_L36_DOC3.0_WOC1.0_N3600_F360,2,1,0.008333333333333333,0.0640215501709192
3,0,3,11,all40,120,40,30,10,0.1,MRDS projected,initializer,12,10,2,2,5,48,68,S_WPB_L56_DOC0.5_WOC1.0_N3600_F360_R1,S_WPB_L56_DOC0.5_WOC1.0_N3600_F360,1,0,0.008333333333333333,0.05993981860247045
3,0,3,11,all40,120,40,30,10,0.1,MRDS projected,initializer,12,10,2,2,6,83,111,U_WPA_L36_DOC2.0_WOC1.0_N3600_F360_R4,U_WPA_L36_DOC2.0_WOC1.0_N3600_F360,4,1,0.08333333333333333,0.06428306256869533
3,0,3,11,all40,120,40,30,10,0.1,MRDS projected,initializer,12,10,2,2,7,45,65,S_WPB_L56_DOC0.5_WOC1.0_N2700_F270_R2,S_WPB_L56_DOC0.5_WOC1.0_N2700_F270,2,0,0.03333333333333333,0.09026200863924004
3,0,3,11,all40,120,40,30,10,0.1,MRDS projected,initializer,12,10,2,2,8,69,89,S_WPB_L56_DOC1.0_WOC2.0_N2700_F270_R2,S_WPB_L56_DOC1.0_WOC2.0_N2700_F270,2,0,0.008333333333333333,0.06235717061247363
3,0,3,11,all40,120,40,30,10,0.1,MRDS projected,initializer,12,10,2,2,9,70,90,S_WPB_L56_DOC1.0_WOC2.0_N2700_F270_R3,S_WPB_L56_DOC1.0_WOC2.0_N2700_F270,3,0,0.008333333333333333,0.05986901666824269
3,0,3,11,all40,120,40,30,10,0.1,MRDS projected,initializer,12,10,2,2,10,112,148,U_WPB_L56_DOC4.0_WOC1.0_N2700_F270_R1,U_WPB_L56_DOC4.0_WOC1.0_N2700_F270,1,1,0.24166666666666667,0.12693691640646684
3,0,3,11,all40,120,40,30,10,0.1,MRDS projected,initializer,12,10,2,2,11,21,29,S_WPA_L36_DOC1.5_WOC1.0_N1800_F180_R2,S_WPA_L36_DOC1.5_WOC1.0_N1800_F180,2,0,0.09166666666666666,0.10278357487365501
3,0,3,11,all40,120,40,30,10,0.1,MRDS projected,initializer,12,10,2,2,12,67,87,S_WPB_L56_DOC1.0_WOC1.0_N3600_F360_R4,S_WPB_L56_DOC1.0_WOC1.0_N3600_F360,4,0,0.2916666666666667,0.11375927509324744
3,0,3,11,all40,120,40,30,10,0.1,MRDS-IS-R (proposed),same-objective one-swap refinement,12,11,1,2,1,2,2,S_WPA_L36_DOC0.5_WOC1.0_N2700_F270_R3,S_WPA_L36_DOC0.5_WOC1.0_N2700_F270,3,0,0.2,0.14350869158811452
3,0,3,11,all40,120,40,30,10,0.1,MRDS-IS-R (proposed),same-objective one-swap refinement,12,11,1,2,2,21,29,S_WPA_L36_DOC1.5_WOC1.0_N1800_F180_R2,S_WPA_L36_DOC1.5_WOC1.0_N1800_F180,2,0,0.09166666666666666,0.11075907877383775
3,0,3,11,all40,120,40,30,10,0.1,MRDS-IS-R (proposed),same-objective one-swap refinement,12,11,1,2,3,29,41,S_WPA_L36_DOC2.0_WOC1.0_N1800_F180_R2,S_WPA_L36_DOC2.0_WOC1.0_N1800_F180,2,0,0.008333333333333333,0.050288893937640335
3,0,3,11,all40,120,40,30,10,0.1,MRDS-IS-R (proposed),same-objective one-swap refinement,12,11,1,2,4,45,65,S_WPB_L56_DOC0.5_WOC1.0_N2700_F270_R2,S_WPB_L56_DOC0.5_WOC1.0_N2700_F270,2,0,0.03333333333333333,0.09609845228890453
3,0,3,11,all40,120,40,30,10,0.1,MRDS-IS-R (proposed),same-objective one-swap refinement,12,11,1,2,5,48,68,S_WPB_L56_DOC0.5_WOC1.0_N3600_F360_R1,S_WPB_L56_DOC0.5_WOC1.0_N3600_F360,1,0,0.016666666666666666,0.04770373557973785
3,0,3,11,all40,120,40,30,10,0.1,MRDS-IS-R (proposed),same-objective one-swap refinement,12,11,1,2,6,67,87,S_WPB_L56_DOC1.0_WOC1.0_N3600_F360_R4,S_WPB_L56_DOC1.0_WOC1.0_N3600_F360,4,0,0.25833333333333336,0.12762578156769055
3,0,3,11,all40,120,40,30,10,0.1,MRDS-IS-R (proposed),same-objective one-swap refinement,12,11,1,2,7,69,89,S_WPB_L56_DOC1.0_WOC2.0_N2700_F270_R2,S_WPB_L56_DOC1.0_WOC2.0_N2700_F270,2,0,0.008333333333333333,0.05028889153975092
3,0,3,11,all40,120,40,30,10,0.1,MRDS-IS-R (proposed),same-objective one-swap refinement,12,11,1,2,8,83,111,U_WPA_L36_DOC2.0_WOC1.0_N3600_F360_R4,U_WPA_L36_DOC2.0_WOC1.0_N3600_F360,4,1,0.08333333333333333,0.06353055373914358
3,0,3,11,all40,120,40,30,10,0.1,MRDS-IS-R (proposed),same-objective one-swap refinement,12,11,1,2,9,87,115,U_WPA_L36_DOC2.0_WOC2.0_N2700_F270_R4,U_WPA_L36_DOC2.0_WOC2.0_N2700_F270,4,1,0.125,0.06645444775304056
3,0,3,11,all40,120,40,30,10,0.1,MRDS-IS-R (proposed),same-objective one-swap refinement,12,11,1,2,10,88,116,U_WPA_L36_DOC3.0_WOC1.0_N3600_F360_R1,U_WPA_L36_DOC3.0_WOC1.0_N3600_F360,1,1,0.008333333333333333,0.0517813827491307
3,0,3,11,all40,120,40,30,10,0.1,MRDS-IS-R (proposed),same-objective one-swap refinement,12,11,1,2,11,89,117,U_WPA_L36_DOC3.0_WOC1.0_N3600_F360_R2,U_WPA_L36_DOC3.0_WOC1.0_N3600_F360,2,1,0.008333333333333333,0.05276538011220583
3,0,3,11,all40,120,40,30,10,0.1,MRDS-IS-R (proposed),same-objective one-swap refinement,12,11,1,2,12,112,148,U_WPB_L56_DOC4.0_WOC1.0_N2700_F270_R1,U_WPB_L56_DOC4.0_WOC1.0_N2700_F270,1,1,0.15833333333333333,0.13919471037080272
3,0,3,11,all40,120,40,30,10,0.1,Best-of-starts-R (diagnostic only),diagnostic oracle over supplied starts; winner=W2-KMedoids,12,10,2,2,1,4,8,S_WPA_L36_DOC0.5_WOC2.0_N2700_F270_R1,S_WPA_L36_DOC0.5_WOC2.0_N2700_F270,1,0,0.225,0.1039586597292194
3,0,3,11,all40,120,40,30,10,0.1,Best-of-starts-R (diagnostic only),diagnostic oracle over supplied starts; winner=W2-KMedoids,12,10,2,2,2,22,30,S_WPA_L36_DOC1.5_WOC1.0_N1800_F180_R3,S_WPA_L36_DOC1.5_WOC1.0_N1800_F180,3,0,0.058333333333333334,0.0921470776934621
3,0,3,11,all40,120,40,30,10,0.1,Best-of-starts-R (diagnostic only),diagnostic oracle over supplied starts; winner=W2-KMedoids,12,10,2,2,3,45,65,S_WPB_L56_DOC0.5_WOC1.0_N2700_F270_R2,S_WPB_L56_DOC0.5_WOC1.0_N2700_F270,2,0,0.03333333333333333,0.08841345541987396
3,0,3,11,all40,120,40,30,10,0.1,Best-of-starts-R (diagnostic only),diagnostic oracle over supplied starts; winner=W2-KMedoids,12,10,2,2,4,54,74,S_WPB_L56_DOC0.5_WOC2.0_N2700_F270_R3,S_WPB_L56_DOC0.5_WOC2.0_N2700_F270,3,0,0.20833333333333334,0.10170542218617398
3,0,3,11,all40,120,40,30,10,0.1,Best-of-starts-R (diagnostic only),diagnostic oracle over supplied starts; winner=W2-KMedoids,12,10,2,2,5,63,83,S_WPB_L56_DOC1.0_WOC1.0_N2700_F270_R4,S_WPB_L56_DOC1.0_WOC1.0_N2700_F270,4,0,0.09166666666666666,0.10509747361973973
3,0,3,11,all40,120,40,30,10,0.1,Best-of-starts-R (diagnostic only),diagnostic oracle over supplied starts; winner=W2-KMedoids,12,10,2,2,6,69,89,S_WPB_L56_DOC1.0_WOC2.0_N2700_F270_R2,S_WPB_L56_DOC1.0_WOC2.0_N2700_F270,2,0,0.016666666666666666,0.05735383976346763
3,0,3,11,all40,120,40,30,10,0.1,Best-of-starts-R (diagnostic only),diagnostic oracle over supplied starts; winner=W2-KMedoids,12,10,2,2,7,70,90,S_WPB_L56_DOC1.0_WOC2.0_N2700_F270_R3,S_WPB_L56_DOC1.0_WOC2.0_N2700_F270,3,0,0.025,0.05865205662096631
3,0,3,11,all40,120,40,30,10,0.1,Best-of-starts-R (diagnostic only),diagnostic oracle over supplied starts; winner=W2-KMedoids,12,10,2,2,8,87,115,U_WPA_L36_DOC2.0_WOC2.0_N2700_F270_R4,U_WPA_L36_DOC2.0_WOC2.0_N2700_F270,4,1,0.016666666666666666,0.06953068590872807
3,0,3,11,all40,120,40,30,10,0.1,Best-of-starts-R (diagnostic only),diagnostic oracle over supplied starts; winner=W2-KMedoids,12,10,2,2,9,89,117,U_WPA_L36_DOC3.0_WOC1.0_N3600_F360_R2,U_WPA_L36_DOC3.0_WOC1.0_N3600_F360,2,1,0.008333333333333333,0.057332900899759426
3,0,3,11,all40,120,40,30,10,0.1,Best-of-starts-R (diagnostic only),diagnostic oracle over supplied starts; winner=W2-KMedoids,12,10,2,2,10,91,119,U_WPA_L36_DOC3.0_WOC1.0_N3600_F360_R4,U_WPA_L36_DOC3.0_WOC1.0_N3600_F360,4,1,0.09166666666666666,0.07369077428311353
3,0,3,11,all40,120,40,30,10,0.1,Best-of-starts-R (diagnostic only),diagnostic oracle over supplied starts; winner=W2-KMedoids,12,10,2,2,11,92,120,U_WPA_L36_DOC4.0_WOC2.0_N2700_F270_R1,U_WPA_L36_DOC4.0_WOC2.0_N2700_F270,1,1,0.10833333333333334,0.09834357340685482
3,0,3,11,all40,120,40,30,10,0.1,Best-of-starts-R (diagnostic only),diagnostic oracle over supplied starts; winner=W2-KMedoids,12,10,2,2,12,111,147,U_WPB_L56_DOC3.0_WOC1.0_N3600_F360_R4,U_WPB_L56_DOC3.0_WOC1.0_N3600_F360,4,1,0.11666666666666667,0.09377408046864112
4,1,0,23,all40,120,40,30,10,0.1,Random,initializer,12,8,4,3,1,3,3,S_WPA_L36_DOC0.5_WOC1.0_N2700_F270_R4,S_WPA_L36_DOC0.5_WOC1.0_N2700_F270,4,0,0.041666666666666664,0.5984116342597757
4,1,0,23,all40,120,40,30,10,0.1,Random,initializer,12,8,4,3,2,13,13,S_WPA_L36_DOC1.0_WOC1.0_N1800_F180_R2,S_WPA_L36_DOC1.0_WOC1.0_N1800_F180,2,0,0.05,0.005590796158452464
4,1,0,23,all40,120,40,30,10,0.1,Random,initializer,12,8,4,3,3,14,14,S_WPA_L36_DOC1.0_WOC1.0_N1800_F180_R3,S_WPA_L36_DOC1.0_WOC1.0_N1800_F180,3,0,0.041666666666666664,0.0054603149067497525
4,1,0,23,all40,120,40,30,10,0.1,Random,initializer,12,8,4,3,4,29,33,S_WPA_L36_DOC1.5_WOC1.0_N3600_F360_R2,S_WPA_L36_DOC1.5_WOC1.0_N3600_F360,2,0,0.31666666666666665,0.001552313160172898
4,1,0,23,all40,120,40,30,10,0.1,Random,initializer,12,8,4,3,5,46,70,S_WPB_L56_DOC0.5_WOC1.0_N3600_F360_R3,S_WPB_L56_DOC0.5_WOC1.0_N3600_F360,3,0,0.10833333333333334,0.009799146617530922
4,1,0,23,all40,120,40,30,10,0.1,Random,initializer,12,8,4,3,6,69,97,S_WPB_L56_DOC1.5_WOC1.0_N2700_F270_R2,S_WPB_L56_DOC1.5_WOC1.0_N2700_F270,2,0,0.03333333333333333,0.0046819942052509726
4,1,0,23,all40,120,40,30,10,0.1,Random,initializer,12,8,4,3,7,71,99,S_WPB_L56_DOC1.5_WOC1.0_N2700_F270_R4,S_WPB_L56_DOC1.5_WOC1.0_N2700_F270,4,0,0.03333333333333333,0.005361071938405544
4,1,0,23,all40,120,40,30,10,0.1,Random,initializer,12,8,4,3,8,76,104,S_WPB_L56_DOC1.5_WOC2.0_N2700_F270_R1,S_WPB_L56_DOC1.5_WOC2.0_N2700_F270,1,0,0.016666666666666666,0.017841394932347054
4,1,0,23,all40,120,40,30,10,0.1,Random,initializer,12,8,4,3,9,77,105,S_WPB_L56_DOC1.5_WOC2.0_N2700_F270_R2,S_WPB_L56_DOC1.5_WOC2.0_N2700_F270,2,0,0.05,0.027344871147991872
4,1,0,23,all40,120,40,30,10,0.1,Random,initializer,12,8,4,3,10,78,106,S_WPB_L56_DOC1.5_WOC2.0_N2700_F270_R3,S_WPB_L56_DOC1.5_WOC2.0_N2700_F270,3,0,0.05,0.012464127676174818
4,1,0,23,all40,120,40,30,10,0.1,Random,initializer,12,8,4,3,11,102,142,U_WPB_L56_DOC3.0_WOC1.0_N1800_F180_R3,U_WPB_L56_DOC3.0_WOC1.0_N1800_F180,3,1,0.175,0.12961740474069566
4,1,0,23,all40,120,40,30,10,0.1,Random,initializer,12,8,4,3,12,116,156,U_WPB_L56_DOC6.0_WOC1.0_N2700_F270_R1,U_WPB_L56_DOC6.0_WOC1.0_N2700_F270,1,1,0.08333333333333333,0.18187493025645224
4,1,0,23,all40,120,40,30,10,0.1,Random-R,same-objective one-swap refinement,12,8,4,3,1,13,13,S_WPA_L36_DOC1.0_WOC1.0_N1800_F180_R2,S_WPA_L36_DOC1.0_WOC1.0_N1800_F180,2,0,0.05,7.507980986557174e-08
4,1,0,23,all40,120,40,30,10,0.1,Random-R,same-objective one-swap refinement,12,8,4,3,2,14,14,S_WPA_L36_DOC1.0_WOC1.0_N1800_F180_R3,S_WPA_L36_DOC1.0_WOC1.0_N1800_F180,3,0,0.08333333333333333,6.855233260175222e-08
4,1,0,23,all40,120,40,30,10,0.1,Random-R,same-objective one-swap refinement,12,8,4,3,3,29,33,S_WPA_L36_DOC1.5_WOC1.0_N3600_F360_R2,S_WPA_L36_DOC1.5_WOC1.0_N3600_F360,2,0,0.31666666666666665,5.072296539099121e-09
4,1,0,23,all40,120,40,30,10,0.1,Random-R,same-objective one-swap refinement,12,8,4,3,4,33,41,S_WPA_L36_DOC2.0_WOC1.0_N1800_F180_R2,S_WPA_L36_DOC2.0_WOC1.0_N1800_F180,2,0,0.025,0.9998729785700803
4,1,0,23,all40,120,40,30,10,0.1,Random-R,same-objective one-swap refinement,12,8,4,3,5,46,70,S_WPB_L56_DOC0.5_WOC1.0_N3600_F360_R3,S_WPB_L56_DOC0.5_WOC1.0_N3600_F360,3,0,0.10833333333333334,3.266796487220695e-07
4,1,0,23,all40,120,40,30,10,0.1,Random-R,same-objective one-swap refinement,12,8,4,3,6,69,97,S_WPB_L56_DOC1.5_WOC1.0_N2700_F270_R2,S_WPB_L56_DOC1.5_WOC1.0_N2700_F270,2,0,0.025,7.544928470341068e-07
4,1,0,23,all40,120,40,30,10,0.1,Random-R,same-objective one-swap refinement,12,8,4,3,7,71,99,S_WPB_L56_DOC1.5_WOC1.0_N2700_F270_R4,S_WPB_L56_DOC1.5_WOC1.0_N2700_F270,4,0,0.03333333333333333,1.1003021155499814e-07
4,1,0,23,all40,120,40,30,10,0.1,Random-R,same-objective one-swap refinement,12,8,4,3,8,76,104,S_WPB_L56_DOC1.5_WOC2.0_N2700_F270_R1,S_WPB_L56_DOC1.5_WOC2.0_N2700_F270,1,0,0.016666666666666666,5.384749310317956e-06
4,1,0,23,all40,120,40,30,10,0.1,Random-R,same-objective one-swap refinement,12,8,4,3,9,77,105,S_WPB_L56_DOC1.5_WOC2.0_N2700_F270_R2,S_WPB_L56_DOC1.5_WOC2.0_N2700_F270,2,0,0.03333333333333333,7.373283686655017e-05
4,1,0,23,all40,120,40,30,10,0.1,Random-R,same-objective one-swap refinement,12,8,4,3,10,78,106,S_WPB_L56_DOC1.5_WOC2.0_N2700_F270_R3,S_WPB_L56_DOC1.5_WOC2.0_N2700_F270,3,0,0.05,8.900730729925941e-07
4,1,0,23,all40,120,40,30,10,0.1,Random-R,same-objective one-swap refinement,12,8,4,3,11,102,142,U_WPB_L56_DOC3.0_WOC1.0_N1800_F180_R3,U_WPB_L56_DOC3.0_WOC1.0_N1800_F180,3,1,0.175,1.6738531732989526e-05
4,1,0,23,all40,120,40,30,10,0.1,Random-R,same-objective one-swap refinement,12,8,4,3,12,116,156,U_WPB_L56_DOC6.0_WOC1.0_N2700_F270_R1,U_WPB_L56_DOC6.0_WOC1.0_N2700_F270,1,1,0.08333333333333333,2.8935331790610885e-05
4,1,0,23,all40,120,40,30,10,0.1,FacilityLocation,initializer,12,10,2,3,1,31,35,S_WPA_L36_DOC1.5_WOC1.0_N3600_F360_R4,S_WPA_L36_DOC1.5_WOC1.0_N3600_F360,4,0,0.375,0.12184107143518896
4,1,0,23,all40,120,40,30,10,0.1,FacilityLocation,initializer,12,10,2,3,2,106,146,U_WPB_L56_DOC3.0_WOC1.0_N3600_F360_R3,U_WPB_L56_DOC3.0_WOC1.0_N3600_F360,3,1,0.13333333333333333,0.07925110894649703
4,1,0,23,all40,120,40,30,10,0.1,FacilityLocation,initializer,12,10,2,3,3,63,91,S_WPB_L56_DOC1.0_WOC2.0_N2700_F270_R4,S_WPB_L56_DOC1.0_WOC2.0_N2700_F270,4,0,0.14166666666666666,0.11505642464337507
4,1,0,23,all40,120,40,30,10,0.1,FacilityLocation,initializer,12,10,2,3,4,53,81,S_WPB_L56_DOC1.0_WOC1.0_N2700_F270_R2,S_WPB_L56_DOC1.0_WOC1.0_N2700_F270,2,0,0.075,0.11624894205466635
4,1,0,23,all40,120,40,30,10,0.1,FacilityLocation,initializer,12,10,2,3,5,81,113,U_WPA_L36_DOC2.0_WOC2.0_N2700_F270_R2,U_WPA_L36_DOC2.0_WOC2.0_N2700_F270,2,1,0.05,0.07616322596961729
4,1,0,23,all40,120,40,30,10,0.1,FacilityLocation,initializer,12,10,2,3,6,62,90,S_WPB_L56_DOC1.0_WOC2.0_N2700_F270_R3,S_WPB_L56_DOC1.0_WOC2.0_N2700_F270,3,0,0.016666666666666666,0.0640541725372122
4,1,0,23,all40,120,40,30,10,0.1,FacilityLocation,initializer,12,10,2,3,7,115,155,U_WPB_L56_DOC4.0_WOC2.0_N2700_F270_R4,U_WPB_L56_DOC4.0_WOC2.0_N2700_F270,4,1,0.14166666666666666,0.07677381846298242
4,1,0,23,all40,120,40,30,10,0.1,FacilityLocation,initializer,12,10,2,3,8,61,89,S_WPB_L56_DOC1.0_WOC2.0_N2700_F270_R2,S_WPB_L56_DOC1.0_WOC2.0_N2700_F270,2,0,0.008333333333333333,0.0648447089259869
4,1,0,23,all40,120,40,30,10,0.1,FacilityLocation,initializer,12,10,2,3,9,72,100,S_WPB_L56_DOC1.5_WOC1.0_N3600_F360_R1,S_WPB_L56_DOC1.5_WOC1.0_N3600_F360,1,0,0.008333333333333333,0.0653120234719194
4,1,0,23,all40,120,40,30,10,0.1,FacilityLocation,initializer,12,10,2,3,10,68,96,S_WPB_L56_DOC1.5_WOC1.0_N2700_F270_R1,S_WPB_L56_DOC1.5_WOC1.0_N2700_F270,1,0,0.008333333333333333,0.0656442975794244
4,1,0,23,all40,120,40,30,10,0.1,FacilityLocation,initializer,12,10,2,3,11,42,66,S_WPB_L56_DOC0.5_WOC1.0_N2700_F270_R3,S_WPB_L56_DOC0.5_WOC1.0_N2700_F270,3,0,0.03333333333333333,0.0899654970471334
4,1,0,23,all40,120,40,30,10,0.1,FacilityLocation,initializer,12,10,2,3,12,33,41,S_WPA_L36_DOC2.0_WOC1.0_N1800_F180_R2,S_WPA_L36_DOC2.0_WOC1.0_N1800_F180,2,0,0.008333333333333333,0.06484470892599668
4,1,0,23,all40,120,40,30,10,0.1,FacilityLocation-R,same-objective one-swap refinement,12,10,2,3,1,6,6,S_WPA_L36_DOC0.5_WOC1.0_N3600_F360_R3,S_WPA_L36_DOC0.5_WOC1.0_N3600_F360,3,0,0.2,0.07319311313691416
4,1,0,23,all40,120,40,30,10,0.1,FacilityLocation-R,same-objective one-swap refinement,12,10,2,3,2,31,35,S_WPA_L36_DOC1.5_WOC1.0_N3600_F360_R4,S_WPA_L36_DOC1.5_WOC1.0_N3600_F360,4,0,0.19166666666666668,0.13649663957000768
4,1,0,23,all40,120,40,30,10,0.1,FacilityLocation-R,same-objective one-swap refinement,12,10,2,3,3,33,41,S_WPA_L36_DOC2.0_WOC1.0_N1800_F180_R2,S_WPA_L36_DOC2.0_WOC1.0_N1800_F180,2,0,0.008333333333333333,0.05328346845722827
4,1,0,23,all40,120,40,30,10,0.1,FacilityLocation-R,same-objective one-swap refinement,12,10,2,3,4,42,66,S_WPB_L56_DOC0.5_WOC1.0_N2700_F270_R3,S_WPB_L56_DOC0.5_WOC1.0_N2700_F270,3,0,0.03333333333333333,0.08436664272922746
4,1,0,23,all40,120,40,30,10,0.1,FacilityLocation-R,same-objective one-swap refinement,12,10,2,3,5,53,81,S_WPB_L56_DOC1.0_WOC1.0_N2700_F270_R2,S_WPB_L56_DOC1.0_WOC1.0_N2700_F270,2,0,0.06666666666666667,0.12521792736295725
4,1,0,23,all40,120,40,30,10,0.1,FacilityLocation-R,same-objective one-swap refinement,12,10,2,3,6,61,89,S_WPB_L56_DOC1.0_WOC2.0_N2700_F270_R2,S_WPB_L56_DOC1.0_WOC2.0_N2700_F270,2,0,0.008333333333333333,0.053283468457213955
4,1,0,23,all40,120,40,30,10,0.1,FacilityLocation-R,same-objective one-swap refinement,12,10,2,3,7,62,90,S_WPB_L56_DOC1.0_WOC2.0_N2700_F270_R3,S_WPB_L56_DOC1.0_WOC2.0_N2700_F270,3,0,0.016666666666666666,0.05322902753892332
4,1,0,23,all40,120,40,30,10,0.1,FacilityLocation-R,same-objective one-swap refinement,12,10,2,3,8,63,91,S_WPB_L56_DOC1.0_WOC2.0_N2700_F270_R4,S_WPB_L56_DOC1.0_WOC2.0_N2700_F270,4,0,0.14166666666666666,0.11952815902305124
4,1,0,23,all40,120,40,30,10,0.1,FacilityLocation-R,same-objective one-swap refinement,12,10,2,3,9,72,100,S_WPB_L56_DOC1.5_WOC1.0_N3600_F360_R1,S_WPB_L56_DOC1.5_WOC1.0_N3600_F360,1,0,0.008333333333333333,0.0539708170789095
4,1,0,23,all40,120,40,30,10,0.1,FacilityLocation-R,same-objective one-swap refinement,12,10,2,3,10,81,113,U_WPA_L36_DOC2.0_WOC2.0_N2700_F270_R2,U_WPA_L36_DOC2.0_WOC2.0_N2700_F270,2,1,0.05,0.07961703144362685
4,1,0,23,all40,120,40,30,10,0.1,FacilityLocation-R,same-objective one-swap refinement,12,10,2,3,11,106,146,U_WPB_L56_DOC3.0_WOC1.0_N3600_F360_R3,U_WPB_L56_DOC3.0_WOC1.0_N3600_F360,3,1,0.13333333333333333,0.08555060602513521
4,1,0,23,all40,120,40,30,10,0.1,FacilityLocation-R,same-objective one-swap refinement,12,10,2,3,12,115,155,U_WPB_L56_DOC4.0_WOC2.0_N2700_F270_R4,U_WPB_L56_DOC4.0_WOC2.0_N2700_F270,4,1,0.14166666666666666,0.08226309917680519
4,1,0,23,all40,120,40,30,10,0.1,W2-KMedoids,initializer,12,11,1,2,1,19,23,S_WPA_L36_DOC1.0_WOC1.0_N3600_F360_R4,S_WPA_L36_DOC1.0_WOC1.0_N3600_F360,4,0,0.3333333333333333,0.09853280545365381
4,1,0,23,all40,120,40,30,10,0.1,W2-KMedoids,initializer,12,11,1,2,2,24,28,S_WPA_L36_DOC1.5_WOC1.0_N1800_F180_R1,S_WPA_L36_DOC1.5_WOC1.0_N1800_F180,1,0,0.041666666666666664,0.08073231978004095
4,1,0,23,all40,120,40,30,10,0.1,W2-KMedoids,initializer,12,11,1,2,3,33,41,S_WPA_L36_DOC2.0_WOC1.0_N1800_F180_R2,S_WPA_L36_DOC2.0_WOC1.0_N1800_F180,2,0,0.008333333333333333,0.06553644146155603
4,1,0,23,all40,120,40,30,10,0.1,W2-KMedoids,initializer,12,11,1,2,4,40,64,S_WPB_L56_DOC0.5_WOC1.0_N2700_F270_R1,S_WPB_L56_DOC0.5_WOC1.0_N2700_F270,1,0,0.03333333333333333,0.07630452224890226
4,1,0,23,all40,120,40,30,10,0.1,W2-KMedoids,initializer,12,11,1,2,5,44,68,S_WPB_L56_DOC0.5_WOC1.0_N3600_F360_R1,S_WPB_L56_DOC0.5_WOC1.0_N3600_F360,1,0,0.016666666666666666,0.06481881453402918
4,1,0,23,all40,120,40,30,10,0.1,W2-KMedoids,initializer,12,11,1,2,6,45,69,S_WPB_L56_DOC0.5_WOC1.0_N3600_F360_R2,S_WPB_L56_DOC0.5_WOC1.0_N3600_F360,2,0,0.14166666666666666,0.09046304128863496
4,1,0,23,all40,120,40,30,10,0.1,W2-KMedoids,initializer,12,11,1,2,7,55,83,S_WPB_L56_DOC1.0_WOC1.0_N2700_F270_R4,S_WPB_L56_DOC1.0_WOC1.0_N2700_F270,4,0,0.06666666666666667,0.11072256308126562
4,1,0,23,all40,120,40,30,10,0.1,W2-KMedoids,initializer,12,11,1,2,8,61,89,S_WPB_L56_DOC1.0_WOC2.0_N2700_F270_R2,S_WPB_L56_DOC1.0_WOC2.0_N2700_F270,2,0,0.008333333333333333,0.06553644146155047
4,1,0,23,all40,120,40,30,10,0.1,W2-KMedoids,initializer,12,11,1,2,9,68,96,S_WPB_L56_DOC1.5_WOC1.0_N2700_F270_R1,S_WPB_L56_DOC1.5_WOC1.0_N2700_F270,1,0,0.008333333333333333,0.06618269020371628
4,1,0,23,all40,120,40,30,10,0.1,W2-KMedoids,initializer,12,11,1,2,10,72,100,S_WPB_L56_DOC1.5_WOC1.0_N3600_F360_R1,S_WPB_L56_DOC1.5_WOC1.0_N3600_F360,1,0,0.008333333333333333,0.0659892279864487
4,1,0,23,all40,120,40,30,10,0.1,W2-KMedoids,initializer,12,11,1,2,11,81,113,U_WPA_L36_DOC2.0_WOC2.0_N2700_F270_R2,U_WPA_L36_DOC2.0_WOC2.0_N2700_F270,2,1,0.041666666666666664,0.0838085724739097
4,1,0,23,all40,120,40,30,10,0.1,W2-KMedoids,initializer,12,11,1,2,12,97,137,U_WPB_L56_DOC2.0_WOC2.0_N2700_F270_R2,U_WPB_L56_DOC2.0_WOC2.0_N2700_F270,2,1,0.2916666666666667,0.13137256002629208
4,1,0,23,all40,120,40,30,10,0.1,W2-KMedoids-R,same-objective one-swap refinement,12,10,2,2,1,19,23,S_WPA_L36_DOC1.0_WOC1.0_N3600_F360_R4,S_WPA_L36_DOC1.0_WOC1.0_N3600_F360,4,0,0.3416666666666667,0.10771007637285288
4,1,0,23,all40,120,40,30,10,0.1,W2-KMedoids-R,same-objective one-swap refinement,12,10,2,2,2,24,28,S_WPA_L36_DOC1.5_WOC1.0_N1800_F180_R1,S_WPA_L36_DOC1.5_WOC1.0_N1800_F180,1,0,0.041666666666666664,0.08137722055463024
4,1,0,23,all40,120,40,30,10,0.1,W2-KMedoids-R,same-objective one-swap refinement,12,10,2,2,3,33,41,S_WPA_L36_DOC2.0_WOC1.0_N1800_F180_R2,S_WPA_L36_DOC2.0_WOC1.0_N1800_F180,2,0,0.008333333333333333,0.05415829645186535
4,1,0,23,all40,120,40,30,10,0.1,W2-KMedoids-R,same-objective one-swap refinement,12,10,2,2,4,40,64,S_WPB_L56_DOC0.5_WOC1.0_N2700_F270_R1,S_WPB_L56_DOC0.5_WOC1.0_N2700_F270,1,0,0.03333333333333333,0.07883544800142263
4,1,0,23,all40,120,40,30,10,0.1,W2-KMedoids-R,same-objective one-swap refinement,12,10,2,2,5,44,68,S_WPB_L56_DOC0.5_WOC1.0_N3600_F360_R1,S_WPB_L56_DOC0.5_WOC1.0_N3600_F360,1,0,0.016666666666666666,0.0542108124812071
4,1,0,23,all40,120,40,30,10,0.1,W2-KMedoids-R,same-objective one-swap refinement,12,10,2,2,6,45,69,S_WPB_L56_DOC0.5_WOC1.0_N3600_F360_R2,S_WPB_L56_DOC0.5_WOC1.0_N3600_F360,2,0,0.14166666666666666,0.09730570530869131
4,1,0,23,all40,120,40,30,10,0.1,W2-KMedoids-R,same-objective one-swap refinement,12,10,2,2,7,55,83,S_WPB_L56_DOC1.0_WOC1.0_N2700_F270_R4,S_WPB_L56_DOC1.0_WOC1.0_N2700_F270,4,0,0.06666666666666667,0.12128026892637196
4,1,0,23,all40,120,40,30,10,0.1,W2-KMedoids-R,same-objective one-swap refinement,12,10,2,2,8,61,89,S_WPB_L56_DOC1.0_WOC2.0_N2700_F270_R2,S_WPB_L56_DOC1.0_WOC2.0_N2700_F270,2,0,0.008333333333333333,0.05415829645186122
4,1,0,23,all40,120,40,30,10,0.1,W2-KMedoids-R,same-objective one-swap refinement,12,10,2,2,9,72,100,S_WPB_L56_DOC1.5_WOC1.0_N3600_F360_R1,S_WPB_L56_DOC1.5_WOC1.0_N3600_F360,1,0,0.008333333333333333,0.05483181967392747
4,1,0,23,all40,120,40,30,10,0.1,W2-KMedoids-R,same-objective one-swap refinement,12,10,2,2,10,81,113,U_WPA_L36_DOC2.0_WOC2.0_N2700_F270_R2,U_WPA_L36_DOC2.0_WOC2.0_N2700_F270,2,1,0.041666666666666664,0.07904759854021867
4,1,0,23,all40,120,40,30,10,0.1,W2-KMedoids-R,same-objective one-swap refinement,12,10,2,2,11,83,115,U_WPA_L36_DOC2.0_WOC2.0_N2700_F270_R4,U_WPA_L36_DOC2.0_WOC2.0_N2700_F270,4,1,0.06666666666666667,0.0729653277014192
4,1,0,23,all40,120,40,30,10,0.1,W2-KMedoids-R,same-objective one-swap refinement,12,10,2,2,12,97,137,U_WPB_L56_DOC2.0_WOC2.0_N2700_F270_R2,U_WPB_L56_DOC2.0_WOC2.0_N2700_F270,2,1,0.225,0.14411912953553205
4,1,0,23,all40,120,40,30,10,0.1,MRDS projected,initializer,12,11,1,2,1,4,4,S_WPA_L36_DOC0.5_WOC1.0_N3600_F360_R1,S_WPA_L36_DOC0.5_WOC1.0_N3600_F360,1,0,0.5416666666666666,0.15896843526476287
4,1,0,23,all40,120,40,30,10,0.1,MRDS projected,initializer,12,11,1,2,2,72,100,S_WPB_L56_DOC1.5_WOC1.0_N3600_F360_R1,S_WPB_L56_DOC1.5_WOC1.0_N3600_F360,1,0,0.008333333333333333,0.05981437258099351
4,1,0,23,all40,120,40,30,10,0.1,MRDS projected,initializer,12,11,1,2,3,33,41,S_WPA_L36_DOC2.0_WOC1.0_N1800_F180_R2,S_WPA_L36_DOC2.0_WOC1.0_N1800_F180,2,0,0.008333333333333333,0.05924103371899646
4,1,0,23,all40,120,40,30,10,0.1,MRDS projected,initializer,12,11,1,2,4,62,90,S_WPB_L56_DOC1.0_WOC2.0_N2700_F270_R3,S_WPB_L56_DOC1.0_WOC2.0_N2700_F270,3,0,0.008333333333333333,0.05739404124127958
4,1,0,23,all40,120,40,30,10,0.1,MRDS projected,initializer,12,11,1,2,5,68,96,S_WPB_L56_DOC1.5_WOC1.0_N2700_F270_R1,S_WPB_L56_DOC1.5_WOC1.0_N2700_F270,1,0,0.008333333333333333,0.06014925377671529
4,1,0,23,all40,120,40,30,10,0.1,MRDS projected,initializer,12,11,1,2,6,61,89,S_WPB_L56_DOC1.0_WOC2.0_N2700_F270_R2,S_WPB_L56_DOC1.0_WOC2.0_N2700_F270,2,0,0.008333333333333333,0.059241033718984565
4,1,0,23,all40,120,40,30,10,0.1,MRDS projected,initializer,12,11,1,2,7,112,152,U_WPB_L56_DOC4.0_WOC2.0_N2700_F270_R1,U_WPB_L56_DOC4.0_WOC2.0_N2700_F270,1,1,0.008333333333333333,0.067213383801956
4,1,0,23,all40,120,40,30,10,0.1,MRDS projected,initializer,12,11,1,2,8,44,68,S_WPB_L56_DOC0.5_WOC1.0_N3600_F360_R1,S_WPB_L56_DOC0.5_WOC1.0_N3600_F360,1,0,0.008333333333333333,0.05738679740979202
4,1,0,23,all40,120,40,30,10,0.1,MRDS projected,initializer,12,11,1,2,9,39,51,S_WPA_L36_DOC3.0_WOC1.0_N1800_F180_R4,S_WPA_L36_DOC3.0_WOC1.0_N1800_F180,4,0,0.05,0.07267956584082456
4,1,0,23,all40,120,40,30,10,0.1,MRDS projected,initializer,12,11,1,2,10,110,150,U_WPB_L56_DOC4.0_WOC1.0_N2700_F270_R3,U_WPB_L56_DOC4.0_WOC1.0_N2700_F270,3,1,0.025,0.08227010500406418
4,1,0,23,all40,120,40,30,10,0.1,MRDS projected,initializer,12,11,1,2,11,41,65,S_WPB_L56_DOC0.5_WOC1.0_N2700_F270_R2,S_WPB_L56_DOC0.5_WOC1.0_N2700_F270,2,0,0.075,0.10970454344511447
4,1,0,23,all40,120,40,30,10,0.1,MRDS projected,initializer,12,11,1,2,12,0,0,S_WPA_L36_DOC0.5_WOC1.0_N2700_F270_R1,S_WPA_L36_DOC0.5_WOC1.0_N2700_F270,1,0,0.25,0.15593743419651657
4,1,0,23,all40,120,40,30,10,0.1,MRDS-IS-R (proposed),same-objective one-swap refinement,12,11,1,2,1,0,0,S_WPA_L36_DOC0.5_WOC1.0_N2700_F270_R1,S_WPA_L36_DOC0.5_WOC1.0_N2700_F270,1,0,0.125,0.18363820613072626
4,1,0,23,all40,120,40,30,10,0.1,MRDS-IS-R (proposed),same-objective one-swap refinement,12,11,1,2,2,4,4,S_WPA_L36_DOC0.5_WOC1.0_N3600_F360_R1,S_WPA_L36_DOC0.5_WOC1.0_N3600_F360,1,0,0.45,0.19073862449060694
4,1,0,23,all40,120,40,30,10,0.1,MRDS-IS-R (proposed),same-objective one-swap refinement,12,11,1,2,3,33,41,S_WPA_L36_DOC2.0_WOC1.0_N1800_F180_R2,S_WPA_L36_DOC2.0_WOC1.0_N1800_F180,2,0,0.008333333333333333,0.04684762755361297
4,1,0,23,all40,120,40,30,10,0.1,MRDS-IS-R (proposed),same-objective one-swap refinement,12,11,1,2,4,39,51,S_WPA_L36_DOC3.0_WOC1.0_N1800_F180_R4,S_WPA_L36_DOC3.0_WOC1.0_N1800_F180,4,0,0.041666666666666664,0.06664401063385461
4,1,0,23,all40,120,40,30,10,0.1,MRDS-IS-R (proposed),same-objective one-swap refinement,12,11,1,2,5,41,65,S_WPB_L56_DOC0.5_WOC1.0_N2700_F270_R2,S_WPB_L56_DOC0.5_WOC1.0_N2700_F270,2,0,0.075,0.11849623222608882
4,1,0,23,all40,120,40,30,10,0.1,MRDS-IS-R (proposed),same-objective one-swap refinement,12,11,1,2,6,61,89,S_WPB_L56_DOC1.0_WOC2.0_N2700_F270_R2,S_WPB_L56_DOC1.0_WOC2.0_N2700_F270,2,0,0.008333333333333333,0.04684762755359703
4,1,0,23,all40,120,40,30,10,0.1,MRDS-IS-R (proposed),same-objective one-swap refinement,12,11,1,2,7,62,90,S_WPB_L56_DOC1.0_WOC2.0_N2700_F270_R3,S_WPB_L56_DOC1.0_WOC2.0_N2700_F270,3,0,0.016666666666666666,0.04549189861909739
4,1,0,23,all40,120,40,30,10,0.1,MRDS-IS-R (proposed),same-objective one-swap refinement,12,11,1,2,8,68,96,S_WPB_L56_DOC1.5_WOC1.0_N2700_F270_R1,S_WPB_L56_DOC1.5_WOC1.0_N2700_F270,1,0,0.008333333333333333,0.0481264103958296
4,1,0,23,all40,120,40,30,10,0.1,MRDS-IS-R (proposed),same-objective one-swap refinement,12,11,1,2,9,72,100,S_WPB_L56_DOC1.5_WOC1.0_N3600_F360_R1,S_WPB_L56_DOC1.5_WOC1.0_N3600_F360,1,0,0.008333333333333333,0.04761931350065293
4,1,0,23,all40,120,40,30,10,0.1,MRDS-IS-R (proposed),same-objective one-swap refinement,12,11,1,2,10,105,145,U_WPB_L56_DOC3.0_WOC1.0_N3600_F360_R2,U_WPB_L56_DOC3.0_WOC1.0_N3600_F360,2,1,0.225,0.07211925507616723
4,1,0,23,all40,120,40,30,10,0.1,MRDS-IS-R (proposed),same-objective one-swap refinement,12,11,1,2,11,110,150,U_WPB_L56_DOC4.0_WOC1.0_N2700_F270_R3,U_WPB_L56_DOC4.0_WOC1.0_N2700_F270,3,1,0.025,0.07586991448829186
4,1,0,23,all40,120,40,30,10,0.1,MRDS-IS-R (proposed),same-objective one-swap refinement,12,11,1,2,12,112,152,U_WPB_L56_DOC4.0_WOC2.0_N2700_F270_R1,U_WPB_L56_DOC4.0_WOC2.0_N2700_F270,1,1,0.008333333333333333,0.05756087933147427
4,1,0,23,all40,120,40,30,10,0.1,Best-of-starts-R (diagnostic only),diagnostic oracle over supplied starts; winner=W2-KMedoids,12,10,2,2,1,19,23,S_WPA_L36_DOC1.0_WOC1.0_N3600_F360_R4,S_WPA_L36_DOC1.0_WOC1.0_N3600_F360,4,0,0.3416666666666667,0.10771007637285288
4,1,0,23,all40,120,40,30,10,0.1,Best-of-starts-R (diagnostic only),diagnostic oracle over supplied starts; winner=W2-KMedoids,12,10,2,2,2,24,28,S_WPA_L36_DOC1.5_WOC1.0_N1800_F180_R1,S_WPA_L36_DOC1.5_WOC1.0_N1800_F180,1,0,0.041666666666666664,0.08137722055463024
4,1,0,23,all40,120,40,30,10,0.1,Best-of-starts-R (diagnostic only),diagnostic oracle over supplied starts; winner=W2-KMedoids,12,10,2,2,3,33,41,S_WPA_L36_DOC2.0_WOC1.0_N1800_F180_R2,S_WPA_L36_DOC2.0_WOC1.0_N1800_F180,2,0,0.008333333333333333,0.05415829645186535
4,1,0,23,all40,120,40,30,10,0.1,Best-of-starts-R (diagnostic only),diagnostic oracle over supplied starts; winner=W2-KMedoids,12,10,2,2,4,40,64,S_WPB_L56_DOC0.5_WOC1.0_N2700_F270_R1,S_WPB_L56_DOC0.5_WOC1.0_N2700_F270,1,0,0.03333333333333333,0.07883544800142263
4,1,0,23,all40,120,40,30,10,0.1,Best-of-starts-R (diagnostic only),diagnostic oracle over supplied starts; winner=W2-KMedoids,12,10,2,2,5,44,68,S_WPB_L56_DOC0.5_WOC1.0_N3600_F360_R1,S_WPB_L56_DOC0.5_WOC1.0_N3600_F360,1,0,0.016666666666666666,0.0542108124812071
4,1,0,23,all40,120,40,30,10,0.1,Best-of-starts-R (diagnostic only),diagnostic oracle over supplied starts; winner=W2-KMedoids,12,10,2,2,6,45,69,S_WPB_L56_DOC0.5_WOC1.0_N3600_F360_R2,S_WPB_L56_DOC0.5_WOC1.0_N3600_F360,2,0,0.14166666666666666,0.09730570530869131
4,1,0,23,all40,120,40,30,10,0.1,Best-of-starts-R (diagnostic only),diagnostic oracle over supplied starts; winner=W2-KMedoids,12,10,2,2,7,55,83,S_WPB_L56_DOC1.0_WOC1.0_N2700_F270_R4,S_WPB_L56_DOC1.0_WOC1.0_N2700_F270,4,0,0.06666666666666667,0.12128026892637196
4,1,0,23,all40,120,40,30,10,0.1,Best-of-starts-R (diagnostic only),diagnostic oracle over supplied starts; winner=W2-KMedoids,12,10,2,2,8,61,89,S_WPB_L56_DOC1.0_WOC2.0_N2700_F270_R2,S_WPB_L56_DOC1.0_WOC2.0_N2700_F270,2,0,0.008333333333333333,0.05415829645186122
4,1,0,23,all40,120,40,30,10,0.1,Best-of-starts-R (diagnostic only),diagnostic oracle over supplied starts; winner=W2-KMedoids,12,10,2,2,9,72,100,S_WPB_L56_DOC1.5_WOC1.0_N3600_F360_R1,S_WPB_L56_DOC1.5_WOC1.0_N3600_F360,1,0,0.008333333333333333,0.05483181967392747
4,1,0,23,all40,120,40,30,10,0.1,Best-of-starts-R (diagnostic only),diagnostic oracle over supplied starts; winner=W2-KMedoids,12,10,2,2,10,81,113,U_WPA_L36_DOC2.0_WOC2.0_N2700_F270_R2,U_WPA_L36_DOC2.0_WOC2.0_N2700_F270,2,1,0.041666666666666664,0.07904759854021867
4,1,0,23,all40,120,40,30,10,0.1,Best-of-starts-R (diagnostic only),diagnostic oracle over supplied starts; winner=W2-KMedoids,12,10,2,2,11,83,115,U_WPA_L36_DOC2.0_WOC2.0_N2700_F270_R4,U_WPA_L36_DOC2.0_WOC2.0_N2700_F270,4,1,0.06666666666666667,0.0729653277014192
4,1,0,23,all40,120,40,30,10,0.1,Best-of-starts-R (diagnostic only),diagnostic oracle over supplied starts; winner=W2-KMedoids,12,10,2,2,12,97,137,U_WPB_L56_DOC2.0_WOC2.0_N2700_F270_R2,U_WPB_L56_DOC2.0_WOC2.0_N2700_F270,2,1,0.225,0.14411912953553205
5,1,1,23,all40,120,40,30,10,0.1,Random,initializer,12,8,4,3,1,3,7,S_WPA_L36_DOC0.5_WOC1.0_N3600_F360_R4,S_WPA_L36_DOC0.5_WOC1.0_N3600_F360,4,0,0.11666666666666667,0.0007048667789799901
5,1,1,23,all40,120,40,30,10,0.1,Random,initializer,12,8,4,3,2,13,21,S_WPA_L36_DOC1.0_WOC1.0_N3600_F360_R2,S_WPA_L36_DOC1.0_WOC1.0_N3600_F360,2,0,0.016666666666666666,0.0006361293860489465
5,1,1,23,all40,120,40,30,10,0.1,Random,initializer,12,8,4,3,3,14,22,S_WPA_L36_DOC1.0_WOC1.0_N3600_F360_R3,S_WPA_L36_DOC1.0_WOC1.0_N3600_F360,3,0,0.15,0.00044564225375656773
5,1,1,23,all40,120,40,30,10,0.1,Random,initializer,12,8,4,3,4,29,45,S_WPA_L36_DOC2.0_WOC1.0_N2700_F270_R2,S_WPA_L36_DOC2.0_WOC1.0_N2700_F270,2,0,0.15,0.0002058920557719639
5,1,1,23,all40,120,40,30,10,0.1,Random,initializer,12,8,4,3,5,46,62,S_WPB_L56_DOC0.5_WOC1.0_N1800_F180_R3,S_WPB_L56_DOC0.5_WOC1.0_N1800_F180,3,0,0.03333333333333333,0.00029549845217570025
5,1,1,23,all40,120,40,30,10,0.1,Random,initializer,12,8,4,3,6,69,89,S_WPB_L56_DOC1.0_WOC2.0_N2700_F270_R2,S_WPB_L56_DOC1.0_WOC2.0_N2700_F270,2,0,0.008333333333333333,0.056251307059788334
5,1,1,23,all40,120,40,30,10,0.1,Random,initializer,12,8,4,3,7,71,91,S_WPB_L56_DOC1.0_WOC2.0_N2700_F270_R4,S_WPB_L56_DOC1.0_WOC2.0_N2700_F270,4,0,0.13333333333333333,0.00024438935350835526
5,1,1,23,all40,120,40,30,10,0.1,Random,initializer,12,8,4,3,8,76,104,S_WPB_L56_DOC1.5_WOC2.0_N2700_F270_R1,S_WPB_L56_DOC1.5_WOC2.0_N2700_F270,1,0,0.03333333333333333,0.43280984263811084
5,1,1,23,all40,120,40,30,10,0.1,Random,initializer,12,8,4,3,9,77,105,S_WPB_L56_DOC1.5_WOC2.0_N2700_F270_R2,S_WPB_L56_DOC1.5_WOC2.0_N2700_F270,2,0,0.03333333333333333,0.4756545103104704
5,1,1,23,all40,120,40,30,10,0.1,Random,initializer,12,8,4,3,10,78,106,S_WPB_L56_DOC1.5_WOC2.0_N2700_F270_R3,S_WPB_L56_DOC1.5_WOC2.0_N2700_F270,3,0,0.008333333333333333,0.014718165969223517
5,1,1,23,all40,120,40,30,10,0.1,Random,initializer,12,8,4,3,11,102,134,U_WPB_L56_DOC2.0_WOC1.0_N3600_F360_R3,U_WPB_L56_DOC2.0_WOC1.0_N3600_F360,3,1,0.26666666666666666,0.016784083821099888
5,1,1,23,all40,120,40,30,10,0.1,Random,initializer,12,8,4,3,12,116,156,U_WPB_L56_DOC6.0_WOC1.0_N2700_F270_R1,U_WPB_L56_DOC6.0_WOC1.0_N2700_F270,1,1,0.05,0.0012496719210651785
5,1,1,23,all40,120,40,30,10,0.1,Random-R,same-objective one-swap refinement,12,8,4,3,1,3,7,S_WPA_L36_DOC0.5_WOC1.0_N3600_F360_R4,S_WPA_L36_DOC0.5_WOC1.0_N3600_F360,4,0,0.125,0.0032272628585096174
5,1,1,23,all40,120,40,30,10,0.1,Random-R,same-objective one-swap refinement,12,8,4,3,2,13,21,S_WPA_L36_DOC1.0_WOC1.0_N3600_F360_R2,S_WPA_L36_DOC1.0_WOC1.0_N3600_F360,2,0,0.025,0.0031983929345167318
5,1,1,23,all40,120,40,30,10,0.1,Random-R,same-objective one-swap refinement,12,8,4,3,3,14,22,S_WPA_L36_DOC1.0_WOC1.0_N3600_F360_R3,S_WPA_L36_DOC1.0_WOC1.0_N3600_F360,3,0,0.2833333333333333,0.002787002554688197
5,1,1,23,all40,120,40,30,10,0.1,Random-R,same-objective one-swap refinement,12,8,4,3,4,46,62,S_WPB_L56_DOC0.5_WOC1.0_N1800_F180_R3,S_WPB_L56_DOC0.5_WOC1.0_N1800_F180,3,0,0.03333333333333333,0.00043516396767412954
5,1,1,23,all40,120,40,30,10,0.1,Random-R,same-objective one-swap refinement,12,8,4,3,5,69,89,S_WPB_L56_DOC1.0_WOC2.0_N2700_F270_R2,S_WPB_L56_DOC1.0_WOC2.0_N2700_F270,2,0,0.008333333333333333,0.0943431314647474
5,1,1,23,all40,120,40,30,10,0.1,Random-R,same-objective one-swap refinement,12,8,4,3,6,71,91,S_WPB_L56_DOC1.0_WOC2.0_N2700_F270_R4,S_WPB_L56_DOC1.0_WOC2.0_N2700_F270,4,0,0.13333333333333333,0.00019617921285815647
5,1,1,23,all40,120,40,30,10,0.1,Random-R,same-objective one-swap refinement,12,8,4,3,7,72,96,S_WPB_L56_DOC1.5_WOC1.0_N2700_F270_R1,S_WPB_L56_DOC1.5_WOC1.0_N2700_F270,1,0,0.03333333333333333,0.10446495165699209
5,1,1,23,all40,120,40,30,10,0.1,Random-R,same-objective one-swap refinement,12,8,4,3,8,76,104,S_WPB_L56_DOC1.5_WOC2.0_N2700_F270_R1,S_WPB_L56_DOC1.5_WOC2.0_N2700_F270,1,0,0.016666666666666666,0.23154885785786322
5,1,1,23,all40,120,40,30,10,0.1,Random-R,same-objective one-swap refinement,12,8,4,3,9,77,105,S_WPB_L56_DOC1.5_WOC2.0_N2700_F270_R2,S_WPB_L56_DOC1.5_WOC2.0_N2700_F270,2,0,0.016666666666666666,0.19650622315051033
5,1,1,23,all40,120,40,30,10,0.1,Random-R,same-objective one-swap refinement,12,8,4,3,10,78,106,S_WPB_L56_DOC1.5_WOC2.0_N2700_F270_R3,S_WPB_L56_DOC1.5_WOC2.0_N2700_F270,3,0,0.008333333333333333,0.008303124563782419
5,1,1,23,all40,120,40,30,10,0.1,Random-R,same-objective one-swap refinement,12,8,4,3,11,102,134,U_WPB_L56_DOC2.0_WOC1.0_N3600_F360_R3,U_WPB_L56_DOC2.0_WOC1.0_N3600_F360,3,1,0.26666666666666666,0.3511778835876501
5,1,1,23,all40,120,40,30,10,0.1,Random-R,same-objective one-swap refinement,12,8,4,3,12,116,156,U_WPB_L56_DOC6.0_WOC1.0_N2700_F270_R1,U_WPB_L56_DOC6.0_WOC1.0_N2700_F270,1,1,0.05,0.003811826190207555
5,1,1,23,all40,120,40,30,10,0.1,FacilityLocation,initializer,12,8,4,3,1,24,36,S_WPA_L36_DOC1.5_WOC2.0_N2700_F270_R1,S_WPA_L36_DOC1.5_WOC2.0_N2700_F270,1,0,0.31666666666666665,0.12729030974864802
5,1,1,23,all40,120,40,30,10,0.1,FacilityLocation,initializer,12,8,4,3,2,91,119,U_WPA_L36_DOC3.0_WOC1.0_N3600_F360_R4,U_WPA_L36_DOC3.0_WOC1.0_N3600_F360,4,1,0.09166666666666666,0.07580755139733109
5,1,1,23,all40,120,40,30,10,0.1,FacilityLocation,initializer,12,8,4,3,3,71,91,S_WPB_L56_DOC1.0_WOC2.0_N2700_F270_R4,S_WPB_L56_DOC1.0_WOC2.0_N2700_F270,4,0,0.175,0.11508391743446639
5,1,1,23,all40,120,40,30,10,0.1,FacilityLocation,initializer,12,8,4,3,4,110,146,U_WPB_L56_DOC3.0_WOC1.0_N3600_F360_R3,U_WPB_L56_DOC3.0_WOC1.0_N3600_F360,3,1,0.18333333333333332,0.10811561013246952
5,1,1,23,all40,120,40,30,10,0.1,FacilityLocation,initializer,12,8,4,3,5,8,16,S_WPA_L36_DOC1.0_WOC1.0_N2700_F270_R1,S_WPA_L36_DOC1.0_WOC1.0_N2700_F270,1,0,0.15,0.12765221520791484
5,1,1,23,all40,120,40,30,10,0.1,FacilityLocation,initializer,12,8,4,3,6,50,66,S_WPB_L56_DOC0.5_WOC1.0_N2700_F270_R3,S_WPB_L56_DOC0.5_WOC1.0_N2700_F270,3,0,0.03333333333333333,0.07025102607742746
5,1,1,23,all40,120,40,30,10,0.1,FacilityLocation,initializer,12,8,4,3,7,70,90,S_WPB_L56_DOC1.0_WOC2.0_N2700_F270_R3,S_WPB_L56_DOC1.0_WOC2.0_N2700_F270,3,0,0.008333333333333333,0.060811037476290436
5,1,1,23,all40,120,40,30,10,0.1,FacilityLocation,initializer,12,8,4,3,8,69,89,S_WPB_L56_DOC1.0_WOC2.0_N2700_F270_R2,S_WPB_L56_DOC1.0_WOC2.0_N2700_F270,2,0,0.008333333333333333,0.0635114399690875
5,1,1,23,all40,120,40,30,10,0.1,FacilityLocation,initializer,12,8,4,3,9,89,117,U_WPA_L36_DOC3.0_WOC1.0_N3600_F360_R2,U_WPA_L36_DOC3.0_WOC1.0_N3600_F360,2,1,0.008333333333333333,0.06349316256605322
5,1,1,23,all40,120,40,30,10,0.1,FacilityLocation,initializer,12,8,4,3,10,88,116,U_WPA_L36_DOC3.0_WOC1.0_N3600_F360_R1,U_WPA_L36_DOC3.0_WOC1.0_N3600_F360,1,1,0.008333333333333333,0.06322566102155482
5,1,1,23,all40,120,40,30,10,0.1,FacilityLocation,initializer,12,8,4,3,11,72,96,S_WPB_L56_DOC1.5_WOC1.0_N2700_F270_R1,S_WPB_L56_DOC1.5_WOC1.0_N2700_F270,1,0,0.008333333333333333,0.06391485057291062
5,1,1,23,all40,120,40,30,10,0.1,FacilityLocation,initializer,12,8,4,3,12,52,68,S_WPB_L56_DOC0.5_WOC1.0_N3600_F360_R1,S_WPB_L56_DOC0.5_WOC1.0_N3600_F360,1,0,0.008333333333333333,0.0608432183958462
5,1,1,23,all40,120,40,30,10,0.1,FacilityLocation-R,same-objective one-swap refinement,12,9,3,3,1,8,16,S_WPA_L36_DOC1.0_WOC1.0_N2700_F270_R1,S_WPA_L36_DOC1.0_WOC1.0_N2700_F270,1,0,0.15,0.14033683018510798
5,1,1,23,all40,120,40,30,10,0.1,FacilityLocation-R,same-objective one-swap refinement,12,9,3,3,2,23,35,S_WPA_L36_DOC1.5_WOC1.0_N3600_F360_R4,S_WPA_L36_DOC1.5_WOC1.0_N3600_F360,4,0,0.15833333333333333,0.06850051882836311
5,1,1,23,all40,120,40,30,10,0.1,FacilityLocation-R,same-objective one-swap refinement,12,9,3,3,3,24,36,S_WPA_L36_DOC1.5_WOC2.0_N2700_F270_R1,S_WPA_L36_DOC1.5_WOC2.0_N2700_F270,1,0,0.15833333333333333,0.14419946377718332
5,1,1,23,all40,120,40,30,10,0.1,FacilityLocation-R,same-objective one-swap refinement,12,9,3,3,4,50,66,S_WPB_L56_DOC0.5_WOC1.0_N2700_F270_R3,S_WPB_L56_DOC0.5_WOC1.0_N2700_F270,3,0,0.03333333333333333,0.06436703922563217
5,1,1,23,all40,120,40,30,10,0.1,FacilityLocation-R,same-objective one-swap refinement,12,9,3,3,5,52,68,S_WPB_L56_DOC0.5_WOC1.0_N3600_F360_R1,S_WPB_L56_DOC0.5_WOC1.0_N3600_F360,1,0,0.016666666666666666,0.04924302196878309
5,1,1,23,all40,120,40,30,10,0.1,FacilityLocation-R,same-objective one-swap refinement,12,9,3,3,6,69,89,S_WPB_L56_DOC1.0_WOC2.0_N2700_F270_R2,S_WPB_L56_DOC1.0_WOC2.0_N2700_F270,2,0,0.008333333333333333,0.05206035255286175
5,1,1,23,all40,120,40,30,10,0.1,FacilityLocation-R,same-objective one-swap refinement,12,9,3,3,7,71,91,S_WPB_L56_DOC1.0_WOC2.0_N2700_F270_R4,S_WPB_L56_DOC1.0_WOC2.0_N2700_F270,4,0,0.175,0.1259161817287501
5,1,1,23,all40,120,40,30,10,0.1,FacilityLocation-R,same-objective one-swap refinement,12,9,3,3,8,72,96,S_WPB_L56_DOC1.5_WOC1.0_N2700_F270_R1,S_WPB_L56_DOC1.5_WOC1.0_N2700_F270,1,0,0.008333333333333333,0.052780931437526046
5,1,1,23,all40,120,40,30,10,0.1,FacilityLocation-R,same-objective one-swap refinement,12,9,3,3,9,88,116,U_WPA_L36_DOC3.0_WOC1.0_N3600_F360_R1,U_WPA_L36_DOC3.0_WOC1.0_N3600_F360,1,1,0.008333333333333333,0.05171428188117161
5,1,1,23,all40,120,40,30,10,0.1,FacilityLocation-R,same-objective one-swap refinement,12,9,3,3,10,89,117,U_WPA_L36_DOC3.0_WOC1.0_N3600_F360_R2,U_WPA_L36_DOC3.0_WOC1.0_N3600_F360,2,1,0.008333333333333333,0.052048730668832206
5,1,1,23,all40,120,40,30,10,0.1,FacilityLocation-R,same-objective one-swap refinement,12,9,3,3,11,91,119,U_WPA_L36_DOC3.0_WOC1.0_N3600_F360_R4,U_WPA_L36_DOC3.0_WOC1.0_N3600_F360,4,1,0.09166666666666666,0.0775648728314051
5,1,1,23,all40,120,40,30,10,0.1,FacilityLocation-R,same-objective one-swap refinement,12,9,3,3,12,110,146,U_WPB_L56_DOC3.0_WOC1.0_N3600_F360_R3,U_WPB_L56_DOC3.0_WOC1.0_N3600_F360,3,1,0.18333333333333332,0.12126777491438351
5,1,1,23,all40,120,40,30,10,0.1,W2-KMedoids,initializer,12,8,4,3,1,8,16,S_WPA_L36_DOC1.0_WOC1.0_N2700_F270_R1,S_WPA_L36_DOC1.0_WOC1.0_N2700_F270,1,0,0.15833333333333333,0.11935025072392046
5,1,1,23,all40,120,40,30,10,0.1,W2-KMedoids,initializer,12,8,4,3,2,21,33,S_WPA_L36_DOC1.5_WOC1.0_N3600_F360_R2,S_WPA_L36_DOC1.5_WOC1.0_N3600_F360,2,0,0.275,0.11068528025770556
5,1,1,23,all40,120,40,30,10,0.1,W2-KMedoids,initializer,12,8,4,3,3,48,64,S_WPB_L56_DOC0.5_WOC1.0_N2700_F270_R1,S_WPB_L56_DOC0.5_WOC1.0_N2700_F270,1,0,0.03333333333333333,0.08451545911074383
5,1,1,23,all40,120,40,30,10,0.1,W2-KMedoids,initializer,12,8,4,3,4,69,89,S_WPB_L56_DOC1.0_WOC2.0_N2700_F270_R2,S_WPB_L56_DOC1.0_WOC2.0_N2700_F270,2,0,0.008333333333333333,0.06602769973628438
5,1,1,23,all40,120,40,30,10,0.1,W2-KMedoids,initializer,12,8,4,3,5,70,90,S_WPB_L56_DOC1.0_WOC2.0_N2700_F270_R3,S_WPB_L56_DOC1.0_WOC2.0_N2700_F270,3,0,0.016666666666666666,0.06420052107894506
5,1,1,23,all40,120,40,30,10,0.1,W2-KMedoids,initializer,12,8,4,3,6,71,91,S_WPB_L56_DOC1.0_WOC2.0_N2700_F270_R4,S_WPB_L56_DOC1.0_WOC2.0_N2700_F270,4,0,0.175,0.10313068301814542
5,1,1,23,all40,120,40,30,10,0.1,W2-KMedoids,initializer,12,8,4,3,7,72,96,S_WPB_L56_DOC1.5_WOC1.0_N2700_F270_R1,S_WPB_L56_DOC1.5_WOC1.0_N2700_F270,1,0,0.008333333333333333,0.06643046235673863
5,1,1,23,all40,120,40,30,10,0.1,W2-KMedoids,initializer,12,8,4,3,8,88,116,U_WPA_L36_DOC3.0_WOC1.0_N3600_F360_R1,U_WPA_L36_DOC3.0_WOC1.0_N3600_F360,1,1,0.008333333333333333,0.06579868151652395
5,1,1,23,all40,120,40,30,10,0.1,W2-KMedoids,initializer,12,8,4,3,9,89,117,U_WPA_L36_DOC3.0_WOC1.0_N3600_F360_R2,U_WPA_L36_DOC3.0_WOC1.0_N3600_F360,2,1,0.008333333333333333,0.06601458668017197
5,1,1,23,all40,120,40,30,10,0.1,W2-KMedoids,initializer,12,8,4,3,10,91,119,U_WPA_L36_DOC3.0_WOC1.0_N3600_F360_R4,U_WPA_L36_DOC3.0_WOC1.0_N3600_F360,4,1,0.1,0.07483924861277666
5,1,1,23,all40,120,40,30,10,0.1,W2-KMedoids,initializer,12,8,4,3,11,111,147,U_WPB_L56_DOC3.0_WOC1.0_N3600_F360_R4,U_WPB_L56_DOC3.0_WOC1.0_N3600_F360,4,1,0.14166666666666666,0.08850533736252252
5,1,1,23,all40,120,40,30,10,0.1,W2-KMedoids,initializer,12,8,4,3,12,115,155,U_WPB_L56_DOC4.0_WOC2.0_N2700_F270_R4,U_WPB_L56_DOC4.0_WOC2.0_N2700_F270,4,1,0.06666666666666667,0.09050178954552146
5,1,1,23,all40,120,40,30,10,0.1,W2-KMedoids-R,same-objective one-swap refinement,12,8,4,3,1,8,16,S_WPA_L36_DOC1.0_WOC1.0_N2700_F270_R1,S_WPA_L36_DOC1.0_WOC1.0_N2700_F270,1,0,0.15,0.13181925257275587
5,1,1,23,all40,120,40,30,10,0.1,W2-KMedoids-R,same-objective one-swap refinement,12,8,4,3,2,19,27,S_WPA_L36_DOC1.0_WOC2.0_N2700_F270_R4,S_WPA_L36_DOC1.0_WOC2.0_N2700_F270,4,0,0.10833333333333334,0.07306522117860473
5,1,1,23,all40,120,40,30,10,0.1,W2-KMedoids-R,same-objective one-swap refinement,12,8,4,3,3,21,33,S_WPA_L36_DOC1.5_WOC1.0_N3600_F360_R2,S_WPA_L36_DOC1.5_WOC1.0_N3600_F360,2,0,0.19166666666666668,0.12121623436588516
5,1,1,23,all40,120,40,30,10,0.1,W2-KMedoids-R,same-objective one-swap refinement,12,8,4,3,4,48,64,S_WPB_L56_DOC0.5_WOC1.0_N2700_F270_R1,S_WPB_L56_DOC0.5_WOC1.0_N2700_F270,1,0,0.03333333333333333,0.08281871215570058
5,1,1,23,all40,120,40,30,10,0.1,W2-KMedoids-R,same-objective one-swap refinement,12,8,4,3,5,69,89,S_WPB_L56_DOC1.0_WOC2.0_N2700_F270_R2,S_WPB_L56_DOC1.0_WOC2.0_N2700_F270,2,0,0.008333333333333333,0.054921166836149234
5,1,1,23,all40,120,40,30,10,0.1,W2-KMedoids-R,same-objective one-swap refinement,12,8,4,3,6,70,90,S_WPB_L56_DOC1.0_WOC2.0_N2700_F270_R3,S_WPB_L56_DOC1.0_WOC2.0_N2700_F270,3,0,0.016666666666666666,0.05325226640518125
5,1,1,23,all40,120,40,30,10,0.1,W2-KMedoids-R,same-objective one-swap refinement,12,8,4,3,7,71,91,S_WPB_L56_DOC1.0_WOC2.0_N2700_F270_R4,S_WPB_L56_DOC1.0_WOC2.0_N2700_F270,4,0,0.175,0.10954182038391665
5,1,1,23,all40,120,40,30,10,0.1,W2-KMedoids-R,same-objective one-swap refinement,12,8,4,3,8,88,116,U_WPA_L36_DOC3.0_WOC1.0_N3600_F360_R1,U_WPA_L36_DOC3.0_WOC1.0_N3600_F360,1,1,0.008333333333333333,0.05466455102451033
5,1,1,23,all40,120,40,30,10,0.1,W2-KMedoids-R,same-objective one-swap refinement,12,8,4,3,9,89,117,U_WPA_L36_DOC3.0_WOC1.0_N3600_F360_R2,U_WPA_L36_DOC3.0_WOC1.0_N3600_F360,2,1,0.008333333333333333,0.05491587262269143
5,1,1,23,all40,120,40,30,10,0.1,W2-KMedoids-R,same-objective one-swap refinement,12,8,4,3,10,91,119,U_WPA_L36_DOC3.0_WOC1.0_N3600_F360_R4,U_WPA_L36_DOC3.0_WOC1.0_N3600_F360,4,1,0.09166666666666666,0.07765688350432233
5,1,1,23,all40,120,40,30,10,0.1,W2-KMedoids-R,same-objective one-swap refinement,12,8,4,3,11,111,147,U_WPB_L56_DOC3.0_WOC1.0_N3600_F360_R4,U_WPB_L56_DOC3.0_WOC1.0_N3600_F360,4,1,0.14166666666666666,0.0923718752923923
5,1,1,23,all40,120,40,30,10,0.1,W2-KMedoids-R,same-objective one-swap refinement,12,8,4,3,12,115,155,U_WPB_L56_DOC4.0_WOC2.0_N2700_F270_R4,U_WPB_L56_DOC4.0_WOC2.0_N2700_F270,4,1,0.06666666666666667,0.09375614365789019
5,1,1,23,all40,120,40,30,10,0.1,MRDS projected,initializer,12,10,2,2,1,5,13,S_WPA_L36_DOC1.0_WOC1.0_N1800_F180_R2,S_WPA_L36_DOC1.0_WOC1.0_N1800_F180,2,0,0.43333333333333335,0.13555175505428171
5,1,1,23,all40,120,40,30,10,0.1,MRDS projected,initializer,12,10,2,2,2,69,89,S_WPB_L56_DOC1.0_WOC2.0_N2700_F270_R2,S_WPB_L56_DOC1.0_WOC2.0_N2700_F270,2,0,0.008333333333333333,0.06131130501209947
5,1,1,23,all40,120,40,30,10,0.1,MRDS projected,initializer,12,10,2,2,3,88,116,U_WPA_L36_DOC3.0_WOC1.0_N3600_F360_R1,U_WPA_L36_DOC3.0_WOC1.0_N3600_F360,1,1,0.008333333333333333,0.0610004874683581
5,1,1,23,all40,120,40,30,10,0.1,MRDS projected,initializer,12,10,2,2,4,89,117,U_WPA_L36_DOC3.0_WOC1.0_N3600_F360_R2,U_WPA_L36_DOC3.0_WOC1.0_N3600_F360,2,1,0.008333333333333333,0.06128654874769753
5,1,1,23,all40,120,40,30,10,0.1,MRDS projected,initializer,12,10,2,2,5,52,68,S_WPB_L56_DOC0.5_WOC1.0_N3600_F360_R1,S_WPB_L56_DOC0.5_WOC1.0_N3600_F360,1,0,0.008333333333333333,0.05841809964442836
5,1,1,23,all40,120,40,30,10,0.1,MRDS projected,initializer,12,10,2,2,6,72,96,S_WPB_L56_DOC1.5_WOC1.0_N2700_F270_R1,S_WPB_L56_DOC1.5_WOC1.0_N2700_F270,1,0,0.008333333333333333,0.06186532793823579
5,1,1,23,all40,120,40,30,10,0.1,MRDS projected,initializer,12,10,2,2,7,112,152,U_WPB_L56_DOC4.0_WOC2.0_N2700_F270_R1,U_WPB_L56_DOC4.0_WOC2.0_N2700_F270,1,1,0.025,0.07358152766607944
5,1,1,23,all40,120,40,30,10,0.1,MRDS projected,initializer,12,10,2,2,8,70,90,S_WPB_L56_DOC1.0_WOC2.0_N2700_F270_R3,S_WPB_L56_DOC1.0_WOC2.0_N2700_F270,3,0,0.008333333333333333,0.05838250605724191
5,1,1,23,all40,120,40,30,10,0.1,MRDS projected,initializer,12,10,2,2,9,81,109,U_WPA_L36_DOC2.0_WOC1.0_N3600_F360_R2,U_WPA_L36_DOC2.0_WOC1.0_N3600_F360,2,1,0.08333333333333333,0.0734734358995357
5,1,1,23,all40,120,40,30,10,0.1,MRDS projected,initializer,12,10,2,2,10,49,65,S_WPB_L56_DOC0.5_WOC1.0_N2700_F270_R2,S_WPB_L56_DOC0.5_WOC1.0_N2700_F270,2,0,0.03333333333333333,0.09340431322484243
5,1,1,23,all40,120,40,30,10,0.1,MRDS projected,initializer,12,10,2,2,11,105,141,U_WPB_L56_DOC3.0_WOC1.0_N1800_F180_R2,U_WPB_L56_DOC3.0_WOC1.0_N1800_F180,2,1,0.21666666666666667,0.1348516363310619
5,1,1,23,all40,120,40,30,10,0.1,MRDS projected,initializer,12,10,2,2,12,8,16,S_WPA_L36_DOC1.0_WOC1.0_N2700_F270_R1,S_WPA_L36_DOC1.0_WOC1.0_N2700_F270,1,0,0.15833333333333333,0.12687305695613757
5,1,1,23,all40,120,40,30,10,0.1,MRDS-IS-R (proposed),same-objective one-swap refinement,12,11,1,2,1,5,13,S_WPA_L36_DOC1.0_WOC1.0_N1800_F180_R2,S_WPA_L36_DOC1.0_WOC1.0_N1800_F180,2,0,0.43333333333333335,0.15943502530892778
5,1,1,23,all40,120,40,30,10,0.1,MRDS-IS-R (proposed),same-objective one-swap refinement,12,11,1,2,2,8,16,S_WPA_L36_DOC1.0_WOC1.0_N2700_F270_R1,S_WPA_L36_DOC1.0_WOC1.0_N2700_F270,1,0,0.15833333333333333,0.14234340046544983
5,1,1,23,all40,120,40,30,10,0.1,MRDS-IS-R (proposed),same-objective one-swap refinement,12,11,1,2,3,49,65,S_WPB_L56_DOC0.5_WOC1.0_N2700_F270_R2,S_WPB_L56_DOC0.5_WOC1.0_N2700_F270,2,0,0.03333333333333333,0.09533300119418782
5,1,1,23,all40,120,40,30,10,0.1,MRDS-IS-R (proposed),same-objective one-swap refinement,12,11,1,2,4,52,68,S_WPB_L56_DOC0.5_WOC1.0_N3600_F360_R1,S_WPB_L56_DOC0.5_WOC1.0_N3600_F360,1,0,0.016666666666666666,0.04622311436281506
5,1,1,23,all40,120,40,30,10,0.1,MRDS-IS-R (proposed),same-objective one-swap refinement,12,11,1,2,5,69,89,S_WPB_L56_DOC1.0_WOC2.0_N2700_F270_R2,S_WPB_L56_DOC1.0_WOC2.0_N2700_F270,2,0,0.008333333333333333,0.049275020905124166
5,1,1,23,all40,120,40,30,10,0.1,MRDS-IS-R (proposed),same-objective one-swap refinement,12,11,1,2,6,72,96,S_WPB_L56_DOC1.5_WOC1.0_N2700_F270_R1,S_WPB_L56_DOC1.5_WOC1.0_N2700_F270,1,0,0.008333333333333333,0.05018266405004235
5,1,1,23,all40,120,40,30,10,0.1,MRDS-IS-R (proposed),same-objective one-swap refinement,12,11,1,2,7,81,109,U_WPA_L36_DOC2.0_WOC1.0_N3600_F360_R2,U_WPA_L36_DOC2.0_WOC1.0_N3600_F360,2,1,0.06666666666666667,0.06851056324372869
5,1,1,23,all40,120,40,30,10,0.1,MRDS-IS-R (proposed),same-objective one-swap refinement,12,11,1,2,8,88,116,U_WPA_L36_DOC3.0_WOC1.0_N3600_F360_R1,U_WPA_L36_DOC3.0_WOC1.0_N3600_F360,1,1,0.008333333333333333,0.04890410099712521
5,1,1,23,all40,120,40,30,10,0.1,MRDS-IS-R (proposed),same-objective one-swap refinement,12,11,1,2,9,89,117,U_WPA_L36_DOC3.0_WOC1.0_N3600_F360_R2,U_WPA_L36_DOC3.0_WOC1.0_N3600_F360,2,1,0.008333333333333333,0.04925041245703695
5,1,1,23,all40,120,40,30,10,0.1,MRDS-IS-R (proposed),same-objective one-swap refinement,12,11,1,2,10,103,135,U_WPB_L56_DOC2.0_WOC1.0_N3600_F360_R4,U_WPB_L56_DOC2.0_WOC1.0_N3600_F360,4,1,0.16666666666666666,0.0701684556256635
5,1,1,23,all40,120,40,30,10,0.1,MRDS-IS-R (proposed),same-objective one-swap refinement,12,11,1,2,11,105,141,U_WPB_L56_DOC3.0_WOC1.0_N1800_F180_R2,U_WPB_L56_DOC3.0_WOC1.0_N1800_F180,2,1,0.075,0.15485665980677152
5,1,1,23,all40,120,40,30,10,0.1,MRDS-IS-R (proposed),same-objective one-swap refinement,12,11,1,2,12,112,152,U_WPB_L56_DOC4.0_WOC2.0_N2700_F270_R1,U_WPB_L56_DOC4.0_WOC2.0_N2700_F270,1,1,0.016666666666666666,0.06551758158312718
5,1,1,23,all40,120,40,30,10,0.1,Best-of-starts-R (diagnostic only),diagnostic oracle over supplied starts; winner=W2-KMedoids,12,8,4,3,1,8,16,S_WPA_L36_DOC1.0_WOC1.0_N2700_F270_R1,S_WPA_L36_DOC1.0_WOC1.0_N2700_F270,1,0,0.15,0.13181925257275587
5,1,1,23,all40,120,40,30,10,0.1,Best-of-starts-R (diagnostic only),diagnostic oracle over supplied starts; winner=W2-KMedoids,12,8,4,3,2,19,27,S_WPA_L36_DOC1.0_WOC2.0_N2700_F270_R4,S_WPA_L36_DOC1.0_WOC2.0_N2700_F270,4,0,0.10833333333333334,0.07306522117860473
5,1,1,23,all40,120,40,30,10,0.1,Best-of-starts-R (diagnostic only),diagnostic oracle over supplied starts; winner=W2-KMedoids,12,8,4,3,3,21,33,S_WPA_L36_DOC1.5_WOC1.0_N3600_F360_R2,S_WPA_L36_DOC1.5_WOC1.0_N3600_F360,2,0,0.19166666666666668,0.12121623436588516
5,1,1,23,all40,120,40,30,10,0.1,Best-of-starts-R (diagnostic only),diagnostic oracle over supplied starts; winner=W2-KMedoids,12,8,4,3,4,48,64,S_WPB_L56_DOC0.5_WOC1.0_N2700_F270_R1,S_WPB_L56_DOC0.5_WOC1.0_N2700_F270,1,0,0.03333333333333333,0.08281871215570058
5,1,1,23,all40,120,40,30,10,0.1,Best-of-starts-R (diagnostic only),diagnostic oracle over supplied starts; winner=W2-KMedoids,12,8,4,3,5,69,89,S_WPB_L56_DOC1.0_WOC2.0_N2700_F270_R2,S_WPB_L56_DOC1.0_WOC2.0_N2700_F270,2,0,0.008333333333333333,0.054921166836149234
5,1,1,23,all40,120,40,30,10,0.1,Best-of-starts-R (diagnostic only),diagnostic oracle over supplied starts; winner=W2-KMedoids,12,8,4,3,6,70,90,S_WPB_L56_DOC1.0_WOC2.0_N2700_F270_R3,S_WPB_L56_DOC1.0_WOC2.0_N2700_F270,3,0,0.016666666666666666,0.05325226640518125
5,1,1,23,all40,120,40,30,10,0.1,Best-of-starts-R (diagnostic only),diagnostic oracle over supplied starts; winner=W2-KMedoids,12,8,4,3,7,71,91,S_WPB_L56_DOC1.0_WOC2.0_N2700_F270_R4,S_WPB_L56_DOC1.0_WOC2.0_N2700_F270,4,0,0.175,0.10954182038391665
5,1,1,23,all40,120,40,30,10,0.1,Best-of-starts-R (diagnostic only),diagnostic oracle over supplied starts; winner=W2-KMedoids,12,8,4,3,8,88,116,U_WPA_L36_DOC3.0_WOC1.0_N3600_F360_R1,U_WPA_L36_DOC3.0_WOC1.0_N3600_F360,1,1,0.008333333333333333,0.05466455102451033
5,1,1,23,all40,120,40,30,10,0.1,Best-of-starts-R (diagnostic only),diagnostic oracle over supplied starts; winner=W2-KMedoids,12,8,4,3,9,89,117,U_WPA_L36_DOC3.0_WOC1.0_N3600_F360_R2,U_WPA_L36_DOC3.0_WOC1.0_N3600_F360,2,1,0.008333333333333333,0.05491587262269143
5,1,1,23,all40,120,40,30,10,0.1,Best-of-starts-R (diagnostic only),diagnostic oracle over supplied starts; winner=W2-KMedoids,12,8,4,3,10,91,119,U_WPA_L36_DOC3.0_WOC1.0_N3600_F360_R4,U_WPA_L36_DOC3.0_WOC1.0_N3600_F360,4,1,0.09166666666666666,0.07765688350432233
5,1,1,23,all40,120,40,30,10,0.1,Best-of-starts-R (diagnostic only),diagnostic oracle over supplied starts; winner=W2-KMedoids,12,8,4,3,11,111,147,U_WPB_L56_DOC3.0_WOC1.0_N3600_F360_R4,U_WPB_L56_DOC3.0_WOC1.0_N3600_F360,4,1,0.14166666666666666,0.0923718752923923
5,1,1,23,all40,120,40,30,10,0.1,Best-of-starts-R (diagnostic only),diagnostic oracle over supplied starts; winner=W2-KMedoids,12,8,4,3,12,115,155,U_WPB_L56_DOC4.0_WOC2.0_N2700_F270_R4,U_WPB_L56_DOC4.0_WOC2.0_N2700_F270,4,1,0.06666666666666667,0.09375614365789019
6,1,2,23,all40,120,40,30,10,0.1,Random,initializer,12,8,4,3,1,3,3,S_WPA_L36_DOC0.5_WOC1.0_N2700_F270_R4,S_WPA_L36_DOC0.5_WOC1.0_N2700_F270,4,0,0.025,3.641127982723918e-07
6,1,2,23,all40,120,40,30,10,0.1,Random,initializer,12,8,4,3,2,13,17,S_WPA_L36_DOC1.0_WOC1.0_N2700_F270_R2,S_WPA_L36_DOC1.0_WOC1.0_N2700_F270,2,0,0.09166666666666666,6.824521584760033e-08
6,1,2,23,all40,120,40,30,10,0.1,Random,initializer,12,8,4,3,3,14,18,S_WPA_L36_DOC1.0_WOC1.0_N2700_F270_R3,S_WPA_L36_DOC1.0_WOC1.0_N2700_F270,3,0,0.058333333333333334,4.3483542504602256e-08
6,1,2,23,all40,120,40,30,10,0.1,Random,initializer,12,8,4,3,4,29,41,S_WPA_L36_DOC2.0_WOC1.0_N1800_F180_R2,S_WPA_L36_DOC2.0_WOC1.0_N1800_F180,2,0,0.025,0.9998465244933491
6,1,2,23,all40,120,40,30,10,0.1,Random,initializer,12,8,4,3,5,46,62,S_WPB_L56_DOC0.5_WOC1.0_N1800_F180_R3,S_WPB_L56_DOC0.5_WOC1.0_N1800_F180,3,0,0.20833333333333334,1.2240690550408882e-08
6,1,2,23,all40,120,40,30,10,0.1,Random,initializer,12,8,4,3,6,69,93,S_WPB_L56_DOC1.5_WOC1.0_N1800_F180_R2,S_WPB_L56_DOC1.5_WOC1.0_N1800_F180,2,0,0.06666666666666667,7.225548200670567e-09
6,1,2,23,all40,120,40,30,10,0.1,Random,initializer,12,8,4,3,7,71,95,S_WPB_L56_DOC1.5_WOC1.0_N1800_F180_R4,S_WPB_L56_DOC1.5_WOC1.0_N1800_F180,4,0,0.08333333333333333,7.624615541687347e-09
6,1,2,23,all40,120,40,30,10,0.1,Random,initializer,12,8,4,3,8,76,104,S_WPB_L56_DOC1.5_WOC2.0_N2700_F270_R1,S_WPB_L56_DOC1.5_WOC2.0_N2700_F270,1,0,0.016666666666666666,1.3402320712807212e-05
6,1,2,23,all40,120,40,30,10,0.1,Random,initializer,12,8,4,3,9,77,105,S_WPB_L56_DOC1.5_WOC2.0_N2700_F270_R2,S_WPB_L56_DOC1.5_WOC2.0_N2700_F270,2,0,0.05,0.00013793650682511664
6,1,2,23,all40,120,40,30,10,0.1,Random,initializer,12,8,4,3,10,78,106,S_WPB_L56_DOC1.5_WOC2.0_N2700_F270_R3,S_WPB_L56_DOC1.5_WOC2.0_N2700_F270,3,0,0.05,1.2327654148733915e-06
6,1,2,23,all40,120,40,30,10,0.1,Random,initializer,12,8,4,3,11,102,138,U_WPB_L56_DOC2.0_WOC2.0_N2700_F270_R3,U_WPB_L56_DOC2.0_WOC2.0_N2700_F270,3,1,0.2833333333333333,1.993830636153931e-07
6,1,2,23,all40,120,40,30,10,0.1,Random,initializer,12,8,4,3,12,116,156,U_WPB_L56_DOC6.0_WOC1.0_N2700_F270_R1,U_WPB_L56_DOC6.0_WOC1.0_N2700_F270,1,1,0.041666666666666664,2.0159822355531365e-07
6,1,2,23,all40,120,40,30,10,0.1,Random-R,same-objective one-swap refinement,12,8,4,3,1,3,3,S_WPA_L36_DOC0.5_WOC1.0_N2700_F270_R4,S_WPA_L36_DOC0.5_WOC1.0_N2700_F270,4,0,0.025,3.3329092560440756e-05
6,1,2,23,all40,120,40,30,10,0.1,Random-R,same-objective one-swap refinement,12,8,4,3,2,13,17,S_WPA_L36_DOC1.0_WOC1.0_N2700_F270_R2,S_WPA_L36_DOC1.0_WOC1.0_N2700_F270,2,0,0.09166666666666666,1.0590153841427687e-05
6,1,2,23,all40,120,40,30,10,0.1,Random-R,same-objective one-swap refinement,12,8,4,3,3,14,18,S_WPA_L36_DOC1.0_WOC1.0_N2700_F270_R3,S_WPA_L36_DOC1.0_WOC1.0_N2700_F270,3,0,0.058333333333333334,5.892957604562975e-06
6,1,2,23,all40,120,40,30,10,0.1,Random-R,same-objective one-swap refinement,12,8,4,3,4,29,41,S_WPA_L36_DOC2.0_WOC1.0_N1800_F180_R2,S_WPA_L36_DOC2.0_WOC1.0_N1800_F180,2,0,0.025,0.0024441955237090134
6,1,2,23,all40,120,40,30,10,0.1,Random-R,same-objective one-swap refinement,12,8,4,3,5,46,62,S_WPB_L56_DOC0.5_WOC1.0_N1800_F180_R3,S_WPB_L56_DOC0.5_WOC1.0_N1800_F180,3,0,0.275,3.327038288283523e-09
6,1,2,23,all40,120,40,30,10,0.1,Random-R,same-objective one-swap refinement,12,8,4,3,6,69,93,S_WPB_L56_DOC1.5_WOC1.0_N1800_F180_R2,S_WPB_L56_DOC1.5_WOC1.0_N1800_F180,2,0,0.06666666666666667,4.648710716755847e-09
6,1,2,23,all40,120,40,30,10,0.1,Random-R,same-objective one-swap refinement,12,8,4,3,7,71,95,S_WPB_L56_DOC1.5_WOC1.0_N1800_F180_R4,S_WPB_L56_DOC1.5_WOC1.0_N1800_F180,4,0,0.08333333333333333,5.115574230719183e-09
6,1,2,23,all40,120,40,30,10,0.1,Random-R,same-objective one-swap refinement,12,8,4,3,8,76,104,S_WPB_L56_DOC1.5_WOC2.0_N2700_F270_R1,S_WPB_L56_DOC1.5_WOC2.0_N2700_F270,1,0,0.016666666666666666,2.8907076611661733e-06
6,1,2,23,all40,120,40,30,10,0.1,Random-R,same-objective one-swap refinement,12,8,4,3,9,77,105,S_WPB_L56_DOC1.5_WOC2.0_N2700_F270_R2,S_WPB_L56_DOC1.5_WOC2.0_N2700_F270,2,0,0.025,5.2462595463893255e-05
6,1,2,23,all40,120,40,30,10,0.1,Random-R,same-objective one-swap refinement,12,8,4,3,10,78,106,S_WPB_L56_DOC1.5_WOC2.0_N2700_F270_R3,S_WPB_L56_DOC1.5_WOC2.0_N2700_F270,3,0,0.05,1.918873940222689e-07
6,1,2,23,all40,120,40,30,10,0.1,Random-R,same-objective one-swap refinement,12,8,4,3,11,85,117,U_WPA_L36_DOC3.0_WOC1.0_N3600_F360_R2,U_WPA_L36_DOC3.0_WOC1.0_N3600_F360,2,1,0.025,0.9974458849756767
6,1,2,23,all40,120,40,30,10,0.1,Random-R,same-objective one-swap refinement,12,8,4,3,12,116,156,U_WPB_L56_DOC6.0_WOC1.0_N2700_F270_R1,U_WPB_L56_DOC6.0_WOC1.0_N2700_F270,1,1,0.25833333333333336,4.549014765568744e-06
6,1,2,23,all40,120,40,30,10,0.1,FacilityLocation,initializer,12,9,3,3,1,25,37,S_WPA_L36_DOC1.5_WOC2.0_N2700_F270_R2,S_WPA_L36_DOC1.5_WOC2.0_N2700_F270,2,0,0.3,0.12867576788457916
6,1,2,23,all40,120,40,30,10,0.1,FacilityLocation,initializer,12,9,3,3,2,106,146,U_WPB_L56_DOC3.0_WOC1.0_N3600_F360_R3,U_WPB_L56_DOC3.0_WOC1.0_N3600_F360,3,1,0.09166666666666666,0.08119477426918914
6,1,2,23,all40,120,40,30,10,0.1,FacilityLocation,initializer,12,9,3,3,3,12,16,S_WPA_L36_DOC1.0_WOC1.0_N2700_F270_R1,S_WPA_L36_DOC1.0_WOC1.0_N2700_F270,1,0,0.15833333333333333,0.12781760050562874
6,1,2,23,all40,120,40,30,10,0.1,FacilityLocation,initializer,12,9,3,3,4,67,91,S_WPB_L56_DOC1.0_WOC2.0_N2700_F270_R4,S_WPB_L56_DOC1.0_WOC2.0_N2700_F270,4,0,0.18333333333333332,0.14005279187484568
6,1,2,23,all40,120,40,30,10,0.1,FacilityLocation,initializer,12,9,3,3,5,82,110,U_WPA_L36_DOC2.0_WOC1.0_N3600_F360_R3,U_WPA_L36_DOC2.0_WOC1.0_N3600_F360,3,1,0.05,0.054579246688559534
6,1,2,23,all40,120,40,30,10,0.1,FacilityLocation,initializer,12,9,3,3,6,115,155,U_WPB_L56_DOC4.0_WOC2.0_N2700_F270_R4,U_WPB_L56_DOC4.0_WOC2.0_N2700_F270,4,1,0.15833333333333333,0.08409150877812033
6,1,2,23,all40,120,40,30,10,0.1,FacilityLocation,initializer,12,9,3,3,7,66,90,S_WPB_L56_DOC1.0_WOC2.0_N2700_F270_R3,S_WPB_L56_DOC1.0_WOC2.0_N2700_F270,3,0,0.016666666666666666,0.06415636471740273
6,1,2,23,all40,120,40,30,10,0.1,FacilityLocation,initializer,12,9,3,3,8,29,41,S_WPA_L36_DOC2.0_WOC1.0_N1800_F180_R2,S_WPA_L36_DOC2.0_WOC1.0_N1800_F180,2,0,0.008333333333333333,0.06372857790821933
6,1,2,23,all40,120,40,30,10,0.1,FacilityLocation,initializer,12,9,3,3,9,72,100,S_WPB_L56_DOC1.5_WOC1.0_N3600_F360_R1,S_WPB_L56_DOC1.5_WOC1.0_N3600_F360,1,0,0.008333333333333333,0.0640000529358471
6,1,2,23,all40,120,40,30,10,0.1,FacilityLocation,initializer,12,9,3,3,10,85,117,U_WPA_L36_DOC3.0_WOC1.0_N3600_F360_R2,U_WPA_L36_DOC3.0_WOC1.0_N3600_F360,2,1,0.008333333333333333,0.06399688501185609
6,1,2,23,all40,120,40,30,10,0.1,FacilityLocation,initializer,12,9,3,3,11,84,116,U_WPA_L36_DOC3.0_WOC1.0_N3600_F360_R1,U_WPA_L36_DOC3.0_WOC1.0_N3600_F360,1,1,0.008333333333333333,0.06397785151753295
6,1,2,23,all40,120,40,30,10,0.1,FacilityLocation,initializer,12,9,3,3,12,65,89,S_WPB_L56_DOC1.0_WOC2.0_N2700_F270_R2,S_WPB_L56_DOC1.0_WOC2.0_N2700_F270,2,0,0.008333333333333333,0.06372857790821933
6,1,2,23,all40,120,40,30,10,0.1,FacilityLocation-R,same-objective one-swap refinement,12,9,3,3,1,12,16,S_WPA_L36_DOC1.0_WOC1.0_N2700_F270_R1,S_WPA_L36_DOC1.0_WOC1.0_N2700_F270,1,0,0.15833333333333333,0.13728164725140887
6,1,2,23,all40,120,40,30,10,0.1,FacilityLocation-R,same-objective one-swap refinement,12,9,3,3,2,25,37,S_WPA_L36_DOC1.5_WOC2.0_N2700_F270_R2,S_WPA_L36_DOC1.5_WOC2.0_N2700_F270,2,0,0.23333333333333334,0.14175116366255539
6,1,2,23,all40,120,40,30,10,0.1,FacilityLocation-R,same-objective one-swap refinement,12,9,3,3,3,31,43,S_WPA_L36_DOC2.0_WOC1.0_N1800_F180_R4,S_WPA_L36_DOC2.0_WOC1.0_N1800_F180,4,0,0.075,0.06960095429980832
6,1,2,23,all40,120,40,30,10,0.1,FacilityLocation-R,same-objective one-swap refinement,12,9,3,3,4,65,89,S_WPB_L56_DOC1.0_WOC2.0_N2700_F270_R2,S_WPB_L56_DOC1.0_WOC2.0_N2700_F270,2,0,0.016666666666666666,0.05951793788900192
6,1,2,23,all40,120,40,30,10,0.1,FacilityLocation-R,same-objective one-swap refinement,12,9,3,3,5,66,90,S_WPB_L56_DOC1.0_WOC2.0_N2700_F270_R3,S_WPB_L56_DOC1.0_WOC2.0_N2700_F270,3,0,0.016666666666666666,0.05404172183444813
6,1,2,23,all40,120,40,30,10,0.1,FacilityLocation-R,same-objective one-swap refinement,12,9,3,3,6,67,91,S_WPB_L56_DOC1.0_WOC2.0_N2700_F270_R4,S_WPB_L56_DOC1.0_WOC2.0_N2700_F270,4,0,0.175,0.14967615508435778
6,1,2,23,all40,120,40,30,10,0.1,FacilityLocation-R,same-objective one-swap refinement,12,9,3,3,7,72,100,S_WPB_L56_DOC1.5_WOC1.0_N3600_F360_R1,S_WPB_L56_DOC1.5_WOC1.0_N3600_F360,1,0,0.008333333333333333,0.052545197261665795
6,1,2,23,all40,120,40,30,10,0.1,FacilityLocation-R,same-objective one-swap refinement,12,9,3,3,8,82,110,U_WPA_L36_DOC2.0_WOC1.0_N3600_F360_R3,U_WPA_L36_DOC2.0_WOC1.0_N3600_F360,3,1,0.05,0.052530519936960895
6,1,2,23,all40,120,40,30,10,0.1,FacilityLocation-R,same-objective one-swap refinement,12,9,3,3,9,84,116,U_WPA_L36_DOC3.0_WOC1.0_N3600_F360_R1,U_WPA_L36_DOC3.0_WOC1.0_N3600_F360,1,1,0.008333333333333333,0.05253194631647359
6,1,2,23,all40,120,40,30,10,0.1,FacilityLocation-R,same-objective one-swap refinement,12,9,3,3,10,85,117,U_WPA_L36_DOC3.0_WOC1.0_N3600_F360_R2,U_WPA_L36_DOC3.0_WOC1.0_N3600_F360,2,1,0.008333333333333333,0.052542640029909826
6,1,2,23,all40,120,40,30,10,0.1,FacilityLocation-R,same-objective one-swap refinement,12,9,3,3,11,106,146,U_WPB_L56_DOC3.0_WOC1.0_N3600_F360_R3,U_WPB_L56_DOC3.0_WOC1.0_N3600_F360,3,1,0.09166666666666666,0.08724206475667078
6,1,2,23,all40,120,40,30,10,0.1,FacilityLocation-R,same-objective one-swap refinement,12,9,3,3,12,115,155,U_WPB_L56_DOC4.0_WOC2.0_N2700_F270_R4,U_WPB_L56_DOC4.0_WOC2.0_N2700_F270,4,1,0.15833333333333333,0.09073805167673855
6,1,2,23,all40,120,40,30,10,0.1,W2-KMedoids,initializer,12,10,2,2,1,12,16,S_WPA_L36_DOC1.0_WOC1.0_N2700_F270_R1,S_WPA_L36_DOC1.0_WOC1.0_N2700_F270,1,0,0.16666666666666666,0.11297958140788188
6,1,2,23,all40,120,40,30,10,0.1,W2-KMedoids,initializer,12,10,2,2,2,19,23,S_WPA_L36_DOC1.0_WOC1.0_N3600_F360_R4,S_WPA_L36_DOC1.0_WOC1.0_N3600_F360,4,0,0.24166666666666667,0.10836679232377942
6,1,2,23,all40,120,40,30,10,0.1,W2-KMedoids,initializer,12,10,2,2,3,21,29,S_WPA_L36_DOC1.5_WOC1.0_N1800_F180_R2,S_WPA_L36_DOC1.5_WOC1.0_N1800_F180,2,0,0.05,0.09489602068818254
6,1,2,23,all40,120,40,30,10,0.1,W2-KMedoids,initializer,12,10,2,2,4,29,41,S_WPA_L36_DOC2.0_WOC1.0_N1800_F180_R2,S_WPA_L36_DOC2.0_WOC1.0_N1800_F180,2,0,0.008333333333333333,0.06404411348382924
6,1,2,23,all40,120,40,30,10,0.1,W2-KMedoids,initializer,12,10,2,2,5,54,74,S_WPB_L56_DOC0.5_WOC2.0_N2700_F270_R3,S_WPB_L56_DOC0.5_WOC2.0_N2700_F270,3,0,0.175,0.10802079024451079
6,1,2,23,all40,120,40,30,10,0.1,W2-KMedoids,initializer,12,10,2,2,6,65,89,S_WPB_L56_DOC1.0_WOC2.0_N2700_F270_R2,S_WPB_L56_DOC1.0_WOC2.0_N2700_F270,2,0,0.008333333333333333,0.06404411348382924
6,1,2,23,all40,120,40,30,10,0.1,W2-KMedoids,initializer,12,10,2,2,7,66,90,S_WPB_L56_DOC1.0_WOC2.0_N2700_F270_R3,S_WPB_L56_DOC1.0_WOC2.0_N2700_F270,3,0,0.016666666666666666,0.06448790323421791
6,1,2,23,all40,120,40,30,10,0.1,W2-KMedoids,initializer,12,10,2,2,8,72,100,S_WPB_L56_DOC1.5_WOC1.0_N3600_F360_R1,S_WPB_L56_DOC1.5_WOC1.0_N3600_F360,1,0,0.008333333333333333,0.06431382069974259
6,1,2,23,all40,120,40,30,10,0.1,W2-KMedoids,initializer,12,10,2,2,9,82,110,U_WPA_L36_DOC2.0_WOC1.0_N3600_F360_R3,U_WPA_L36_DOC2.0_WOC1.0_N3600_F360,3,1,0.05,0.06083133114527777
6,1,2,23,all40,120,40,30,10,0.1,W2-KMedoids,initializer,12,10,2,2,10,84,116,U_WPA_L36_DOC3.0_WOC1.0_N3600_F360_R1,U_WPA_L36_DOC3.0_WOC1.0_N3600_F360,1,1,0.008333333333333333,0.06429204612900086
6,1,2,23,all40,120,40,30,10,0.1,W2-KMedoids,initializer,12,10,2,2,11,85,117,U_WPA_L36_DOC3.0_WOC1.0_N3600_F360_R2,U_WPA_L36_DOC3.0_WOC1.0_N3600_F360,2,1,0.008333333333333333,0.06431095830270561
6,1,2,23,all40,120,40,30,10,0.1,W2-KMedoids,initializer,12,10,2,2,12,103,139,U_WPB_L56_DOC2.0_WOC2.0_N2700_F270_R4,U_WPB_L56_DOC2.0_WOC2.0_N2700_F270,4,1,0.25833333333333336,0.12941252885704213
6,1,2,23,all40,120,40,30,10,0.1,W2-KMedoids-R,same-objective one-swap refinement,12,10,2,2,1,12,16,S_WPA_L36_DOC1.0_WOC1.0_N2700_F270_R1,S_WPA_L36_DOC1.0_WOC1.0_N2700_F270,1,0,0.16666666666666666,0.1267512306073864
6,1,2,23,all40,120,40,30,10,0.1,W2-KMedoids-R,same-objective one-swap refinement,12,10,2,2,2,19,23,S_WPA_L36_DOC1.0_WOC1.0_N3600_F360_R4,S_WPA_L36_DOC1.0_WOC1.0_N3600_F360,4,0,0.24166666666666667,0.12116458172839324
6,1,2,23,all40,120,40,30,10,0.1,W2-KMedoids-R,same-objective one-swap refinement,12,10,2,2,3,21,29,S_WPA_L36_DOC1.5_WOC1.0_N1800_F180_R2,S_WPA_L36_DOC1.5_WOC1.0_N1800_F180,2,0,0.05,0.10048750128987634
6,1,2,23,all40,120,40,30,10,0.1,W2-KMedoids-R,same-objective one-swap refinement,12,10,2,2,4,54,74,S_WPB_L56_DOC0.5_WOC2.0_N2700_F270_R3,S_WPB_L56_DOC0.5_WOC2.0_N2700_F270,3,0,0.175,0.1251096137759792
6,1,2,23,all40,120,40,30,10,0.1,W2-KMedoids-R,same-objective one-swap refinement,12,10,2,2,5,65,89,S_WPB_L56_DOC1.0_WOC2.0_N2700_F270_R2,S_WPB_L56_DOC1.0_WOC2.0_N2700_F270,2,0,0.016666666666666666,0.05977461757172609
6,1,2,23,all40,120,40,30,10,0.1,W2-KMedoids-R,same-objective one-swap refinement,12,10,2,2,6,66,90,S_WPB_L56_DOC1.0_WOC2.0_N2700_F270_R3,S_WPB_L56_DOC1.0_WOC2.0_N2700_F270,3,0,0.016666666666666666,0.0543191124095914
6,1,2,23,all40,120,40,30,10,0.1,W2-KMedoids-R,same-objective one-swap refinement,12,10,2,2,7,72,100,S_WPB_L56_DOC1.5_WOC1.0_N3600_F360_R1,S_WPB_L56_DOC1.5_WOC1.0_N3600_F360,1,0,0.008333333333333333,0.0528150987134931
6,1,2,23,all40,120,40,30,10,0.1,W2-KMedoids-R,same-objective one-swap refinement,12,10,2,2,8,82,110,U_WPA_L36_DOC2.0_WOC1.0_N3600_F360_R3,U_WPA_L36_DOC2.0_WOC1.0_N3600_F360,3,1,0.05,0.05231564694720663
6,1,2,23,all40,120,40,30,10,0.1,W2-KMedoids-R,same-objective one-swap refinement,12,10,2,2,9,84,116,U_WPA_L36_DOC3.0_WOC1.0_N3600_F360_R1,U_WPA_L36_DOC3.0_WOC1.0_N3600_F360,1,1,0.008333333333333333,0.0528020380475633
6,1,2,23,all40,120,40,30,10,0.1,W2-KMedoids-R,same-objective one-swap refinement,12,10,2,2,10,85,117,U_WPA_L36_DOC3.0_WOC1.0_N3600_F360_R2,U_WPA_L36_DOC3.0_WOC1.0_N3600_F360,2,1,0.008333333333333333,0.05281222482546618
6,1,2,23,all40,120,40,30,10,0.1,W2-KMedoids-R,same-objective one-swap refinement,12,10,2,2,11,103,139,U_WPB_L56_DOC2.0_WOC2.0_N2700_F270_R4,U_WPB_L56_DOC2.0_WOC2.0_N2700_F270,4,1,0.18333333333333332,0.13607028654860126
6,1,2,23,all40,120,40,30,10,0.1,W2-KMedoids-R,same-objective one-swap refinement,12,10,2,2,12,114,154,U_WPB_L56_DOC4.0_WOC2.0_N2700_F270_R3,U_WPB_L56_DOC4.0_WOC2.0_N2700_F270,3,1,0.075,0.0655780475347169
6,1,2,23,all40,120,40,30,10,0.1,MRDS projected,initializer,12,10,2,2,1,4,4,S_WPA_L36_DOC0.5_WOC1.0_N3600_F360_R1,S_WPA_L36_DOC0.5_WOC1.0_N3600_F360,1,0,0.6333333333333333,0.28443797408131327
6,1,2,23,all40,120,40,30,10,0.1,MRDS projected,initializer,12,10,2,2,2,72,100,S_WPB_L56_DOC1.5_WOC1.0_N3600_F360_R1,S_WPB_L56_DOC1.5_WOC1.0_N3600_F360,1,0,0.008333333333333333,0.05733458144495413
6,1,2,23,all40,120,40,30,10,0.1,MRDS projected,initializer,12,10,2,2,3,29,41,S_WPA_L36_DOC2.0_WOC1.0_N1800_F180_R2,S_WPA_L36_DOC2.0_WOC1.0_N1800_F180,2,0,0.008333333333333333,0.057007603127061025
6,1,2,23,all40,120,40,30,10,0.1,MRDS projected,initializer,12,10,2,2,4,84,116,U_WPA_L36_DOC3.0_WOC1.0_N3600_F360_R1,U_WPA_L36_DOC3.0_WOC1.0_N3600_F360,1,1,0.008333333333333333,0.057285019239230316
6,1,2,23,all40,120,40,30,10,0.1,MRDS projected,initializer,12,10,2,2,5,85,117,U_WPA_L36_DOC3.0_WOC1.0_N3600_F360_R2,U_WPA_L36_DOC3.0_WOC1.0_N3600_F360,2,1,0.008333333333333333,0.057330554331676366
6,1,2,23,all40,120,40,30,10,0.1,MRDS projected,initializer,12,10,2,2,6,48,68,S_WPB_L56_DOC0.5_WOC1.0_N3600_F360_R1,S_WPB_L56_DOC0.5_WOC1.0_N3600_F360,1,0,0.008333333333333333,0.05602953257479732
6,1,2,23,all40,120,40,30,10,0.1,MRDS projected,initializer,12,10,2,2,7,65,89,S_WPB_L56_DOC1.0_WOC2.0_N2700_F270_R2,S_WPB_L56_DOC1.0_WOC2.0_N2700_F270,2,0,0.008333333333333333,0.057007603127061025
6,1,2,23,all40,120,40,30,10,0.1,MRDS projected,initializer,12,10,2,2,8,66,90,S_WPB_L56_DOC1.0_WOC2.0_N2700_F270_R3,S_WPB_L56_DOC1.0_WOC2.0_N2700_F270,3,0,0.008333333333333333,0.05601883856546631
6,1,2,23,all40,120,40,30,10,0.1,MRDS projected,initializer,12,10,2,2,9,112,152,U_WPB_L56_DOC4.0_WOC2.0_N2700_F270_R1,U_WPB_L56_DOC4.0_WOC2.0_N2700_F270,1,1,0.016666666666666666,0.0610110925829551
6,1,2,23,all40,120,40,30,10,0.1,MRDS projected,initializer,12,10,2,2,10,81,109,U_WPA_L36_DOC2.0_WOC1.0_N3600_F360_R2,U_WPA_L36_DOC2.0_WOC1.0_N3600_F360,2,1,0.05,0.056034681438206946
6,1,2,23,all40,120,40,30,10,0.1,MRDS projected,initializer,12,10,2,2,11,15,19,S_WPA_L36_DOC1.0_WOC1.0_N2700_F270_R4,S_WPA_L36_DOC1.0_WOC1.0_N2700_F270,4,0,0.16666666666666666,0.12712805221067242
6,1,2,23,all40,120,40,30,10,0.1,MRDS projected,initializer,12,10,2,2,12,110,150,U_WPB_L56_DOC4.0_WOC1.0_N2700_F270_R3,U_WPB_L56_DOC4.0_WOC1.0_N2700_F270,3,1,0.075,0.07337446727660582
6,1,2,23,all40,120,40,30,10,0.1,MRDS-IS-R (proposed),same-objective one-swap refinement,12,11,1,2,1,4,4,S_WPA_L36_DOC0.5_WOC1.0_N3600_F360_R1,S_WPA_L36_DOC0.5_WOC1.0_N3600_F360,1,0,0.44166666666666665,0.33864429922289835
6,1,2,23,all40,120,40,30,10,0.1,MRDS-IS-R (proposed),same-objective one-swap refinement,12,11,1,2,2,15,19,S_WPA_L36_DOC1.0_WOC1.0_N2700_F270_R4,S_WPA_L36_DOC1.0_WOC1.0_N2700_F270,4,0,0.16666666666666666,0.1288674717235782
6,1,2,23,all40,120,40,30,10,0.1,MRDS-IS-R (proposed),same-objective one-swap refinement,12,11,1,2,3,29,41,S_WPA_L36_DOC2.0_WOC1.0_N1800_F180_R2,S_WPA_L36_DOC2.0_WOC1.0_N1800_F180,2,0,0.008333333333333333,0.04525629769749432
6,1,2,23,all40,120,40,30,10,0.1,MRDS-IS-R (proposed),same-objective one-swap refinement,12,11,1,2,4,48,68,S_WPB_L56_DOC0.5_WOC1.0_N3600_F360_R1,S_WPB_L56_DOC0.5_WOC1.0_N3600_F360,1,0,0.016666666666666666,0.04600692491474217
6,1,2,23,all40,120,40,30,10,0.1,MRDS-IS-R (proposed),same-objective one-swap refinement,12,11,1,2,5,65,89,S_WPB_L56_DOC1.0_WOC2.0_N2700_F270_R2,S_WPB_L56_DOC1.0_WOC2.0_N2700_F270,2,0,0.008333333333333333,0.04525629769749432
6,1,2,23,all40,120,40,30,10,0.1,MRDS-IS-R (proposed),same-objective one-swap refinement,12,11,1,2,6,72,100,S_WPB_L56_DOC1.5_WOC1.0_N3600_F360_R1,S_WPB_L56_DOC1.5_WOC1.0_N3600_F360,1,0,0.008333333333333333,0.045683956955132665
6,1,2,23,all40,120,40,30,10,0.1,MRDS-IS-R (proposed),same-objective one-swap refinement,12,11,1,2,7,81,109,U_WPA_L36_DOC2.0_WOC1.0_N3600_F360_R2,U_WPA_L36_DOC2.0_WOC1.0_N3600_F360,2,1,0.05,0.054877558961923825
6,1,2,23,all40,120,40,30,10,0.1,MRDS-IS-R (proposed),same-objective one-swap refinement,12,11,1,2,8,84,116,U_WPA_L36_DOC3.0_WOC1.0_N3600_F360_R1,U_WPA_L36_DOC3.0_WOC1.0_N3600_F360,1,1,0.008333333333333333,0.04566639168829513
6,1,2,23,all40,120,40,30,10,0.1,MRDS-IS-R (proposed),same-objective one-swap refinement,12,11,1,2,9,85,117,U_WPA_L36_DOC3.0_WOC1.0_N3600_F360_R2,U_WPA_L36_DOC3.0_WOC1.0_N3600_F360,2,1,0.008333333333333333,0.04568081786254087
6,1,2,23,all40,120,40,30,10,0.1,MRDS-IS-R (proposed),same-objective one-swap refinement,12,11,1,2,10,92,128,U_WPB_L56_DOC2.0_WOC1.0_N2700_F270_R1,U_WPB_L56_DOC2.0_WOC1.0_N2700_F270,1,1,0.25,0.07034088968079308
6,1,2,23,all40,120,40,30,10,0.1,MRDS-IS-R (proposed),same-objective one-swap refinement,12,11,1,2,11,110,150,U_WPB_L56_DOC4.0_WOC1.0_N2700_F270_R3,U_WPB_L56_DOC4.0_WOC1.0_N2700_F270,3,1,0.016666666666666666,0.07521693097354802
6,1,2,23,all40,120,40,30,10,0.1,MRDS-IS-R (proposed),same-objective one-swap refinement,12,11,1,2,12,112,152,U_WPB_L56_DOC4.0_WOC2.0_N2700_F270_R1,U_WPB_L56_DOC4.0_WOC2.0_N2700_F270,1,1,0.016666666666666666,0.05850216262155889
6,1,2,23,all40,120,40,30,10,0.1,Best-of-starts-R (diagnostic only),diagnostic oracle over supplied starts; winner=FacilityLocation,12,9,3,3,1,12,16,S_WPA_L36_DOC1.0_WOC1.0_N2700_F270_R1,S_WPA_L36_DOC1.0_WOC1.0_N2700_F270,1,0,0.15833333333333333,0.13728164725140887
6,1,2,23,all40,120,40,30,10,0.1,Best-of-starts-R (diagnostic only),diagnostic oracle over supplied starts; winner=FacilityLocation,12,9,3,3,2,25,37,S_WPA_L36_DOC1.5_WOC2.0_N2700_F270_R2,S_WPA_L36_DOC1.5_WOC2.0_N2700_F270,2,0,0.23333333333333334,0.14175116366255539
6,1,2,23,all40,120,40,30,10,0.1,Best-of-starts-R (diagnostic only),diagnostic oracle over supplied starts; winner=FacilityLocation,12,9,3,3,3,31,43,S_WPA_L36_DOC2.0_WOC1.0_N1800_F180_R4,S_WPA_L36_DOC2.0_WOC1.0_N1800_F180,4,0,0.075,0.06960095429980832
6,1,2,23,all40,120,40,30,10,0.1,Best-of-starts-R (diagnostic only),diagnostic oracle over supplied starts; winner=FacilityLocation,12,9,3,3,4,65,89,S_WPB_L56_DOC1.0_WOC2.0_N2700_F270_R2,S_WPB_L56_DOC1.0_WOC2.0_N2700_F270,2,0,0.016666666666666666,0.05951793788900192
6,1,2,23,all40,120,40,30,10,0.1,Best-of-starts-R (diagnostic only),diagnostic oracle over supplied starts; winner=FacilityLocation,12,9,3,3,5,66,90,S_WPB_L56_DOC1.0_WOC2.0_N2700_F270_R3,S_WPB_L56_DOC1.0_WOC2.0_N2700_F270,3,0,0.016666666666666666,0.05404172183444813
6,1,2,23,all40,120,40,30,10,0.1,Best-of-starts-R (diagnostic only),diagnostic oracle over supplied starts; winner=FacilityLocation,12,9,3,3,6,67,91,S_WPB_L56_DOC1.0_WOC2.0_N2700_F270_R4,S_WPB_L56_DOC1.0_WOC2.0_N2700_F270,4,0,0.175,0.14967615508435778
6,1,2,23,all40,120,40,30,10,0.1,Best-of-starts-R (diagnostic only),diagnostic oracle over supplied starts; winner=FacilityLocation,12,9,3,3,7,72,100,S_WPB_L56_DOC1.5_WOC1.0_N3600_F360_R1,S_WPB_L56_DOC1.5_WOC1.0_N3600_F360,1,0,0.008333333333333333,0.052545197261665795
6,1,2,23,all40,120,40,30,10,0.1,Best-of-starts-R (diagnostic only),diagnostic oracle over supplied starts; winner=FacilityLocation,12,9,3,3,8,82,110,U_WPA_L36_DOC2.0_WOC1.0_N3600_F360_R3,U_WPA_L36_DOC2.0_WOC1.0_N3600_F360,3,1,0.05,0.052530519936960895
6,1,2,23,all40,120,40,30,10,0.1,Best-of-starts-R (diagnostic only),diagnostic oracle over supplied starts; winner=FacilityLocation,12,9,3,3,9,84,116,U_WPA_L36_DOC3.0_WOC1.0_N3600_F360_R1,U_WPA_L36_DOC3.0_WOC1.0_N3600_F360,1,1,0.008333333333333333,0.05253194631647359
6,1,2,23,all40,120,40,30,10,0.1,Best-of-starts-R (diagnostic only),diagnostic oracle over supplied starts; winner=FacilityLocation,12,9,3,3,10,85,117,U_WPA_L36_DOC3.0_WOC1.0_N3600_F360_R2,U_WPA_L36_DOC3.0_WOC1.0_N3600_F360,2,1,0.008333333333333333,0.052542640029909826
6,1,2,23,all40,120,40,30,10,0.1,Best-of-starts-R (diagnostic only),diagnostic oracle over supplied starts; winner=FacilityLocation,12,9,3,3,11,106,146,U_WPB_L56_DOC3.0_WOC1.0_N3600_F360_R3,U_WPB_L56_DOC3.0_WOC1.0_N3600_F360,3,1,0.09166666666666666,0.08724206475667078
6,1,2,23,all40,120,40,30,10,0.1,Best-of-starts-R (diagnostic only),diagnostic oracle over supplied starts; winner=FacilityLocation,12,9,3,3,12,115,155,U_WPB_L56_DOC4.0_WOC2.0_N2700_F270_R4,U_WPB_L56_DOC4.0_WOC2.0_N2700_F270,4,1,0.15833333333333333,0.09073805167673855
7,1,3,23,all40,120,40,30,10,0.1,Random,initializer,12,8,4,3,1,3,3,S_WPA_L36_DOC0.5_WOC1.0_N2700_F270_R4,S_WPA_L36_DOC0.5_WOC1.0_N2700_F270,4,0,0.016666666666666666,1.2117184618485353e-32
7,1,3,23,all40,120,40,30,10,0.1,Random,initializer,12,8,4,3,2,13,17,S_WPA_L36_DOC1.0_WOC1.0_N2700_F270_R2,S_WPA_L36_DOC1.0_WOC1.0_N2700_F270,2,0,0.058333333333333334,6.3561791318500855e-37
7,1,3,23,all40,120,40,30,10,0.1,Random,initializer,12,8,4,3,3,14,18,S_WPA_L36_DOC1.0_WOC1.0_N2700_F270_R3,S_WPA_L36_DOC1.0_WOC1.0_N2700_F270,3,0,0.03333333333333333,2.8682912997021886e-38
7,1,3,23,all40,120,40,30,10,0.1,Random,initializer,12,8,4,3,4,29,37,S_WPA_L36_DOC1.5_WOC2.0_N2700_F270_R2,S_WPA_L36_DOC1.5_WOC2.0_N2700_F270,2,0,0.25833333333333336,1.0200559313679581e-51
7,1,3,23,all40,120,40,30,10,0.1,Random,initializer,12,8,4,3,5,46,54,S_WPA_L36_DOC4.0_WOC1.0_N2700_F270_R3,S_WPA_L36_DOC4.0_WOC1.0_N2700_F270,3,0,0.08333333333333333,5.231161968762475e-49
7,1,3,23,all40,120,40,30,10,0.1,Random,initializer,12,8,4,3,6,69,85,S_WPB_L56_DOC1.0_WOC1.0_N3600_F360_R2,S_WPB_L56_DOC1.0_WOC1.0_N3600_F360,2,0,0.08333333333333333,5.694838704526761e-44
7,1,3,23,all40,120,40,30,10,0.1,Random,initializer,12,8,4,3,7,71,87,S_WPB_L56_DOC1.0_WOC1.0_N3600_F360_R4,S_WPB_L56_DOC1.0_WOC1.0_N3600_F360,4,0,0.08333333333333333,1.6523985769992733e-44
7,1,3,23,all40,120,40,30,10,0.1,Random,initializer,12,8,4,3,8,76,96,S_WPB_L56_DOC1.5_WOC1.0_N2700_F270_R1,S_WPB_L56_DOC1.5_WOC1.0_N2700_F270,1,0,0.03333333333333333,1.0
7,1,3,23,all40,120,40,30,10,0.1,Random,initializer,12,8,4,3,9,77,97,S_WPB_L56_DOC1.5_WOC1.0_N2700_F270_R2,S_WPB_L56_DOC1.5_WOC1.0_N2700_F270,2,0,0.025,1.852796889720806e-46
7,1,3,23,all40,120,40,30,10,0.1,Random,initializer,12,8,4,3,10,78,98,S_WPB_L56_DOC1.5_WOC1.0_N2700_F270_R3,S_WPB_L56_DOC1.5_WOC1.0_N2700_F270,3,0,0.016666666666666666,1.3492659838194722e-39
7,1,3,23,all40,120,40,30,10,0.1,Random,initializer,12,8,4,3,11,102,126,U_WPB_L56_DOC2.0_WOC1.0_N1800_F180_R3,U_WPB_L56_DOC2.0_WOC1.0_N1800_F180,3,1,0.1,1.1689416492723841e-45
7,1,3,23,all40,120,40,30,10,0.1,Random,initializer,12,8,4,3,12,116,148,U_WPB_L56_DOC4.0_WOC1.0_N2700_F270_R1,U_WPB_L56_DOC4.0_WOC1.0_N2700_F270,1,1,0.20833333333333334,7.355196126904052e-45
7,1,3,23,all40,120,40,30,10,0.1,Random-R,same-objective one-swap refinement,12,9,3,2,1,3,3,S_WPA_L36_DOC0.5_WOC1.0_N2700_F270_R4,S_WPA_L36_DOC0.5_WOC1.0_N2700_F270,4,0,0.016666666666666666,1.1569903927835805e-11
7,1,3,23,all40,120,40,30,10,0.1,Random-R,same-objective one-swap refinement,12,9,3,2,2,13,17,S_WPA_L36_DOC1.0_WOC1.0_N2700_F270_R2,S_WPA_L36_DOC1.0_WOC1.0_N2700_F270,2,0,0.058333333333333334,5.488551161459307e-11
7,1,3,23,all40,120,40,30,10,0.1,Random-R,same-objective one-swap refinement,12,9,3,2,3,14,18,S_WPA_L36_DOC1.0_WOC1.0_N2700_F270_R3,S_WPA_L36_DOC1.0_WOC1.0_N2700_F270,3,0,0.03333333333333333,8.627369068237971e-11
7,1,3,23,all40,120,40,30,10,0.1,Random-R,same-objective one-swap refinement,12,9,3,2,4,29,37,S_WPA_L36_DOC1.5_WOC2.0_N2700_F270_R2,S_WPA_L36_DOC1.5_WOC2.0_N2700_F270,2,0,0.25833333333333336,3.969524843351787e-08
7,1,3,23,all40,120,40,30,10,0.1,Random-R,same-objective one-swap refinement,12,9,3,2,5,33,41,S_WPA_L36_DOC2.0_WOC1.0_N1800_F180_R2,S_WPA_L36_DOC2.0_WOC1.0_N1800_F180,2,0,0.016666666666666666,0.9974683434285172
7,1,3,23,all40,120,40,30,10,0.1,Random-R,same-objective one-swap refinement,12,9,3,2,6,46,54,S_WPA_L36_DOC4.0_WOC1.0_N2700_F270_R3,S_WPA_L36_DOC4.0_WOC1.0_N2700_F270,3,0,0.08333333333333333,7.2736935745203004e-09
7,1,3,23,all40,120,40,30,10,0.1,Random-R,same-objective one-swap refinement,12,9,3,2,7,69,85,S_WPB_L56_DOC1.0_WOC1.0_N3600_F360_R2,S_WPB_L56_DOC1.0_WOC1.0_N3600_F360,2,0,0.08333333333333333,2.944008171027519e-09
7,1,3,23,all40,120,40,30,10,0.1,Random-R,same-objective one-swap refinement,12,9,3,2,8,71,87,S_WPB_L56_DOC1.0_WOC1.0_N3600_F360_R4,S_WPB_L56_DOC1.0_WOC1.0_N3600_F360,4,0,0.08333333333333333,3.108595683625607e-09
7,1,3,23,all40,120,40,30,10,0.1,Random-R,same-objective one-swap refinement,12,9,3,2,9,77,97,S_WPB_L56_DOC1.5_WOC1.0_N2700_F270_R2,S_WPB_L56_DOC1.5_WOC1.0_N2700_F270,2,0,0.041666666666666664,0.0025302559723634215
7,1,3,23,all40,120,40,30,10,0.1,Random-R,same-objective one-swap refinement,12,9,3,2,10,78,98,S_WPB_L56_DOC1.5_WOC1.0_N2700_F270_R3,S_WPB_L56_DOC1.5_WOC1.0_N2700_F270,3,0,0.016666666666666666,1.328948976331516e-06
7,1,3,23,all40,120,40,30,10,0.1,Random-R,same-objective one-swap refinement,12,9,3,2,11,102,126,U_WPB_L56_DOC2.0_WOC1.0_N1800_F180_R3,U_WPB_L56_DOC2.0_WOC1.0_N1800_F180,3,1,0.1,1.0554332456235594e-08
7,1,3,23,all40,120,40,30,10,0.1,Random-R,same-objective one-swap refinement,12,9,3,2,12,116,148,U_WPB_L56_DOC4.0_WOC1.0_N2700_F270_R1,U_WPB_L56_DOC4.0_WOC1.0_N2700_F270,1,1,0.20833333333333334,7.921535860244925e-09
7,1,3,23,all40,120,40,30,10,0.1,FacilityLocation,initializer,12,9,3,3,1,30,38,S_WPA_L36_DOC1.5_WOC2.0_N2700_F270_R3,S_WPA_L36_DOC1.5_WOC2.0_N2700_F270,3,0,0.26666666666666666,0.10908902553354032
7,1,3,23,all40,120,40,30,10,0.1,FacilityLocation,initializer,12,9,3,3,2,95,119,U_WPA_L36_DOC3.0_WOC1.0_N3600_F360_R4,U_WPA_L36_DOC3.0_WOC1.0_N3600_F360,4,1,0.09166666666666666,0.08178436329948315
7,1,3,23,all40,120,40,30,10,0.1,FacilityLocation,initializer,12,9,3,3,3,62,74,S_WPB_L56_DOC0.5_WOC2.0_N2700_F270_R3,S_WPB_L56_DOC0.5_WOC2.0_N2700_F270,3,0,0.13333333333333333,0.09687061343205595
7,1,3,23,all40,120,40,30,10,0.1,FacilityLocation,initializer,12,9,3,3,4,106,130,U_WPB_L56_DOC2.0_WOC1.0_N2700_F270_R3,U_WPB_L56_DOC2.0_WOC1.0_N2700_F270,3,1,0.18333333333333332,0.1107733993874974
7,1,3,23,all40,120,40,30,10,0.1,FacilityLocation,initializer,12,9,3,3,5,12,16,S_WPA_L36_DOC1.0_WOC1.0_N2700_F270_R1,S_WPA_L36_DOC1.0_WOC1.0_N2700_F270,1,0,0.13333333333333333,0.10551044826637303
7,1,3,23,all40,120,40,30,10,0.1,FacilityLocation,initializer,12,9,3,3,6,58,66,S_WPB_L56_DOC0.5_WOC1.0_N2700_F270_R3,S_WPB_L56_DOC0.5_WOC1.0_N2700_F270,3,0,0.03333333333333333,0.0680070882047928
7,1,3,23,all40,120,40,30,10,0.1,FacilityLocation,initializer,12,9,3,3,7,35,43,S_WPA_L36_DOC2.0_WOC1.0_N1800_F180_R4,S_WPA_L36_DOC2.0_WOC1.0_N1800_F180,4,0,0.11666666666666667,0.0994276253509863
7,1,3,23,all40,120,40,30,10,0.1,FacilityLocation,initializer,12,9,3,3,8,33,41,S_WPA_L36_DOC2.0_WOC1.0_N1800_F180_R2,S_WPA_L36_DOC2.0_WOC1.0_N1800_F180,2,0,0.008333333333333333,0.06566131571799273
7,1,3,23,all40,120,40,30,10,0.1,FacilityLocation,initializer,12,9,3,3,9,80,100,S_WPB_L56_DOC1.5_WOC1.0_N3600_F360_R1,S_WPB_L56_DOC1.5_WOC1.0_N3600_F360,1,0,0.008333333333333333,0.06566131571799273
7,1,3,23,all40,120,40,30,10,0.1,FacilityLocation,initializer,12,9,3,3,10,92,116,U_WPA_L36_DOC3.0_WOC1.0_N3600_F360_R1,U_WPA_L36_DOC3.0_WOC1.0_N3600_F360,1,1,0.008333333333333333,0.06565469478690589
7,1,3,23,all40,120,40,30,10,0.1,FacilityLocation,initializer,12,9,3,3,11,93,117,U_WPA_L36_DOC3.0_WOC1.0_N3600_F360_R2,U_WPA_L36_DOC3.0_WOC1.0_N3600_F360,2,1,0.008333333333333333,0.06566035795027014
7,1,3,23,all40,120,40,30,10,0.1,FacilityLocation,initializer,12,9,3,3,12,76,96,S_WPB_L56_DOC1.5_WOC1.0_N2700_F270_R1,S_WPB_L56_DOC1.5_WOC1.0_N2700_F270,1,0,0.008333333333333333,0.0658997523521096
7,1,3,23,all40,120,40,30,10,0.1,FacilityLocation-R,same-objective one-swap refinement,12,8,4,3,1,12,16,S_WPA_L36_DOC1.0_WOC1.0_N2700_F270_R1,S_WPA_L36_DOC1.0_WOC1.0_N2700_F270,1,0,0.13333333333333333,0.11098767718154212
7,1,3,23,all40,120,40,30,10,0.1,FacilityLocation-R,same-objective one-swap refinement,12,8,4,3,2,30,38,S_WPA_L36_DOC1.5_WOC2.0_N2700_F270_R3,S_WPA_L36_DOC1.5_WOC2.0_N2700_F270,3,0,0.25833333333333336,0.1202549278045592
7,1,3,23,all40,120,40,30,10,0.1,FacilityLocation-R,same-objective one-swap refinement,12,8,4,3,3,33,41,S_WPA_L36_DOC2.0_WOC1.0_N1800_F180_R2,S_WPA_L36_DOC2.0_WOC1.0_N1800_F180,2,0,0.008333333333333333,0.05427843578976197
7,1,3,23,all40,120,40,30,10,0.1,FacilityLocation-R,same-objective one-swap refinement,12,8,4,3,4,35,43,S_WPA_L36_DOC2.0_WOC1.0_N1800_F180_R4,S_WPA_L36_DOC2.0_WOC1.0_N1800_F180,4,0,0.11666666666666667,0.1056361111296184
7,1,3,23,all40,120,40,30,10,0.1,FacilityLocation-R,same-objective one-swap refinement,12,8,4,3,5,58,66,S_WPB_L56_DOC0.5_WOC1.0_N2700_F270_R3,S_WPB_L56_DOC0.5_WOC1.0_N2700_F270,3,0,0.03333333333333333,0.061945934257436205
7,1,3,23,all40,120,40,30,10,0.1,FacilityLocation-R,same-objective one-swap refinement,12,8,4,3,6,62,74,S_WPB_L56_DOC0.5_WOC2.0_N2700_F270_R3,S_WPB_L56_DOC0.5_WOC2.0_N2700_F270,3,0,0.13333333333333333,0.10240306992747045
7,1,3,23,all40,120,40,30,10,0.1,FacilityLocation-R,same-objective one-swap refinement,12,8,4,3,7,80,100,S_WPB_L56_DOC1.5_WOC1.0_N3600_F360_R1,S_WPB_L56_DOC1.5_WOC1.0_N3600_F360,1,0,0.008333333333333333,0.05427843578976197
7,1,3,23,all40,120,40,30,10,0.1,FacilityLocation-R,same-objective one-swap refinement,12,8,4,3,8,83,103,S_WPB_L56_DOC1.5_WOC1.0_N3600_F360_R4,S_WPB_L56_DOC1.5_WOC1.0_N3600_F360,4,0,0.016666666666666666,0.07117681496132443
7,1,3,23,all40,120,40,30,10,0.1,FacilityLocation-R,same-objective one-swap refinement,12,8,4,3,9,92,116,U_WPA_L36_DOC3.0_WOC1.0_N3600_F360_R1,U_WPA_L36_DOC3.0_WOC1.0_N3600_F360,1,1,0.008333333333333333,0.05428272011292974
7,1,3,23,all40,120,40,30,10,0.1,FacilityLocation-R,same-objective one-swap refinement,12,8,4,3,10,93,117,U_WPA_L36_DOC3.0_WOC1.0_N3600_F360_R2,U_WPA_L36_DOC3.0_WOC1.0_N3600_F360,2,1,0.008333333333333333,0.054278422314690856
7,1,3,23,all40,120,40,30,10,0.1,FacilityLocation-R,same-objective one-swap refinement,12,8,4,3,11,95,119,U_WPA_L36_DOC3.0_WOC1.0_N3600_F360_R4,U_WPA_L36_DOC3.0_WOC1.0_N3600_F360,4,1,0.09166666666666666,0.0856615116106856
7,1,3,23,all40,120,40,30,10,0.1,FacilityLocation-R,same-objective one-swap refinement,12,8,4,3,12,106,130,U_WPB_L56_DOC2.0_WOC1.0_N2700_F270_R3,U_WPB_L56_DOC2.0_WOC1.0_N2700_F270,3,1,0.18333333333333332,0.12481593912021897
7,1,3,23,all40,120,40,30,10,0.1,W2-KMedoids,initializer,12,10,2,3,1,4,8,S_WPA_L36_DOC0.5_WOC2.0_N2700_F270_R1,S_WPA_L36_DOC0.5_WOC2.0_N2700_F270,1,0,0.35,0.10780831368376909
7,1,3,23,all40,120,40,30,10,0.1,W2-KMedoids,initializer,12,10,2,3,2,13,17,S_WPA_L36_DOC1.0_WOC1.0_N2700_F270_R2,S_WPA_L36_DOC1.0_WOC1.0_N2700_F270,2,0,0.10833333333333334,0.10442007626422803
7,1,3,23,all40,120,40,30,10,0.1,W2-KMedoids,initializer,12,10,2,3,3,23,31,S_WPA_L36_DOC1.5_WOC1.0_N1800_F180_R4,S_WPA_L36_DOC1.5_WOC1.0_N1800_F180,4,0,0.058333333333333334,0.09181032407065884
7,1,3,23,all40,120,40,30,10,0.1,W2-KMedoids,initializer,12,10,2,3,4,33,41,S_WPA_L36_DOC2.0_WOC1.0_N1800_F180_R2,S_WPA_L36_DOC2.0_WOC1.0_N1800_F180,2,0,0.008333333333333333,0.06574021958533335
7,1,3,23,all40,120,40,30,10,0.1,W2-KMedoids,initializer,12,10,2,3,5,57,65,S_WPB_L56_DOC0.5_WOC1.0_N2700_F270_R2,S_WPB_L56_DOC0.5_WOC1.0_N2700_F270,2,0,0.03333333333333333,0.07534393153811464
7,1,3,23,all40,120,40,30,10,0.1,W2-KMedoids,initializer,12,10,2,3,6,62,74,S_WPB_L56_DOC0.5_WOC2.0_N2700_F270_R3,S_WPB_L56_DOC0.5_WOC2.0_N2700_F270,3,0,0.13333333333333333,0.09647599693753274
7,1,3,23,all40,120,40,30,10,0.1,W2-KMedoids,initializer,12,10,2,3,7,76,96,S_WPB_L56_DOC1.5_WOC1.0_N2700_F270_R1,S_WPB_L56_DOC1.5_WOC1.0_N2700_F270,1,0,0.008333333333333333,0.06599122044886187
7,1,3,23,all40,120,40,30,10,0.1,W2-KMedoids,initializer,12,10,2,3,8,80,100,S_WPB_L56_DOC1.5_WOC1.0_N3600_F360_R1,S_WPB_L56_DOC1.5_WOC1.0_N3600_F360,1,0,0.008333333333333333,0.06574021958533335
7,1,3,23,all40,120,40,30,10,0.1,W2-KMedoids,initializer,12,10,2,3,9,92,116,U_WPA_L36_DOC3.0_WOC1.0_N3600_F360_R1,U_WPA_L36_DOC3.0_WOC1.0_N3600_F360,1,1,0.008333333333333333,0.06573362223774716
7,1,3,23,all40,120,40,30,10,0.1,W2-KMedoids,initializer,12,10,2,3,10,93,117,U_WPA_L36_DOC3.0_WOC1.0_N3600_F360_R2,U_WPA_L36_DOC3.0_WOC1.0_N3600_F360,2,1,0.008333333333333333,0.06573878851291981
7,1,3,23,all40,120,40,30,10,0.1,W2-KMedoids,initializer,12,10,2,3,11,95,119,U_WPA_L36_DOC3.0_WOC1.0_N3600_F360_R4,U_WPA_L36_DOC3.0_WOC1.0_N3600_F360,4,1,0.08333333333333333,0.07779617470096133
7,1,3,23,all40,120,40,30,10,0.1,W2-KMedoids,initializer,12,10,2,3,12,106,130,U_WPB_L56_DOC2.0_WOC1.0_N2700_F270_R3,U_WPB_L56_DOC2.0_WOC1.0_N2700_F270,3,1,0.19166666666666668,0.11740111243453971
7,1,3,23,all40,120,40,30,10,0.1,W2-KMedoids-R,same-objective one-swap refinement,12,9,3,3,1,4,8,S_WPA_L36_DOC0.5_WOC2.0_N2700_F270_R1,S_WPA_L36_DOC0.5_WOC2.0_N2700_F270,1,0,0.3416666666666667,0.11695069406701449
7,1,3,23,all40,120,40,30,10,0.1,W2-KMedoids-R,same-objective one-swap refinement,12,9,3,3,2,13,17,S_WPA_L36_DOC1.0_WOC1.0_N2700_F270_R2,S_WPA_L36_DOC1.0_WOC1.0_N2700_F270,2,0,0.10833333333333334,0.10861032252898885
7,1,3,23,all40,120,40,30,10,0.1,W2-KMedoids-R,same-objective one-swap refinement,12,9,3,3,3,23,31,S_WPA_L36_DOC1.5_WOC1.0_N1800_F180_R4,S_WPA_L36_DOC1.5_WOC1.0_N1800_F180,4,0,0.058333333333333334,0.09556244026749815
7,1,3,23,all40,120,40,30,10,0.1,W2-KMedoids-R,same-objective one-swap refinement,12,9,3,3,4,33,41,S_WPA_L36_DOC2.0_WOC1.0_N1800_F180_R2,S_WPA_L36_DOC2.0_WOC1.0_N1800_F180,2,0,0.008333333333333333,0.05429558826928882
7,1,3,23,all40,120,40,30,10,0.1,W2-KMedoids-R,same-objective one-swap refinement,12,9,3,3,5,57,65,S_WPB_L56_DOC0.5_WOC1.0_N2700_F270_R2,S_WPB_L56_DOC0.5_WOC1.0_N2700_F270,2,0,0.03333333333333333,0.07186274516891632
7,1,3,23,all40,120,40,30,10,0.1,W2-KMedoids-R,same-objective one-swap refinement,12,9,3,3,6,62,74,S_WPB_L56_DOC0.5_WOC2.0_N2700_F270_R3,S_WPB_L56_DOC0.5_WOC2.0_N2700_F270,3,0,0.13333333333333333,0.10164240794341667
7,1,3,23,all40,120,40,30,10,0.1,W2-KMedoids-R,same-objective one-swap refinement,12,9,3,3,7,80,100,S_WPB_L56_DOC1.5_WOC1.0_N3600_F360_R1,S_WPB_L56_DOC1.5_WOC1.0_N3600_F360,1,0,0.008333333333333333,0.05429558826928882
7,1,3,23,all40,120,40,30,10,0.1,W2-KMedoids-R,same-objective one-swap refinement,12,9,3,3,8,83,103,S_WPB_L56_DOC1.5_WOC1.0_N3600_F360_R4,S_WPB_L56_DOC1.5_WOC1.0_N3600_F360,4,0,0.016666666666666666,0.07213022298747063
7,1,3,23,all40,120,40,30,10,0.1,W2-KMedoids-R,same-objective one-swap refinement,12,9,3,3,9,92,116,U_WPA_L36_DOC3.0_WOC1.0_N3600_F360_R1,U_WPA_L36_DOC3.0_WOC1.0_N3600_F360,1,1,0.008333333333333333,0.05429981642492635
7,1,3,23,all40,120,40,30,10,0.1,W2-KMedoids-R,same-objective one-swap refinement,12,9,3,3,10,93,117,U_WPA_L36_DOC3.0_WOC1.0_N3600_F360_R2,U_WPA_L36_DOC3.0_WOC1.0_N3600_F360,2,1,0.008333333333333333,0.05429501135302455
7,1,3,23,all40,120,40,30,10,0.1,W2-KMedoids-R,same-objective one-swap refinement,12,9,3,3,11,95,119,U_WPA_L36_DOC3.0_WOC1.0_N3600_F360_R4,U_WPA_L36_DOC3.0_WOC1.0_N3600_F360,4,1,0.08333333333333333,0.0791816683403834
7,1,3,23,all40,120,40,30,10,0.1,W2-KMedoids-R,same-objective one-swap refinement,12,9,3,3,12,106,130,U_WPB_L56_DOC2.0_WOC1.0_N2700_F270_R3,U_WPB_L56_DOC2.0_WOC1.0_N2700_F270,3,1,0.19166666666666668,0.1368734943797829
7,1,3,23,all40,120,40,30,10,0.1,MRDS projected,initializer,12,11,1,2,1,4,8,S_WPA_L36_DOC0.5_WOC2.0_N2700_F270_R1,S_WPA_L36_DOC0.5_WOC2.0_N2700_F270,1,0,0.5083333333333333,0.14709091363396073
7,1,3,23,all40,120,40,30,10,0.1,MRDS projected,initializer,12,11,1,2,2,80,100,S_WPB_L56_DOC1.5_WOC1.0_N3600_F360_R1,S_WPB_L56_DOC1.5_WOC1.0_N3600_F360,1,0,0.008333333333333333,0.0632707952278858
7,1,3,23,all40,120,40,30,10,0.1,MRDS projected,initializer,12,11,1,2,3,33,41,S_WPA_L36_DOC2.0_WOC1.0_N1800_F180_R2,S_WPA_L36_DOC2.0_WOC1.0_N1800_F180,2,0,0.008333333333333333,0.0632707952278858
7,1,3,23,all40,120,40,30,10,0.1,MRDS projected,initializer,12,11,1,2,4,92,116,U_WPA_L36_DOC3.0_WOC1.0_N3600_F360_R1,U_WPA_L36_DOC3.0_WOC1.0_N3600_F360,1,1,0.008333333333333333,0.06326348826994846
7,1,3,23,all40,120,40,30,10,0.1,MRDS projected,initializer,12,11,1,2,5,93,117,U_WPA_L36_DOC3.0_WOC1.0_N3600_F360_R2,U_WPA_L36_DOC3.0_WOC1.0_N3600_F360,2,1,0.008333333333333333,0.06326392960210352
7,1,3,23,all40,120,40,30,10,0.1,MRDS projected,initializer,12,11,1,2,6,76,96,S_WPB_L56_DOC1.5_WOC1.0_N2700_F270_R1,S_WPB_L56_DOC1.5_WOC1.0_N2700_F270,1,0,0.008333333333333333,0.06366009085944888
7,1,3,23,all40,120,40,30,10,0.1,MRDS projected,initializer,12,11,1,2,7,85,109,U_WPA_L36_DOC2.0_WOC1.0_N3600_F360_R2,U_WPA_L36_DOC2.0_WOC1.0_N3600_F360,2,1,0.05,0.051910102350905506
7,1,3,23,all40,120,40,30,10,0.1,MRDS projected,initializer,12,11,1,2,8,118,150,U_WPB_L56_DOC4.0_WOC1.0_N2700_F270_R3,U_WPB_L56_DOC4.0_WOC1.0_N2700_F270,3,1,0.008333333333333333,0.07454371000691319
7,1,3,23,all40,120,40,30,10,0.1,MRDS projected,initializer,12,11,1,2,9,57,65,S_WPB_L56_DOC0.5_WOC1.0_N2700_F270_R2,S_WPB_L56_DOC0.5_WOC1.0_N2700_F270,2,0,0.03333333333333333,0.09700317819215143
7,1,3,23,all40,120,40,30,10,0.1,MRDS projected,initializer,12,11,1,2,10,41,49,S_WPA_L36_DOC3.0_WOC1.0_N1800_F180_R2,S_WPA_L36_DOC3.0_WOC1.0_N1800_F180,2,0,0.06666666666666667,0.08881845668955657
7,1,3,23,all40,120,40,30,10,0.1,MRDS projected,initializer,12,11,1,2,11,100,124,U_WPB_L56_DOC2.0_WOC1.0_N1800_F180_R1,U_WPB_L56_DOC2.0_WOC1.0_N1800_F180,1,1,0.19166666666666668,0.0995817635148997
7,1,3,23,all40,120,40,30,10,0.1,MRDS projected,initializer,12,11,1,2,12,15,19,S_WPA_L36_DOC1.0_WOC1.0_N2700_F270_R4,S_WPA_L36_DOC1.0_WOC1.0_N2700_F270,4,0,0.1,0.12432277642434039
7,1,3,23,all40,120,40,30,10,0.1,MRDS-IS-R (proposed),same-objective one-swap refinement,12,10,2,2,1,4,8,S_WPA_L36_DOC0.5_WOC2.0_N2700_F270_R1,S_WPA_L36_DOC0.5_WOC2.0_N2700_F270,1,0,0.375,0.16980836236462396
7,1,3,23,all40,120,40,30,10,0.1,MRDS-IS-R (proposed),same-objective one-swap refinement,12,10,2,2,2,15,19,S_WPA_L36_DOC1.0_WOC1.0_N2700_F270_R4,S_WPA_L36_DOC1.0_WOC1.0_N2700_F270,4,0,0.1,0.13288010685446855
7,1,3,23,all40,120,40,30,10,0.1,MRDS-IS-R (proposed),same-objective one-swap refinement,12,10,2,2,3,33,41,S_WPA_L36_DOC2.0_WOC1.0_N1800_F180_R2,S_WPA_L36_DOC2.0_WOC1.0_N1800_F180,2,0,0.008333333333333333,0.05154710560218534
7,1,3,23,all40,120,40,30,10,0.1,MRDS-IS-R (proposed),same-objective one-swap refinement,12,10,2,2,4,41,49,S_WPA_L36_DOC3.0_WOC1.0_N1800_F180_R2,S_WPA_L36_DOC3.0_WOC1.0_N1800_F180,2,0,0.06666666666666667,0.09174484237951121
7,1,3,23,all40,120,40,30,10,0.1,MRDS-IS-R (proposed),same-objective one-swap refinement,12,10,2,2,5,57,65,S_WPB_L56_DOC0.5_WOC1.0_N2700_F270_R2,S_WPB_L56_DOC0.5_WOC1.0_N2700_F270,2,0,0.03333333333333333,0.09469640002612381
7,1,3,23,all40,120,40,30,10,0.1,MRDS-IS-R (proposed),same-objective one-swap refinement,12,10,2,2,6,80,100,S_WPB_L56_DOC1.5_WOC1.0_N3600_F360_R1,S_WPB_L56_DOC1.5_WOC1.0_N3600_F360,1,0,0.008333333333333333,0.05154710560218534
7,1,3,23,all40,120,40,30,10,0.1,MRDS-IS-R (proposed),same-objective one-swap refinement,12,10,2,2,7,81,101,S_WPB_L56_DOC1.5_WOC1.0_N3600_F360_R2,S_WPB_L56_DOC1.5_WOC1.0_N3600_F360,2,0,0.15,0.07358721651756453
7,1,3,23,all40,120,40,30,10,0.1,MRDS-IS-R (proposed),same-objective one-swap refinement,12,10,2,2,8,85,109,U_WPA_L36_DOC2.0_WOC1.0_N3600_F360_R2,U_WPA_L36_DOC2.0_WOC1.0_N3600_F360,2,1,0.05,0.04740431392731624
7,1,3,23,all40,120,40,30,10,0.1,MRDS-IS-R (proposed),same-objective one-swap refinement,12,10,2,2,9,92,116,U_WPA_L36_DOC3.0_WOC1.0_N3600_F360_R1,U_WPA_L36_DOC3.0_WOC1.0_N3600_F360,1,1,0.008333333333333333,0.05157620801214372
7,1,3,23,all40,120,40,30,10,0.1,MRDS-IS-R (proposed),same-objective one-swap refinement,12,10,2,2,10,93,117,U_WPA_L36_DOC3.0_WOC1.0_N3600_F360_R2,U_WPA_L36_DOC3.0_WOC1.0_N3600_F360,2,1,0.008333333333333333,0.051540963465626415
7,1,3,23,all40,120,40,30,10,0.1,MRDS-IS-R (proposed),same-objective one-swap refinement,12,10,2,2,11,100,124,U_WPB_L56_DOC2.0_WOC1.0_N1800_F180_R1,U_WPB_L56_DOC2.0_WOC1.0_N1800_F180,1,1,0.18333333333333332,0.11063814691643256
7,1,3,23,all40,120,40,30,10,0.1,MRDS-IS-R (proposed),same-objective one-swap refinement,12,10,2,2,12,118,150,U_WPB_L56_DOC4.0_WOC1.0_N2700_F270_R3,U_WPB_L56_DOC4.0_WOC1.0_N2700_F270,3,1,0.008333333333333333,0.07302922833181821
7,1,3,23,all40,120,40,30,10,0.1,Best-of-starts-R (diagnostic only),diagnostic oracle over supplied starts; winner=FacilityLocation,12,8,4,3,1,12,16,S_WPA_L36_DOC1.0_WOC1.0_N2700_F270_R1,S_WPA_L36_DOC1.0_WOC1.0_N2700_F270,1,0,0.13333333333333333,0.11098767718154212
7,1,3,23,all40,120,40,30,10,0.1,Best-of-starts-R (diagnostic only),diagnostic oracle over supplied starts; winner=FacilityLocation,12,8,4,3,2,30,38,S_WPA_L36_DOC1.5_WOC2.0_N2700_F270_R3,S_WPA_L36_DOC1.5_WOC2.0_N2700_F270,3,0,0.25833333333333336,0.1202549278045592
7,1,3,23,all40,120,40,30,10,0.1,Best-of-starts-R (diagnostic only),diagnostic oracle over supplied starts; winner=FacilityLocation,12,8,4,3,3,33,41,S_WPA_L36_DOC2.0_WOC1.0_N1800_F180_R2,S_WPA_L36_DOC2.0_WOC1.0_N1800_F180,2,0,0.008333333333333333,0.05427843578976197
7,1,3,23,all40,120,40,30,10,0.1,Best-of-starts-R (diagnostic only),diagnostic oracle over supplied starts; winner=FacilityLocation,12,8,4,3,4,35,43,S_WPA_L36_DOC2.0_WOC1.0_N1800_F180_R4,S_WPA_L36_DOC2.0_WOC1.0_N1800_F180,4,0,0.11666666666666667,0.1056361111296184
7,1,3,23,all40,120,40,30,10,0.1,Best-of-starts-R (diagnostic only),diagnostic oracle over supplied starts; winner=FacilityLocation,12,8,4,3,5,58,66,S_WPB_L56_DOC0.5_WOC1.0_N2700_F270_R3,S_WPB_L56_DOC0.5_WOC1.0_N2700_F270,3,0,0.03333333333333333,0.061945934257436205
7,1,3,23,all40,120,40,30,10,0.1,Best-of-starts-R (diagnostic only),diagnostic oracle over supplied starts; winner=FacilityLocation,12,8,4,3,6,62,74,S_WPB_L56_DOC0.5_WOC2.0_N2700_F270_R3,S_WPB_L56_DOC0.5_WOC2.0_N2700_F270,3,0,0.13333333333333333,0.10240306992747045
7,1,3,23,all40,120,40,30,10,0.1,Best-of-starts-R (diagnostic only),diagnostic oracle over supplied starts; winner=FacilityLocation,12,8,4,3,7,80,100,S_WPB_L56_DOC1.5_WOC1.0_N3600_F360_R1,S_WPB_L56_DOC1.5_WOC1.0_N3600_F360,1,0,0.008333333333333333,0.05427843578976197
7,1,3,23,all40,120,40,30,10,0.1,Best-of-starts-R (diagnostic only),diagnostic oracle over supplied starts; winner=FacilityLocation,12,8,4,3,8,83,103,S_WPB_L56_DOC1.5_WOC1.0_N3600_F360_R4,S_WPB_L56_DOC1.5_WOC1.0_N3600_F360,4,0,0.016666666666666666,0.07117681496132443
7,1,3,23,all40,120,40,30,10,0.1,Best-of-starts-R (diagnostic only),diagnostic oracle over supplied starts; winner=FacilityLocation,12,8,4,3,9,92,116,U_WPA_L36_DOC3.0_WOC1.0_N3600_F360_R1,U_WPA_L36_DOC3.0_WOC1.0_N3600_F360,1,1,0.008333333333333333,0.05428272011292974
7,1,3,23,all40,120,40,30,10,0.1,Best-of-starts-R (diagnostic only),diagnostic oracle over supplied starts; winner=FacilityLocation,12,8,4,3,10,93,117,U_WPA_L36_DOC3.0_WOC1.0_N3600_F360_R2,U_WPA_L36_DOC3.0_WOC1.0_N3600_F360,2,1,0.008333333333333333,0.054278422314690856
7,1,3,23,all40,120,40,30,10,0.1,Best-of-starts-R (diagnostic only),diagnostic oracle over supplied starts; winner=FacilityLocation,12,8,4,3,11,95,119,U_WPA_L36_DOC3.0_WOC1.0_N3600_F360_R4,U_WPA_L36_DOC3.0_WOC1.0_N3600_F360,4,1,0.09166666666666666,0.0856615116106856
7,1,3,23,all40,120,40,30,10,0.1,Best-of-starts-R (diagnostic only),diagnostic oracle over supplied starts; winner=FacilityLocation,12,8,4,3,12,106,130,U_WPB_L56_DOC2.0_WOC1.0_N2700_F270_R3,U_WPB_L56_DOC2.0_WOC1.0_N2700_F270,3,1,0.18333333333333332,0.12481593912021897
8,2,0,37,all40,120,40,30,10,0.1,Random,initializer,12,12,0,1,1,7,7,S_WPA_L36_DOC0.5_WOC1.0_N3600_F360_R4,S_WPA_L36_DOC0.5_WOC1.0_N3600_F360,4,0,0.3333333333333333,0.000348824080880092
8,2,0,37,all40,120,40,30,10,0.1,Random,initializer,12,12,0,1,2,17,29,S_WPA_L36_DOC1.5_WOC1.0_N1800_F180_R2,S_WPA_L36_DOC1.5_WOC1.0_N1800_F180,2,0,0.03333333333333333,0.0005804526445017797
8,2,0,37,all40,120,40,30,10,0.1,Random,initializer,12,12,0,1,3,29,41,S_WPA_L36_DOC2.0_WOC1.0_N1800_F180_R2,S_WPA_L36_DOC2.0_WOC1.0_N1800_F180,2,0,0.008333333333333333,0.01931837690111083
8,2,0,37,all40,120,40,30,10,0.1,Random,initializer,12,12,0,1,4,32,44,S_WPA_L36_DOC2.0_WOC1.0_N2700_F270_R1,S_WPA_L36_DOC2.0_WOC1.0_N2700_F270,1,0,0.06666666666666667,0.0012661546741965534
8,2,0,37,all40,120,40,30,10,0.1,Random,initializer,12,12,0,1,5,37,49,S_WPA_L36_DOC3.0_WOC1.0_N1800_F180_R2,S_WPA_L36_DOC3.0_WOC1.0_N1800_F180,2,0,0.03333333333333333,0.0016212236493831993
8,2,0,37,all40,120,40,30,10,0.1,Random,initializer,12,12,0,1,6,54,70,S_WPB_L56_DOC0.5_WOC1.0_N3600_F360_R3,S_WPB_L56_DOC0.5_WOC1.0_N3600_F360,3,0,0.03333333333333333,0.0008410280063601616
8,2,0,37,all40,120,40,30,10,0.1,Random,initializer,12,12,0,1,7,70,86,S_WPB_L56_DOC1.0_WOC1.0_N3600_F360_R3,S_WPB_L56_DOC1.0_WOC1.0_N3600_F360,3,0,0.05,0.0005657781254811265
8,2,0,37,all40,120,40,30,10,0.1,Random,initializer,12,12,0,1,8,74,94,S_WPB_L56_DOC1.5_WOC1.0_N1800_F180_R3,S_WPB_L56_DOC1.5_WOC1.0_N1800_F180,3,0,0.11666666666666667,0.00046009681629557595
8,2,0,37,all40,120,40,30,10,0.1,Random,initializer,12,12,0,1,9,77,105,S_WPB_L56_DOC1.5_WOC2.0_N2700_F270_R2,S_WPB_L56_DOC1.5_WOC2.0_N2700_F270,2,0,0.016666666666666666,0.9552303683863934
8,2,0,37,all40,120,40,30,10,0.1,Random,initializer,12,12,0,1,10,81,109,U_WPA_L36_DOC2.0_WOC1.0_N3600_F360_R2,U_WPA_L36_DOC2.0_WOC1.0_N3600_F360,2,1,0.03333333333333333,0.01772488341700903
8,2,0,37,all40,120,40,30,10,0.1,Random,initializer,12,12,0,1,11,95,135,U_WPB_L56_DOC2.0_WOC1.0_N3600_F360_R4,U_WPB_L56_DOC2.0_WOC1.0_N3600_F360,4,1,0.041666666666666664,0.0009115518773000198
8,2,0,37,all40,120,40,30,10,0.1,Random,initializer,12,12,0,1,12,104,144,U_WPB_L56_DOC3.0_WOC1.0_N3600_F360_R1,U_WPB_L56_DOC3.0_WOC1.0_N3600_F360,1,1,0.23333333333333334,0.0011312614210881374
8,2,0,37,all40,120,40,30,10,0.1,Random-R,same-objective one-swap refinement,12,11,1,2,1,7,7,S_WPA_L36_DOC0.5_WOC1.0_N3600_F360_R4,S_WPA_L36_DOC0.5_WOC1.0_N3600_F360,4,0,0.3333333333333333,0.31350941403636284
8,2,0,37,all40,120,40,30,10,0.1,Random-R,same-objective one-swap refinement,12,11,1,2,2,17,29,S_WPA_L36_DOC1.5_WOC1.0_N1800_F180_R2,S_WPA_L36_DOC1.5_WOC1.0_N1800_F180,2,0,0.03333333333333333,0.07738399559576864
8,2,0,37,all40,120,40,30,10,0.1,Random-R,same-objective one-swap refinement,12,11,1,2,3,29,41,S_WPA_L36_DOC2.0_WOC1.0_N1800_F180_R2,S_WPA_L36_DOC2.0_WOC1.0_N1800_F180,2,0,0.008333333333333333,0.006646363772115894
8,2,0,37,all40,120,40,30,10,0.1,Random-R,same-objective one-swap refinement,12,11,1,2,4,32,44,S_WPA_L36_DOC2.0_WOC1.0_N2700_F270_R1,S_WPA_L36_DOC2.0_WOC1.0_N2700_F270,1,0,0.06666666666666667,0.029491219959948967
8,2,0,37,all40,120,40,30,10,0.1,Random-R,same-objective one-swap refinement,12,11,1,2,5,37,49,S_WPA_L36_DOC3.0_WOC1.0_N1800_F180_R2,S_WPA_L36_DOC3.0_WOC1.0_N1800_F180,2,0,0.03333333333333333,0.0017184697842007538
8,2,0,37,all40,120,40,30,10,0.1,Random-R,same-objective one-swap refinement,12,11,1,2,6,52,68,S_WPB_L56_DOC0.5_WOC1.0_N3600_F360_R1,S_WPB_L56_DOC0.5_WOC1.0_N3600_F360,1,0,0.008333333333333333,0.02541091583908997
8,2,0,37,all40,120,40,30,10,0.1,Random-R,same-objective one-swap refinement,12,11,1,2,7,54,70,S_WPB_L56_DOC0.5_WOC1.0_N3600_F360_R3,S_WPB_L56_DOC0.5_WOC1.0_N3600_F360,3,0,0.03333333333333333,0.05902920115538258
8,2,0,37,all40,120,40,30,10,0.1,Random-R,same-objective one-swap refinement,12,11,1,2,8,70,86,S_WPB_L56_DOC1.0_WOC1.0_N3600_F360_R3,S_WPB_L56_DOC1.0_WOC1.0_N3600_F360,3,0,0.058333333333333334,0.1794495207790508
8,2,0,37,all40,120,40,30,10,0.1,Random-R,same-objective one-swap refinement,12,11,1,2,9,74,94,S_WPB_L56_DOC1.5_WOC1.0_N1800_F180_R3,S_WPB_L56_DOC1.5_WOC1.0_N1800_F180,3,0,0.11666666666666667,0.2380989220981026
8,2,0,37,all40,120,40,30,10,0.1,Random-R,same-objective one-swap refinement,12,11,1,2,10,81,109,U_WPA_L36_DOC2.0_WOC1.0_N3600_F360_R2,U_WPA_L36_DOC2.0_WOC1.0_N3600_F360,2,1,0.03333333333333333,1.5711845460286886e-05
8,2,0,37,all40,120,40,30,10,0.1,Random-R,same-objective one-swap refinement,12,11,1,2,11,95,135,U_WPB_L56_DOC2.0_WOC1.0_N3600_F360_R4,U_WPB_L56_DOC2.0_WOC1.0_N3600_F360,4,1,0.041666666666666664,0.042008453593599414
8,2,0,37,all40,120,40,30,10,0.1,Random-R,same-objective one-swap refinement,12,11,1,2,12,104,144,U_WPB_L56_DOC3.0_WOC1.0_N3600_F360_R1,U_WPB_L56_DOC3.0_WOC1.0_N3600_F360,1,1,0.23333333333333334,0.02723781154091739
8,2,0,37,all40,120,40,30,10,0.1,FacilityLocation,initializer,12,11,1,2,1,26,38,S_WPA_L36_DOC1.5_WOC2.0_N2700_F270_R3,S_WPA_L36_DOC1.5_WOC2.0_N2700_F270,3,0,0.20833333333333334,0.10196736910783605
8,2,0,37,all40,120,40,30,10,0.1,FacilityLocation,initializer,12,11,1,2,2,106,146,U_WPB_L56_DOC3.0_WOC1.0_N3600_F360_R3,U_WPB_L56_DOC3.0_WOC1.0_N3600_F360,3,1,0.06666666666666667,0.07004429279156665
8,2,0,37,all40,120,40,30,10,0.1,FacilityLocation,initializer,12,11,1,2,3,58,74,S_WPB_L56_DOC0.5_WOC2.0_N2700_F270_R3,S_WPB_L56_DOC0.5_WOC2.0_N2700_F270,3,0,0.19166666666666668,0.13304045334652764
8,2,0,37,all40,120,40,30,10,0.1,FacilityLocation,initializer,12,11,1,2,4,85,113,U_WPA_L36_DOC2.0_WOC2.0_N2700_F270_R2,U_WPA_L36_DOC2.0_WOC2.0_N2700_F270,2,1,0.041666666666666664,0.06131804015891248
8,2,0,37,all40,120,40,30,10,0.1,FacilityLocation,initializer,12,11,1,2,5,64,80,S_WPB_L56_DOC1.0_WOC1.0_N2700_F270_R1,S_WPB_L56_DOC1.0_WOC1.0_N2700_F270,1,0,0.08333333333333333,0.09314817121124888
8,2,0,37,all40,120,40,30,10,0.1,FacilityLocation,initializer,12,11,1,2,6,30,42,S_WPA_L36_DOC2.0_WOC1.0_N1800_F180_R3,S_WPA_L36_DOC2.0_WOC1.0_N1800_F180,3,0,0.125,0.1149571281771166
8,2,0,37,all40,120,40,30,10,0.1,FacilityLocation,initializer,12,11,1,2,7,29,41,S_WPA_L36_DOC2.0_WOC1.0_N1800_F180_R2,S_WPA_L36_DOC2.0_WOC1.0_N1800_F180,2,0,0.008333333333333333,0.06999949227466319
8,2,0,37,all40,120,40,30,10,0.1,FacilityLocation,initializer,12,11,1,2,8,52,68,S_WPB_L56_DOC0.5_WOC1.0_N3600_F360_R1,S_WPB_L56_DOC0.5_WOC1.0_N3600_F360,1,0,0.008333333333333333,0.06999951131549202
8,2,0,37,all40,120,40,30,10,0.1,FacilityLocation,initializer,12,11,1,2,9,115,155,U_WPB_L56_DOC4.0_WOC2.0_N2700_F270_R4,U_WPB_L56_DOC4.0_WOC2.0_N2700_F270,4,1,0.13333333333333333,0.06835058437130022
8,2,0,37,all40,120,40,30,10,0.1,FacilityLocation,initializer,12,11,1,2,10,45,57,S_WPA_L36_DOC6.0_WOC1.0_N2700_F270_R2,S_WPA_L36_DOC6.0_WOC1.0_N2700_F270,2,0,0.05,0.08262308073855683
8,2,0,37,all40,120,40,30,10,0.1,FacilityLocation,initializer,12,11,1,2,11,83,111,U_WPA_L36_DOC2.0_WOC1.0_N3600_F360_R4,U_WPA_L36_DOC2.0_WOC1.0_N3600_F360,4,1,0.03333333333333333,0.05780485052532429
8,2,0,37,all40,120,40,30,10,0.1,FacilityLocation,initializer,12,11,1,2,12,88,124,U_WPB_L56_DOC2.0_WOC1.0_N1800_F180_R1,U_WPB_L56_DOC2.0_WOC1.0_N1800_F180,1,1,0.05,0.07674702598145526
8,2,0,37,all40,120,40,30,10,0.1,FacilityLocation-R,same-objective one-swap refinement,12,11,1,2,1,14,26,S_WPA_L36_DOC1.0_WOC2.0_N2700_F270_R3,S_WPA_L36_DOC1.0_WOC2.0_N2700_F270,3,0,0.15,0.08845458136639434
8,2,0,37,all40,120,40,30,10,0.1,FacilityLocation-R,same-objective one-swap refinement,12,11,1,2,2,26,38,S_WPA_L36_DOC1.5_WOC2.0_N2700_F270_R3,S_WPA_L36_DOC1.5_WOC2.0_N2700_F270,3,0,0.09166666666666666,0.10774967304452111
8,2,0,37,all40,120,40,30,10,0.1,FacilityLocation-R,same-objective one-swap refinement,12,11,1,2,3,29,41,S_WPA_L36_DOC2.0_WOC1.0_N1800_F180_R2,S_WPA_L36_DOC2.0_WOC1.0_N1800_F180,2,0,0.008333333333333333,0.059852631320137704
8,2,0,37,all40,120,40,30,10,0.1,FacilityLocation-R,same-objective one-swap refinement,12,11,1,2,4,30,42,S_WPA_L36_DOC2.0_WOC1.0_N1800_F180_R3,S_WPA_L36_DOC2.0_WOC1.0_N1800_F180,3,0,0.10833333333333334,0.12378082398431897
8,2,0,37,all40,120,40,30,10,0.1,FacilityLocation-R,same-objective one-swap refinement,12,11,1,2,5,52,68,S_WPB_L56_DOC0.5_WOC1.0_N3600_F360_R1,S_WPB_L56_DOC0.5_WOC1.0_N3600_F360,1,0,0.008333333333333333,0.059852655620060695
8,2,0,37,all40,120,40,30,10,0.1,FacilityLocation-R,same-objective one-swap refinement,12,11,1,2,6,58,74,S_WPB_L56_DOC0.5_WOC2.0_N2700_F270_R3,S_WPB_L56_DOC0.5_WOC2.0_N2700_F270,3,0,0.19166666666666668,0.14775970050548135
8,2,0,37,all40,120,40,30,10,0.1,FacilityLocation-R,same-objective one-swap refinement,12,11,1,2,7,64,80,S_WPB_L56_DOC1.0_WOC1.0_N2700_F270_R1,S_WPB_L56_DOC1.0_WOC1.0_N2700_F270,1,0,0.11666666666666667,0.1008752767532547
8,2,0,37,all40,120,40,30,10,0.1,FacilityLocation-R,same-objective one-swap refinement,12,11,1,2,8,83,111,U_WPA_L36_DOC2.0_WOC1.0_N3600_F360_R4,U_WPA_L36_DOC2.0_WOC1.0_N3600_F360,4,1,0.03333333333333333,0.04890995757949399
8,2,0,37,all40,120,40,30,10,0.1,FacilityLocation-R,same-objective one-swap refinement,12,11,1,2,9,85,113,U_WPA_L36_DOC2.0_WOC2.0_N2700_F270_R2,U_WPA_L36_DOC2.0_WOC2.0_N2700_F270,2,1,0.041666666666666664,0.05396047769598446
8,2,0,37,all40,120,40,30,10,0.1,FacilityLocation-R,same-objective one-swap refinement,12,11,1,2,10,88,124,U_WPB_L56_DOC2.0_WOC1.0_N1800_F180_R1,U_WPB_L56_DOC2.0_WOC1.0_N1800_F180,1,1,0.05,0.07467388755580592
8,2,0,37,all40,120,40,30,10,0.1,FacilityLocation-R,same-objective one-swap refinement,12,11,1,2,11,106,146,U_WPB_L56_DOC3.0_WOC1.0_N3600_F360_R3,U_WPB_L56_DOC3.0_WOC1.0_N3600_F360,3,1,0.06666666666666667,0.06703567155342123
8,2,0,37,all40,120,40,30,10,0.1,FacilityLocation-R,same-objective one-swap refinement,12,11,1,2,12,115,155,U_WPB_L56_DOC4.0_WOC2.0_N2700_F270_R4,U_WPB_L56_DOC4.0_WOC2.0_N2700_F270,4,1,0.13333333333333333,0.06709466302112566
8,2,0,37,all40,120,40,30,10,0.1,W2-KMedoids,initializer,12,11,1,2,1,14,26,S_WPA_L36_DOC1.0_WOC2.0_N2700_F270_R3,S_WPA_L36_DOC1.0_WOC2.0_N2700_F270,3,0,0.21666666666666667,0.09743668458079201
8,2,0,37,all40,120,40,30,10,0.1,W2-KMedoids,initializer,12,11,1,2,2,16,28,S_WPA_L36_DOC1.5_WOC1.0_N1800_F180_R1,S_WPA_L36_DOC1.5_WOC1.0_N1800_F180,1,0,0.05,0.09128632597450392
8,2,0,37,all40,120,40,30,10,0.1,W2-KMedoids,initializer,12,11,1,2,3,28,40,S_WPA_L36_DOC2.0_WOC1.0_N1800_F180_R1,S_WPA_L36_DOC2.0_WOC1.0_N1800_F180,1,0,0.06666666666666667,0.09792184172369914
8,2,0,37,all40,120,40,30,10,0.1,W2-KMedoids,initializer,12,11,1,2,4,29,41,S_WPA_L36_DOC2.0_WOC1.0_N1800_F180_R2,S_WPA_L36_DOC2.0_WOC1.0_N1800_F180,2,0,0.008333333333333333,0.0701539779213167
8,2,0,37,all40,120,40,30,10,0.1,W2-KMedoids,initializer,12,11,1,2,5,45,57,S_WPA_L36_DOC6.0_WOC1.0_N2700_F270_R2,S_WPA_L36_DOC6.0_WOC1.0_N2700_F270,2,0,0.05,0.07828712496066464
8,2,0,37,all40,120,40,30,10,0.1,W2-KMedoids,initializer,12,11,1,2,6,52,68,S_WPB_L56_DOC0.5_WOC1.0_N3600_F360_R1,S_WPB_L56_DOC0.5_WOC1.0_N3600_F360,1,0,0.008333333333333333,0.07015399272054304
8,2,0,37,all40,120,40,30,10,0.1,W2-KMedoids,initializer,12,11,1,2,7,58,74,S_WPB_L56_DOC0.5_WOC2.0_N2700_F270_R3,S_WPB_L56_DOC0.5_WOC2.0_N2700_F270,3,0,0.19166666666666668,0.11120494104260872
8,2,0,37,all40,120,40,30,10,0.1,W2-KMedoids,initializer,12,11,1,2,8,67,83,S_WPB_L56_DOC1.0_WOC1.0_N2700_F270_R4,S_WPB_L56_DOC1.0_WOC1.0_N2700_F270,4,0,0.08333333333333333,0.08529752016247776
8,2,0,37,all40,120,40,30,10,0.1,W2-KMedoids,initializer,12,11,1,2,9,82,110,U_WPA_L36_DOC2.0_WOC1.0_N3600_F360_R3,U_WPA_L36_DOC2.0_WOC1.0_N3600_F360,3,1,0.058333333333333334,0.06924231932881424
8,2,0,37,all40,120,40,30,10,0.1,W2-KMedoids,initializer,12,11,1,2,10,99,139,U_WPB_L56_DOC2.0_WOC2.0_N2700_F270_R4,U_WPB_L56_DOC2.0_WOC2.0_N2700_F270,4,1,0.10833333333333334,0.0789360241800975
8,2,0,37,all40,120,40,30,10,0.1,W2-KMedoids,initializer,12,11,1,2,11,107,147,U_WPB_L56_DOC3.0_WOC1.0_N3600_F360_R4,U_WPB_L56_DOC3.0_WOC1.0_N3600_F360,4,1,0.125,0.08109563234225796
8,2,0,37,all40,120,40,30,10,0.1,W2-KMedoids,initializer,12,11,1,2,12,113,153,U_WPB_L56_DOC4.0_WOC2.0_N2700_F270_R2,U_WPB_L56_DOC4.0_WOC2.0_N2700_F270,2,1,0.03333333333333333,0.06898361506222435
8,2,0,37,all40,120,40,30,10,0.1,W2-KMedoids-R,same-objective one-swap refinement,12,11,1,2,1,14,26,S_WPA_L36_DOC1.0_WOC2.0_N2700_F270_R3,S_WPA_L36_DOC1.0_WOC2.0_N2700_F270,3,0,0.15,0.10218861651913108
8,2,0,37,all40,120,40,30,10,0.1,W2-KMedoids-R,same-objective one-swap refinement,12,11,1,2,2,16,28,S_WPA_L36_DOC1.5_WOC1.0_N1800_F180_R1,S_WPA_L36_DOC1.5_WOC1.0_N1800_F180,1,0,0.058333333333333334,0.0918257725971588
8,2,0,37,all40,120,40,30,10,0.1,W2-KMedoids-R,same-objective one-swap refinement,12,11,1,2,3,24,36,S_WPA_L36_DOC1.5_WOC2.0_N2700_F270_R1,S_WPA_L36_DOC1.5_WOC2.0_N2700_F270,1,0,0.08333333333333333,0.08176625178685129
8,2,0,37,all40,120,40,30,10,0.1,W2-KMedoids-R,same-objective one-swap refinement,12,11,1,2,4,28,40,S_WPA_L36_DOC2.0_WOC1.0_N1800_F180_R1,S_WPA_L36_DOC2.0_WOC1.0_N1800_F180,1,0,0.06666666666666667,0.10241875585073791
8,2,0,37,all40,120,40,30,10,0.1,W2-KMedoids-R,same-objective one-swap refinement,12,11,1,2,5,29,41,S_WPA_L36_DOC2.0_WOC1.0_N1800_F180_R2,S_WPA_L36_DOC2.0_WOC1.0_N1800_F180,2,0,0.008333333333333333,0.05989942875544134
8,2,0,37,all40,120,40,30,10,0.1,W2-KMedoids-R,same-objective one-swap refinement,12,11,1,2,6,52,68,S_WPB_L56_DOC0.5_WOC1.0_N3600_F360_R1,S_WPB_L56_DOC0.5_WOC1.0_N3600_F360,1,0,0.008333333333333333,0.059899449511251944
8,2,0,37,all40,120,40,30,10,0.1,W2-KMedoids-R,same-objective one-swap refinement,12,11,1,2,7,58,74,S_WPB_L56_DOC0.5_WOC2.0_N2700_F270_R3,S_WPB_L56_DOC0.5_WOC2.0_N2700_F270,3,0,0.19166666666666668,0.12131912885565613
8,2,0,37,all40,120,40,30,10,0.1,W2-KMedoids-R,same-objective one-swap refinement,12,11,1,2,8,67,83,S_WPB_L56_DOC1.0_WOC1.0_N2700_F270_R4,S_WPB_L56_DOC1.0_WOC1.0_N2700_F270,4,0,0.11666666666666667,0.09098124859756594
8,2,0,37,all40,120,40,30,10,0.1,W2-KMedoids-R,same-objective one-swap refinement,12,11,1,2,9,82,110,U_WPA_L36_DOC2.0_WOC1.0_N3600_F360_R3,U_WPA_L36_DOC2.0_WOC1.0_N3600_F360,3,1,0.058333333333333334,0.06295228374739135
8,2,0,37,all40,120,40,30,10,0.1,W2-KMedoids-R,same-objective one-swap refinement,12,11,1,2,10,99,139,U_WPB_L56_DOC2.0_WOC2.0_N2700_F270_R4,U_WPB_L56_DOC2.0_WOC2.0_N2700_F270,4,1,0.10833333333333334,0.07965682974837293
8,2,0,37,all40,120,40,30,10,0.1,W2-KMedoids-R,same-objective one-swap refinement,12,11,1,2,11,107,147,U_WPB_L56_DOC3.0_WOC1.0_N3600_F360_R4,U_WPB_L56_DOC3.0_WOC1.0_N3600_F360,4,1,0.11666666666666667,0.080409916371574
8,2,0,37,all40,120,40,30,10,0.1,W2-KMedoids-R,same-objective one-swap refinement,12,11,1,2,12,113,153,U_WPB_L56_DOC4.0_WOC2.0_N2700_F270_R2,U_WPB_L56_DOC4.0_WOC2.0_N2700_F270,2,1,0.03333333333333333,0.06668231765886722
8,2,0,37,all40,120,40,30,10,0.1,MRDS projected,initializer,12,10,2,2,1,30,42,S_WPA_L36_DOC2.0_WOC1.0_N1800_F180_R3,S_WPA_L36_DOC2.0_WOC1.0_N1800_F180,3,0,0.16666666666666666,0.11481292140101132
8,2,0,37,all40,120,40,30,10,0.1,MRDS projected,initializer,12,10,2,2,2,29,41,S_WPA_L36_DOC2.0_WOC1.0_N1800_F180_R2,S_WPA_L36_DOC2.0_WOC1.0_N1800_F180,2,0,0.008333333333333333,0.06803598503921733
8,2,0,37,all40,120,40,30,10,0.1,MRDS projected,initializer,12,10,2,2,3,52,68,S_WPB_L56_DOC0.5_WOC1.0_N3600_F360_R1,S_WPB_L56_DOC0.5_WOC1.0_N3600_F360,1,0,0.008333333333333333,0.06803599878691241
8,2,0,37,all40,120,40,30,10,0.1,MRDS projected,initializer,12,10,2,2,4,112,152,U_WPB_L56_DOC4.0_WOC2.0_N2700_F270_R1,U_WPB_L56_DOC4.0_WOC2.0_N2700_F270,1,1,0.016666666666666666,0.06036807341694117
8,2,0,37,all40,120,40,30,10,0.1,MRDS projected,initializer,12,10,2,2,5,81,109,U_WPA_L36_DOC2.0_WOC1.0_N3600_F360_R2,U_WPA_L36_DOC2.0_WOC1.0_N3600_F360,2,1,0.025,0.06221850673409988
8,2,0,37,all40,120,40,30,10,0.1,MRDS projected,initializer,12,10,2,2,6,43,55,S_WPA_L36_DOC4.0_WOC1.0_N2700_F270_R4,S_WPA_L36_DOC4.0_WOC1.0_N2700_F270,4,0,0.09166666666666666,0.08575633254507178
8,2,0,37,all40,120,40,30,10,0.1,MRDS projected,initializer,12,10,2,2,7,103,143,U_WPB_L56_DOC3.0_WOC1.0_N1800_F180_R4,U_WPB_L56_DOC3.0_WOC1.0_N1800_F180,4,1,0.18333333333333332,0.08341189423365478
8,2,0,37,all40,120,40,30,10,0.1,MRDS projected,initializer,12,10,2,2,8,110,150,U_WPB_L56_DOC4.0_WOC1.0_N2700_F270_R3,U_WPB_L56_DOC4.0_WOC1.0_N2700_F270,3,1,0.016666666666666666,0.06110313105598547
8,2,0,37,all40,120,40,30,10,0.1,MRDS projected,initializer,12,10,2,2,9,77,105,S_WPB_L56_DOC1.5_WOC2.0_N2700_F270_R2,S_WPB_L56_DOC1.5_WOC2.0_N2700_F270,2,0,0.15,0.12123553618921429
8,2,0,37,all40,120,40,30,10,0.1,MRDS projected,initializer,12,10,2,2,10,0,0,S_WPA_L36_DOC0.5_WOC1.0_N2700_F270_R1,S_WPA_L36_DOC0.5_WOC1.0_N2700_F270,1,0,0.09166666666666666,0.09385174937266628
8,2,0,37,all40,120,40,30,10,0.1,MRDS projected,initializer,12,10,2,2,11,84,112,U_WPA_L36_DOC2.0_WOC2.0_N2700_F270_R1,U_WPA_L36_DOC2.0_WOC2.0_N2700_F270,1,1,0.05,0.07103821652553156
8,2,0,37,all40,120,40,30,10,0.1,MRDS projected,initializer,12,10,2,2,12,42,54,S_WPA_L36_DOC4.0_WOC1.0_N2700_F270_R3,S_WPA_L36_DOC4.0_WOC1.0_N2700_F270,3,0,0.19166666666666668,0.11013165469969373
8,2,0,37,all40,120,40,30,10,0.1,MRDS-IS-R (proposed),same-objective one-swap refinement,12,10,2,2,1,0,0,S_WPA_L36_DOC0.5_WOC1.0_N2700_F270_R1,S_WPA_L36_DOC0.5_WOC1.0_N2700_F270,1,0,0.08333333333333333,0.09514703014341729
8,2,0,37,all40,120,40,30,10,0.1,MRDS-IS-R (proposed),same-objective one-swap refinement,12,10,2,2,2,29,41,S_WPA_L36_DOC2.0_WOC1.0_N1800_F180_R2,S_WPA_L36_DOC2.0_WOC1.0_N1800_F180,2,0,0.008333333333333333,0.057226433623229746
8,2,0,37,all40,120,40,30,10,0.1,MRDS-IS-R (proposed),same-objective one-swap refinement,12,10,2,2,3,30,42,S_WPA_L36_DOC2.0_WOC1.0_N1800_F180_R3,S_WPA_L36_DOC2.0_WOC1.0_N1800_F180,3,0,0.16666666666666666,0.12461407736694044
8,2,0,37,all40,120,40,30,10,0.1,MRDS-IS-R (proposed),same-objective one-swap refinement,12,10,2,2,4,42,54,S_WPA_L36_DOC4.0_WOC1.0_N2700_F270_R3,S_WPA_L36_DOC4.0_WOC1.0_N2700_F270,3,0,0.175,0.11780915991024472
8,2,0,37,all40,120,40,30,10,0.1,MRDS-IS-R (proposed),same-objective one-swap refinement,12,10,2,2,5,43,55,S_WPA_L36_DOC4.0_WOC1.0_N2700_F270_R4,S_WPA_L36_DOC4.0_WOC1.0_N2700_F270,4,0,0.09166666666666666,0.08280026554257586
8,2,0,37,all40,120,40,30,10,0.1,MRDS-IS-R (proposed),same-objective one-swap refinement,12,10,2,2,6,52,68,S_WPB_L56_DOC0.5_WOC1.0_N3600_F360_R1,S_WPB_L56_DOC0.5_WOC1.0_N3600_F360,1,0,0.008333333333333333,0.05722645100434678
8,2,0,37,all40,120,40,30,10,0.1,MRDS-IS-R (proposed),same-objective one-swap refinement,12,10,2,2,7,77,105,S_WPB_L56_DOC1.5_WOC2.0_N2700_F270_R2,S_WPB_L56_DOC1.5_WOC2.0_N2700_F270,2,0,0.15,0.13570755579893867
8,2,0,37,all40,120,40,30,10,0.1,MRDS-IS-R (proposed),same-objective one-swap refinement,12,10,2,2,8,81,109,U_WPA_L36_DOC2.0_WOC1.0_N3600_F360_R2,U_WPA_L36_DOC2.0_WOC1.0_N3600_F360,2,1,0.025,0.05529659544708764
8,2,0,37,all40,120,40,30,10,0.1,MRDS-IS-R (proposed),same-objective one-swap refinement,12,10,2,2,9,84,112,U_WPA_L36_DOC2.0_WOC2.0_N2700_F270_R1,U_WPA_L36_DOC2.0_WOC2.0_N2700_F270,1,1,0.05,0.06879828580127814
8,2,0,37,all40,120,40,30,10,0.1,MRDS-IS-R (proposed),same-objective one-swap refinement,12,10,2,2,10,95,135,U_WPB_L56_DOC2.0_WOC1.0_N3600_F360_R4,U_WPB_L56_DOC2.0_WOC1.0_N3600_F360,4,1,0.15,0.06229482218034891
8,2,0,37,all40,120,40,30,10,0.1,MRDS-IS-R (proposed),same-objective one-swap refinement,12,10,2,2,11,103,143,U_WPB_L56_DOC3.0_WOC1.0_N1800_F180_R4,U_WPB_L56_DOC3.0_WOC1.0_N1800_F180,4,1,0.058333333333333334,0.08564184875632484
8,2,0,37,all40,120,40,30,10,0.1,MRDS-IS-R (proposed),same-objective one-swap refinement,12,10,2,2,12,110,150,U_WPB_L56_DOC4.0_WOC1.0_N2700_F270_R3,U_WPB_L56_DOC4.0_WOC1.0_N2700_F270,3,1,0.03333333333333333,0.05743747442526684
8,2,0,37,all40,120,40,30,10,0.1,Best-of-starts-R (diagnostic only),diagnostic oracle over supplied starts; winner=W2-KMedoids,12,11,1,2,1,14,26,S_WPA_L36_DOC1.0_WOC2.0_N2700_F270_R3,S_WPA_L36_DOC1.0_WOC2.0_N2700_F270,3,0,0.15,0.10218861651913108
8,2,0,37,all40,120,40,30,10,0.1,Best-of-starts-R (diagnostic only),diagnostic oracle over supplied starts; winner=W2-KMedoids,12,11,1,2,2,16,28,S_WPA_L36_DOC1.5_WOC1.0_N1800_F180_R1,S_WPA_L36_DOC1.5_WOC1.0_N1800_F180,1,0,0.058333333333333334,0.0918257725971588
8,2,0,37,all40,120,40,30,10,0.1,Best-of-starts-R (diagnostic only),diagnostic oracle over supplied starts; winner=W2-KMedoids,12,11,1,2,3,24,36,S_WPA_L36_DOC1.5_WOC2.0_N2700_F270_R1,S_WPA_L36_DOC1.5_WOC2.0_N2700_F270,1,0,0.08333333333333333,0.08176625178685129
8,2,0,37,all40,120,40,30,10,0.1,Best-of-starts-R (diagnostic only),diagnostic oracle over supplied starts; winner=W2-KMedoids,12,11,1,2,4,28,40,S_WPA_L36_DOC2.0_WOC1.0_N1800_F180_R1,S_WPA_L36_DOC2.0_WOC1.0_N1800_F180,1,0,0.06666666666666667,0.10241875585073791
8,2,0,37,all40,120,40,30,10,0.1,Best-of-starts-R (diagnostic only),diagnostic oracle over supplied starts; winner=W2-KMedoids,12,11,1,2,5,29,41,S_WPA_L36_DOC2.0_WOC1.0_N1800_F180_R2,S_WPA_L36_DOC2.0_WOC1.0_N1800_F180,2,0,0.008333333333333333,0.05989942875544134
8,2,0,37,all40,120,40,30,10,0.1,Best-of-starts-R (diagnostic only),diagnostic oracle over supplied starts; winner=W2-KMedoids,12,11,1,2,6,52,68,S_WPB_L56_DOC0.5_WOC1.0_N3600_F360_R1,S_WPB_L56_DOC0.5_WOC1.0_N3600_F360,1,0,0.008333333333333333,0.059899449511251944
8,2,0,37,all40,120,40,30,10,0.1,Best-of-starts-R (diagnostic only),diagnostic oracle over supplied starts; winner=W2-KMedoids,12,11,1,2,7,58,74,S_WPB_L56_DOC0.5_WOC2.0_N2700_F270_R3,S_WPB_L56_DOC0.5_WOC2.0_N2700_F270,3,0,0.19166666666666668,0.12131912885565613
8,2,0,37,all40,120,40,30,10,0.1,Best-of-starts-R (diagnostic only),diagnostic oracle over supplied starts; winner=W2-KMedoids,12,11,1,2,8,67,83,S_WPB_L56_DOC1.0_WOC1.0_N2700_F270_R4,S_WPB_L56_DOC1.0_WOC1.0_N2700_F270,4,0,0.11666666666666667,0.09098124859756594
8,2,0,37,all40,120,40,30,10,0.1,Best-of-starts-R (diagnostic only),diagnostic oracle over supplied starts; winner=W2-KMedoids,12,11,1,2,9,82,110,U_WPA_L36_DOC2.0_WOC1.0_N3600_F360_R3,U_WPA_L36_DOC2.0_WOC1.0_N3600_F360,3,1,0.058333333333333334,0.06295228374739135
8,2,0,37,all40,120,40,30,10,0.1,Best-of-starts-R (diagnostic only),diagnostic oracle over supplied starts; winner=W2-KMedoids,12,11,1,2,10,99,139,U_WPB_L56_DOC2.0_WOC2.0_N2700_F270_R4,U_WPB_L56_DOC2.0_WOC2.0_N2700_F270,4,1,0.10833333333333334,0.07965682974837293
8,2,0,37,all40,120,40,30,10,0.1,Best-of-starts-R (diagnostic only),diagnostic oracle over supplied starts; winner=W2-KMedoids,12,11,1,2,11,107,147,U_WPB_L56_DOC3.0_WOC1.0_N3600_F360_R4,U_WPB_L56_DOC3.0_WOC1.0_N3600_F360,4,1,0.11666666666666667,0.080409916371574
8,2,0,37,all40,120,40,30,10,0.1,Best-of-starts-R (diagnostic only),diagnostic oracle over supplied starts; winner=W2-KMedoids,12,11,1,2,12,113,153,U_WPB_L56_DOC4.0_WOC2.0_N2700_F270_R2,U_WPB_L56_DOC4.0_WOC2.0_N2700_F270,2,1,0.03333333333333333,0.06668231765886722
9,2,1,37,all40,120,40,30,10,0.1,Random,initializer,12,12,0,1,1,7,11,S_WPA_L36_DOC0.5_WOC2.0_N2700_F270_R4,S_WPA_L36_DOC0.5_WOC2.0_N2700_F270,4,0,0.14166666666666666,4.8216927333425675e-09
9,2,1,37,all40,120,40,30,10,0.1,Random,initializer,12,12,0,1,2,17,21,S_WPA_L36_DOC1.0_WOC1.0_N3600_F360_R2,S_WPA_L36_DOC1.0_WOC1.0_N3600_F360,2,0,0.09166666666666666,2.396926568773716e-09
9,2,1,37,all40,120,40,30,10,0.1,Random,initializer,12,12,0,1,3,29,33,S_WPA_L36_DOC1.5_WOC1.0_N3600_F360_R2,S_WPA_L36_DOC1.5_WOC1.0_N3600_F360,2,0,0.03333333333333333,1.849354144444275e-09
9,2,1,37,all40,120,40,30,10,0.1,Random,initializer,12,12,0,1,4,32,36,S_WPA_L36_DOC1.5_WOC2.0_N2700_F270_R1,S_WPA_L36_DOC1.5_WOC2.0_N2700_F270,1,0,0.10833333333333334,1.3737169926591298e-09
9,2,1,37,all40,120,40,30,10,0.1,Random,initializer,12,12,0,1,5,37,61,S_WPB_L56_DOC0.5_WOC1.0_N1800_F180_R2,S_WPB_L56_DOC0.5_WOC1.0_N1800_F180,2,0,0.175,2.1682452125841038e-08
9,2,1,37,all40,120,40,30,10,0.1,Random,initializer,12,12,0,1,6,54,78,S_WPB_L56_DOC1.0_WOC1.0_N1800_F180_R3,S_WPB_L56_DOC1.0_WOC1.0_N1800_F180,3,0,0.05,4.123399542089413e-09
9,2,1,37,all40,120,40,30,10,0.1,Random,initializer,12,12,0,1,7,70,98,S_WPB_L56_DOC1.5_WOC1.0_N2700_F270_R3,S_WPB_L56_DOC1.5_WOC1.0_N2700_F270,3,0,0.025,2.503855024119433e-07
9,2,1,37,all40,120,40,30,10,0.1,Random,initializer,12,12,0,1,8,74,102,S_WPB_L56_DOC1.5_WOC1.0_N3600_F360_R3,S_WPB_L56_DOC1.5_WOC1.0_N3600_F360,3,0,0.016666666666666666,4.466297796610946e-09
9,2,1,37,all40,120,40,30,10,0.1,Random,initializer,12,12,0,1,9,77,105,S_WPB_L56_DOC1.5_WOC2.0_N2700_F270_R2,S_WPB_L56_DOC1.5_WOC2.0_N2700_F270,2,0,0.058333333333333334,2.646255315513676e-07
9,2,1,37,all40,120,40,30,10,0.1,Random,initializer,12,12,0,1,10,81,109,U_WPA_L36_DOC2.0_WOC1.0_N3600_F360_R2,U_WPA_L36_DOC2.0_WOC1.0_N3600_F360,2,1,0.08333333333333333,0.9999992775909085
9,2,1,37,all40,120,40,30,10,0.1,Random,initializer,12,12,0,1,11,95,123,U_WPA_L36_DOC4.0_WOC2.0_N2700_F270_R4,U_WPA_L36_DOC4.0_WOC2.0_N2700_F270,4,1,0.11666666666666667,4.716223179809852e-08
9,2,1,37,all40,120,40,30,10,0.1,Random,initializer,12,12,0,1,12,104,132,U_WPB_L56_DOC2.0_WOC1.0_N3600_F360_R1,U_WPB_L56_DOC2.0_WOC1.0_N3600_F360,1,1,0.1,1.1952198593507639e-07
9,2,1,37,all40,120,40,30,10,0.1,Random-R,same-objective one-swap refinement,12,12,0,1,1,7,11,S_WPA_L36_DOC0.5_WOC2.0_N2700_F270_R4,S_WPA_L36_DOC0.5_WOC2.0_N2700_F270,4,0,0.14166666666666666,3.6119393762088743e-22
9,2,1,37,all40,120,40,30,10,0.1,Random-R,same-objective one-swap refinement,12,12,0,1,2,17,21,S_WPA_L36_DOC1.0_WOC1.0_N3600_F360_R2,S_WPA_L36_DOC1.0_WOC1.0_N3600_F360,2,0,0.1,8.59332791594676e-23
9,2,1,37,all40,120,40,30,10,0.1,Random-R,same-objective one-swap refinement,12,12,0,1,3,29,33,S_WPA_L36_DOC1.5_WOC1.0_N3600_F360_R2,S_WPA_L36_DOC1.5_WOC1.0_N3600_F360,2,0,0.03333333333333333,4.866045775365181e-23
9,2,1,37,all40,120,40,30,10,0.1,Random-R,same-objective one-swap refinement,12,12,0,1,4,32,36,S_WPA_L36_DOC1.5_WOC2.0_N2700_F270_R1,S_WPA_L36_DOC1.5_WOC2.0_N2700_F270,1,0,0.10833333333333334,2.6098908556000525e-23
9,2,1,37,all40,120,40,30,10,0.1,Random-R,same-objective one-swap refinement,12,12,0,1,5,37,61,S_WPB_L56_DOC0.5_WOC1.0_N1800_F180_R2,S_WPB_L56_DOC0.5_WOC1.0_N1800_F180,2,0,0.175,9.094788476266648e-21
9,2,1,37,all40,120,40,30,10,0.1,Random-R,same-objective one-swap refinement,12,12,0,1,6,54,78,S_WPB_L56_DOC1.0_WOC1.0_N1800_F180_R3,S_WPB_L56_DOC1.0_WOC1.0_N1800_F180,3,0,0.05,2.7665494815753994e-22
9,2,1,37,all40,120,40,30,10,0.1,Random-R,same-objective one-swap refinement,12,12,0,1,7,65,89,S_WPB_L56_DOC1.0_WOC2.0_N2700_F270_R2,S_WPB_L56_DOC1.0_WOC2.0_N2700_F270,2,0,0.016666666666666666,0.9984593417156424
9,2,1,37,all40,120,40,30,10,0.1,Random-R,same-objective one-swap refinement,12,12,0,1,8,74,102,S_WPB_L56_DOC1.5_WOC1.0_N3600_F360_R3,S_WPB_L56_DOC1.5_WOC1.0_N3600_F360,3,0,0.016666666666666666,3.1260010931536483e-22
9,2,1,37,all40,120,40,30,10,0.1,Random-R,same-objective one-swap refinement,12,12,0,1,9,77,105,S_WPB_L56_DOC1.5_WOC2.0_N2700_F270_R2,S_WPB_L56_DOC1.5_WOC2.0_N2700_F270,2,0,0.058333333333333334,6.9086482347163125e-18
9,2,1,37,all40,120,40,30,10,0.1,Random-R,same-objective one-swap refinement,12,12,0,1,10,81,109,U_WPA_L36_DOC2.0_WOC1.0_N3600_F360_R2,U_WPA_L36_DOC2.0_WOC1.0_N3600_F360,2,1,0.08333333333333333,0.0015406582843576608
9,2,1,37,all40,120,40,30,10,0.1,Random-R,same-objective one-swap refinement,12,12,0,1,11,95,123,U_WPA_L36_DOC4.0_WOC2.0_N2700_F270_R4,U_WPA_L36_DOC4.0_WOC2.0_N2700_F270,4,1,0.11666666666666667,4.90891295414303e-20
9,2,1,37,all40,120,40,30,10,0.1,Random-R,same-objective one-swap refinement,12,12,0,1,12,104,132,U_WPB_L56_DOC2.0_WOC1.0_N3600_F360_R1,U_WPB_L56_DOC2.0_WOC1.0_N3600_F360,1,1,0.1,5.32354740759173e-19
9,2,1,37,all40,120,40,30,10,0.1,FacilityLocation,initializer,12,8,4,3,1,33,37,S_WPA_L36_DOC1.5_WOC2.0_N2700_F270_R2,S_WPA_L36_DOC1.5_WOC2.0_N2700_F270,2,0,0.38333333333333336,0.13681594066599717
9,2,1,37,all40,120,40,30,10,0.1,FacilityLocation,initializer,12,8,4,3,2,112,144,U_WPB_L56_DOC3.0_WOC1.0_N3600_F360_R1,U_WPB_L56_DOC3.0_WOC1.0_N3600_F360,1,1,0.2,0.1110012382448153
9,2,1,37,all40,120,40,30,10,0.1,FacilityLocation,initializer,12,8,4,3,3,67,91,S_WPB_L56_DOC1.0_WOC2.0_N2700_F270_R4,S_WPB_L56_DOC1.0_WOC2.0_N2700_F270,4,0,0.175,0.1179163682175654
9,2,1,37,all40,120,40,30,10,0.1,FacilityLocation,initializer,12,8,4,3,4,91,119,U_WPA_L36_DOC3.0_WOC1.0_N3600_F360_R4,U_WPA_L36_DOC3.0_WOC1.0_N3600_F360,4,1,0.075,0.06590748779628207
9,2,1,37,all40,120,40,30,10,0.1,FacilityLocation,initializer,12,8,4,3,5,59,83,S_WPB_L56_DOC1.0_WOC1.0_N2700_F270_R4,S_WPB_L56_DOC1.0_WOC1.0_N2700_F270,4,0,0.075,0.11714102337371571
9,2,1,37,all40,120,40,30,10,0.1,FacilityLocation,initializer,12,8,4,3,6,42,66,S_WPB_L56_DOC0.5_WOC1.0_N2700_F270_R3,S_WPB_L56_DOC0.5_WOC1.0_N2700_F270,3,0,0.03333333333333333,0.07643899588153061
9,2,1,37,all40,120,40,30,10,0.1,FacilityLocation,initializer,12,8,4,3,7,66,90,S_WPB_L56_DOC1.0_WOC2.0_N2700_F270_R3,S_WPB_L56_DOC1.0_WOC2.0_N2700_F270,3,0,0.016666666666666666,0.0605360425379562
9,2,1,37,all40,120,40,30,10,0.1,FacilityLocation,initializer,12,8,4,3,8,72,100,S_WPB_L56_DOC1.5_WOC1.0_N3600_F360_R1,S_WPB_L56_DOC1.5_WOC1.0_N3600_F360,1,0,0.008333333333333333,0.06279181228634564
9,2,1,37,all40,120,40,30,10,0.1,FacilityLocation,initializer,12,8,4,3,9,65,89,S_WPB_L56_DOC1.0_WOC2.0_N2700_F270_R2,S_WPB_L56_DOC1.0_WOC2.0_N2700_F270,2,0,0.008333333333333333,0.06279181228573173
9,2,1,37,all40,120,40,30,10,0.1,FacilityLocation,initializer,12,8,4,3,10,89,117,U_WPA_L36_DOC3.0_WOC1.0_N3600_F360_R2,U_WPA_L36_DOC3.0_WOC1.0_N3600_F360,2,1,0.008333333333333333,0.06277189212518317
9,2,1,37,all40,120,40,30,10,0.1,FacilityLocation,initializer,12,8,4,3,11,88,116,U_WPA_L36_DOC3.0_WOC1.0_N3600_F360_R1,U_WPA_L36_DOC3.0_WOC1.0_N3600_F360,1,1,0.008333333333333333,0.06260641872972726
9,2,1,37,all40,120,40,30,10,0.1,FacilityLocation,initializer,12,8,4,3,12,68,96,S_WPB_L56_DOC1.5_WOC1.0_N2700_F270_R1,S_WPB_L56_DOC1.5_WOC1.0_N2700_F270,1,0,0.008333333333333333,0.06328096785514976
9,2,1,37,all40,120,40,30,10,0.1,FacilityLocation-R,same-objective one-swap refinement,12,8,4,3,1,31,35,S_WPA_L36_DOC1.5_WOC1.0_N3600_F360_R4,S_WPA_L36_DOC1.5_WOC1.0_N3600_F360,4,0,0.21666666666666667,0.0733042293429355
9,2,1,37,all40,120,40,30,10,0.1,FacilityLocation-R,same-objective one-swap refinement,12,8,4,3,2,33,37,S_WPA_L36_DOC1.5_WOC2.0_N2700_F270_R2,S_WPA_L36_DOC1.5_WOC2.0_N2700_F270,2,0,0.175,0.15803848961537006
9,2,1,37,all40,120,40,30,10,0.1,FacilityLocation-R,same-objective one-swap refinement,12,8,4,3,3,42,66,S_WPB_L56_DOC0.5_WOC1.0_N2700_F270_R3,S_WPB_L56_DOC0.5_WOC1.0_N2700_F270,3,0,0.03333333333333333,0.07178676015291266
9,2,1,37,all40,120,40,30,10,0.1,FacilityLocation-R,same-objective one-swap refinement,12,8,4,3,4,59,83,S_WPB_L56_DOC1.0_WOC1.0_N2700_F270_R4,S_WPB_L56_DOC1.0_WOC1.0_N2700_F270,4,0,0.075,0.12277517094121858
9,2,1,37,all40,120,40,30,10,0.1,FacilityLocation-R,same-objective one-swap refinement,12,8,4,3,5,65,89,S_WPB_L56_DOC1.0_WOC2.0_N2700_F270_R2,S_WPB_L56_DOC1.0_WOC2.0_N2700_F270,2,0,0.008333333333333333,0.05117485007554165
9,2,1,37,all40,120,40,30,10,0.1,FacilityLocation-R,same-objective one-swap refinement,12,8,4,3,6,66,90,S_WPB_L56_DOC1.0_WOC2.0_N2700_F270_R3,S_WPB_L56_DOC1.0_WOC2.0_N2700_F270,3,0,0.016666666666666666,0.049083201998076545
9,2,1,37,all40,120,40,30,10,0.1,FacilityLocation-R,same-objective one-swap refinement,12,8,4,3,7,67,91,S_WPB_L56_DOC1.0_WOC2.0_N2700_F270_R4,S_WPB_L56_DOC1.0_WOC2.0_N2700_F270,4,0,0.175,0.12844026774309472
9,2,1,37,all40,120,40,30,10,0.1,FacilityLocation-R,same-objective one-swap refinement,12,8,4,3,8,72,100,S_WPB_L56_DOC1.5_WOC1.0_N3600_F360_R1,S_WPB_L56_DOC1.5_WOC1.0_N3600_F360,1,0,0.008333333333333333,0.051174850076348755
9,2,1,37,all40,120,40,30,10,0.1,FacilityLocation-R,same-objective one-swap refinement,12,8,4,3,9,88,116,U_WPA_L36_DOC3.0_WOC1.0_N3600_F360_R1,U_WPA_L36_DOC3.0_WOC1.0_N3600_F360,1,1,0.008333333333333333,0.05097325160438315
9,2,1,37,all40,120,40,30,10,0.1,FacilityLocation-R,same-objective one-swap refinement,12,8,4,3,10,89,117,U_WPA_L36_DOC3.0_WOC1.0_N3600_F360_R2,U_WPA_L36_DOC3.0_WOC1.0_N3600_F360,2,1,0.008333333333333333,0.05115890041804315
9,2,1,37,all40,120,40,30,10,0.1,FacilityLocation-R,same-objective one-swap refinement,12,8,4,3,11,91,119,U_WPA_L36_DOC3.0_WOC1.0_N3600_F360_R4,U_WPA_L36_DOC3.0_WOC1.0_N3600_F360,4,1,0.075,0.06597042262972728
9,2,1,37,all40,120,40,30,10,0.1,FacilityLocation-R,same-objective one-swap refinement,12,8,4,3,12,112,144,U_WPB_L56_DOC3.0_WOC1.0_N3600_F360_R1,U_WPB_L56_DOC3.0_WOC1.0_N3600_F360,1,1,0.2,0.12611960540234804
9,2,1,37,all40,120,40,30,10,0.1,W2-KMedoids,initializer,12,8,4,3,1,19,23,S_WPA_L36_DOC1.0_WOC1.0_N3600_F360_R4,S_WPA_L36_DOC1.0_WOC1.0_N3600_F360,4,0,0.35833333333333334,0.12110661550374013
9,2,1,37,all40,120,40,30,10,0.1,W2-KMedoids,initializer,12,8,4,3,2,40,64,S_WPB_L56_DOC0.5_WOC1.0_N2700_F270_R1,S_WPB_L56_DOC0.5_WOC1.0_N2700_F270,1,0,0.03333333333333333,0.08021845300257388
9,2,1,37,all40,120,40,30,10,0.1,W2-KMedoids,initializer,12,8,4,3,3,58,82,S_WPB_L56_DOC1.0_WOC1.0_N2700_F270_R3,S_WPB_L56_DOC1.0_WOC1.0_N2700_F270,3,0,0.075,0.10844368122693099
9,2,1,37,all40,120,40,30,10,0.1,W2-KMedoids,initializer,12,8,4,3,4,65,89,S_WPB_L56_DOC1.0_WOC2.0_N2700_F270_R2,S_WPB_L56_DOC1.0_WOC2.0_N2700_F270,2,0,0.008333333333333333,0.06357593053353812
9,2,1,37,all40,120,40,30,10,0.1,W2-KMedoids,initializer,12,8,4,3,5,66,90,S_WPB_L56_DOC1.0_WOC2.0_N2700_F270_R3,S_WPB_L56_DOC1.0_WOC2.0_N2700_F270,3,0,0.016666666666666666,0.0614164421461283
9,2,1,37,all40,120,40,30,10,0.1,W2-KMedoids,initializer,12,8,4,3,6,67,91,S_WPB_L56_DOC1.0_WOC2.0_N2700_F270_R4,S_WPB_L56_DOC1.0_WOC2.0_N2700_F270,4,0,0.175,0.10098825941605148
9,2,1,37,all40,120,40,30,10,0.1,W2-KMedoids,initializer,12,8,4,3,7,68,96,S_WPB_L56_DOC1.5_WOC1.0_N2700_F270_R1,S_WPB_L56_DOC1.5_WOC1.0_N2700_F270,1,0,0.008333333333333333,0.06393982064675512
9,2,1,37,all40,120,40,30,10,0.1,W2-KMedoids,initializer,12,8,4,3,8,72,100,S_WPB_L56_DOC1.5_WOC1.0_N3600_F360_R1,S_WPB_L56_DOC1.5_WOC1.0_N3600_F360,1,0,0.008333333333333333,0.06357593053413209
9,2,1,37,all40,120,40,30,10,0.1,W2-KMedoids,initializer,12,8,4,3,9,88,116,U_WPA_L36_DOC3.0_WOC1.0_N3600_F360_R1,U_WPA_L36_DOC3.0_WOC1.0_N3600_F360,1,1,0.008333333333333333,0.06339684017145045
9,2,1,37,all40,120,40,30,10,0.1,W2-KMedoids,initializer,12,8,4,3,10,89,117,U_WPA_L36_DOC3.0_WOC1.0_N3600_F360_R2,U_WPA_L36_DOC3.0_WOC1.0_N3600_F360,2,1,0.008333333333333333,0.0635626297226934
9,2,1,37,all40,120,40,30,10,0.1,W2-KMedoids,initializer,12,8,4,3,11,91,119,U_WPA_L36_DOC3.0_WOC1.0_N3600_F360_R4,U_WPA_L36_DOC3.0_WOC1.0_N3600_F360,4,1,0.075,0.07740067205287886
9,2,1,37,all40,120,40,30,10,0.1,W2-KMedoids,initializer,12,8,4,3,12,101,129,U_WPB_L56_DOC2.0_WOC1.0_N2700_F270_R2,U_WPB_L56_DOC2.0_WOC1.0_N2700_F270,2,1,0.225,0.13237472504312714
9,2,1,37,all40,120,40,30,10,0.1,W2-KMedoids-R,same-objective one-swap refinement,12,7,5,3,1,19,23,S_WPA_L36_DOC1.0_WOC1.0_N3600_F360_R4,S_WPA_L36_DOC1.0_WOC1.0_N3600_F360,4,0,0.31666666666666665,0.13906027011423958
9,2,1,37,all40,120,40,30,10,0.1,W2-KMedoids-R,same-objective one-swap refinement,12,7,5,3,2,40,64,S_WPB_L56_DOC0.5_WOC1.0_N2700_F270_R1,S_WPB_L56_DOC0.5_WOC1.0_N2700_F270,1,0,0.03333333333333333,0.0805873672326438
9,2,1,37,all40,120,40,30,10,0.1,W2-KMedoids-R,same-objective one-swap refinement,12,7,5,3,3,58,82,S_WPB_L56_DOC1.0_WOC1.0_N2700_F270_R3,S_WPB_L56_DOC1.0_WOC1.0_N2700_F270,3,0,0.075,0.11573326105103394
9,2,1,37,all40,120,40,30,10,0.1,W2-KMedoids-R,same-objective one-swap refinement,12,7,5,3,4,65,89,S_WPB_L56_DOC1.0_WOC2.0_N2700_F270_R2,S_WPB_L56_DOC1.0_WOC2.0_N2700_F270,2,0,0.008333333333333333,0.05201929234366369
9,2,1,37,all40,120,40,30,10,0.1,W2-KMedoids-R,same-objective one-swap refinement,12,7,5,3,5,66,90,S_WPB_L56_DOC1.0_WOC2.0_N2700_F270_R3,S_WPB_L56_DOC1.0_WOC2.0_N2700_F270,3,0,0.016666666666666666,0.05000961426162481
9,2,1,37,all40,120,40,30,10,0.1,W2-KMedoids-R,same-objective one-swap refinement,12,7,5,3,6,67,91,S_WPB_L56_DOC1.0_WOC2.0_N2700_F270_R4,S_WPB_L56_DOC1.0_WOC2.0_N2700_F270,4,0,0.175,0.1100805970317128
9,2,1,37,all40,120,40,30,10,0.1,W2-KMedoids-R,same-objective one-swap refinement,12,7,5,3,7,72,100,S_WPB_L56_DOC1.5_WOC1.0_N3600_F360_R1,S_WPB_L56_DOC1.5_WOC1.0_N3600_F360,1,0,0.008333333333333333,0.05201929234445521
9,2,1,37,all40,120,40,30,10,0.1,W2-KMedoids-R,same-objective one-swap refinement,12,7,5,3,8,88,116,U_WPA_L36_DOC3.0_WOC1.0_N3600_F360_R1,U_WPA_L36_DOC3.0_WOC1.0_N3600_F360,1,1,0.008333333333333333,0.051823172957042016
9,2,1,37,all40,120,40,30,10,0.1,W2-KMedoids-R,same-objective one-swap refinement,12,7,5,3,9,89,117,U_WPA_L36_DOC3.0_WOC1.0_N3600_F360_R2,U_WPA_L36_DOC3.0_WOC1.0_N3600_F360,2,1,0.008333333333333333,0.05200652180804299
9,2,1,37,all40,120,40,30,10,0.1,W2-KMedoids-R,same-objective one-swap refinement,12,7,5,3,10,91,119,U_WPA_L36_DOC3.0_WOC1.0_N3600_F360_R4,U_WPA_L36_DOC3.0_WOC1.0_N3600_F360,4,1,0.075,0.07343582314021782
9,2,1,37,all40,120,40,30,10,0.1,W2-KMedoids-R,same-objective one-swap refinement,12,7,5,3,11,101,129,U_WPB_L56_DOC2.0_WOC1.0_N2700_F270_R2,U_WPB_L56_DOC2.0_WOC1.0_N2700_F270,2,1,0.21666666666666667,0.15009715088220507
9,2,1,37,all40,120,40,30,10,0.1,W2-KMedoids-R,same-objective one-swap refinement,12,7,5,3,12,103,131,U_WPB_L56_DOC2.0_WOC1.0_N2700_F270_R4,U_WPB_L56_DOC2.0_WOC1.0_N2700_F270,4,1,0.058333333333333334,0.0731276368331184
9,2,1,37,all40,120,40,30,10,0.1,MRDS projected,initializer,12,10,2,2,1,19,23,S_WPA_L36_DOC1.0_WOC1.0_N3600_F360_R4,S_WPA_L36_DOC1.0_WOC1.0_N3600_F360,4,0,0.7166666666666667,0.18119917127905952
9,2,1,37,all40,120,40,30,10,0.1,MRDS projected,initializer,12,10,2,2,2,72,100,S_WPB_L56_DOC1.5_WOC1.0_N3600_F360_R1,S_WPB_L56_DOC1.5_WOC1.0_N3600_F360,1,0,0.008333333333333333,0.058134020974319696
9,2,1,37,all40,120,40,30,10,0.1,MRDS projected,initializer,12,10,2,2,3,65,89,S_WPB_L56_DOC1.0_WOC2.0_N2700_F270_R2,S_WPB_L56_DOC1.0_WOC2.0_N2700_F270,2,0,0.008333333333333333,0.0581340209735594
9,2,1,37,all40,120,40,30,10,0.1,MRDS projected,initializer,12,10,2,2,4,88,116,U_WPA_L36_DOC3.0_WOC1.0_N3600_F360_R1,U_WPA_L36_DOC3.0_WOC1.0_N3600_F360,1,1,0.008333333333333333,0.05789927469800406
9,2,1,37,all40,120,40,30,10,0.1,MRDS projected,initializer,12,10,2,2,5,89,117,U_WPA_L36_DOC3.0_WOC1.0_N3600_F360_R2,U_WPA_L36_DOC3.0_WOC1.0_N3600_F360,2,1,0.008333333333333333,0.05811408723890819
9,2,1,37,all40,120,40,30,10,0.1,MRDS projected,initializer,12,10,2,2,6,44,68,S_WPB_L56_DOC0.5_WOC1.0_N3600_F360_R1,S_WPB_L56_DOC0.5_WOC1.0_N3600_F360,1,0,0.008333333333333333,0.05491443317511084
9,2,1,37,all40,120,40,30,10,0.1,MRDS projected,initializer,12,10,2,2,7,68,96,S_WPB_L56_DOC1.5_WOC1.0_N2700_F270_R1,S_WPB_L56_DOC1.5_WOC1.0_N2700_F270,1,0,0.008333333333333333,0.058607019761422956
9,2,1,37,all40,120,40,30,10,0.1,MRDS projected,initializer,12,10,2,2,8,81,109,U_WPA_L36_DOC2.0_WOC1.0_N3600_F360_R2,U_WPA_L36_DOC2.0_WOC1.0_N3600_F360,2,1,0.075,0.07238657677110659
9,2,1,37,all40,120,40,30,10,0.1,MRDS projected,initializer,12,10,2,2,9,66,90,S_WPB_L56_DOC1.0_WOC2.0_N2700_F270_R3,S_WPB_L56_DOC1.0_WOC2.0_N2700_F270,3,0,0.008333333333333333,0.054893452389233294
9,2,1,37,all40,120,40,30,10,0.1,MRDS projected,initializer,12,10,2,2,10,118,150,U_WPB_L56_DOC4.0_WOC1.0_N2700_F270_R3,U_WPB_L56_DOC4.0_WOC1.0_N2700_F270,3,1,0.008333333333333333,0.11099940888960624
9,2,1,37,all40,120,40,30,10,0.1,MRDS projected,initializer,12,10,2,2,11,41,65,S_WPB_L56_DOC0.5_WOC1.0_N2700_F270_R2,S_WPB_L56_DOC0.5_WOC1.0_N2700_F270,2,0,0.03333333333333333,0.09538104878247919
9,2,1,37,all40,120,40,30,10,0.1,MRDS projected,initializer,12,10,2,2,12,11,15,S_WPA_L36_DOC1.0_WOC1.0_N1800_F180_R4,S_WPA_L36_DOC1.0_WOC1.0_N1800_F180,4,0,0.10833333333333334,0.13933748506718993
9,2,1,37,all40,120,40,30,10,0.1,MRDS-IS-R (proposed),same-objective one-swap refinement,12,10,2,2,1,11,15,S_WPA_L36_DOC1.0_WOC1.0_N1800_F180_R4,S_WPA_L36_DOC1.0_WOC1.0_N1800_F180,4,0,0.10833333333333334,0.1554017445495448
9,2,1,37,all40,120,40,30,10,0.1,MRDS-IS-R (proposed),same-objective one-swap refinement,12,10,2,2,2,19,23,S_WPA_L36_DOC1.0_WOC1.0_N3600_F360_R4,S_WPA_L36_DOC1.0_WOC1.0_N3600_F360,4,0,0.5166666666666667,0.2171763446800985
9,2,1,37,all40,120,40,30,10,0.1,MRDS-IS-R (proposed),same-objective one-swap refinement,12,10,2,2,3,41,65,S_WPB_L56_DOC0.5_WOC1.0_N2700_F270_R2,S_WPB_L56_DOC0.5_WOC1.0_N2700_F270,2,0,0.03333333333333333,0.09811795690163333
9,2,1,37,all40,120,40,30,10,0.1,MRDS-IS-R (proposed),same-objective one-swap refinement,12,10,2,2,4,44,68,S_WPB_L56_DOC0.5_WOC1.0_N3600_F360_R1,S_WPB_L56_DOC0.5_WOC1.0_N3600_F360,1,0,0.008333333333333333,0.04181939666540564
9,2,1,37,all40,120,40,30,10,0.1,MRDS-IS-R (proposed),same-objective one-swap refinement,12,10,2,2,5,65,89,S_WPB_L56_DOC1.0_WOC2.0_N2700_F270_R2,S_WPB_L56_DOC1.0_WOC2.0_N2700_F270,2,0,0.008333333333333333,0.045963623551247404
9,2,1,37,all40,120,40,30,10,0.1,MRDS-IS-R (proposed),same-objective one-swap refinement,12,10,2,2,6,66,90,S_WPB_L56_DOC1.0_WOC2.0_N2700_F270_R3,S_WPB_L56_DOC1.0_WOC2.0_N2700_F270,3,0,0.008333333333333333,0.04179247098998008
9,2,1,37,all40,120,40,30,10,0.1,MRDS-IS-R (proposed),same-objective one-swap refinement,12,10,2,2,7,68,96,S_WPB_L56_DOC1.5_WOC1.0_N2700_F270_R1,S_WPB_L56_DOC1.5_WOC1.0_N2700_F270,1,0,0.008333333333333333,0.046627243051194124
9,2,1,37,all40,120,40,30,10,0.1,MRDS-IS-R (proposed),same-objective one-swap refinement,12,10,2,2,8,72,100,S_WPB_L56_DOC1.5_WOC1.0_N3600_F360_R1,S_WPB_L56_DOC1.5_WOC1.0_N3600_F360,1,0,0.008333333333333333,0.04596362355224469
9,2,1,37,all40,120,40,30,10,0.1,MRDS-IS-R (proposed),same-objective one-swap refinement,12,10,2,2,9,81,109,U_WPA_L36_DOC2.0_WOC1.0_N3600_F360_R2,U_WPA_L36_DOC2.0_WOC1.0_N3600_F360,2,1,0.06666666666666667,0.06911471539128926
9,2,1,37,all40,120,40,30,10,0.1,MRDS-IS-R (proposed),same-objective one-swap refinement,12,10,2,2,10,88,116,U_WPA_L36_DOC3.0_WOC1.0_N3600_F360_R1,U_WPA_L36_DOC3.0_WOC1.0_N3600_F360,1,1,0.008333333333333333,0.04565637420838858
9,2,1,37,all40,120,40,30,10,0.1,MRDS-IS-R (proposed),same-objective one-swap refinement,12,10,2,2,11,89,117,U_WPA_L36_DOC3.0_WOC1.0_N3600_F360_R2,U_WPA_L36_DOC3.0_WOC1.0_N3600_F360,2,1,0.008333333333333333,0.045943140600460265
9,2,1,37,all40,120,40,30,10,0.1,MRDS-IS-R (proposed),same-objective one-swap refinement,12,10,2,2,12,108,136,U_WPB_L56_DOC2.0_WOC2.0_N2700_F270_R1,U_WPB_L56_DOC2.0_WOC2.0_N2700_F270,1,1,0.21666666666666667,0.14642336585851337
9,2,1,37,all40,120,40,30,10,0.1,Best-of-starts-R (diagnostic only),diagnostic oracle over supplied starts; winner=W2-KMedoids,12,7,5,3,1,19,23,S_WPA_L36_DOC1.0_WOC1.0_N3600_F360_R4,S_WPA_L36_DOC1.0_WOC1.0_N3600_F360,4,0,0.31666666666666665,0.13906027011423958
9,2,1,37,all40,120,40,30,10,0.1,Best-of-starts-R (diagnostic only),diagnostic oracle over supplied starts; winner=W2-KMedoids,12,7,5,3,2,40,64,S_WPB_L56_DOC0.5_WOC1.0_N2700_F270_R1,S_WPB_L56_DOC0.5_WOC1.0_N2700_F270,1,0,0.03333333333333333,0.0805873672326438
9,2,1,37,all40,120,40,30,10,0.1,Best-of-starts-R (diagnostic only),diagnostic oracle over supplied starts; winner=W2-KMedoids,12,7,5,3,3,58,82,S_WPB_L56_DOC1.0_WOC1.0_N2700_F270_R3,S_WPB_L56_DOC1.0_WOC1.0_N2700_F270,3,0,0.075,0.11573326105103394
9,2,1,37,all40,120,40,30,10,0.1,Best-of-starts-R (diagnostic only),diagnostic oracle over supplied starts; winner=W2-KMedoids,12,7,5,3,4,65,89,S_WPB_L56_DOC1.0_WOC2.0_N2700_F270_R2,S_WPB_L56_DOC1.0_WOC2.0_N2700_F270,2,0,0.008333333333333333,0.05201929234366369
9,2,1,37,all40,120,40,30,10,0.1,Best-of-starts-R (diagnostic only),diagnostic oracle over supplied starts; winner=W2-KMedoids,12,7,5,3,5,66,90,S_WPB_L56_DOC1.0_WOC2.0_N2700_F270_R3,S_WPB_L56_DOC1.0_WOC2.0_N2700_F270,3,0,0.016666666666666666,0.05000961426162481
9,2,1,37,all40,120,40,30,10,0.1,Best-of-starts-R (diagnostic only),diagnostic oracle over supplied starts; winner=W2-KMedoids,12,7,5,3,6,67,91,S_WPB_L56_DOC1.0_WOC2.0_N2700_F270_R4,S_WPB_L56_DOC1.0_WOC2.0_N2700_F270,4,0,0.175,0.1100805970317128
9,2,1,37,all40,120,40,30,10,0.1,Best-of-starts-R (diagnostic only),diagnostic oracle over supplied starts; winner=W2-KMedoids,12,7,5,3,7,72,100,S_WPB_L56_DOC1.5_WOC1.0_N3600_F360_R1,S_WPB_L56_DOC1.5_WOC1.0_N3600_F360,1,0,0.008333333333333333,0.05201929234445521
9,2,1,37,all40,120,40,30,10,0.1,Best-of-starts-R (diagnostic only),diagnostic oracle over supplied starts; winner=W2-KMedoids,12,7,5,3,8,88,116,U_WPA_L36_DOC3.0_WOC1.0_N3600_F360_R1,U_WPA_L36_DOC3.0_WOC1.0_N3600_F360,1,1,0.008333333333333333,0.051823172957042016
9,2,1,37,all40,120,40,30,10,0.1,Best-of-starts-R (diagnostic only),diagnostic oracle over supplied starts; winner=W2-KMedoids,12,7,5,3,9,89,117,U_WPA_L36_DOC3.0_WOC1.0_N3600_F360_R2,U_WPA_L36_DOC3.0_WOC1.0_N3600_F360,2,1,0.008333333333333333,0.05200652180804299
9,2,1,37,all40,120,40,30,10,0.1,Best-of-starts-R (diagnostic only),diagnostic oracle over supplied starts; winner=W2-KMedoids,12,7,5,3,10,91,119,U_WPA_L36_DOC3.0_WOC1.0_N3600_F360_R4,U_WPA_L36_DOC3.0_WOC1.0_N3600_F360,4,1,0.075,0.07343582314021782
9,2,1,37,all40,120,40,30,10,0.1,Best-of-starts-R (diagnostic only),diagnostic oracle over supplied starts; winner=W2-KMedoids,12,7,5,3,11,101,129,U_WPB_L56_DOC2.0_WOC1.0_N2700_F270_R2,U_WPB_L56_DOC2.0_WOC1.0_N2700_F270,2,1,0.21666666666666667,0.15009715088220507
9,2,1,37,all40,120,40,30,10,0.1,Best-of-starts-R (diagnostic only),diagnostic oracle over supplied starts; winner=W2-KMedoids,12,7,5,3,12,103,131,U_WPB_L56_DOC2.0_WOC1.0_N2700_F270_R4,U_WPB_L56_DOC2.0_WOC1.0_N2700_F270,4,1,0.058333333333333334,0.0731276368331184
10,2,2,37,all40,120,40,30,10,0.1,Random,initializer,12,12,0,1,1,7,7,S_WPA_L36_DOC0.5_WOC1.0_N3600_F360_R4,S_WPA_L36_DOC0.5_WOC1.0_N3600_F360,4,0,0.1,8.227849690757148e-07
10,2,2,37,all40,120,40,30,10,0.1,Random,initializer,12,12,0,1,2,17,17,S_WPA_L36_DOC1.0_WOC1.0_N2700_F270_R2,S_WPA_L36_DOC1.0_WOC1.0_N2700_F270,2,0,0.15833333333333333,1.2808986742259377e-05
10,2,2,37,all40,120,40,30,10,0.1,Random,initializer,12,12,0,1,3,29,33,S_WPA_L36_DOC1.5_WOC1.0_N3600_F360_R2,S_WPA_L36_DOC1.5_WOC1.0_N3600_F360,2,0,0.058333333333333334,6.742251890665627e-07
10,2,2,37,all40,120,40,30,10,0.1,Random,initializer,12,12,0,1,4,32,40,S_WPA_L36_DOC2.0_WOC1.0_N1800_F180_R1,S_WPA_L36_DOC2.0_WOC1.0_N1800_F180,1,0,0.075,1.5142891393332022e-06
10,2,2,37,all40,120,40,30,10,0.1,Random,initializer,12,12,0,1,5,37,45,S_WPA_L36_DOC2.0_WOC1.0_N2700_F270_R2,S_WPA_L36_DOC2.0_WOC1.0_N2700_F270,2,0,0.08333333333333333,7.404575338570064e-07
10,2,2,37,all40,120,40,30,10,0.1,Random,initializer,12,12,0,1,6,54,62,S_WPB_L56_DOC0.5_WOC1.0_N1800_F180_R3,S_WPB_L56_DOC0.5_WOC1.0_N1800_F180,3,0,0.05,1.6216929249559417e-06
10,2,2,37,all40,120,40,30,10,0.1,Random,initializer,12,12,0,1,7,70,90,S_WPB_L56_DOC1.0_WOC2.0_N2700_F270_R3,S_WPB_L56_DOC1.0_WOC2.0_N2700_F270,3,0,0.05,0.9999370487402114
10,2,2,37,all40,120,40,30,10,0.1,Random,initializer,12,12,0,1,8,74,94,S_WPB_L56_DOC1.5_WOC1.0_N1800_F180_R3,S_WPB_L56_DOC1.5_WOC1.0_N1800_F180,3,0,0.09166666666666666,1.5748013508410287e-06
10,2,2,37,all40,120,40,30,10,0.1,Random,initializer,12,12,0,1,9,77,97,S_WPB_L56_DOC1.5_WOC1.0_N2700_F270_R2,S_WPB_L56_DOC1.5_WOC1.0_N2700_F270,2,0,0.025,1.3632797125726375e-06
10,2,2,37,all40,120,40,30,10,0.1,Random,initializer,12,12,0,1,10,81,101,S_WPB_L56_DOC1.5_WOC1.0_N3600_F360_R2,S_WPB_L56_DOC1.5_WOC1.0_N3600_F360,2,0,0.03333333333333333,1.1165407138709743e-06
10,2,2,37,all40,120,40,30,10,0.1,Random,initializer,12,12,0,1,11,95,123,U_WPA_L36_DOC4.0_WOC2.0_N2700_F270_R4,U_WPA_L36_DOC4.0_WOC2.0_N2700_F270,4,1,0.15,2.989527484956436e-06
10,2,2,37,all40,120,40,30,10,0.1,Random,initializer,12,12,0,1,12,104,140,U_WPB_L56_DOC3.0_WOC1.0_N1800_F180_R1,U_WPB_L56_DOC3.0_WOC1.0_N1800_F180,1,1,0.125,3.7724674027916644e-05
10,2,2,37,all40,120,40,30,10,0.1,Random-R,same-objective one-swap refinement,12,11,1,2,1,7,7,S_WPA_L36_DOC0.5_WOC1.0_N3600_F360_R4,S_WPA_L36_DOC0.5_WOC1.0_N3600_F360,4,0,0.1,2.2758957734101993e-06
10,2,2,37,all40,120,40,30,10,0.1,Random-R,same-objective one-swap refinement,12,11,1,2,2,17,17,S_WPA_L36_DOC1.0_WOC1.0_N2700_F270_R2,S_WPA_L36_DOC1.0_WOC1.0_N2700_F270,2,0,0.16666666666666666,2.854537358144812e-05
10,2,2,37,all40,120,40,30,10,0.1,Random-R,same-objective one-swap refinement,12,11,1,2,3,29,33,S_WPA_L36_DOC1.5_WOC1.0_N3600_F360_R2,S_WPA_L36_DOC1.5_WOC1.0_N3600_F360,2,0,0.09166666666666666,1.7712107708391166e-06
10,2,2,37,all40,120,40,30,10,0.1,Random-R,same-objective one-swap refinement,12,11,1,2,4,32,40,S_WPA_L36_DOC2.0_WOC1.0_N1800_F180_R1,S_WPA_L36_DOC2.0_WOC1.0_N1800_F180,1,0,0.075,4.461334557246205e-06
10,2,2,37,all40,120,40,30,10,0.1,Random-R,same-objective one-swap refinement,12,11,1,2,5,33,41,S_WPA_L36_DOC2.0_WOC1.0_N1800_F180_R2,S_WPA_L36_DOC2.0_WOC1.0_N1800_F180,2,0,0.025,4.572938185609855e-06
10,2,2,37,all40,120,40,30,10,0.1,Random-R,same-objective one-swap refinement,12,11,1,2,6,37,45,S_WPA_L36_DOC2.0_WOC1.0_N2700_F270_R2,S_WPA_L36_DOC2.0_WOC1.0_N2700_F270,2,0,0.08333333333333333,2.0020276147928593e-06
10,2,2,37,all40,120,40,30,10,0.1,Random-R,same-objective one-swap refinement,12,11,1,2,7,54,62,S_WPB_L56_DOC0.5_WOC1.0_N1800_F180_R3,S_WPB_L56_DOC0.5_WOC1.0_N1800_F180,3,0,0.05,4.354808526211557e-06
10,2,2,37,all40,120,40,30,10,0.1,Random-R,same-objective one-swap refinement,12,11,1,2,8,70,90,S_WPB_L56_DOC1.0_WOC2.0_N2700_F270_R3,S_WPB_L56_DOC1.0_WOC2.0_N2700_F270,3,0,0.025,0.9998892662495789
10,2,2,37,all40,120,40,30,10,0.1,Random-R,same-objective one-swap refinement,12,11,1,2,9,74,94,S_WPB_L56_DOC1.5_WOC1.0_N1800_F180_R3,S_WPB_L56_DOC1.5_WOC1.0_N1800_F180,3,0,0.09166666666666666,4.310089892664911e-06
10,2,2,37,all40,120,40,30,10,0.1,Random-R,same-objective one-swap refinement,12,11,1,2,10,77,97,S_WPB_L56_DOC1.5_WOC1.0_N2700_F270_R2,S_WPB_L56_DOC1.5_WOC1.0_N2700_F270,2,0,0.025,3.4827543552415506e-06
10,2,2,37,all40,120,40,30,10,0.1,Random-R,same-objective one-swap refinement,12,11,1,2,11,81,101,S_WPB_L56_DOC1.5_WOC1.0_N3600_F360_R2,S_WPB_L56_DOC1.5_WOC1.0_N3600_F360,2,0,0.03333333333333333,2.7390278282803413e-06
10,2,2,37,all40,120,40,30,10,0.1,Random-R,same-objective one-swap refinement,12,11,1,2,12,104,140,U_WPB_L56_DOC3.0_WOC1.0_N1800_F180_R1,U_WPB_L56_DOC3.0_WOC1.0_N1800_F180,1,1,0.23333333333333334,5.221828933541826e-05
10,2,2,37,all40,120,40,30,10,0.1,FacilityLocation,initializer,12,9,3,3,1,29,33,S_WPA_L36_DOC1.5_WOC1.0_N3600_F360_R2,S_WPA_L36_DOC1.5_WOC1.0_N3600_F360,2,0,0.25833333333333336,0.10801438191695105
10,2,2,37,all40,120,40,30,10,0.1,FacilityLocation,initializer,12,9,3,3,2,98,130,U_WPB_L56_DOC2.0_WOC1.0_N2700_F270_R3,U_WPB_L56_DOC2.0_WOC1.0_N2700_F270,3,1,0.225,0.12209350448284444
10,2,2,37,all40,120,40,30,10,0.1,FacilityLocation,initializer,12,9,3,3,3,91,119,U_WPA_L36_DOC3.0_WOC1.0_N3600_F360_R4,U_WPA_L36_DOC3.0_WOC1.0_N3600_F360,4,1,0.06666666666666667,0.06600168378962337
10,2,2,37,all40,120,40,30,10,0.1,FacilityLocation,initializer,12,9,3,3,4,16,16,S_WPA_L36_DOC1.0_WOC1.0_N2700_F270_R1,S_WPA_L36_DOC1.0_WOC1.0_N2700_F270,1,0,0.175,0.12873462521550175
10,2,2,37,all40,120,40,30,10,0.1,FacilityLocation,initializer,12,9,3,3,5,71,91,S_WPB_L56_DOC1.0_WOC2.0_N2700_F270_R4,S_WPB_L56_DOC1.0_WOC2.0_N2700_F270,4,0,0.10833333333333334,0.09114801527108068
10,2,2,37,all40,120,40,30,10,0.1,FacilityLocation,initializer,12,9,3,3,6,58,66,S_WPB_L56_DOC0.5_WOC1.0_N2700_F270_R3,S_WPB_L56_DOC0.5_WOC1.0_N2700_F270,3,0,0.03333333333333333,0.06320108171102515
10,2,2,37,all40,120,40,30,10,0.1,FacilityLocation,initializer,12,9,3,3,7,70,90,S_WPB_L56_DOC1.0_WOC2.0_N2700_F270_R3,S_WPB_L56_DOC1.0_WOC2.0_N2700_F270,3,0,0.016666666666666666,0.06496377200227431
10,2,2,37,all40,120,40,30,10,0.1,FacilityLocation,initializer,12,9,3,3,8,25,29,S_WPA_L36_DOC1.5_WOC1.0_N1800_F180_R2,S_WPA_L36_DOC1.5_WOC1.0_N1800_F180,2,0,0.075,0.09193068138238933
10,2,2,37,all40,120,40,30,10,0.1,FacilityLocation,initializer,12,9,3,3,9,33,41,S_WPA_L36_DOC2.0_WOC1.0_N1800_F180_R2,S_WPA_L36_DOC2.0_WOC1.0_N1800_F180,2,0,0.016666666666666666,0.06769473123745429
10,2,2,37,all40,120,40,30,10,0.1,FacilityLocation,initializer,12,9,3,3,10,80,100,S_WPB_L56_DOC1.5_WOC1.0_N3600_F360_R1,S_WPB_L56_DOC1.5_WOC1.0_N3600_F360,1,0,0.008333333333333333,0.06542402221008134
10,2,2,37,all40,120,40,30,10,0.1,FacilityLocation,initializer,12,9,3,3,11,89,117,U_WPA_L36_DOC3.0_WOC1.0_N3600_F360_R2,U_WPA_L36_DOC3.0_WOC1.0_N3600_F360,2,1,0.008333333333333333,0.0654156101993115
10,2,2,37,all40,120,40,30,10,0.1,FacilityLocation,initializer,12,9,3,3,12,88,116,U_WPA_L36_DOC3.0_WOC1.0_N3600_F360_R1,U_WPA_L36_DOC3.0_WOC1.0_N3600_F360,1,1,0.008333333333333333,0.06537789058146279
10,2,2,37,all40,120,40,30,10,0.1,FacilityLocation-R,same-objective one-swap refinement,12,9,3,3,1,16,16,S_WPA_L36_DOC1.0_WOC1.0_N2700_F270_R1,S_WPA_L36_DOC1.0_WOC1.0_N2700_F270,1,0,0.175,0.14282743756154417
10,2,2,37,all40,120,40,30,10,0.1,FacilityLocation-R,same-objective one-swap refinement,12,9,3,3,2,25,29,S_WPA_L36_DOC1.5_WOC1.0_N1800_F180_R2,S_WPA_L36_DOC1.5_WOC1.0_N1800_F180,2,0,0.075,0.09911259125147122
10,2,2,37,all40,120,40,30,10,0.1,FacilityLocation-R,same-objective one-swap refinement,12,9,3,3,3,29,33,S_WPA_L36_DOC1.5_WOC1.0_N3600_F360_R2,S_WPA_L36_DOC1.5_WOC1.0_N3600_F360,2,0,0.25833333333333336,0.1227913448183862
10,2,2,37,all40,120,40,30,10,0.1,FacilityLocation-R,same-objective one-swap refinement,12,9,3,3,4,33,41,S_WPA_L36_DOC2.0_WOC1.0_N1800_F180_R2,S_WPA_L36_DOC2.0_WOC1.0_N1800_F180,2,0,0.016666666666666666,0.05948758967315908
10,2,2,37,all40,120,40,30,10,0.1,FacilityLocation-R,same-objective one-swap refinement,12,9,3,3,5,70,90,S_WPB_L56_DOC1.0_WOC2.0_N2700_F270_R3,S_WPB_L56_DOC1.0_WOC2.0_N2700_F270,3,0,0.016666666666666666,0.054055461673121794
10,2,2,37,all40,120,40,30,10,0.1,FacilityLocation-R,same-objective one-swap refinement,12,9,3,3,6,71,91,S_WPB_L56_DOC1.0_WOC2.0_N2700_F270_R4,S_WPB_L56_DOC1.0_WOC2.0_N2700_F270,4,0,0.14166666666666666,0.10961763322757469
10,2,2,37,all40,120,40,30,10,0.1,FacilityLocation-R,same-objective one-swap refinement,12,9,3,3,7,80,100,S_WPB_L56_DOC1.5_WOC1.0_N3600_F360_R1,S_WPB_L56_DOC1.5_WOC1.0_N3600_F360,1,0,0.008333333333333333,0.05388598769356912
10,2,2,37,all40,120,40,30,10,0.1,FacilityLocation-R,same-objective one-swap refinement,12,9,3,3,8,88,116,U_WPA_L36_DOC3.0_WOC1.0_N3600_F360_R1,U_WPA_L36_DOC3.0_WOC1.0_N3600_F360,1,1,0.008333333333333333,0.05384322143734301
10,2,2,37,all40,120,40,30,10,0.1,FacilityLocation-R,same-objective one-swap refinement,12,9,3,3,9,89,117,U_WPA_L36_DOC3.0_WOC1.0_N3600_F360_R2,U_WPA_L36_DOC3.0_WOC1.0_N3600_F360,2,1,0.008333333333333333,0.05387793145721771
10,2,2,37,all40,120,40,30,10,0.1,FacilityLocation-R,same-objective one-swap refinement,12,9,3,3,10,91,119,U_WPA_L36_DOC3.0_WOC1.0_N3600_F360_R4,U_WPA_L36_DOC3.0_WOC1.0_N3600_F360,4,1,0.06666666666666667,0.058947666007189876
10,2,2,37,all40,120,40,30,10,0.1,FacilityLocation-R,same-objective one-swap refinement,12,9,3,3,11,98,130,U_WPB_L56_DOC2.0_WOC1.0_N2700_F270_R3,U_WPB_L56_DOC2.0_WOC1.0_N2700_F270,3,1,0.10833333333333334,0.12605889880668367
10,2,2,37,all40,120,40,30,10,0.1,FacilityLocation-R,same-objective one-swap refinement,12,9,3,3,12,103,139,U_WPB_L56_DOC2.0_WOC2.0_N2700_F270_R4,U_WPB_L56_DOC2.0_WOC2.0_N2700_F270,4,1,0.11666666666666667,0.06549423639273949
10,2,2,37,all40,120,40,30,10,0.1,W2-KMedoids,initializer,12,9,3,3,1,16,16,S_WPA_L36_DOC1.0_WOC1.0_N2700_F270_R1,S_WPA_L36_DOC1.0_WOC1.0_N2700_F270,1,0,0.19166666666666668,0.13690737565085206
10,2,2,37,all40,120,40,30,10,0.1,W2-KMedoids,initializer,12,9,3,3,2,21,21,S_WPA_L36_DOC1.0_WOC1.0_N3600_F360_R2,S_WPA_L36_DOC1.0_WOC1.0_N3600_F360,2,0,0.30833333333333335,0.10807501942302623
10,2,2,37,all40,120,40,30,10,0.1,W2-KMedoids,initializer,12,9,3,3,3,53,61,S_WPB_L56_DOC0.5_WOC1.0_N1800_F180_R2,S_WPB_L56_DOC0.5_WOC1.0_N1800_F180,2,0,0.10833333333333334,0.09562817483792102
10,2,2,37,all40,120,40,30,10,0.1,W2-KMedoids,initializer,12,9,3,3,4,56,64,S_WPB_L56_DOC0.5_WOC1.0_N2700_F270_R1,S_WPB_L56_DOC0.5_WOC1.0_N2700_F270,1,0,0.03333333333333333,0.06734990554919182
10,2,2,37,all40,120,40,30,10,0.1,W2-KMedoids,initializer,12,9,3,3,5,69,89,S_WPB_L56_DOC1.0_WOC2.0_N2700_F270_R2,S_WPB_L56_DOC1.0_WOC2.0_N2700_F270,2,0,0.016666666666666666,0.06572845880414083
10,2,2,37,all40,120,40,30,10,0.1,W2-KMedoids,initializer,12,9,3,3,6,70,90,S_WPB_L56_DOC1.0_WOC2.0_N2700_F270_R3,S_WPB_L56_DOC1.0_WOC2.0_N2700_F270,3,0,0.016666666666666666,0.06255763496248878
10,2,2,37,all40,120,40,30,10,0.1,W2-KMedoids,initializer,12,9,3,3,7,76,96,S_WPB_L56_DOC1.5_WOC1.0_N2700_F270_R1,S_WPB_L56_DOC1.5_WOC1.0_N2700_F270,1,0,0.008333333333333333,0.0639491382018249
10,2,2,37,all40,120,40,30,10,0.1,W2-KMedoids,initializer,12,9,3,3,8,80,100,S_WPB_L56_DOC1.5_WOC1.0_N3600_F360_R1,S_WPB_L56_DOC1.5_WOC1.0_N3600_F360,1,0,0.008333333333333333,0.06373570868980392
10,2,2,37,all40,120,40,30,10,0.1,W2-KMedoids,initializer,12,9,3,3,9,88,116,U_WPA_L36_DOC3.0_WOC1.0_N3600_F360_R1,U_WPA_L36_DOC3.0_WOC1.0_N3600_F360,1,1,0.008333333333333333,0.0636217548424163
10,2,2,37,all40,120,40,30,10,0.1,W2-KMedoids,initializer,12,9,3,3,10,89,117,U_WPA_L36_DOC3.0_WOC1.0_N3600_F360_R2,U_WPA_L36_DOC3.0_WOC1.0_N3600_F360,2,1,0.008333333333333333,0.06372846997659674
10,2,2,37,all40,120,40,30,10,0.1,W2-KMedoids,initializer,12,9,3,3,11,91,119,U_WPA_L36_DOC3.0_WOC1.0_N3600_F360_R4,U_WPA_L36_DOC3.0_WOC1.0_N3600_F360,4,1,0.06666666666666667,0.07426940912006168
10,2,2,37,all40,120,40,30,10,0.1,W2-KMedoids,initializer,12,9,3,3,12,103,139,U_WPB_L56_DOC2.0_WOC2.0_N2700_F270_R4,U_WPB_L56_DOC2.0_WOC2.0_N2700_F270,4,1,0.225,0.13444894994167575
10,2,2,37,all40,120,40,30,10,0.1,W2-KMedoids-R,same-objective one-swap refinement,12,9,3,3,1,16,16,S_WPA_L36_DOC1.0_WOC1.0_N2700_F270_R1,S_WPA_L36_DOC1.0_WOC1.0_N2700_F270,1,0,0.175,0.16028736249851763
10,2,2,37,all40,120,40,30,10,0.1,W2-KMedoids-R,same-objective one-swap refinement,12,9,3,3,2,21,21,S_WPA_L36_DOC1.0_WOC1.0_N3600_F360_R2,S_WPA_L36_DOC1.0_WOC1.0_N3600_F360,2,0,0.26666666666666666,0.11689448037532599
10,2,2,37,all40,120,40,30,10,0.1,W2-KMedoids-R,same-objective one-swap refinement,12,9,3,3,3,53,61,S_WPB_L56_DOC0.5_WOC1.0_N1800_F180_R2,S_WPB_L56_DOC0.5_WOC1.0_N1800_F180,2,0,0.10833333333333334,0.09976203115438669
10,2,2,37,all40,120,40,30,10,0.1,W2-KMedoids-R,same-objective one-swap refinement,12,9,3,3,4,56,64,S_WPB_L56_DOC0.5_WOC1.0_N2700_F270_R1,S_WPB_L56_DOC0.5_WOC1.0_N2700_F270,1,0,0.03333333333333333,0.06287554518477097
10,2,2,37,all40,120,40,30,10,0.1,W2-KMedoids-R,same-objective one-swap refinement,12,9,3,3,5,69,89,S_WPB_L56_DOC1.0_WOC2.0_N2700_F270_R2,S_WPB_L56_DOC1.0_WOC2.0_N2700_F270,2,0,0.016666666666666666,0.05761310481535863
10,2,2,37,all40,120,40,30,10,0.1,W2-KMedoids-R,same-objective one-swap refinement,12,9,3,3,6,70,90,S_WPB_L56_DOC1.0_WOC2.0_N2700_F270_R3,S_WPB_L56_DOC1.0_WOC2.0_N2700_F270,3,0,0.016666666666666666,0.0518550732716469
10,2,2,37,all40,120,40,30,10,0.1,W2-KMedoids-R,same-objective one-swap refinement,12,9,3,3,7,80,100,S_WPB_L56_DOC1.5_WOC1.0_N3600_F360_R1,S_WPB_L56_DOC1.5_WOC1.0_N3600_F360,1,0,0.008333333333333333,0.0522327295229102
10,2,2,37,all40,120,40,30,10,0.1,W2-KMedoids-R,same-objective one-swap refinement,12,9,3,3,8,88,116,U_WPA_L36_DOC3.0_WOC1.0_N3600_F360_R1,U_WPA_L36_DOC3.0_WOC1.0_N3600_F360,1,1,0.008333333333333333,0.05213658099634294
10,2,2,37,all40,120,40,30,10,0.1,W2-KMedoids-R,same-objective one-swap refinement,12,9,3,3,9,89,117,U_WPA_L36_DOC3.0_WOC1.0_N3600_F360_R2,U_WPA_L36_DOC3.0_WOC1.0_N3600_F360,2,1,0.008333333333333333,0.05222658811377595
10,2,2,37,all40,120,40,30,10,0.1,W2-KMedoids-R,same-objective one-swap refinement,12,9,3,3,10,91,119,U_WPA_L36_DOC3.0_WOC1.0_N3600_F360_R4,U_WPA_L36_DOC3.0_WOC1.0_N3600_F360,4,1,0.06666666666666667,0.07066503902280724
10,2,2,37,all40,120,40,30,10,0.1,W2-KMedoids-R,same-objective one-swap refinement,12,9,3,3,11,99,131,U_WPB_L56_DOC2.0_WOC1.0_N2700_F270_R4,U_WPB_L56_DOC2.0_WOC1.0_N2700_F270,4,1,0.08333333333333333,0.07003713747167856
10,2,2,37,all40,120,40,30,10,0.1,W2-KMedoids-R,same-objective one-swap refinement,12,9,3,3,12,103,139,U_WPB_L56_DOC2.0_WOC2.0_N2700_F270_R4,U_WPB_L56_DOC2.0_WOC2.0_N2700_F270,4,1,0.20833333333333334,0.15341432757247822
10,2,2,37,all40,120,40,30,10,0.1,MRDS projected,initializer,12,10,2,2,1,8,8,S_WPA_L36_DOC0.5_WOC2.0_N2700_F270_R1,S_WPA_L36_DOC0.5_WOC2.0_N2700_F270,1,0,0.8,0.34081279569883827
10,2,2,37,all40,120,40,30,10,0.1,MRDS projected,initializer,12,10,2,2,2,80,100,S_WPB_L56_DOC1.5_WOC1.0_N3600_F360_R1,S_WPB_L56_DOC1.5_WOC1.0_N3600_F360,1,0,0.008333333333333333,0.05467846790558245
10,2,2,37,all40,120,40,30,10,0.1,MRDS projected,initializer,12,10,2,2,3,33,41,S_WPA_L36_DOC2.0_WOC1.0_N1800_F180_R2,S_WPA_L36_DOC2.0_WOC1.0_N1800_F180,2,0,0.008333333333333333,0.054007084623019994
10,2,2,37,all40,120,40,30,10,0.1,MRDS projected,initializer,12,10,2,2,4,88,116,U_WPA_L36_DOC3.0_WOC1.0_N3600_F360_R1,U_WPA_L36_DOC3.0_WOC1.0_N3600_F360,1,1,0.008333333333333333,0.054509084058348985
10,2,2,37,all40,120,40,30,10,0.1,MRDS projected,initializer,12,10,2,2,5,89,117,U_WPA_L36_DOC3.0_WOC1.0_N3600_F360_R2,U_WPA_L36_DOC3.0_WOC1.0_N3600_F360,2,1,0.008333333333333333,0.05466334349100993
10,2,2,37,all40,120,40,30,10,0.1,MRDS projected,initializer,12,10,2,2,6,60,68,S_WPB_L56_DOC0.5_WOC1.0_N3600_F360_R1,S_WPB_L56_DOC0.5_WOC1.0_N3600_F360,1,0,0.008333333333333333,0.05228626198126959
10,2,2,37,all40,120,40,30,10,0.1,MRDS projected,initializer,12,10,2,2,7,76,96,S_WPB_L56_DOC1.5_WOC1.0_N2700_F270_R1,S_WPB_L56_DOC1.5_WOC1.0_N2700_F270,1,0,0.008333333333333333,0.0553371265791479
10,2,2,37,all40,120,40,30,10,0.1,MRDS projected,initializer,12,10,2,2,8,69,89,S_WPB_L56_DOC1.0_WOC2.0_N2700_F270_R2,S_WPB_L56_DOC1.0_WOC2.0_N2700_F270,2,0,0.008333333333333333,0.05400708462299727
10,2,2,37,all40,120,40,30,10,0.1,MRDS projected,initializer,12,10,2,2,9,85,109,U_WPA_L36_DOC2.0_WOC1.0_N3600_F360_R2,U_WPA_L36_DOC2.0_WOC1.0_N3600_F360,2,1,0.06666666666666667,0.0612481970102477
10,2,2,37,all40,120,40,30,10,0.1,MRDS projected,initializer,12,10,2,2,10,70,90,S_WPB_L56_DOC1.0_WOC2.0_N2700_F270_R3,S_WPB_L56_DOC1.0_WOC2.0_N2700_F270,3,0,0.008333333333333333,0.0522659898988561
10,2,2,37,all40,120,40,30,10,0.1,MRDS projected,initializer,12,10,2,2,11,57,65,S_WPB_L56_DOC0.5_WOC1.0_N2700_F270_R2,S_WPB_L56_DOC0.5_WOC1.0_N2700_F270,2,0,0.03333333333333333,0.06932429664550839
10,2,2,37,all40,120,40,30,10,0.1,MRDS projected,initializer,12,10,2,2,12,112,152,U_WPB_L56_DOC4.0_WOC2.0_N2700_F270_R1,U_WPB_L56_DOC4.0_WOC2.0_N2700_F270,1,1,0.03333333333333333,0.09686026748517354
10,2,2,37,all40,120,40,30,10,0.1,MRDS-IS-R (proposed),same-objective one-swap refinement,12,11,1,2,1,8,8,S_WPA_L36_DOC0.5_WOC2.0_N2700_F270_R1,S_WPA_L36_DOC0.5_WOC2.0_N2700_F270,1,0,0.575,0.4007925712098711
10,2,2,37,all40,120,40,30,10,0.1,MRDS-IS-R (proposed),same-objective one-swap refinement,12,11,1,2,2,33,41,S_WPA_L36_DOC2.0_WOC1.0_N1800_F180_R2,S_WPA_L36_DOC2.0_WOC1.0_N1800_F180,2,0,0.008333333333333333,0.042334714473297445
10,2,2,37,all40,120,40,30,10,0.1,MRDS-IS-R (proposed),same-objective one-swap refinement,12,11,1,2,3,57,65,S_WPB_L56_DOC0.5_WOC1.0_N2700_F270_R2,S_WPB_L56_DOC0.5_WOC1.0_N2700_F270,2,0,0.03333333333333333,0.06391242732038044
10,2,2,37,all40,120,40,30,10,0.1,MRDS-IS-R (proposed),same-objective one-swap refinement,12,11,1,2,4,60,68,S_WPB_L56_DOC0.5_WOC1.0_N3600_F360_R1,S_WPB_L56_DOC0.5_WOC1.0_N3600_F360,1,0,0.016666666666666666,0.041496442197054416
10,2,2,37,all40,120,40,30,10,0.1,MRDS-IS-R (proposed),same-objective one-swap refinement,12,11,1,2,5,69,89,S_WPB_L56_DOC1.0_WOC2.0_N2700_F270_R2,S_WPB_L56_DOC1.0_WOC2.0_N2700_F270,2,0,0.008333333333333333,0.04233471447328263
10,2,2,37,all40,120,40,30,10,0.1,MRDS-IS-R (proposed),same-objective one-swap refinement,12,11,1,2,6,76,96,S_WPB_L56_DOC1.5_WOC1.0_N2700_F270_R1,S_WPB_L56_DOC1.5_WOC1.0_N2700_F270,1,0,0.008333333333333333,0.04395128809824868
10,2,2,37,all40,120,40,30,10,0.1,MRDS-IS-R (proposed),same-objective one-swap refinement,12,11,1,2,7,80,100,S_WPB_L56_DOC1.5_WOC1.0_N3600_F360_R1,S_WPB_L56_DOC1.5_WOC1.0_N3600_F360,1,0,0.008333333333333333,0.04318231260353135
10,2,2,37,all40,120,40,30,10,0.1,MRDS-IS-R (proposed),same-objective one-swap refinement,12,11,1,2,8,85,109,U_WPA_L36_DOC2.0_WOC1.0_N3600_F360_R2,U_WPA_L36_DOC2.0_WOC1.0_N3600_F360,2,1,0.06666666666666667,0.06871083719022605
10,2,2,37,all40,120,40,30,10,0.1,MRDS-IS-R (proposed),same-objective one-swap refinement,12,11,1,2,9,88,116,U_WPA_L36_DOC3.0_WOC1.0_N3600_F360_R1,U_WPA_L36_DOC3.0_WOC1.0_N3600_F360,1,1,0.008333333333333333,0.043023667499489736
10,2,2,37,all40,120,40,30,10,0.1,MRDS-IS-R (proposed),same-objective one-swap refinement,12,11,1,2,10,89,117,U_WPA_L36_DOC3.0_WOC1.0_N3600_F360_R2,U_WPA_L36_DOC3.0_WOC1.0_N3600_F360,2,1,0.008333333333333333,0.043172337644973996
10,2,2,37,all40,120,40,30,10,0.1,MRDS-IS-R (proposed),same-objective one-swap refinement,12,11,1,2,11,112,152,U_WPB_L56_DOC4.0_WOC2.0_N2700_F270_R1,U_WPB_L56_DOC4.0_WOC2.0_N2700_F270,1,1,0.008333333333333333,0.09711082964712998
10,2,2,37,all40,120,40,30,10,0.1,MRDS-IS-R (proposed),same-objective one-swap refinement,12,11,1,2,12,119,159,U_WPB_L56_DOC6.0_WOC1.0_N2700_F270_R4,U_WPB_L56_DOC6.0_WOC1.0_N2700_F270,4,1,0.25,0.06997785764251424
10,2,2,37,all40,120,40,30,10,0.1,Best-of-starts-R (diagnostic only),diagnostic oracle over supplied starts; winner=W2-KMedoids,12,9,3,3,1,16,16,S_WPA_L36_DOC1.0_WOC1.0_N2700_F270_R1,S_WPA_L36_DOC1.0_WOC1.0_N2700_F270,1,0,0.175,0.16028736249851763
10,2,2,37,all40,120,40,30,10,0.1,Best-of-starts-R (diagnostic only),diagnostic oracle over supplied starts; winner=W2-KMedoids,12,9,3,3,2,21,21,S_WPA_L36_DOC1.0_WOC1.0_N3600_F360_R2,S_WPA_L36_DOC1.0_WOC1.0_N3600_F360,2,0,0.26666666666666666,0.11689448037532599
10,2,2,37,all40,120,40,30,10,0.1,Best-of-starts-R (diagnostic only),diagnostic oracle over supplied starts; winner=W2-KMedoids,12,9,3,3,3,53,61,S_WPB_L56_DOC0.5_WOC1.0_N1800_F180_R2,S_WPB_L56_DOC0.5_WOC1.0_N1800_F180,2,0,0.10833333333333334,0.09976203115438669
10,2,2,37,all40,120,40,30,10,0.1,Best-of-starts-R (diagnostic only),diagnostic oracle over supplied starts; winner=W2-KMedoids,12,9,3,3,4,56,64,S_WPB_L56_DOC0.5_WOC1.0_N2700_F270_R1,S_WPB_L56_DOC0.5_WOC1.0_N2700_F270,1,0,0.03333333333333333,0.06287554518477097
10,2,2,37,all40,120,40,30,10,0.1,Best-of-starts-R (diagnostic only),diagnostic oracle over supplied starts; winner=W2-KMedoids,12,9,3,3,5,69,89,S_WPB_L56_DOC1.0_WOC2.0_N2700_F270_R2,S_WPB_L56_DOC1.0_WOC2.0_N2700_F270,2,0,0.016666666666666666,0.05761310481535863
10,2,2,37,all40,120,40,30,10,0.1,Best-of-starts-R (diagnostic only),diagnostic oracle over supplied starts; winner=W2-KMedoids,12,9,3,3,6,70,90,S_WPB_L56_DOC1.0_WOC2.0_N2700_F270_R3,S_WPB_L56_DOC1.0_WOC2.0_N2700_F270,3,0,0.016666666666666666,0.0518550732716469
10,2,2,37,all40,120,40,30,10,0.1,Best-of-starts-R (diagnostic only),diagnostic oracle over supplied starts; winner=W2-KMedoids,12,9,3,3,7,80,100,S_WPB_L56_DOC1.5_WOC1.0_N3600_F360_R1,S_WPB_L56_DOC1.5_WOC1.0_N3600_F360,1,0,0.008333333333333333,0.0522327295229102
10,2,2,37,all40,120,40,30,10,0.1,Best-of-starts-R (diagnostic only),diagnostic oracle over supplied starts; winner=W2-KMedoids,12,9,3,3,8,88,116,U_WPA_L36_DOC3.0_WOC1.0_N3600_F360_R1,U_WPA_L36_DOC3.0_WOC1.0_N3600_F360,1,1,0.008333333333333333,0.05213658099634294
10,2,2,37,all40,120,40,30,10,0.1,Best-of-starts-R (diagnostic only),diagnostic oracle over supplied starts; winner=W2-KMedoids,12,9,3,3,9,89,117,U_WPA_L36_DOC3.0_WOC1.0_N3600_F360_R2,U_WPA_L36_DOC3.0_WOC1.0_N3600_F360,2,1,0.008333333333333333,0.05222658811377595
10,2,2,37,all40,120,40,30,10,0.1,Best-of-starts-R (diagnostic only),diagnostic oracle over supplied starts; winner=W2-KMedoids,12,9,3,3,10,91,119,U_WPA_L36_DOC3.0_WOC1.0_N3600_F360_R4,U_WPA_L36_DOC3.0_WOC1.0_N3600_F360,4,1,0.06666666666666667,0.07066503902280724
10,2,2,37,all40,120,40,30,10,0.1,Best-of-starts-R (diagnostic only),diagnostic oracle over supplied starts; winner=W2-KMedoids,12,9,3,3,11,99,131,U_WPB_L56_DOC2.0_WOC1.0_N2700_F270_R4,U_WPB_L56_DOC2.0_WOC1.0_N2700_F270,4,1,0.08333333333333333,0.07003713747167856
10,2,2,37,all40,120,40,30,10,0.1,Best-of-starts-R (diagnostic only),diagnostic oracle over supplied starts; winner=W2-KMedoids,12,9,3,3,12,103,139,U_WPB_L56_DOC2.0_WOC2.0_N2700_F270_R4,U_WPB_L56_DOC2.0_WOC2.0_N2700_F270,4,1,0.20833333333333334,0.15341432757247822
11,2,3,37,all40,120,40,30,10,0.1,Random,initializer,12,12,0,1,1,7,11,S_WPA_L36_DOC0.5_WOC2.0_N2700_F270_R4,S_WPA_L36_DOC0.5_WOC2.0_N2700_F270,4,0,0.075,0.007244081502742251
11,2,3,37,all40,120,40,30,10,0.1,Random,initializer,12,12,0,1,2,17,25,S_WPA_L36_DOC1.0_WOC2.0_N2700_F270_R2,S_WPA_L36_DOC1.0_WOC2.0_N2700_F270,2,0,0.10833333333333334,0.005658699388278588
11,2,3,37,all40,120,40,30,10,0.1,Random,initializer,12,12,0,1,3,29,45,S_WPA_L36_DOC2.0_WOC1.0_N2700_F270_R2,S_WPA_L36_DOC2.0_WOC1.0_N2700_F270,2,0,0.06666666666666667,0.00753611045549097
11,2,3,37,all40,120,40,30,10,0.1,Random,initializer,12,12,0,1,4,32,48,S_WPA_L36_DOC3.0_WOC1.0_N1800_F180_R1,S_WPA_L36_DOC3.0_WOC1.0_N1800_F180,1,0,0.06666666666666667,0.04190336692978795
11,2,3,37,all40,120,40,30,10,0.1,Random,initializer,12,12,0,1,5,37,53,S_WPA_L36_DOC4.0_WOC1.0_N2700_F270_R2,S_WPA_L36_DOC4.0_WOC1.0_N2700_F270,2,0,0.11666666666666667,0.05113219917648082
11,2,3,37,all40,120,40,30,10,0.1,Random,initializer,12,12,0,1,6,54,78,S_WPB_L56_DOC1.0_WOC1.0_N1800_F180_R3,S_WPB_L56_DOC1.0_WOC1.0_N1800_F180,3,0,0.06666666666666667,0.00882566439498839
11,2,3,37,all40,120,40,30,10,0.1,Random,initializer,12,12,0,1,7,70,98,S_WPB_L56_DOC1.5_WOC1.0_N2700_F270_R3,S_WPB_L56_DOC1.5_WOC1.0_N2700_F270,3,0,0.05,0.07051847253158522
11,2,3,37,all40,120,40,30,10,0.1,Random,initializer,12,12,0,1,8,74,102,S_WPB_L56_DOC1.5_WOC1.0_N3600_F360_R3,S_WPB_L56_DOC1.5_WOC1.0_N3600_F360,3,0,0.06666666666666667,0.007949281066153129
11,2,3,37,all40,120,40,30,10,0.1,Random,initializer,12,12,0,1,9,77,105,S_WPB_L56_DOC1.5_WOC2.0_N2700_F270_R2,S_WPB_L56_DOC1.5_WOC2.0_N2700_F270,2,0,0.11666666666666667,0.06866243492595256
11,2,3,37,all40,120,40,30,10,0.1,Random,initializer,12,12,0,1,10,81,113,U_WPA_L36_DOC2.0_WOC2.0_N2700_F270_R2,U_WPA_L36_DOC2.0_WOC2.0_N2700_F270,2,1,0.058333333333333334,0.6423348059110591
11,2,3,37,all40,120,40,30,10,0.1,Random,initializer,12,12,0,1,11,95,127,U_WPB_L56_DOC2.0_WOC1.0_N1800_F180_R4,U_WPB_L56_DOC2.0_WOC1.0_N1800_F180,4,1,0.025,0.013407839441458999
11,2,3,37,all40,120,40,30,10,0.1,Random,initializer,12,12,0,1,12,104,140,U_WPB_L56_DOC3.0_WOC1.0_N1800_F180_R1,U_WPB_L56_DOC3.0_WOC1.0_N1800_F180,1,1,0.18333333333333332,0.07482704427602212
11,2,3,37,all40,120,40,30,10,0.1,Random-R,same-objective one-swap refinement,12,12,0,1,1,7,11,S_WPA_L36_DOC0.5_WOC2.0_N2700_F270_R4,S_WPA_L36_DOC0.5_WOC2.0_N2700_F270,4,0,0.075,1.140137623775544e-13
11,2,3,37,all40,120,40,30,10,0.1,Random-R,same-objective one-swap refinement,12,12,0,1,2,17,25,S_WPA_L36_DOC1.0_WOC2.0_N2700_F270_R2,S_WPA_L36_DOC1.0_WOC2.0_N2700_F270,2,0,0.10833333333333334,4.130053614861016e-13
11,2,3,37,all40,120,40,30,10,0.1,Random-R,same-objective one-swap refinement,12,12,0,1,3,29,45,S_WPA_L36_DOC2.0_WOC1.0_N2700_F270_R2,S_WPA_L36_DOC2.0_WOC1.0_N2700_F270,2,0,0.06666666666666667,1.5397718533979022e-13
11,2,3,37,all40,120,40,30,10,0.1,Random-R,same-objective one-swap refinement,12,12,0,1,4,32,48,S_WPA_L36_DOC3.0_WOC1.0_N1800_F180_R1,S_WPA_L36_DOC3.0_WOC1.0_N1800_F180,1,0,0.06666666666666667,5.015730355067349e-11
11,2,3,37,all40,120,40,30,10,0.1,Random-R,same-objective one-swap refinement,12,12,0,1,5,37,53,S_WPA_L36_DOC4.0_WOC1.0_N2700_F270_R2,S_WPA_L36_DOC4.0_WOC1.0_N2700_F270,2,0,0.11666666666666667,1.869964562993125e-11
11,2,3,37,all40,120,40,30,10,0.1,Random-R,same-objective one-swap refinement,12,12,0,1,6,54,78,S_WPB_L56_DOC1.0_WOC1.0_N1800_F180_R3,S_WPB_L56_DOC1.0_WOC1.0_N1800_F180,3,0,0.06666666666666667,2.069478319331944e-12
11,2,3,37,all40,120,40,30,10,0.1,Random-R,same-objective one-swap refinement,12,12,0,1,7,61,89,S_WPB_L56_DOC1.0_WOC2.0_N2700_F270_R2,S_WPB_L56_DOC1.0_WOC2.0_N2700_F270,2,0,0.025,0.9984867851804705
11,2,3,37,all40,120,40,30,10,0.1,Random-R,same-objective one-swap refinement,12,12,0,1,8,70,98,S_WPB_L56_DOC1.5_WOC1.0_N2700_F270_R3,S_WPB_L56_DOC1.5_WOC1.0_N2700_F270,3,0,0.03333333333333333,0.0015044259433491603
11,2,3,37,all40,120,40,30,10,0.1,Random-R,same-objective one-swap refinement,12,12,0,1,9,74,102,S_WPB_L56_DOC1.5_WOC1.0_N3600_F360_R3,S_WPB_L56_DOC1.5_WOC1.0_N3600_F360,3,0,0.06666666666666667,7.478946183666422e-13
11,2,3,37,all40,120,40,30,10,0.1,Random-R,same-objective one-swap refinement,12,12,0,1,10,77,105,S_WPB_L56_DOC1.5_WOC2.0_N2700_F270_R2,S_WPB_L56_DOC1.5_WOC2.0_N2700_F270,2,0,0.10833333333333334,8.758174107466988e-06
11,2,3,37,all40,120,40,30,10,0.1,Random-R,same-objective one-swap refinement,12,12,0,1,11,95,127,U_WPB_L56_DOC2.0_WOC1.0_N1800_F180_R4,U_WPB_L56_DOC2.0_WOC1.0_N1800_F180,4,1,0.041666666666666664,1.4588212218501342e-11
11,2,3,37,all40,120,40,30,10,0.1,Random-R,same-objective one-swap refinement,12,12,0,1,12,104,140,U_WPB_L56_DOC3.0_WOC1.0_N1800_F180_R1,U_WPB_L56_DOC3.0_WOC1.0_N1800_F180,1,1,0.225,3.061512944460284e-08
11,2,3,37,all40,120,40,30,10,0.1,FacilityLocation,initializer,12,10,2,2,1,21,37,S_WPA_L36_DOC1.5_WOC2.0_N2700_F270_R2,S_WPA_L36_DOC1.5_WOC2.0_N2700_F270,2,0,0.35,0.12774646429677003
11,2,3,37,all40,120,40,30,10,0.1,FacilityLocation,initializer,12,10,2,2,2,110,146,U_WPB_L56_DOC3.0_WOC1.0_N3600_F360_R3,U_WPB_L56_DOC3.0_WOC1.0_N3600_F360,3,1,0.225,0.10743438721915807
11,2,3,37,all40,120,40,30,10,0.1,FacilityLocation,initializer,12,10,2,2,3,63,91,S_WPB_L56_DOC1.0_WOC2.0_N2700_F270_R4,S_WPB_L56_DOC1.0_WOC2.0_N2700_F270,4,0,0.15,0.11469810842517977
11,2,3,37,all40,120,40,30,10,0.1,FacilityLocation,initializer,12,10,2,2,4,9,17,S_WPA_L36_DOC1.0_WOC1.0_N2700_F270_R2,S_WPA_L36_DOC1.0_WOC1.0_N2700_F270,2,0,0.11666666666666667,0.12051346117539606
11,2,3,37,all40,120,40,30,10,0.1,FacilityLocation,initializer,12,10,2,2,5,81,113,U_WPA_L36_DOC2.0_WOC2.0_N2700_F270_R2,U_WPA_L36_DOC2.0_WOC2.0_N2700_F270,2,1,0.06666666666666667,0.08358853633920725
11,2,3,37,all40,120,40,30,10,0.1,FacilityLocation,initializer,12,10,2,2,6,46,66,S_WPB_L56_DOC0.5_WOC1.0_N2700_F270_R3,S_WPB_L56_DOC0.5_WOC1.0_N2700_F270,3,0,0.03333333333333333,0.06567737320445127
11,2,3,37,all40,120,40,30,10,0.1,FacilityLocation,initializer,12,10,2,2,7,25,41,S_WPA_L36_DOC2.0_WOC1.0_N1800_F180_R2,S_WPA_L36_DOC2.0_WOC1.0_N1800_F180,2,0,0.016666666666666666,0.06464680157459514
11,2,3,37,all40,120,40,30,10,0.1,FacilityLocation,initializer,12,10,2,2,8,62,90,S_WPB_L56_DOC1.0_WOC2.0_N2700_F270_R3,S_WPB_L56_DOC1.0_WOC2.0_N2700_F270,3,0,0.008333333333333333,0.06290811573400458
11,2,3,37,all40,120,40,30,10,0.1,FacilityLocation,initializer,12,10,2,2,9,72,100,S_WPB_L56_DOC1.5_WOC1.0_N3600_F360_R1,S_WPB_L56_DOC1.5_WOC1.0_N3600_F360,1,0,0.008333333333333333,0.06311566948284533
11,2,3,37,all40,120,40,30,10,0.1,FacilityLocation,initializer,12,10,2,2,10,85,117,U_WPA_L36_DOC3.0_WOC1.0_N3600_F360_R2,U_WPA_L36_DOC3.0_WOC1.0_N3600_F360,2,1,0.008333333333333333,0.06311322649396847
11,2,3,37,all40,120,40,30,10,0.1,FacilityLocation,initializer,12,10,2,2,11,84,116,U_WPA_L36_DOC3.0_WOC1.0_N3600_F360_R1,U_WPA_L36_DOC3.0_WOC1.0_N3600_F360,1,1,0.008333333333333333,0.06301386818433867
11,2,3,37,all40,120,40,30,10,0.1,FacilityLocation,initializer,12,10,2,2,12,68,96,S_WPB_L56_DOC1.5_WOC1.0_N2700_F270_R1,S_WPB_L56_DOC1.5_WOC1.0_N2700_F270,1,0,0.008333333333333333,0.06354398787008526
11,2,3,37,all40,120,40,30,10,0.1,FacilityLocation-R,same-objective one-swap refinement,12,10,2,2,1,9,17,S_WPA_L36_DOC1.0_WOC1.0_N2700_F270_R2,S_WPA_L36_DOC1.0_WOC1.0_N2700_F270,2,0,0.11666666666666667,0.12645744277526938
11,2,3,37,all40,120,40,30,10,0.1,FacilityLocation-R,same-objective one-swap refinement,12,10,2,2,2,21,37,S_WPA_L36_DOC1.5_WOC2.0_N2700_F270_R2,S_WPA_L36_DOC1.5_WOC2.0_N2700_F270,2,0,0.23333333333333334,0.14506324437434165
11,2,3,37,all40,120,40,30,10,0.1,FacilityLocation-R,same-objective one-swap refinement,12,10,2,2,3,25,41,S_WPA_L36_DOC2.0_WOC1.0_N1800_F180_R2,S_WPA_L36_DOC2.0_WOC1.0_N1800_F180,2,0,0.016666666666666666,0.05591311174429645
11,2,3,37,all40,120,40,30,10,0.1,FacilityLocation-R,same-objective one-swap refinement,12,10,2,2,4,29,45,S_WPA_L36_DOC2.0_WOC1.0_N2700_F270_R2,S_WPA_L36_DOC2.0_WOC1.0_N2700_F270,2,0,0.125,0.07149634127394999
11,2,3,37,all40,120,40,30,10,0.1,FacilityLocation-R,same-objective one-swap refinement,12,10,2,2,5,46,66,S_WPB_L56_DOC0.5_WOC1.0_N2700_F270_R3,S_WPB_L56_DOC0.5_WOC1.0_N2700_F270,3,0,0.03333333333333333,0.05815058110534318
11,2,3,37,all40,120,40,30,10,0.1,FacilityLocation-R,same-objective one-swap refinement,12,10,2,2,6,62,90,S_WPB_L56_DOC1.0_WOC2.0_N2700_F270_R3,S_WPB_L56_DOC1.0_WOC2.0_N2700_F270,3,0,0.008333333333333333,0.05148965293898153
11,2,3,37,all40,120,40,30,10,0.1,FacilityLocation-R,same-objective one-swap refinement,12,10,2,2,7,63,91,S_WPB_L56_DOC1.0_WOC2.0_N2700_F270_R4,S_WPB_L56_DOC1.0_WOC2.0_N2700_F270,4,0,0.15,0.1247296330501835
11,2,3,37,all40,120,40,30,10,0.1,FacilityLocation-R,same-objective one-swap refinement,12,10,2,2,8,72,100,S_WPB_L56_DOC1.5_WOC1.0_N3600_F360_R1,S_WPB_L56_DOC1.5_WOC1.0_N3600_F360,1,0,0.008333333333333333,0.05148750421172949
11,2,3,37,all40,120,40,30,10,0.1,FacilityLocation-R,same-objective one-swap refinement,12,10,2,2,9,81,113,U_WPA_L36_DOC2.0_WOC2.0_N2700_F270_R2,U_WPA_L36_DOC2.0_WOC2.0_N2700_F270,2,1,0.06666666666666667,0.08860191738991834
11,2,3,37,all40,120,40,30,10,0.1,FacilityLocation-R,same-objective one-swap refinement,12,10,2,2,10,84,116,U_WPA_L36_DOC3.0_WOC1.0_N3600_F360_R1,U_WPA_L36_DOC3.0_WOC1.0_N3600_F360,1,1,0.008333333333333333,0.0513814871271427
11,2,3,37,all40,120,40,30,10,0.1,FacilityLocation-R,same-objective one-swap refinement,12,10,2,2,11,85,117,U_WPA_L36_DOC3.0_WOC1.0_N3600_F360_R2,U_WPA_L36_DOC3.0_WOC1.0_N3600_F360,2,1,0.008333333333333333,0.0514874977824031
11,2,3,37,all40,120,40,30,10,0.1,FacilityLocation-R,same-objective one-swap refinement,12,10,2,2,12,110,146,U_WPB_L56_DOC3.0_WOC1.0_N3600_F360_R3,U_WPB_L56_DOC3.0_WOC1.0_N3600_F360,3,1,0.225,0.12374158622644067
11,2,3,37,all40,120,40,30,10,0.1,W2-KMedoids,initializer,12,10,2,2,1,9,17,S_WPA_L36_DOC1.0_WOC1.0_N2700_F270_R2,S_WPA_L36_DOC1.0_WOC1.0_N2700_F270,2,0,0.11666666666666667,0.11806947269842366
11,2,3,37,all40,120,40,30,10,0.1,W2-KMedoids,initializer,12,10,2,2,2,21,37,S_WPA_L36_DOC1.5_WOC2.0_N2700_F270_R2,S_WPA_L36_DOC1.5_WOC2.0_N2700_F270,2,0,0.35,0.11942278591049986
11,2,3,37,all40,120,40,30,10,0.1,W2-KMedoids,initializer,12,10,2,2,3,44,64,S_WPB_L56_DOC0.5_WOC1.0_N2700_F270_R1,S_WPB_L56_DOC0.5_WOC1.0_N2700_F270,1,0,0.03333333333333333,0.07655920877617105
11,2,3,37,all40,120,40,30,10,0.1,W2-KMedoids,initializer,12,10,2,2,4,50,74,S_WPB_L56_DOC0.5_WOC2.0_N2700_F270_R3,S_WPB_L56_DOC0.5_WOC2.0_N2700_F270,3,0,0.15,0.10753636650591704
11,2,3,37,all40,120,40,30,10,0.1,W2-KMedoids,initializer,12,10,2,2,5,61,89,S_WPB_L56_DOC1.0_WOC2.0_N2700_F270_R2,S_WPB_L56_DOC1.0_WOC2.0_N2700_F270,2,0,0.016666666666666666,0.06544057373723383
11,2,3,37,all40,120,40,30,10,0.1,W2-KMedoids,initializer,12,10,2,2,6,62,90,S_WPB_L56_DOC1.0_WOC2.0_N2700_F270_R3,S_WPB_L56_DOC1.0_WOC2.0_N2700_F270,3,0,0.008333333333333333,0.06362260977807713
11,2,3,37,all40,120,40,30,10,0.1,W2-KMedoids,initializer,12,10,2,2,7,68,96,S_WPB_L56_DOC1.5_WOC1.0_N2700_F270_R1,S_WPB_L56_DOC1.5_WOC1.0_N2700_F270,1,0,0.008333333333333333,0.06418840015253671
11,2,3,37,all40,120,40,30,10,0.1,W2-KMedoids,initializer,12,10,2,2,8,72,100,S_WPB_L56_DOC1.5_WOC1.0_N3600_F360_R1,S_WPB_L56_DOC1.5_WOC1.0_N3600_F360,1,0,0.008333333333333333,0.06382470098150676
11,2,3,37,all40,120,40,30,10,0.1,W2-KMedoids,initializer,12,10,2,2,9,81,113,U_WPA_L36_DOC2.0_WOC2.0_N2700_F270_R2,U_WPA_L36_DOC2.0_WOC2.0_N2700_F270,2,1,0.06666666666666667,0.08554688715447704
11,2,3,37,all40,120,40,30,10,0.1,W2-KMedoids,initializer,12,10,2,2,10,84,116,U_WPA_L36_DOC3.0_WOC1.0_N3600_F360_R1,U_WPA_L36_DOC3.0_WOC1.0_N3600_F360,1,1,0.008333333333333333,0.06372561696921497
11,2,3,37,all40,120,40,30,10,0.1,W2-KMedoids,initializer,12,10,2,2,11,85,117,U_WPA_L36_DOC3.0_WOC1.0_N3600_F360_R2,U_WPA_L36_DOC3.0_WOC1.0_N3600_F360,2,1,0.008333333333333333,0.06382268081562446
11,2,3,37,all40,120,40,30,10,0.1,W2-KMedoids,initializer,12,10,2,2,12,110,146,U_WPB_L56_DOC3.0_WOC1.0_N3600_F360_R3,U_WPB_L56_DOC3.0_WOC1.0_N3600_F360,3,1,0.225,0.10824069652031758
11,2,3,37,all40,120,40,30,10,0.1,W2-KMedoids-R,same-objective one-swap refinement,12,9,3,2,1,9,17,S_WPA_L36_DOC1.0_WOC1.0_N2700_F270_R2,S_WPA_L36_DOC1.0_WOC1.0_N2700_F270,2,0,0.11666666666666667,0.12772949553582655
11,2,3,37,all40,120,40,30,10,0.1,W2-KMedoids-R,same-objective one-swap refinement,12,9,3,2,2,20,36,S_WPA_L36_DOC1.5_WOC2.0_N2700_F270_R1,S_WPA_L36_DOC1.5_WOC2.0_N2700_F270,1,0,0.1,0.0723465857189394
11,2,3,37,all40,120,40,30,10,0.1,W2-KMedoids-R,same-objective one-swap refinement,12,9,3,2,3,21,37,S_WPA_L36_DOC1.5_WOC2.0_N2700_F270_R2,S_WPA_L36_DOC1.5_WOC2.0_N2700_F270,2,0,0.25833333333333336,0.13443904078493246
11,2,3,37,all40,120,40,30,10,0.1,W2-KMedoids-R,same-objective one-swap refinement,12,9,3,2,4,44,64,S_WPB_L56_DOC0.5_WOC1.0_N2700_F270_R1,S_WPB_L56_DOC0.5_WOC1.0_N2700_F270,1,0,0.03333333333333333,0.07402606399983103
11,2,3,37,all40,120,40,30,10,0.1,W2-KMedoids-R,same-objective one-swap refinement,12,9,3,2,5,50,74,S_WPB_L56_DOC0.5_WOC2.0_N2700_F270_R3,S_WPB_L56_DOC0.5_WOC2.0_N2700_F270,3,0,0.15,0.11757650183373992
11,2,3,37,all40,120,40,30,10,0.1,W2-KMedoids-R,same-objective one-swap refinement,12,9,3,2,6,61,89,S_WPB_L56_DOC1.0_WOC2.0_N2700_F270_R2,S_WPB_L56_DOC1.0_WOC2.0_N2700_F270,2,0,0.016666666666666666,0.05681376413320736
11,2,3,37,all40,120,40,30,10,0.1,W2-KMedoids-R,same-objective one-swap refinement,12,9,3,2,7,62,90,S_WPB_L56_DOC1.0_WOC2.0_N2700_F270_R3,S_WPB_L56_DOC1.0_WOC2.0_N2700_F270,3,0,0.008333333333333333,0.05229316471503682
11,2,3,37,all40,120,40,30,10,0.1,W2-KMedoids-R,same-objective one-swap refinement,12,9,3,2,8,72,100,S_WPB_L56_DOC1.5_WOC1.0_N3600_F360_R1,S_WPB_L56_DOC1.5_WOC1.0_N3600_F360,1,0,0.008333333333333333,0.052284678607169684
11,2,3,37,all40,120,40,30,10,0.1,W2-KMedoids-R,same-objective one-swap refinement,12,9,3,2,9,81,113,U_WPA_L36_DOC2.0_WOC2.0_N2700_F270_R2,U_WPA_L36_DOC2.0_WOC2.0_N2700_F270,2,1,0.06666666666666667,0.08690288837443375
11,2,3,37,all40,120,40,30,10,0.1,W2-KMedoids-R,same-objective one-swap refinement,12,9,3,2,10,84,116,U_WPA_L36_DOC3.0_WOC1.0_N3600_F360_R1,U_WPA_L36_DOC3.0_WOC1.0_N3600_F360,1,1,0.008333333333333333,0.05218108161454064
11,2,3,37,all40,120,40,30,10,0.1,W2-KMedoids-R,same-objective one-swap refinement,12,9,3,2,11,85,117,U_WPA_L36_DOC3.0_WOC1.0_N3600_F360_R2,U_WPA_L36_DOC3.0_WOC1.0_N3600_F360,2,1,0.008333333333333333,0.052284252224992514
11,2,3,37,all40,120,40,30,10,0.1,W2-KMedoids-R,same-objective one-swap refinement,12,9,3,2,12,110,146,U_WPB_L56_DOC3.0_WOC1.0_N3600_F360_R3,U_WPB_L56_DOC3.0_WOC1.0_N3600_F360,3,1,0.225,0.1211224824573498
11,2,3,37,all40,120,40,30,10,0.1,MRDS projected,initializer,12,10,2,2,1,19,27,S_WPA_L36_DOC1.0_WOC2.0_N2700_F270_R4,S_WPA_L36_DOC1.0_WOC2.0_N2700_F270,4,0,0.5916666666666667,0.1886565579568199
11,2,3,37,all40,120,40,30,10,0.1,MRDS projected,initializer,12,10,2,2,2,72,100,S_WPB_L56_DOC1.5_WOC1.0_N3600_F360_R1,S_WPB_L56_DOC1.5_WOC1.0_N3600_F360,1,0,0.008333333333333333,0.05927612001474035
11,2,3,37,all40,120,40,30,10,0.1,MRDS projected,initializer,12,10,2,2,3,25,41,S_WPA_L36_DOC2.0_WOC1.0_N1800_F180_R2,S_WPA_L36_DOC2.0_WOC1.0_N1800_F180,2,0,0.008333333333333333,0.05860600222442016
11,2,3,37,all40,120,40,30,10,0.1,MRDS projected,initializer,12,10,2,2,4,84,116,U_WPA_L36_DOC3.0_WOC1.0_N3600_F360_R1,U_WPA_L36_DOC3.0_WOC1.0_N3600_F360,1,1,0.008333333333333333,0.05916105320002655
11,2,3,37,all40,120,40,30,10,0.1,MRDS projected,initializer,12,10,2,2,5,85,117,U_WPA_L36_DOC3.0_WOC1.0_N3600_F360_R2,U_WPA_L36_DOC3.0_WOC1.0_N3600_F360,2,1,0.008333333333333333,0.05927035918905825
11,2,3,37,all40,120,40,30,10,0.1,MRDS projected,initializer,12,10,2,2,6,62,90,S_WPB_L56_DOC1.0_WOC2.0_N2700_F270_R3,S_WPB_L56_DOC1.0_WOC2.0_N2700_F270,3,0,0.008333333333333333,0.059042141260098484
11,2,3,37,all40,120,40,30,10,0.1,MRDS projected,initializer,12,10,2,2,7,68,96,S_WPB_L56_DOC1.5_WOC1.0_N2700_F270_R1,S_WPB_L56_DOC1.5_WOC1.0_N2700_F270,1,0,0.008333333333333333,0.0600686462861288
11,2,3,37,all40,120,40,30,10,0.1,MRDS projected,initializer,12,10,2,2,8,61,89,S_WPB_L56_DOC1.0_WOC2.0_N2700_F270_R2,S_WPB_L56_DOC1.0_WOC2.0_N2700_F270,2,0,0.008333333333333333,0.05860600222435142
11,2,3,37,all40,120,40,30,10,0.1,MRDS projected,initializer,12,10,2,2,9,113,153,U_WPB_L56_DOC4.0_WOC2.0_N2700_F270_R2,U_WPB_L56_DOC4.0_WOC2.0_N2700_F270,2,1,0.08333333333333333,0.08399088531778194
11,2,3,37,all40,120,40,30,10,0.1,MRDS projected,initializer,12,10,2,2,10,47,67,S_WPB_L56_DOC0.5_WOC1.0_N2700_F270_R4,S_WPB_L56_DOC0.5_WOC1.0_N2700_F270,4,0,0.03333333333333333,0.07413906987333573
11,2,3,37,all40,120,40,30,10,0.1,MRDS projected,initializer,12,10,2,2,11,35,51,S_WPA_L36_DOC3.0_WOC1.0_N1800_F180_R4,S_WPA_L36_DOC3.0_WOC1.0_N1800_F180,4,0,0.058333333333333334,0.06998286563091378
11,2,3,37,all40,120,40,30,10,0.1,MRDS projected,initializer,12,10,2,2,12,0,0,S_WPA_L36_DOC0.5_WOC1.0_N2700_F270_R1,S_WPA_L36_DOC0.5_WOC1.0_N2700_F270,1,0,0.175,0.16920029682232457
11,2,3,37,all40,120,40,30,10,0.1,MRDS-IS-R (proposed),same-objective one-swap refinement,12,10,2,2,1,0,0,S_WPA_L36_DOC0.5_WOC1.0_N2700_F270_R1,S_WPA_L36_DOC0.5_WOC1.0_N2700_F270,1,0,0.175,0.19127364760733737
11,2,3,37,all40,120,40,30,10,0.1,MRDS-IS-R (proposed),same-objective one-swap refinement,12,10,2,2,2,19,27,S_WPA_L36_DOC1.0_WOC2.0_N2700_F270_R4,S_WPA_L36_DOC1.0_WOC2.0_N2700_F270,4,0,0.44166666666666665,0.22505705854434196
11,2,3,37,all40,120,40,30,10,0.1,MRDS-IS-R (proposed),same-objective one-swap refinement,12,10,2,2,3,25,41,S_WPA_L36_DOC2.0_WOC1.0_N1800_F180_R2,S_WPA_L36_DOC2.0_WOC1.0_N1800_F180,2,0,0.008333333333333333,0.04661879538612046
11,2,3,37,all40,120,40,30,10,0.1,MRDS-IS-R (proposed),same-objective one-swap refinement,12,10,2,2,4,35,51,S_WPA_L36_DOC3.0_WOC1.0_N1800_F180_R4,S_WPA_L36_DOC3.0_WOC1.0_N1800_F180,4,0,0.058333333333333334,0.06902857185070814
11,2,3,37,all40,120,40,30,10,0.1,MRDS-IS-R (proposed),same-objective one-swap refinement,12,10,2,2,5,47,67,S_WPB_L56_DOC0.5_WOC1.0_N2700_F270_R4,S_WPB_L56_DOC0.5_WOC1.0_N2700_F270,4,0,0.03333333333333333,0.06666098964339583
11,2,3,37,all40,120,40,30,10,0.1,MRDS-IS-R (proposed),same-objective one-swap refinement,12,10,2,2,6,61,89,S_WPB_L56_DOC1.0_WOC2.0_N2700_F270_R2,S_WPB_L56_DOC1.0_WOC2.0_N2700_F270,2,0,0.008333333333333333,0.0466187953860296
11,2,3,37,all40,120,40,30,10,0.1,MRDS-IS-R (proposed),same-objective one-swap refinement,12,10,2,2,7,62,90,S_WPB_L56_DOC1.0_WOC2.0_N2700_F270_R3,S_WPB_L56_DOC1.0_WOC2.0_N2700_F270,3,0,0.008333333333333333,0.04747829674963889
11,2,3,37,all40,120,40,30,10,0.1,MRDS-IS-R (proposed),same-objective one-swap refinement,12,10,2,2,8,72,100,S_WPB_L56_DOC1.5_WOC1.0_N3600_F360_R1,S_WPB_L56_DOC1.5_WOC1.0_N3600_F360,1,0,0.008333333333333333,0.04750809971821471
11,2,3,37,all40,120,40,30,10,0.1,MRDS-IS-R (proposed),same-objective one-swap refinement,12,10,2,2,9,79,107,S_WPB_L56_DOC1.5_WOC2.0_N2700_F270_R4,S_WPB_L56_DOC1.5_WOC2.0_N2700_F270,4,0,0.15833333333333333,0.07311871969137929
11,2,3,37,all40,120,40,30,10,0.1,MRDS-IS-R (proposed),same-objective one-swap refinement,12,10,2,2,10,84,116,U_WPA_L36_DOC3.0_WOC1.0_N3600_F360_R1,U_WPA_L36_DOC3.0_WOC1.0_N3600_F360,1,1,0.008333333333333333,0.047391182233183615
11,2,3,37,all40,120,40,30,10,0.1,MRDS-IS-R (proposed),same-objective one-swap refinement,12,10,2,2,11,85,117,U_WPA_L36_DOC3.0_WOC1.0_N3600_F360_R2,U_WPA_L36_DOC3.0_WOC1.0_N3600_F360,2,1,0.008333333333333333,0.04750569378695958
11,2,3,37,all40,120,40,30,10,0.1,MRDS-IS-R (proposed),same-objective one-swap refinement,12,10,2,2,12,113,153,U_WPB_L56_DOC4.0_WOC2.0_N2700_F270_R2,U_WPB_L56_DOC4.0_WOC2.0_N2700_F270,2,1,0.08333333333333333,0.09174014940269057
11,2,3,37,all40,120,40,30,10,0.1,Best-of-starts-R (diagnostic only),diagnostic oracle over supplied starts; winner=W2-KMedoids,12,9,3,2,1,9,17,S_WPA_L36_DOC1.0_WOC1.0_N2700_F270_R2,S_WPA_L36_DOC1.0_WOC1.0_N2700_F270,2,0,0.11666666666666667,0.12772949553582655
11,2,3,37,all40,120,40,30,10,0.1,Best-of-starts-R (diagnostic only),diagnostic oracle over supplied starts; winner=W2-KMedoids,12,9,3,2,2,20,36,S_WPA_L36_DOC1.5_WOC2.0_N2700_F270_R1,S_WPA_L36_DOC1.5_WOC2.0_N2700_F270,1,0,0.1,0.0723465857189394
11,2,3,37,all40,120,40,30,10,0.1,Best-of-starts-R (diagnostic only),diagnostic oracle over supplied starts; winner=W2-KMedoids,12,9,3,2,3,21,37,S_WPA_L36_DOC1.5_WOC2.0_N2700_F270_R2,S_WPA_L36_DOC1.5_WOC2.0_N2700_F270,2,0,0.25833333333333336,0.13443904078493246
11,2,3,37,all40,120,40,30,10,0.1,Best-of-starts-R (diagnostic only),diagnostic oracle over supplied starts; winner=W2-KMedoids,12,9,3,2,4,44,64,S_WPB_L56_DOC0.5_WOC1.0_N2700_F270_R1,S_WPB_L56_DOC0.5_WOC1.0_N2700_F270,1,0,0.03333333333333333,0.07402606399983103
11,2,3,37,all40,120,40,30,10,0.1,Best-of-starts-R (diagnostic only),diagnostic oracle over supplied starts; winner=W2-KMedoids,12,9,3,2,5,50,74,S_WPB_L56_DOC0.5_WOC2.0_N2700_F270_R3,S_WPB_L56_DOC0.5_WOC2.0_N2700_F270,3,0,0.15,0.11757650183373992
11,2,3,37,all40,120,40,30,10,0.1,Best-of-starts-R (diagnostic only),diagnostic oracle over supplied starts; winner=W2-KMedoids,12,9,3,2,6,61,89,S_WPB_L56_DOC1.0_WOC2.0_N2700_F270_R2,S_WPB_L56_DOC1.0_WOC2.0_N2700_F270,2,0,0.016666666666666666,0.05681376413320736
11,2,3,37,all40,120,40,30,10,0.1,Best-of-starts-R (diagnostic only),diagnostic oracle over supplied starts; winner=W2-KMedoids,12,9,3,2,7,62,90,S_WPB_L56_DOC1.0_WOC2.0_N2700_F270_R3,S_WPB_L56_DOC1.0_WOC2.0_N2700_F270,3,0,0.008333333333333333,0.05229316471503682
11,2,3,37,all40,120,40,30,10,0.1,Best-of-starts-R (diagnostic only),diagnostic oracle over supplied starts; winner=W2-KMedoids,12,9,3,2,8,72,100,S_WPB_L56_DOC1.5_WOC1.0_N3600_F360_R1,S_WPB_L56_DOC1.5_WOC1.0_N3600_F360,1,0,0.008333333333333333,0.052284678607169684
11,2,3,37,all40,120,40,30,10,0.1,Best-of-starts-R (diagnostic only),diagnostic oracle over supplied starts; winner=W2-KMedoids,12,9,3,2,9,81,113,U_WPA_L36_DOC2.0_WOC2.0_N2700_F270_R2,U_WPA_L36_DOC2.0_WOC2.0_N2700_F270,2,1,0.06666666666666667,0.08690288837443375
11,2,3,37,all40,120,40,30,10,0.1,Best-of-starts-R (diagnostic only),diagnostic oracle over supplied starts; winner=W2-KMedoids,12,9,3,2,10,84,116,U_WPA_L36_DOC3.0_WOC1.0_N3600_F360_R1,U_WPA_L36_DOC3.0_WOC1.0_N3600_F360,1,1,0.008333333333333333,0.05218108161454064
11,2,3,37,all40,120,40,30,10,0.1,Best-of-starts-R (diagnostic only),diagnostic oracle over supplied starts; winner=W2-KMedoids,12,9,3,2,11,85,117,U_WPA_L36_DOC3.0_WOC1.0_N3600_F360_R2,U_WPA_L36_DOC3.0_WOC1.0_N3600_F360,2,1,0.008333333333333333,0.052284252224992514
11,2,3,37,all40,120,40,30,10,0.1,Best-of-starts-R (diagnostic only),diagnostic oracle over supplied starts; winner=W2-KMedoids,12,9,3,2,12,110,146,U_WPB_L56_DOC3.0_WOC1.0_N3600_F360_R3,U_WPB_L56_DOC3.0_WOC1.0_N3600_F360,3,1,0.225,0.1211224824573498
12,3,0,53,all40,120,40,30,10,0.1,Random,initializer,12,10,2,2,1,1,1,S_WPA_L36_DOC0.5_WOC1.0_N2700_F270_R2,S_WPA_L36_DOC0.5_WOC1.0_N2700_F270,2,0,0.041666666666666664,1.3656221594829984e-05
12,3,0,53,all40,120,40,30,10,0.1,Random,initializer,12,10,2,2,2,12,16,S_WPA_L36_DOC1.0_WOC1.0_N2700_F270_R1,S_WPA_L36_DOC1.0_WOC1.0_N2700_F270,1,0,0.016666666666666666,8.339058595093358e-05
12,3,0,53,all40,120,40,30,10,0.1,Random,initializer,12,10,2,2,3,15,19,S_WPA_L36_DOC1.0_WOC1.0_N2700_F270_R4,S_WPA_L36_DOC1.0_WOC1.0_N2700_F270,4,0,0.08333333333333333,0.0002199808174327818
12,3,0,53,all40,120,40,30,10,0.1,Random,initializer,12,10,2,2,4,37,53,S_WPA_L36_DOC4.0_WOC1.0_N2700_F270_R2,S_WPA_L36_DOC4.0_WOC1.0_N2700_F270,2,0,0.025,6.800165811861377e-05
12,3,0,53,all40,120,40,30,10,0.1,Random,initializer,12,10,2,2,5,42,58,S_WPA_L36_DOC6.0_WOC1.0_N2700_F270_R3,S_WPA_L36_DOC6.0_WOC1.0_N2700_F270,3,0,0.225,3.7348449802475084e-06
12,3,0,53,all40,120,40,30,10,0.1,Random,initializer,12,10,2,2,6,59,79,S_WPB_L56_DOC1.0_WOC1.0_N1800_F180_R4,S_WPB_L56_DOC1.0_WOC1.0_N1800_F180,4,0,0.125,1.8498612483530437e-05
12,3,0,53,all40,120,40,30,10,0.1,Random,initializer,12,10,2,2,7,75,103,S_WPB_L56_DOC1.5_WOC1.0_N3600_F360_R4,S_WPB_L56_DOC1.5_WOC1.0_N3600_F360,4,0,0.041666666666666664,0.00034331283134057133
12,3,0,53,all40,120,40,30,10,0.1,Random,initializer,12,10,2,2,8,79,107,S_WPB_L56_DOC1.5_WOC2.0_N2700_F270_R4,S_WPB_L56_DOC1.5_WOC2.0_N2700_F270,4,0,0.125,6.333668152127696e-05
12,3,0,53,all40,120,40,30,10,0.1,Random,initializer,12,10,2,2,9,80,108,U_WPA_L36_DOC2.0_WOC1.0_N3600_F360_R1,U_WPA_L36_DOC2.0_WOC1.0_N3600_F360,1,1,0.008333333333333333,0.5717848524284908
12,3,0,53,all40,120,40,30,10,0.1,Random,initializer,12,10,2,2,10,82,110,U_WPA_L36_DOC2.0_WOC1.0_N3600_F360_R3,U_WPA_L36_DOC2.0_WOC1.0_N3600_F360,3,1,0.03333333333333333,0.3856311687732963
12,3,0,53,all40,120,40,30,10,0.1,Random,initializer,12,10,2,2,11,91,119,U_WPA_L36_DOC3.0_WOC1.0_N3600_F360_R4,U_WPA_L36_DOC3.0_WOC1.0_N3600_F360,4,1,0.058333333333333334,0.04175986921421805
12,3,0,53,all40,120,40,30,10,0.1,Random,initializer,12,10,2,2,12,108,148,U_WPB_L56_DOC4.0_WOC1.0_N2700_F270_R1,U_WPB_L56_DOC4.0_WOC1.0_N2700_F270,1,1,0.21666666666666667,1.0197330572221973e-05
12,3,0,53,all40,120,40,30,10,0.1,Random-R,same-objective one-swap refinement,12,11,1,2,1,1,1,S_WPA_L36_DOC0.5_WOC1.0_N2700_F270_R2,S_WPA_L36_DOC0.5_WOC1.0_N2700_F270,2,0,0.041666666666666664,3.136017979754111e-16
12,3,0,53,all40,120,40,30,10,0.1,Random-R,same-objective one-swap refinement,12,11,1,2,2,12,16,S_WPA_L36_DOC1.0_WOC1.0_N2700_F270_R1,S_WPA_L36_DOC1.0_WOC1.0_N2700_F270,1,0,0.016666666666666666,4.2883166542363563e-14
12,3,0,53,all40,120,40,30,10,0.1,Random-R,same-objective one-swap refinement,12,11,1,2,3,15,19,S_WPA_L36_DOC1.0_WOC1.0_N2700_F270_R4,S_WPA_L36_DOC1.0_WOC1.0_N2700_F270,4,0,0.08333333333333333,5.583118981907097e-13
12,3,0,53,all40,120,40,30,10,0.1,Random-R,same-objective one-swap refinement,12,11,1,2,4,29,41,S_WPA_L36_DOC2.0_WOC1.0_N1800_F180_R2,S_WPA_L36_DOC2.0_WOC1.0_N1800_F180,2,0,0.016666666666666666,0.998490354487541
12,3,0,53,all40,120,40,30,10,0.1,Random-R,same-objective one-swap refinement,12,11,1,2,5,37,53,S_WPA_L36_DOC4.0_WOC1.0_N2700_F270_R2,S_WPA_L36_DOC4.0_WOC1.0_N2700_F270,2,0,0.025,1.5817435656649664e-14
12,3,0,53,all40,120,40,30,10,0.1,Random-R,same-objective one-swap refinement,12,11,1,2,6,42,58,S_WPA_L36_DOC6.0_WOC1.0_N2700_F270_R3,S_WPA_L36_DOC6.0_WOC1.0_N2700_F270,3,0,0.225,1.0886907419086391e-17
12,3,0,53,all40,120,40,30,10,0.1,Random-R,same-objective one-swap refinement,12,11,1,2,7,59,79,S_WPB_L56_DOC1.0_WOC1.0_N1800_F180_R4,S_WPB_L56_DOC1.0_WOC1.0_N1800_F180,4,0,0.125,2.9971970572362736e-16
12,3,0,53,all40,120,40,30,10,0.1,Random-R,same-objective one-swap refinement,12,11,1,2,8,75,103,S_WPB_L56_DOC1.5_WOC1.0_N3600_F360_R4,S_WPB_L56_DOC1.5_WOC1.0_N3600_F360,4,0,0.025,0.001506591444497643
12,3,0,53,all40,120,40,30,10,0.1,Random-R,same-objective one-swap refinement,12,11,1,2,9,79,107,S_WPB_L56_DOC1.5_WOC2.0_N2700_F270_R4,S_WPB_L56_DOC1.5_WOC2.0_N2700_F270,4,0,0.125,8.655825254199326e-15
12,3,0,53,all40,120,40,30,10,0.1,Random-R,same-objective one-swap refinement,12,11,1,2,10,82,110,U_WPA_L36_DOC2.0_WOC1.0_N3600_F360_R3,U_WPA_L36_DOC2.0_WOC1.0_N3600_F360,3,1,0.041666666666666664,3.0420856386998214e-06
12,3,0,53,all40,120,40,30,10,0.1,Random-R,same-objective one-swap refinement,12,11,1,2,11,91,119,U_WPA_L36_DOC3.0_WOC1.0_N3600_F360_R4,U_WPA_L36_DOC3.0_WOC1.0_N3600_F360,4,1,0.058333333333333334,1.1981696337665952e-08
12,3,0,53,all40,120,40,30,10,0.1,Random-R,same-objective one-swap refinement,12,11,1,2,12,108,148,U_WPB_L56_DOC4.0_WOC1.0_N2700_F270_R1,U_WPB_L56_DOC4.0_WOC1.0_N2700_F270,1,1,0.21666666666666667,5.1481261342383687e-17
12,3,0,53,all40,120,40,30,10,0.1,FacilityLocation,initializer,12,10,2,3,1,26,38,S_WPA_L36_DOC1.5_WOC2.0_N2700_F270_R3,S_WPA_L36_DOC1.5_WOC2.0_N2700_F270,3,0,0.14166666666666666,0.11015399446874354
12,3,0,53,all40,120,40,30,10,0.1,FacilityLocation,initializer,12,10,2,3,2,91,119,U_WPA_L36_DOC3.0_WOC1.0_N3600_F360_R4,U_WPA_L36_DOC3.0_WOC1.0_N3600_F360,4,1,0.09166666666666666,0.07367131383208635
12,3,0,53,all40,120,40,30,10,0.1,FacilityLocation,initializer,12,10,2,3,3,54,74,S_WPB_L56_DOC0.5_WOC2.0_N2700_F270_R3,S_WPB_L56_DOC0.5_WOC2.0_N2700_F270,3,0,0.13333333333333333,0.09849763369215689
12,3,0,53,all40,120,40,30,10,0.1,FacilityLocation,initializer,12,10,2,3,4,12,16,S_WPA_L36_DOC1.0_WOC1.0_N2700_F270_R1,S_WPA_L36_DOC1.0_WOC1.0_N2700_F270,1,0,0.15833333333333333,0.11915280612152716
12,3,0,53,all40,120,40,30,10,0.1,FacilityLocation,initializer,12,10,2,3,5,106,146,U_WPB_L56_DOC3.0_WOC1.0_N3600_F360_R3,U_WPB_L56_DOC3.0_WOC1.0_N3600_F360,3,1,0.16666666666666666,0.1045569838276098
12,3,0,53,all40,120,40,30,10,0.1,FacilityLocation,initializer,12,10,2,3,6,50,66,S_WPB_L56_DOC0.5_WOC1.0_N2700_F270_R3,S_WPB_L56_DOC0.5_WOC1.0_N2700_F270,3,0,0.03333333333333333,0.063663644493865
12,3,0,53,all40,120,40,30,10,0.1,FacilityLocation,initializer,12,10,2,3,7,7,7,S_WPA_L36_DOC0.5_WOC1.0_N3600_F360_R4,S_WPA_L36_DOC0.5_WOC1.0_N3600_F360,4,0,0.23333333333333334,0.10258289803132409
12,3,0,53,all40,120,40,30,10,0.1,FacilityLocation,initializer,12,10,2,3,8,29,41,S_WPA_L36_DOC2.0_WOC1.0_N1800_F180_R2,S_WPA_L36_DOC2.0_WOC1.0_N1800_F180,2,0,0.008333333333333333,0.0655057989634121
12,3,0,53,all40,120,40,30,10,0.1,FacilityLocation,initializer,12,10,2,3,9,72,100,S_WPB_L56_DOC1.5_WOC1.0_N3600_F360_R1,S_WPB_L56_DOC1.5_WOC1.0_N3600_F360,1,0,0.008333333333333333,0.0655057989634121
12,3,0,53,all40,120,40,30,10,0.1,FacilityLocation,initializer,12,10,2,3,10,88,116,U_WPA_L36_DOC3.0_WOC1.0_N3600_F360_R1,U_WPA_L36_DOC3.0_WOC1.0_N3600_F360,1,1,0.008333333333333333,0.06550100652680735
12,3,0,53,all40,120,40,30,10,0.1,FacilityLocation,initializer,12,10,2,3,11,89,117,U_WPA_L36_DOC3.0_WOC1.0_N3600_F360_R2,U_WPA_L36_DOC3.0_WOC1.0_N3600_F360,2,1,0.008333333333333333,0.06550455078585384
12,3,0,53,all40,120,40,30,10,0.1,FacilityLocation,initializer,12,10,2,3,12,68,96,S_WPB_L56_DOC1.5_WOC1.0_N2700_F270_R1,S_WPB_L56_DOC1.5_WOC1.0_N2700_F270,1,0,0.008333333333333333,0.0657035702932017
12,3,0,53,all40,120,40,30,10,0.1,FacilityLocation-R,same-objective one-swap refinement,12,9,3,3,1,7,7,S_WPA_L36_DOC0.5_WOC1.0_N3600_F360_R4,S_WPA_L36_DOC0.5_WOC1.0_N3600_F360,4,0,0.23333333333333334,0.10895771379415664
12,3,0,53,all40,120,40,30,10,0.1,FacilityLocation-R,same-objective one-swap refinement,12,9,3,3,2,12,16,S_WPA_L36_DOC1.0_WOC1.0_N2700_F270_R1,S_WPA_L36_DOC1.0_WOC1.0_N2700_F270,1,0,0.15833333333333333,0.13101925614961574
12,3,0,53,all40,120,40,30,10,0.1,FacilityLocation-R,same-objective one-swap refinement,12,9,3,3,3,26,38,S_WPA_L36_DOC1.5_WOC2.0_N2700_F270_R3,S_WPA_L36_DOC1.5_WOC2.0_N2700_F270,3,0,0.13333333333333333,0.12070580207312492
12,3,0,53,all40,120,40,30,10,0.1,FacilityLocation-R,same-objective one-swap refinement,12,9,3,3,4,29,41,S_WPA_L36_DOC2.0_WOC1.0_N1800_F180_R2,S_WPA_L36_DOC2.0_WOC1.0_N1800_F180,2,0,0.008333333333333333,0.05414605974294415
12,3,0,53,all40,120,40,30,10,0.1,FacilityLocation-R,same-objective one-swap refinement,12,9,3,3,5,50,66,S_WPB_L56_DOC0.5_WOC1.0_N2700_F270_R3,S_WPB_L56_DOC0.5_WOC1.0_N2700_F270,3,0,0.03333333333333333,0.05660802250407878
12,3,0,53,all40,120,40,30,10,0.1,FacilityLocation-R,same-objective one-swap refinement,12,9,3,3,6,54,74,S_WPB_L56_DOC0.5_WOC2.0_N2700_F270_R3,S_WPB_L56_DOC0.5_WOC2.0_N2700_F270,3,0,0.13333333333333333,0.10333994346743457
12,3,0,53,all40,120,40,30,10,0.1,FacilityLocation-R,same-objective one-swap refinement,12,9,3,3,7,72,100,S_WPB_L56_DOC1.5_WOC1.0_N3600_F360_R1,S_WPB_L56_DOC1.5_WOC1.0_N3600_F360,1,0,0.008333333333333333,0.05414605974294419
12,3,0,53,all40,120,40,30,10,0.1,FacilityLocation-R,same-objective one-swap refinement,12,9,3,3,8,75,103,S_WPB_L56_DOC1.5_WOC1.0_N3600_F360_R4,S_WPB_L56_DOC1.5_WOC1.0_N3600_F360,4,0,0.016666666666666666,0.07052755504402976
12,3,0,53,all40,120,40,30,10,0.1,FacilityLocation-R,same-objective one-swap refinement,12,9,3,3,9,88,116,U_WPA_L36_DOC3.0_WOC1.0_N3600_F360_R1,U_WPA_L36_DOC3.0_WOC1.0_N3600_F360,1,1,0.008333333333333333,0.05415154833249961
12,3,0,53,all40,120,40,30,10,0.1,FacilityLocation-R,same-objective one-swap refinement,12,9,3,3,10,89,117,U_WPA_L36_DOC3.0_WOC1.0_N3600_F360_R2,U_WPA_L36_DOC3.0_WOC1.0_N3600_F360,2,1,0.008333333333333333,0.05414564226050522
12,3,0,53,all40,120,40,30,10,0.1,FacilityLocation-R,same-objective one-swap refinement,12,9,3,3,11,91,119,U_WPA_L36_DOC3.0_WOC1.0_N3600_F360_R4,U_WPA_L36_DOC3.0_WOC1.0_N3600_F360,4,1,0.09166666666666666,0.07525112767310056
12,3,0,53,all40,120,40,30,10,0.1,FacilityLocation-R,same-objective one-swap refinement,12,9,3,3,12,106,146,U_WPB_L56_DOC3.0_WOC1.0_N3600_F360_R3,U_WPB_L56_DOC3.0_WOC1.0_N3600_F360,3,1,0.16666666666666666,0.11700126921556589
12,3,0,53,all40,120,40,30,10,0.1,W2-KMedoids,initializer,12,10,2,3,1,7,7,S_WPA_L36_DOC0.5_WOC1.0_N3600_F360_R4,S_WPA_L36_DOC0.5_WOC1.0_N3600_F360,4,0,0.23333333333333334,0.09826318182651998
12,3,0,53,all40,120,40,30,10,0.1,W2-KMedoids,initializer,12,10,2,3,2,26,38,S_WPA_L36_DOC1.5_WOC2.0_N2700_F270_R3,S_WPA_L36_DOC1.5_WOC2.0_N2700_F270,3,0,0.15833333333333333,0.1078357608510055
12,3,0,53,all40,120,40,30,10,0.1,W2-KMedoids,initializer,12,10,2,3,3,29,41,S_WPA_L36_DOC2.0_WOC1.0_N1800_F180_R2,S_WPA_L36_DOC2.0_WOC1.0_N1800_F180,2,0,0.008333333333333333,0.06611733114871167
12,3,0,53,all40,120,40,30,10,0.1,W2-KMedoids,initializer,12,10,2,3,4,49,65,S_WPB_L56_DOC0.5_WOC1.0_N2700_F270_R2,S_WPB_L56_DOC0.5_WOC1.0_N2700_F270,2,0,0.03333333333333333,0.0683350710039074
12,3,0,53,all40,120,40,30,10,0.1,W2-KMedoids,initializer,12,10,2,3,5,54,74,S_WPB_L56_DOC0.5_WOC2.0_N2700_F270_R3,S_WPB_L56_DOC0.5_WOC2.0_N2700_F270,3,0,0.13333333333333333,0.0907952539823842
12,3,0,53,all40,120,40,30,10,0.1,W2-KMedoids,initializer,12,10,2,3,6,60,80,S_WPB_L56_DOC1.0_WOC1.0_N2700_F270_R1,S_WPB_L56_DOC1.0_WOC1.0_N2700_F270,1,0,0.14166666666666666,0.12267984939332202
12,3,0,53,all40,120,40,30,10,0.1,W2-KMedoids,initializer,12,10,2,3,7,68,96,S_WPB_L56_DOC1.5_WOC1.0_N2700_F270_R1,S_WPB_L56_DOC1.5_WOC1.0_N2700_F270,1,0,0.008333333333333333,0.06630298260761432
12,3,0,53,all40,120,40,30,10,0.1,W2-KMedoids,initializer,12,10,2,3,8,72,100,S_WPB_L56_DOC1.5_WOC1.0_N3600_F360_R1,S_WPB_L56_DOC1.5_WOC1.0_N3600_F360,1,0,0.008333333333333333,0.06611733114871167
12,3,0,53,all40,120,40,30,10,0.1,W2-KMedoids,initializer,12,10,2,3,9,88,116,U_WPA_L36_DOC3.0_WOC1.0_N3600_F360_R1,U_WPA_L36_DOC3.0_WOC1.0_N3600_F360,1,1,0.008333333333333333,0.06611267729788715
12,3,0,53,all40,120,40,30,10,0.1,W2-KMedoids,initializer,12,10,2,3,10,89,117,U_WPA_L36_DOC3.0_WOC1.0_N3600_F360_R2,U_WPA_L36_DOC3.0_WOC1.0_N3600_F360,2,1,0.008333333333333333,0.0661164223842803
12,3,0,53,all40,120,40,30,10,0.1,W2-KMedoids,initializer,12,10,2,3,11,91,119,U_WPA_L36_DOC3.0_WOC1.0_N3600_F360_R4,U_WPA_L36_DOC3.0_WOC1.0_N3600_F360,4,1,0.09166666666666666,0.07635733733707549
12,3,0,53,all40,120,40,30,10,0.1,W2-KMedoids,initializer,12,10,2,3,12,106,146,U_WPB_L56_DOC3.0_WOC1.0_N3600_F360_R3,U_WPB_L56_DOC3.0_WOC1.0_N3600_F360,3,1,0.16666666666666666,0.1049668010185804
12,3,0,53,all40,120,40,30,10,0.1,W2-KMedoids-R,same-objective one-swap refinement,12,9,3,3,1,7,7,S_WPA_L36_DOC0.5_WOC1.0_N3600_F360_R4,S_WPA_L36_DOC0.5_WOC1.0_N3600_F360,4,0,0.23333333333333334,0.10312448201435831
12,3,0,53,all40,120,40,30,10,0.1,W2-KMedoids-R,same-objective one-swap refinement,12,9,3,3,2,26,38,S_WPA_L36_DOC1.5_WOC2.0_N2700_F270_R3,S_WPA_L36_DOC1.5_WOC2.0_N2700_F270,3,0,0.15,0.11772867943660366
12,3,0,53,all40,120,40,30,10,0.1,W2-KMedoids-R,same-objective one-swap refinement,12,9,3,3,3,29,41,S_WPA_L36_DOC2.0_WOC1.0_N1800_F180_R2,S_WPA_L36_DOC2.0_WOC1.0_N1800_F180,2,0,0.008333333333333333,0.05486716997942075
12,3,0,53,all40,120,40,30,10,0.1,W2-KMedoids-R,same-objective one-swap refinement,12,9,3,3,4,49,65,S_WPB_L56_DOC0.5_WOC1.0_N2700_F270_R2,S_WPB_L56_DOC0.5_WOC1.0_N2700_F270,2,0,0.03333333333333333,0.06306051071180406
12,3,0,53,all40,120,40,30,10,0.1,W2-KMedoids-R,same-objective one-swap refinement,12,9,3,3,5,54,74,S_WPB_L56_DOC0.5_WOC2.0_N2700_F270_R3,S_WPB_L56_DOC0.5_WOC2.0_N2700_F270,3,0,0.13333333333333333,0.09204419588681119
12,3,0,53,all40,120,40,30,10,0.1,W2-KMedoids-R,same-objective one-swap refinement,12,9,3,3,6,60,80,S_WPB_L56_DOC1.0_WOC1.0_N2700_F270_R1,S_WPB_L56_DOC1.0_WOC1.0_N2700_F270,1,0,0.14166666666666666,0.1381183171534908
12,3,0,53,all40,120,40,30,10,0.1,W2-KMedoids-R,same-objective one-swap refinement,12,9,3,3,7,72,100,S_WPB_L56_DOC1.5_WOC1.0_N3600_F360_R1,S_WPB_L56_DOC1.5_WOC1.0_N3600_F360,1,0,0.008333333333333333,0.05486716997942078
12,3,0,53,all40,120,40,30,10,0.1,W2-KMedoids-R,same-objective one-swap refinement,12,9,3,3,8,75,103,S_WPB_L56_DOC1.5_WOC1.0_N3600_F360_R4,S_WPB_L56_DOC1.5_WOC1.0_N3600_F360,4,0,0.016666666666666666,0.0708860117260768
12,3,0,53,all40,120,40,30,10,0.1,W2-KMedoids-R,same-objective one-swap refinement,12,9,3,3,9,88,116,U_WPA_L36_DOC3.0_WOC1.0_N3600_F360_R1,U_WPA_L36_DOC3.0_WOC1.0_N3600_F360,1,1,0.008333333333333333,0.05487287606358166
12,3,0,53,all40,120,40,30,10,0.1,W2-KMedoids-R,same-objective one-swap refinement,12,9,3,3,10,89,117,U_WPA_L36_DOC3.0_WOC1.0_N3600_F360_R2,U_WPA_L36_DOC3.0_WOC1.0_N3600_F360,2,1,0.008333333333333333,0.054867075979311904
12,3,0,53,all40,120,40,30,10,0.1,W2-KMedoids-R,same-objective one-swap refinement,12,9,3,3,11,91,119,U_WPA_L36_DOC3.0_WOC1.0_N3600_F360_R4,U_WPA_L36_DOC3.0_WOC1.0_N3600_F360,4,1,0.09166666666666666,0.07866658611472047
12,3,0,53,all40,120,40,30,10,0.1,W2-KMedoids-R,same-objective one-swap refinement,12,9,3,3,12,106,146,U_WPB_L56_DOC3.0_WOC1.0_N3600_F360_R3,U_WPB_L56_DOC3.0_WOC1.0_N3600_F360,3,1,0.16666666666666666,0.11689692495439956
12,3,0,53,all40,120,40,30,10,0.1,MRDS projected,initializer,12,9,3,3,1,90,118,U_WPA_L36_DOC3.0_WOC1.0_N3600_F360_R3,U_WPA_L36_DOC3.0_WOC1.0_N3600_F360,3,1,0.1,0.08718066609108133
12,3,0,53,all40,120,40,30,10,0.1,MRDS projected,initializer,12,9,3,3,2,72,100,S_WPB_L56_DOC1.5_WOC1.0_N3600_F360_R1,S_WPB_L56_DOC1.5_WOC1.0_N3600_F360,1,0,0.008333333333333333,0.06140807164807054
12,3,0,53,all40,120,40,30,10,0.1,MRDS projected,initializer,12,9,3,3,3,29,41,S_WPA_L36_DOC2.0_WOC1.0_N1800_F180_R2,S_WPA_L36_DOC2.0_WOC1.0_N1800_F180,2,0,0.008333333333333333,0.06140807164807054
12,3,0,53,all40,120,40,30,10,0.1,MRDS projected,initializer,12,9,3,3,4,88,116,U_WPA_L36_DOC3.0_WOC1.0_N3600_F360_R1,U_WPA_L36_DOC3.0_WOC1.0_N3600_F360,1,1,0.008333333333333333,0.06140241913160269
12,3,0,53,all40,120,40,30,10,0.1,MRDS projected,initializer,12,9,3,3,5,89,117,U_WPA_L36_DOC3.0_WOC1.0_N3600_F360_R2,U_WPA_L36_DOC3.0_WOC1.0_N3600_F360,2,1,0.008333333333333333,0.0614065468457716
12,3,0,53,all40,120,40,30,10,0.1,MRDS projected,initializer,12,9,3,3,6,68,96,S_WPB_L56_DOC1.5_WOC1.0_N2700_F270_R1,S_WPB_L56_DOC1.5_WOC1.0_N2700_F270,1,0,0.008333333333333333,0.06175931753294496
12,3,0,53,all40,120,40,30,10,0.1,MRDS projected,initializer,12,9,3,3,7,51,67,S_WPB_L56_DOC0.5_WOC1.0_N2700_F270_R4,S_WPB_L56_DOC0.5_WOC1.0_N2700_F270,4,0,0.03333333333333333,0.05985073488494801
12,3,0,53,all40,120,40,30,10,0.1,MRDS projected,initializer,12,9,3,3,8,15,19,S_WPA_L36_DOC1.0_WOC1.0_N2700_F270_R4,S_WPA_L36_DOC1.0_WOC1.0_N2700_F270,4,0,0.15,0.11473936349505524
12,3,0,53,all40,120,40,30,10,0.1,MRDS projected,initializer,12,9,3,3,9,112,152,U_WPB_L56_DOC4.0_WOC2.0_N2700_F270_R1,U_WPB_L56_DOC4.0_WOC2.0_N2700_F270,1,1,0.016666666666666666,0.06592176456142171
12,3,0,53,all40,120,40,30,10,0.1,MRDS projected,initializer,12,9,3,3,10,55,75,S_WPB_L56_DOC0.5_WOC2.0_N2700_F270_R4,S_WPB_L56_DOC0.5_WOC2.0_N2700_F270,4,0,0.275,0.1460163726967903
12,3,0,53,all40,120,40,30,10,0.1,MRDS projected,initializer,12,9,3,3,11,110,150,U_WPB_L56_DOC4.0_WOC1.0_N2700_F270_R3,U_WPB_L56_DOC4.0_WOC1.0_N2700_F270,3,1,0.058333333333333334,0.07820216877983292
12,3,0,53,all40,120,40,30,10,0.1,MRDS projected,initializer,12,9,3,3,12,31,43,S_WPA_L36_DOC2.0_WOC1.0_N1800_F180_R4,S_WPA_L36_DOC2.0_WOC1.0_N1800_F180,4,0,0.325,0.14070450268441007
12,3,0,53,all40,120,40,30,10,0.1,MRDS-IS-R (proposed),same-objective one-swap refinement,12,9,3,3,1,15,19,S_WPA_L36_DOC1.0_WOC1.0_N2700_F270_R4,S_WPA_L36_DOC1.0_WOC1.0_N2700_F270,4,0,0.15,0.12676371134727657
12,3,0,53,all40,120,40,30,10,0.1,MRDS-IS-R (proposed),same-objective one-swap refinement,12,9,3,3,2,29,41,S_WPA_L36_DOC2.0_WOC1.0_N1800_F180_R2,S_WPA_L36_DOC2.0_WOC1.0_N1800_F180,2,0,0.008333333333333333,0.04932989505975775
12,3,0,53,all40,120,40,30,10,0.1,MRDS-IS-R (proposed),same-objective one-swap refinement,12,9,3,3,3,31,43,S_WPA_L36_DOC2.0_WOC1.0_N1800_F180_R4,S_WPA_L36_DOC2.0_WOC1.0_N1800_F180,4,0,0.2916666666666667,0.163875033952779
12,3,0,53,all40,120,40,30,10,0.1,MRDS-IS-R (proposed),same-objective one-swap refinement,12,9,3,3,4,51,67,S_WPB_L56_DOC0.5_WOC1.0_N2700_F270_R4,S_WPB_L56_DOC0.5_WOC1.0_N2700_F270,4,0,0.03333333333333333,0.05017239270058013
12,3,0,53,all40,120,40,30,10,0.1,MRDS-IS-R (proposed),same-objective one-swap refinement,12,9,3,3,5,55,75,S_WPB_L56_DOC0.5_WOC2.0_N2700_F270_R4,S_WPB_L56_DOC0.5_WOC2.0_N2700_F270,4,0,0.15,0.17027009392220904
12,3,0,53,all40,120,40,30,10,0.1,MRDS-IS-R (proposed),same-objective one-swap refinement,12,9,3,3,6,72,100,S_WPB_L56_DOC1.5_WOC1.0_N3600_F360_R1,S_WPB_L56_DOC1.5_WOC1.0_N3600_F360,1,0,0.008333333333333333,0.04932989505975775
12,3,0,53,all40,120,40,30,10,0.1,MRDS-IS-R (proposed),same-objective one-swap refinement,12,9,3,3,7,88,116,U_WPA_L36_DOC3.0_WOC1.0_N3600_F360_R1,U_WPA_L36_DOC3.0_WOC1.0_N3600_F360,1,1,0.008333333333333333,0.049361488908310026
12,3,0,53,all40,120,40,30,10,0.1,MRDS-IS-R (proposed),same-objective one-swap refinement,12,9,3,3,8,89,117,U_WPA_L36_DOC3.0_WOC1.0_N3600_F360_R2,U_WPA_L36_DOC3.0_WOC1.0_N3600_F360,2,1,0.008333333333333333,0.049328707975545574
12,3,0,53,all40,120,40,30,10,0.1,MRDS-IS-R (proposed),same-objective one-swap refinement,12,9,3,3,9,90,118,U_WPA_L36_DOC3.0_WOC1.0_N3600_F360_R3,U_WPA_L36_DOC3.0_WOC1.0_N3600_F360,3,1,0.08333333333333333,0.0865509267027745
12,3,0,53,all40,120,40,30,10,0.1,MRDS-IS-R (proposed),same-objective one-swap refinement,12,9,3,3,10,103,135,U_WPB_L56_DOC2.0_WOC1.0_N3600_F360_R4,U_WPB_L56_DOC2.0_WOC1.0_N3600_F360,4,1,0.225,0.07299159120001333
12,3,0,53,all40,120,40,30,10,0.1,MRDS-IS-R (proposed),same-objective one-swap refinement,12,9,3,3,11,110,150,U_WPB_L56_DOC4.0_WOC1.0_N2700_F270_R3,U_WPB_L56_DOC4.0_WOC1.0_N2700_F270,3,1,0.016666666666666666,0.07424870952841466
12,3,0,53,all40,120,40,30,10,0.1,MRDS-IS-R (proposed),same-objective one-swap refinement,12,9,3,3,12,112,152,U_WPB_L56_DOC4.0_WOC2.0_N2700_F270_R1,U_WPB_L56_DOC4.0_WOC2.0_N2700_F270,1,1,0.016666666666666666,0.05777755364258162
12,3,0,53,all40,120,40,30,10,0.1,Best-of-starts-R (diagnostic only),diagnostic oracle over supplied starts; winner=W2-KMedoids,12,9,3,3,1,7,7,S_WPA_L36_DOC0.5_WOC1.0_N3600_F360_R4,S_WPA_L36_DOC0.5_WOC1.0_N3600_F360,4,0,0.23333333333333334,0.10312448201435831
12,3,0,53,all40,120,40,30,10,0.1,Best-of-starts-R (diagnostic only),diagnostic oracle over supplied starts; winner=W2-KMedoids,12,9,3,3,2,26,38,S_WPA_L36_DOC1.5_WOC2.0_N2700_F270_R3,S_WPA_L36_DOC1.5_WOC2.0_N2700_F270,3,0,0.15,0.11772867943660366
12,3,0,53,all40,120,40,30,10,0.1,Best-of-starts-R (diagnostic only),diagnostic oracle over supplied starts; winner=W2-KMedoids,12,9,3,3,3,29,41,S_WPA_L36_DOC2.0_WOC1.0_N1800_F180_R2,S_WPA_L36_DOC2.0_WOC1.0_N1800_F180,2,0,0.008333333333333333,0.05486716997942075
12,3,0,53,all40,120,40,30,10,0.1,Best-of-starts-R (diagnostic only),diagnostic oracle over supplied starts; winner=W2-KMedoids,12,9,3,3,4,49,65,S_WPB_L56_DOC0.5_WOC1.0_N2700_F270_R2,S_WPB_L56_DOC0.5_WOC1.0_N2700_F270,2,0,0.03333333333333333,0.06306051071180406
12,3,0,53,all40,120,40,30,10,0.1,Best-of-starts-R (diagnostic only),diagnostic oracle over supplied starts; winner=W2-KMedoids,12,9,3,3,5,54,74,S_WPB_L56_DOC0.5_WOC2.0_N2700_F270_R3,S_WPB_L56_DOC0.5_WOC2.0_N2700_F270,3,0,0.13333333333333333,0.09204419588681119
12,3,0,53,all40,120,40,30,10,0.1,Best-of-starts-R (diagnostic only),diagnostic oracle over supplied starts; winner=W2-KMedoids,12,9,3,3,6,60,80,S_WPB_L56_DOC1.0_WOC1.0_N2700_F270_R1,S_WPB_L56_DOC1.0_WOC1.0_N2700_F270,1,0,0.14166666666666666,0.1381183171534908
12,3,0,53,all40,120,40,30,10,0.1,Best-of-starts-R (diagnostic only),diagnostic oracle over supplied starts; winner=W2-KMedoids,12,9,3,3,7,72,100,S_WPB_L56_DOC1.5_WOC1.0_N3600_F360_R1,S_WPB_L56_DOC1.5_WOC1.0_N3600_F360,1,0,0.008333333333333333,0.05486716997942078
12,3,0,53,all40,120,40,30,10,0.1,Best-of-starts-R (diagnostic only),diagnostic oracle over supplied starts; winner=W2-KMedoids,12,9,3,3,8,75,103,S_WPB_L56_DOC1.5_WOC1.0_N3600_F360_R4,S_WPB_L56_DOC1.5_WOC1.0_N3600_F360,4,0,0.016666666666666666,0.0708860117260768
12,3,0,53,all40,120,40,30,10,0.1,Best-of-starts-R (diagnostic only),diagnostic oracle over supplied starts; winner=W2-KMedoids,12,9,3,3,9,88,116,U_WPA_L36_DOC3.0_WOC1.0_N3600_F360_R1,U_WPA_L36_DOC3.0_WOC1.0_N3600_F360,1,1,0.008333333333333333,0.05487287606358166
12,3,0,53,all40,120,40,30,10,0.1,Best-of-starts-R (diagnostic only),diagnostic oracle over supplied starts; winner=W2-KMedoids,12,9,3,3,10,89,117,U_WPA_L36_DOC3.0_WOC1.0_N3600_F360_R2,U_WPA_L36_DOC3.0_WOC1.0_N3600_F360,2,1,0.008333333333333333,0.054867075979311904
12,3,0,53,all40,120,40,30,10,0.1,Best-of-starts-R (diagnostic only),diagnostic oracle over supplied starts; winner=W2-KMedoids,12,9,3,3,11,91,119,U_WPA_L36_DOC3.0_WOC1.0_N3600_F360_R4,U_WPA_L36_DOC3.0_WOC1.0_N3600_F360,4,1,0.09166666666666666,0.07866658611472047
12,3,0,53,all40,120,40,30,10,0.1,Best-of-starts-R (diagnostic only),diagnostic oracle over supplied starts; winner=W2-KMedoids,12,9,3,3,12,106,146,U_WPB_L56_DOC3.0_WOC1.0_N3600_F360_R3,U_WPB_L56_DOC3.0_WOC1.0_N3600_F360,3,1,0.16666666666666666,0.11689692495439956
13,3,1,53,all40,120,40,30,10,0.1,Random,initializer,12,10,2,2,1,1,1,S_WPA_L36_DOC0.5_WOC1.0_N2700_F270_R2,S_WPA_L36_DOC0.5_WOC1.0_N2700_F270,2,0,0.05,4.310297058936789e-06
13,3,1,53,all40,120,40,30,10,0.1,Random,initializer,12,10,2,2,2,12,20,S_WPA_L36_DOC1.0_WOC1.0_N3600_F360_R1,S_WPA_L36_DOC1.0_WOC1.0_N3600_F360,1,0,0.008333333333333333,0.012914075466418682
13,3,1,53,all40,120,40,30,10,0.1,Random,initializer,12,10,2,2,3,15,23,S_WPA_L36_DOC1.0_WOC1.0_N3600_F360_R4,S_WPA_L36_DOC1.0_WOC1.0_N3600_F360,4,0,0.24166666666666667,3.96761280665996e-07
13,3,1,53,all40,120,40,30,10,0.1,Random,initializer,12,10,2,2,4,37,61,S_WPB_L56_DOC0.5_WOC1.0_N1800_F180_R2,S_WPB_L56_DOC0.5_WOC1.0_N1800_F180,2,0,0.10833333333333334,1.0708456524717014e-06
13,3,1,53,all40,120,40,30,10,0.1,Random,initializer,12,10,2,2,5,42,66,S_WPB_L56_DOC0.5_WOC1.0_N2700_F270_R3,S_WPB_L56_DOC0.5_WOC1.0_N2700_F270,3,0,0.03333333333333333,0.07752092458415494
13,3,1,53,all40,120,40,30,10,0.1,Random,initializer,12,10,2,2,6,59,83,S_WPB_L56_DOC1.0_WOC1.0_N2700_F270_R4,S_WPB_L56_DOC1.0_WOC1.0_N2700_F270,4,0,0.06666666666666667,3.477648478372193e-05
13,3,1,53,all40,120,40,30,10,0.1,Random,initializer,12,10,2,2,7,75,99,S_WPB_L56_DOC1.5_WOC1.0_N2700_F270_R4,S_WPB_L56_DOC1.5_WOC1.0_N2700_F270,4,0,0.025,1.9322312772638675e-06
13,3,1,53,all40,120,40,30,10,0.1,Random,initializer,12,10,2,2,8,79,107,S_WPB_L56_DOC1.5_WOC2.0_N2700_F270_R4,S_WPB_L56_DOC1.5_WOC2.0_N2700_F270,4,0,0.125,1.926866129674101e-06
13,3,1,53,all40,120,40,30,10,0.1,Random,initializer,12,10,2,2,9,80,108,U_WPA_L36_DOC2.0_WOC1.0_N3600_F360_R1,U_WPA_L36_DOC2.0_WOC1.0_N3600_F360,1,1,0.008333333333333333,0.6062205332816445
13,3,1,53,all40,120,40,30,10,0.1,Random,initializer,12,10,2,2,10,82,110,U_WPA_L36_DOC2.0_WOC1.0_N3600_F360_R3,U_WPA_L36_DOC2.0_WOC1.0_N3600_F360,3,1,0.075,0.3032925958068013
13,3,1,53,all40,120,40,30,10,0.1,Random,initializer,12,10,2,2,11,91,123,U_WPA_L36_DOC4.0_WOC2.0_N2700_F270_R4,U_WPA_L36_DOC4.0_WOC2.0_N2700_F270,4,1,0.08333333333333333,1.8948212075109673e-06
13,3,1,53,all40,120,40,30,10,0.1,Random,initializer,12,10,2,2,12,108,144,U_WPB_L56_DOC3.0_WOC1.0_N3600_F360_R1,U_WPB_L56_DOC3.0_WOC1.0_N3600_F360,1,1,0.175,5.5625535903401e-06
13,3,1,53,all40,120,40,30,10,0.1,Random-R,same-objective one-swap refinement,12,11,1,2,1,1,1,S_WPA_L36_DOC0.5_WOC1.0_N2700_F270_R2,S_WPA_L36_DOC0.5_WOC1.0_N2700_F270,2,0,0.05,8.134325206114521e-05
13,3,1,53,all40,120,40,30,10,0.1,Random-R,same-objective one-swap refinement,12,11,1,2,2,12,20,S_WPA_L36_DOC1.0_WOC1.0_N3600_F360_R1,S_WPA_L36_DOC1.0_WOC1.0_N3600_F360,1,0,0.008333333333333333,0.0912285905552172
13,3,1,53,all40,120,40,30,10,0.1,Random-R,same-objective one-swap refinement,12,11,1,2,3,15,23,S_WPA_L36_DOC1.0_WOC1.0_N3600_F360_R4,S_WPA_L36_DOC1.0_WOC1.0_N3600_F360,4,0,0.24166666666666667,6.9876461202005065e-06
13,3,1,53,all40,120,40,30,10,0.1,Random-R,same-objective one-swap refinement,12,11,1,2,4,37,61,S_WPB_L56_DOC0.5_WOC1.0_N1800_F180_R2,S_WPB_L56_DOC0.5_WOC1.0_N1800_F180,2,0,0.10833333333333334,1.697795864093736e-05
13,3,1,53,all40,120,40,30,10,0.1,Random-R,same-objective one-swap refinement,12,11,1,2,5,42,66,S_WPB_L56_DOC0.5_WOC1.0_N2700_F270_R3,S_WPB_L56_DOC0.5_WOC1.0_N2700_F270,3,0,0.03333333333333333,0.09451875031458264
13,3,1,53,all40,120,40,30,10,0.1,Random-R,same-objective one-swap refinement,12,11,1,2,6,59,83,S_WPB_L56_DOC1.0_WOC1.0_N2700_F270_R4,S_WPB_L56_DOC1.0_WOC1.0_N2700_F270,4,0,0.06666666666666667,0.001107468531153597
13,3,1,53,all40,120,40,30,10,0.1,Random-R,same-objective one-swap refinement,12,11,1,2,7,65,89,S_WPB_L56_DOC1.0_WOC2.0_N2700_F270_R2,S_WPB_L56_DOC1.0_WOC2.0_N2700_F270,2,0,0.008333333333333333,0.350267165863011
13,3,1,53,all40,120,40,30,10,0.1,Random-R,same-objective one-swap refinement,12,11,1,2,8,75,99,S_WPB_L56_DOC1.5_WOC1.0_N2700_F270_R4,S_WPB_L56_DOC1.5_WOC1.0_N2700_F270,4,0,0.025,6.697285703506422e-05
13,3,1,53,all40,120,40,30,10,0.1,Random-R,same-objective one-swap refinement,12,11,1,2,9,79,107,S_WPB_L56_DOC1.5_WOC2.0_N2700_F270_R4,S_WPB_L56_DOC1.5_WOC2.0_N2700_F270,4,0,0.11666666666666667,8.007015498684249e-05
13,3,1,53,all40,120,40,30,10,0.1,Random-R,same-objective one-swap refinement,12,11,1,2,10,82,110,U_WPA_L36_DOC2.0_WOC1.0_N3600_F360_R3,U_WPA_L36_DOC2.0_WOC1.0_N3600_F360,3,1,0.08333333333333333,0.46260170882757645
13,3,1,53,all40,120,40,30,10,0.1,Random-R,same-objective one-swap refinement,12,11,1,2,11,91,123,U_WPA_L36_DOC4.0_WOC2.0_N2700_F270_R4,U_WPA_L36_DOC4.0_WOC2.0_N2700_F270,4,1,0.08333333333333333,9.857447745242216e-06
13,3,1,53,all40,120,40,30,10,0.1,Random-R,same-objective one-swap refinement,12,11,1,2,12,108,144,U_WPB_L56_DOC3.0_WOC1.0_N3600_F360_R1,U_WPB_L56_DOC3.0_WOC1.0_N3600_F360,1,1,0.175,1.4106591869732306e-05
13,3,1,53,all40,120,40,30,10,0.1,FacilityLocation,initializer,12,8,4,3,1,19,27,S_WPA_L36_DOC1.0_WOC2.0_N2700_F270_R4,S_WPA_L36_DOC1.0_WOC2.0_N2700_F270,4,0,0.23333333333333334,0.10547420246923235
13,3,1,53,all40,120,40,30,10,0.1,FacilityLocation,initializer,12,8,4,3,2,110,146,U_WPB_L56_DOC3.0_WOC1.0_N3600_F360_R3,U_WPB_L56_DOC3.0_WOC1.0_N3600_F360,3,1,0.25,0.11517876671791143
13,3,1,53,all40,120,40,30,10,0.1,FacilityLocation,initializer,12,8,4,3,3,67,91,S_WPB_L56_DOC1.0_WOC2.0_N2700_F270_R4,S_WPB_L56_DOC1.0_WOC2.0_N2700_F270,4,0,0.20833333333333334,0.09915876532246137
13,3,1,53,all40,120,40,30,10,0.1,FacilityLocation,initializer,12,8,4,3,4,87,119,U_WPA_L36_DOC3.0_WOC1.0_N3600_F360_R4,U_WPA_L36_DOC3.0_WOC1.0_N3600_F360,4,1,0.06666666666666667,0.06868127550119205
13,3,1,53,all40,120,40,30,10,0.1,FacilityLocation,initializer,12,8,4,3,5,56,80,S_WPB_L56_DOC1.0_WOC1.0_N2700_F270_R1,S_WPB_L56_DOC1.0_WOC1.0_N2700_F270,1,0,0.1,0.11636583577269775
13,3,1,53,all40,120,40,30,10,0.1,FacilityLocation,initializer,12,8,4,3,6,66,90,S_WPB_L56_DOC1.0_WOC2.0_N2700_F270_R3,S_WPB_L56_DOC1.0_WOC2.0_N2700_F270,3,0,0.016666666666666666,0.06251182464167028
13,3,1,53,all40,120,40,30,10,0.1,FacilityLocation,initializer,12,8,4,3,7,40,64,S_WPB_L56_DOC0.5_WOC1.0_N2700_F270_R1,S_WPB_L56_DOC0.5_WOC1.0_N2700_F270,1,0,0.03333333333333333,0.08121459200403928
13,3,1,53,all40,120,40,30,10,0.1,FacilityLocation,initializer,12,8,4,3,8,65,89,S_WPB_L56_DOC1.0_WOC2.0_N2700_F270_R2,S_WPB_L56_DOC1.0_WOC2.0_N2700_F270,2,0,0.008333333333333333,0.06610463419565951
13,3,1,53,all40,120,40,30,10,0.1,FacilityLocation,initializer,12,8,4,3,9,85,117,U_WPA_L36_DOC3.0_WOC1.0_N3600_F360_R2,U_WPA_L36_DOC3.0_WOC1.0_N3600_F360,2,1,0.008333333333333333,0.06599154584204454
13,3,1,53,all40,120,40,30,10,0.1,FacilityLocation,initializer,12,8,4,3,10,84,116,U_WPA_L36_DOC3.0_WOC1.0_N3600_F360_R1,U_WPA_L36_DOC3.0_WOC1.0_N3600_F360,1,1,0.008333333333333333,0.06543875364958505
13,3,1,53,all40,120,40,30,10,0.1,FacilityLocation,initializer,12,8,4,3,11,72,96,S_WPB_L56_DOC1.5_WOC1.0_N2700_F270_R1,S_WPB_L56_DOC1.5_WOC1.0_N2700_F270,1,0,0.008333333333333333,0.06719549012963334
13,3,1,53,all40,120,40,30,10,0.1,FacilityLocation,initializer,12,8,4,3,12,22,30,S_WPA_L36_DOC1.5_WOC1.0_N1800_F180_R3,S_WPA_L36_DOC1.5_WOC1.0_N1800_F180,3,0,0.058333333333333334,0.08668431375387309
13,3,1,53,all40,120,40,30,10,0.1,FacilityLocation-R,same-objective one-swap refinement,12,8,4,3,1,19,27,S_WPA_L36_DOC1.0_WOC2.0_N2700_F270_R4,S_WPA_L36_DOC1.0_WOC2.0_N2700_F270,4,0,0.23333333333333334,0.116694720161616
13,3,1,53,all40,120,40,30,10,0.1,FacilityLocation-R,same-objective one-swap refinement,12,8,4,3,2,22,30,S_WPA_L36_DOC1.5_WOC1.0_N1800_F180_R3,S_WPA_L36_DOC1.5_WOC1.0_N1800_F180,3,0,0.058333333333333334,0.09024066532073843
13,3,1,53,all40,120,40,30,10,0.1,FacilityLocation-R,same-objective one-swap refinement,12,8,4,3,3,40,64,S_WPB_L56_DOC0.5_WOC1.0_N2700_F270_R1,S_WPB_L56_DOC0.5_WOC1.0_N2700_F270,1,0,0.03333333333333333,0.08594607185404443
13,3,1,53,all40,120,40,30,10,0.1,FacilityLocation-R,same-objective one-swap refinement,12,8,4,3,4,56,80,S_WPB_L56_DOC1.0_WOC1.0_N2700_F270_R1,S_WPB_L56_DOC1.0_WOC1.0_N2700_F270,1,0,0.1,0.12967703123317229
13,3,1,53,all40,120,40,30,10,0.1,FacilityLocation-R,same-objective one-swap refinement,12,8,4,3,5,65,89,S_WPB_L56_DOC1.0_WOC2.0_N2700_F270_R2,S_WPB_L56_DOC1.0_WOC2.0_N2700_F270,2,0,0.008333333333333333,0.054931294598008475
13,3,1,53,all40,120,40,30,10,0.1,FacilityLocation-R,same-objective one-swap refinement,12,8,4,3,6,66,90,S_WPB_L56_DOC1.0_WOC2.0_N2700_F270_R3,S_WPB_L56_DOC1.0_WOC2.0_N2700_F270,3,0,0.016666666666666666,0.05070682115062265
13,3,1,53,all40,120,40,30,10,0.1,FacilityLocation-R,same-objective one-swap refinement,12,8,4,3,7,67,91,S_WPB_L56_DOC1.0_WOC2.0_N2700_F270_R4,S_WPB_L56_DOC1.0_WOC2.0_N2700_F270,4,0,0.20833333333333334,0.11200988085033545
13,3,1,53,all40,120,40,30,10,0.1,FacilityLocation-R,same-objective one-swap refinement,12,8,4,3,8,84,116,U_WPA_L36_DOC3.0_WOC1.0_N3600_F360_R1,U_WPA_L36_DOC3.0_WOC1.0_N3600_F360,1,1,0.008333333333333333,0.05408848196575055
13,3,1,53,all40,120,40,30,10,0.1,FacilityLocation-R,same-objective one-swap refinement,12,8,4,3,9,85,117,U_WPA_L36_DOC3.0_WOC1.0_N3600_F360_R2,U_WPA_L36_DOC3.0_WOC1.0_N3600_F360,2,1,0.008333333333333333,0.054816558506914775
13,3,1,53,all40,120,40,30,10,0.1,FacilityLocation-R,same-objective one-swap refinement,12,8,4,3,10,87,119,U_WPA_L36_DOC3.0_WOC1.0_N3600_F360_R4,U_WPA_L36_DOC3.0_WOC1.0_N3600_F360,4,1,0.06666666666666667,0.06136460215837315
13,3,1,53,all40,120,40,30,10,0.1,FacilityLocation-R,same-objective one-swap refinement,12,8,4,3,11,103,139,U_WPB_L56_DOC2.0_WOC2.0_N2700_F270_R4,U_WPB_L56_DOC2.0_WOC2.0_N2700_F270,4,1,0.125,0.07130255038933739
13,3,1,53,all40,120,40,30,10,0.1,FacilityLocation-R,same-objective one-swap refinement,12,8,4,3,12,110,146,U_WPB_L56_DOC3.0_WOC1.0_N3600_F360_R3,U_WPB_L56_DOC3.0_WOC1.0_N3600_F360,3,1,0.13333333333333333,0.11822132181108651
13,3,1,53,all40,120,40,30,10,0.1,W2-KMedoids,initializer,12,10,2,2,1,15,23,S_WPA_L36_DOC1.0_WOC1.0_N3600_F360_R4,S_WPA_L36_DOC1.0_WOC1.0_N3600_F360,4,0,0.225,0.10067577225416868
13,3,1,53,all40,120,40,30,10,0.1,W2-KMedoids,initializer,12,10,2,2,2,23,31,S_WPA_L36_DOC1.5_WOC1.0_N1800_F180_R4,S_WPA_L36_DOC1.5_WOC1.0_N1800_F180,4,0,0.06666666666666667,0.08623010807793077
13,3,1,53,all40,120,40,30,10,0.1,W2-KMedoids,initializer,12,10,2,2,3,40,64,S_WPB_L56_DOC0.5_WOC1.0_N2700_F270_R1,S_WPB_L56_DOC0.5_WOC1.0_N2700_F270,1,0,0.03333333333333333,0.0783243187395395
13,3,1,53,all40,120,40,30,10,0.1,W2-KMedoids,initializer,12,10,2,2,4,50,74,S_WPB_L56_DOC0.5_WOC2.0_N2700_F270_R3,S_WPB_L56_DOC0.5_WOC2.0_N2700_F270,3,0,0.20833333333333334,0.0967856541801316
13,3,1,53,all40,120,40,30,10,0.1,W2-KMedoids,initializer,12,10,2,2,5,58,82,S_WPB_L56_DOC1.0_WOC1.0_N2700_F270_R3,S_WPB_L56_DOC1.0_WOC1.0_N2700_F270,3,0,0.1,0.10681339186352731
13,3,1,53,all40,120,40,30,10,0.1,W2-KMedoids,initializer,12,10,2,2,6,65,89,S_WPB_L56_DOC1.0_WOC2.0_N2700_F270_R2,S_WPB_L56_DOC1.0_WOC2.0_N2700_F270,2,0,0.008333333333333333,0.06580821912916252
13,3,1,53,all40,120,40,30,10,0.1,W2-KMedoids,initializer,12,10,2,2,7,66,90,S_WPB_L56_DOC1.0_WOC2.0_N2700_F270_R3,S_WPB_L56_DOC1.0_WOC2.0_N2700_F270,3,0,0.016666666666666666,0.062150307661661824
13,3,1,53,all40,120,40,30,10,0.1,W2-KMedoids,initializer,12,10,2,2,8,72,96,S_WPB_L56_DOC1.5_WOC1.0_N2700_F270_R1,S_WPB_L56_DOC1.5_WOC1.0_N2700_F270,1,0,0.008333333333333333,0.06665751150629876
13,3,1,53,all40,120,40,30,10,0.1,W2-KMedoids,initializer,12,10,2,2,9,82,110,U_WPA_L36_DOC2.0_WOC1.0_N3600_F360_R3,U_WPA_L36_DOC2.0_WOC1.0_N3600_F360,3,1,0.058333333333333334,0.07334974971497027
13,3,1,53,all40,120,40,30,10,0.1,W2-KMedoids,initializer,12,10,2,2,10,84,116,U_WPA_L36_DOC3.0_WOC1.0_N3600_F360_R1,U_WPA_L36_DOC3.0_WOC1.0_N3600_F360,1,1,0.008333333333333333,0.06513161179747803
13,3,1,53,all40,120,40,30,10,0.1,W2-KMedoids,initializer,12,10,2,2,11,85,117,U_WPA_L36_DOC3.0_WOC1.0_N3600_F360_R2,U_WPA_L36_DOC3.0_WOC1.0_N3600_F360,2,1,0.008333333333333333,0.06572466946040252
13,3,1,53,all40,120,40,30,10,0.1,W2-KMedoids,initializer,12,10,2,2,12,101,137,U_WPB_L56_DOC2.0_WOC2.0_N2700_F270_R2,U_WPB_L56_DOC2.0_WOC2.0_N2700_F270,2,1,0.25833333333333336,0.13234868561472823
13,3,1,53,all40,120,40,30,10,0.1,W2-KMedoids-R,same-objective one-swap refinement,12,10,2,2,1,15,23,S_WPA_L36_DOC1.0_WOC1.0_N3600_F360_R4,S_WPA_L36_DOC1.0_WOC1.0_N3600_F360,4,0,0.23333333333333334,0.11103778261013668
13,3,1,53,all40,120,40,30,10,0.1,W2-KMedoids-R,same-objective one-swap refinement,12,10,2,2,2,23,31,S_WPA_L36_DOC1.5_WOC1.0_N1800_F180_R4,S_WPA_L36_DOC1.5_WOC1.0_N1800_F180,4,0,0.06666666666666667,0.0896218140057872
13,3,1,53,all40,120,40,30,10,0.1,W2-KMedoids-R,same-objective one-swap refinement,12,10,2,2,3,40,64,S_WPB_L56_DOC0.5_WOC1.0_N2700_F270_R1,S_WPB_L56_DOC0.5_WOC1.0_N2700_F270,1,0,0.03333333333333333,0.08200742548216182
13,3,1,53,all40,120,40,30,10,0.1,W2-KMedoids-R,same-objective one-swap refinement,12,10,2,2,4,50,74,S_WPB_L56_DOC0.5_WOC2.0_N2700_F270_R3,S_WPB_L56_DOC0.5_WOC2.0_N2700_F270,3,0,0.20833333333333334,0.10753287964235064
13,3,1,53,all40,120,40,30,10,0.1,W2-KMedoids-R,same-objective one-swap refinement,12,10,2,2,5,58,82,S_WPB_L56_DOC1.0_WOC1.0_N2700_F270_R3,S_WPB_L56_DOC1.0_WOC1.0_N2700_F270,3,0,0.1,0.1153537060012867
13,3,1,53,all40,120,40,30,10,0.1,W2-KMedoids-R,same-objective one-swap refinement,12,10,2,2,6,65,89,S_WPB_L56_DOC1.0_WOC2.0_N2700_F270_R2,S_WPB_L56_DOC1.0_WOC2.0_N2700_F270,2,0,0.008333333333333333,0.05458521045077922
13,3,1,53,all40,120,40,30,10,0.1,W2-KMedoids-R,same-objective one-swap refinement,12,10,2,2,7,66,90,S_WPB_L56_DOC1.0_WOC2.0_N2700_F270_R3,S_WPB_L56_DOC1.0_WOC2.0_N2700_F270,3,0,0.016666666666666666,0.050295319717929936
13,3,1,53,all40,120,40,30,10,0.1,W2-KMedoids-R,same-objective one-swap refinement,12,10,2,2,8,82,110,U_WPA_L36_DOC2.0_WOC1.0_N3600_F360_R3,U_WPA_L36_DOC2.0_WOC1.0_N3600_F360,3,1,0.058333333333333334,0.0666348728723374
13,3,1,53,all40,120,40,30,10,0.1,W2-KMedoids-R,same-objective one-swap refinement,12,10,2,2,9,84,116,U_WPA_L36_DOC3.0_WOC1.0_N3600_F360_R1,U_WPA_L36_DOC3.0_WOC1.0_N3600_F360,1,1,0.008333333333333333,0.05373112158684901
13,3,1,53,all40,120,40,30,10,0.1,W2-KMedoids-R,same-objective one-swap refinement,12,10,2,2,10,85,117,U_WPA_L36_DOC3.0_WOC1.0_N3600_F360_R2,U_WPA_L36_DOC3.0_WOC1.0_N3600_F360,2,1,0.008333333333333333,0.05450077931225955
13,3,1,53,all40,120,40,30,10,0.1,W2-KMedoids-R,same-objective one-swap refinement,12,10,2,2,11,94,130,U_WPB_L56_DOC2.0_WOC1.0_N2700_F270_R3,U_WPB_L56_DOC2.0_WOC1.0_N2700_F270,3,1,0.125,0.07186783915919515
13,3,1,53,all40,120,40,30,10,0.1,W2-KMedoids-R,same-objective one-swap refinement,12,10,2,2,12,101,137,U_WPB_L56_DOC2.0_WOC2.0_N2700_F270_R2,U_WPB_L56_DOC2.0_WOC2.0_N2700_F270,2,1,0.13333333333333333,0.14283124915892667
13,3,1,53,all40,120,40,30,10,0.1,MRDS projected,initializer,12,10,2,2,1,91,123,U_WPA_L36_DOC4.0_WOC2.0_N2700_F270_R4,U_WPA_L36_DOC4.0_WOC2.0_N2700_F270,4,1,0.275,0.13248402422405628
13,3,1,53,all40,120,40,30,10,0.1,MRDS projected,initializer,12,10,2,2,2,65,89,S_WPB_L56_DOC1.0_WOC2.0_N2700_F270_R2,S_WPB_L56_DOC1.0_WOC2.0_N2700_F270,2,0,0.008333333333333333,0.06148570296715897
13,3,1,53,all40,120,40,30,10,0.1,MRDS projected,initializer,12,10,2,2,3,84,116,U_WPA_L36_DOC3.0_WOC1.0_N3600_F360_R1,U_WPA_L36_DOC3.0_WOC1.0_N3600_F360,1,1,0.008333333333333333,0.06063256474028107
13,3,1,53,all40,120,40,30,10,0.1,MRDS projected,initializer,12,10,2,2,4,85,117,U_WPA_L36_DOC3.0_WOC1.0_N3600_F360_R2,U_WPA_L36_DOC3.0_WOC1.0_N3600_F360,2,1,0.008333333333333333,0.06143013154804909
13,3,1,53,all40,120,40,30,10,0.1,MRDS projected,initializer,12,10,2,2,5,44,68,S_WPB_L56_DOC0.5_WOC1.0_N3600_F360_R1,S_WPB_L56_DOC0.5_WOC1.0_N3600_F360,1,0,0.008333333333333333,0.05669326797810844
13,3,1,53,all40,120,40,30,10,0.1,MRDS projected,initializer,12,10,2,2,6,72,96,S_WPB_L56_DOC1.5_WOC1.0_N2700_F270_R1,S_WPB_L56_DOC1.5_WOC1.0_N2700_F270,1,0,0.008333333333333333,0.06277253718656885
13,3,1,53,all40,120,40,30,10,0.1,MRDS projected,initializer,12,10,2,2,7,40,64,S_WPB_L56_DOC0.5_WOC1.0_N2700_F270_R1,S_WPB_L56_DOC0.5_WOC1.0_N2700_F270,1,0,0.03333333333333333,0.10946427331172966
13,3,1,53,all40,120,40,30,10,0.1,MRDS projected,initializer,12,10,2,2,8,66,90,S_WPB_L56_DOC1.0_WOC2.0_N2700_F270_R3,S_WPB_L56_DOC1.0_WOC2.0_N2700_F270,3,0,0.008333333333333333,0.05665762654166537
13,3,1,53,all40,120,40,30,10,0.1,MRDS projected,initializer,12,10,2,2,9,116,152,U_WPB_L56_DOC4.0_WOC2.0_N2700_F270_R1,U_WPB_L56_DOC4.0_WOC2.0_N2700_F270,1,1,0.008333333333333333,0.06699810348856156
13,3,1,53,all40,120,40,30,10,0.1,MRDS projected,initializer,12,10,2,2,10,83,111,U_WPA_L36_DOC2.0_WOC1.0_N3600_F360_R4,U_WPA_L36_DOC2.0_WOC1.0_N3600_F360,4,1,0.06666666666666667,0.07894642315102413
13,3,1,53,all40,120,40,30,10,0.1,MRDS projected,initializer,12,10,2,2,11,58,82,S_WPB_L56_DOC1.0_WOC1.0_N2700_F270_R3,S_WPB_L56_DOC1.0_WOC1.0_N2700_F270,3,0,0.10833333333333334,0.11280105511116154
13,3,1,53,all40,120,40,30,10,0.1,MRDS projected,initializer,12,10,2,2,12,51,75,S_WPB_L56_DOC0.5_WOC2.0_N2700_F270_R4,S_WPB_L56_DOC0.5_WOC2.0_N2700_F270,4,0,0.4583333333333333,0.13963428975163517
13,3,1,53,all40,120,40,30,10,0.1,MRDS-IS-R (proposed),same-objective one-swap refinement,12,11,1,2,1,40,64,S_WPB_L56_DOC0.5_WOC1.0_N2700_F270_R1,S_WPB_L56_DOC0.5_WOC1.0_N2700_F270,1,0,0.03333333333333333,0.1158483888356645
13,3,1,53,all40,120,40,30,10,0.1,MRDS-IS-R (proposed),same-objective one-swap refinement,12,11,1,2,2,44,68,S_WPB_L56_DOC0.5_WOC1.0_N3600_F360_R1,S_WPB_L56_DOC0.5_WOC1.0_N3600_F360,1,0,0.016666666666666666,0.04376429818466974
13,3,1,53,all40,120,40,30,10,0.1,MRDS-IS-R (proposed),same-objective one-swap refinement,12,11,1,2,3,51,75,S_WPB_L56_DOC0.5_WOC2.0_N2700_F270_R4,S_WPB_L56_DOC0.5_WOC2.0_N2700_F270,4,0,0.325,0.1598842705545195
13,3,1,53,all40,120,40,30,10,0.1,MRDS-IS-R (proposed),same-objective one-swap refinement,12,11,1,2,4,58,82,S_WPB_L56_DOC1.0_WOC1.0_N2700_F270_R3,S_WPB_L56_DOC1.0_WOC1.0_N2700_F270,3,0,0.1,0.11643793297780325
13,3,1,53,all40,120,40,30,10,0.1,MRDS-IS-R (proposed),same-objective one-swap refinement,12,11,1,2,5,65,89,S_WPB_L56_DOC1.0_WOC2.0_N2700_F270_R2,S_WPB_L56_DOC1.0_WOC2.0_N2700_F270,2,0,0.008333333333333333,0.04955460288128814
13,3,1,53,all40,120,40,30,10,0.1,MRDS-IS-R (proposed),same-objective one-swap refinement,12,11,1,2,6,72,96,S_WPB_L56_DOC1.5_WOC1.0_N2700_F270_R1,S_WPB_L56_DOC1.5_WOC1.0_N2700_F270,1,0,0.008333333333333333,0.05161612688854613
13,3,1,53,all40,120,40,30,10,0.1,MRDS-IS-R (proposed),same-objective one-swap refinement,12,11,1,2,7,83,111,U_WPA_L36_DOC2.0_WOC1.0_N3600_F360_R4,U_WPA_L36_DOC2.0_WOC1.0_N3600_F360,4,1,0.06666666666666667,0.0817713658832946
13,3,1,53,all40,120,40,30,10,0.1,MRDS-IS-R (proposed),same-objective one-swap refinement,12,11,1,2,8,84,116,U_WPA_L36_DOC3.0_WOC1.0_N3600_F360_R1,U_WPA_L36_DOC3.0_WOC1.0_N3600_F360,1,1,0.008333333333333333,0.048455192269263696
13,3,1,53,all40,120,40,30,10,0.1,MRDS-IS-R (proposed),same-objective one-swap refinement,12,11,1,2,9,85,117,U_WPA_L36_DOC3.0_WOC1.0_N3600_F360_R2,U_WPA_L36_DOC3.0_WOC1.0_N3600_F360,2,1,0.008333333333333333,0.04952839638865255
13,3,1,53,all40,120,40,30,10,0.1,MRDS-IS-R (proposed),same-objective one-swap refinement,12,11,1,2,10,91,123,U_WPA_L36_DOC4.0_WOC2.0_N2700_F270_R4,U_WPA_L36_DOC4.0_WOC2.0_N2700_F270,4,1,0.18333333333333332,0.15214766295757595
13,3,1,53,all40,120,40,30,10,0.1,MRDS-IS-R (proposed),same-objective one-swap refinement,12,11,1,2,11,95,131,U_WPB_L56_DOC2.0_WOC1.0_N2700_F270_R4,U_WPB_L56_DOC2.0_WOC1.0_N2700_F270,4,1,0.23333333333333334,0.07115523591402154
13,3,1,53,all40,120,40,30,10,0.1,MRDS-IS-R (proposed),same-objective one-swap refinement,12,11,1,2,12,116,152,U_WPB_L56_DOC4.0_WOC2.0_N2700_F270_R1,U_WPB_L56_DOC4.0_WOC2.0_N2700_F270,1,1,0.008333333333333333,0.0598365262647004
13,3,1,53,all40,120,40,30,10,0.1,Best-of-starts-R (diagnostic only),diagnostic oracle over supplied starts; winner=W2-KMedoids,12,10,2,2,1,15,23,S_WPA_L36_DOC1.0_WOC1.0_N3600_F360_R4,S_WPA_L36_DOC1.0_WOC1.0_N3600_F360,4,0,0.23333333333333334,0.11103778261013668
13,3,1,53,all40,120,40,30,10,0.1,Best-of-starts-R (diagnostic only),diagnostic oracle over supplied starts; winner=W2-KMedoids,12,10,2,2,2,23,31,S_WPA_L36_DOC1.5_WOC1.0_N1800_F180_R4,S_WPA_L36_DOC1.5_WOC1.0_N1800_F180,4,0,0.06666666666666667,0.0896218140057872
13,3,1,53,all40,120,40,30,10,0.1,Best-of-starts-R (diagnostic only),diagnostic oracle over supplied starts; winner=W2-KMedoids,12,10,2,2,3,40,64,S_WPB_L56_DOC0.5_WOC1.0_N2700_F270_R1,S_WPB_L56_DOC0.5_WOC1.0_N2700_F270,1,0,0.03333333333333333,0.08200742548216182
13,3,1,53,all40,120,40,30,10,0.1,Best-of-starts-R (diagnostic only),diagnostic oracle over supplied starts; winner=W2-KMedoids,12,10,2,2,4,50,74,S_WPB_L56_DOC0.5_WOC2.0_N2700_F270_R3,S_WPB_L56_DOC0.5_WOC2.0_N2700_F270,3,0,0.20833333333333334,0.10753287964235064
13,3,1,53,all40,120,40,30,10,0.1,Best-of-starts-R (diagnostic only),diagnostic oracle over supplied starts; winner=W2-KMedoids,12,10,2,2,5,58,82,S_WPB_L56_DOC1.0_WOC1.0_N2700_F270_R3,S_WPB_L56_DOC1.0_WOC1.0_N2700_F270,3,0,0.1,0.1153537060012867
13,3,1,53,all40,120,40,30,10,0.1,Best-of-starts-R (diagnostic only),diagnostic oracle over supplied starts; winner=W2-KMedoids,12,10,2,2,6,65,89,S_WPB_L56_DOC1.0_WOC2.0_N2700_F270_R2,S_WPB_L56_DOC1.0_WOC2.0_N2700_F270,2,0,0.008333333333333333,0.05458521045077922
13,3,1,53,all40,120,40,30,10,0.1,Best-of-starts-R (diagnostic only),diagnostic oracle over supplied starts; winner=W2-KMedoids,12,10,2,2,7,66,90,S_WPB_L56_DOC1.0_WOC2.0_N2700_F270_R3,S_WPB_L56_DOC1.0_WOC2.0_N2700_F270,3,0,0.016666666666666666,0.050295319717929936
13,3,1,53,all40,120,40,30,10,0.1,Best-of-starts-R (diagnostic only),diagnostic oracle over supplied starts; winner=W2-KMedoids,12,10,2,2,8,82,110,U_WPA_L36_DOC2.0_WOC1.0_N3600_F360_R3,U_WPA_L36_DOC2.0_WOC1.0_N3600_F360,3,1,0.058333333333333334,0.0666348728723374
13,3,1,53,all40,120,40,30,10,0.1,Best-of-starts-R (diagnostic only),diagnostic oracle over supplied starts; winner=W2-KMedoids,12,10,2,2,9,84,116,U_WPA_L36_DOC3.0_WOC1.0_N3600_F360_R1,U_WPA_L36_DOC3.0_WOC1.0_N3600_F360,1,1,0.008333333333333333,0.05373112158684901
13,3,1,53,all40,120,40,30,10,0.1,Best-of-starts-R (diagnostic only),diagnostic oracle over supplied starts; winner=W2-KMedoids,12,10,2,2,10,85,117,U_WPA_L36_DOC3.0_WOC1.0_N3600_F360_R2,U_WPA_L36_DOC3.0_WOC1.0_N3600_F360,2,1,0.008333333333333333,0.05450077931225955
13,3,1,53,all40,120,40,30,10,0.1,Best-of-starts-R (diagnostic only),diagnostic oracle over supplied starts; winner=W2-KMedoids,12,10,2,2,11,94,130,U_WPB_L56_DOC2.0_WOC1.0_N2700_F270_R3,U_WPB_L56_DOC2.0_WOC1.0_N2700_F270,3,1,0.125,0.07186783915919515
13,3,1,53,all40,120,40,30,10,0.1,Best-of-starts-R (diagnostic only),diagnostic oracle over supplied starts; winner=W2-KMedoids,12,10,2,2,12,101,137,U_WPB_L56_DOC2.0_WOC2.0_N2700_F270_R2,U_WPB_L56_DOC2.0_WOC2.0_N2700_F270,2,1,0.13333333333333333,0.14283124915892667
14,3,2,53,all40,120,40,30,10,0.1,Random,initializer,12,10,2,2,1,1,1,S_WPA_L36_DOC0.5_WOC1.0_N2700_F270_R2,S_WPA_L36_DOC0.5_WOC1.0_N2700_F270,2,0,0.3333333333333333,4.720529229737872e-16
14,3,2,53,all40,120,40,30,10,0.1,Random,initializer,12,10,2,2,2,12,16,S_WPA_L36_DOC1.0_WOC1.0_N2700_F270_R1,S_WPA_L36_DOC1.0_WOC1.0_N2700_F270,1,0,0.025,2.8205994018769152e-14
14,3,2,53,all40,120,40,30,10,0.1,Random,initializer,12,10,2,2,3,15,19,S_WPA_L36_DOC1.0_WOC1.0_N2700_F270_R4,S_WPA_L36_DOC1.0_WOC1.0_N2700_F270,4,0,0.03333333333333333,2.915289456434598e-13
14,3,2,53,all40,120,40,30,10,0.1,Random,initializer,12,10,2,2,4,37,41,S_WPA_L36_DOC2.0_WOC1.0_N1800_F180_R2,S_WPA_L36_DOC2.0_WOC1.0_N1800_F180,2,0,0.025,0.9996121584740723
14,3,2,53,all40,120,40,30,10,0.1,Random,initializer,12,10,2,2,5,42,46,S_WPA_L36_DOC2.0_WOC1.0_N2700_F270_R3,S_WPA_L36_DOC2.0_WOC1.0_N2700_F270,3,0,0.041666666666666664,1.6358322360385387e-13
14,3,2,53,all40,120,40,30,10,0.1,Random,initializer,12,10,2,2,6,59,67,S_WPB_L56_DOC0.5_WOC1.0_N2700_F270_R4,S_WPB_L56_DOC0.5_WOC1.0_N2700_F270,4,0,0.03333333333333333,7.766679860795276e-05
14,3,2,53,all40,120,40,30,10,0.1,Random,initializer,12,10,2,2,7,75,103,S_WPB_L56_DOC1.5_WOC1.0_N3600_F360_R4,S_WPB_L56_DOC1.5_WOC1.0_N3600_F360,4,0,0.041666666666666664,0.0003091569246454862
14,3,2,53,all40,120,40,30,10,0.1,Random,initializer,12,10,2,2,8,79,107,S_WPB_L56_DOC1.5_WOC2.0_N2700_F270_R4,S_WPB_L56_DOC1.5_WOC2.0_N2700_F270,4,0,0.15833333333333333,5.74648216694351e-15
14,3,2,53,all40,120,40,30,10,0.1,Random,initializer,12,10,2,2,9,80,108,U_WPA_L36_DOC2.0_WOC1.0_N3600_F360_R1,U_WPA_L36_DOC2.0_WOC1.0_N3600_F360,1,1,0.008333333333333333,7.223279477807452e-07
14,3,2,53,all40,120,40,30,10,0.1,Random,initializer,12,10,2,2,10,82,110,U_WPA_L36_DOC2.0_WOC1.0_N3600_F360_R3,U_WPA_L36_DOC2.0_WOC1.0_N3600_F360,3,1,0.03333333333333333,2.92204421142375e-07
14,3,2,53,all40,120,40,30,10,0.1,Random,initializer,12,10,2,2,11,91,119,U_WPA_L36_DOC3.0_WOC1.0_N3600_F360_R4,U_WPA_L36_DOC3.0_WOC1.0_N3600_F360,4,1,0.06666666666666667,3.2697496024700106e-09
14,3,2,53,all40,120,40,30,10,0.1,Random,initializer,12,10,2,2,12,108,136,U_WPB_L56_DOC2.0_WOC2.0_N2700_F270_R1,U_WPB_L56_DOC2.0_WOC2.0_N2700_F270,1,1,0.2,6.616484230650252e-14
14,3,2,53,all40,120,40,30,10,0.1,Random-R,same-objective one-swap refinement,12,9,3,2,1,1,1,S_WPA_L36_DOC0.5_WOC1.0_N2700_F270_R2,S_WPA_L36_DOC0.5_WOC1.0_N2700_F270,2,0,0.3333333333333333,2.885199602432879e-20
14,3,2,53,all40,120,40,30,10,0.1,Random-R,same-objective one-swap refinement,12,9,3,2,2,12,16,S_WPA_L36_DOC1.0_WOC1.0_N2700_F270_R1,S_WPA_L36_DOC1.0_WOC1.0_N2700_F270,1,0,0.025,1.5810333775180336e-18
14,3,2,53,all40,120,40,30,10,0.1,Random-R,same-objective one-swap refinement,12,9,3,2,3,15,19,S_WPA_L36_DOC1.0_WOC1.0_N2700_F270_R4,S_WPA_L36_DOC1.0_WOC1.0_N2700_F270,4,0,0.03333333333333333,2.414574060863114e-17
14,3,2,53,all40,120,40,30,10,0.1,Random-R,same-objective one-swap refinement,12,9,3,2,4,37,41,S_WPA_L36_DOC2.0_WOC1.0_N1800_F180_R2,S_WPA_L36_DOC2.0_WOC1.0_N1800_F180,2,0,0.016666666666666666,0.016513248061672575
14,3,2,53,all40,120,40,30,10,0.1,Random-R,same-objective one-swap refinement,12,9,3,2,5,42,46,S_WPA_L36_DOC2.0_WOC1.0_N2700_F270_R3,S_WPA_L36_DOC2.0_WOC1.0_N2700_F270,3,0,0.041666666666666664,1.3531718822940677e-17
14,3,2,53,all40,120,40,30,10,0.1,Random-R,same-objective one-swap refinement,12,9,3,2,6,72,100,S_WPB_L56_DOC1.5_WOC1.0_N3600_F360_R1,S_WPB_L56_DOC1.5_WOC1.0_N3600_F360,1,0,0.008333333333333333,0.0032454741732826555
14,3,2,53,all40,120,40,30,10,0.1,Random-R,same-objective one-swap refinement,12,9,3,2,7,75,103,S_WPB_L56_DOC1.5_WOC1.0_N3600_F360_R4,S_WPB_L56_DOC1.5_WOC1.0_N3600_F360,4,0,0.041666666666666664,0.9802412754357552
14,3,2,53,all40,120,40,30,10,0.1,Random-R,same-objective one-swap refinement,12,9,3,2,8,79,107,S_WPB_L56_DOC1.5_WOC2.0_N2700_F270_R4,S_WPB_L56_DOC1.5_WOC2.0_N2700_F270,4,0,0.19166666666666668,3.136138746775573e-19
14,3,2,53,all40,120,40,30,10,0.1,Random-R,same-objective one-swap refinement,12,9,3,2,9,80,108,U_WPA_L36_DOC2.0_WOC1.0_N3600_F360_R1,U_WPA_L36_DOC2.0_WOC1.0_N3600_F360,1,1,0.008333333333333333,1.662357664572571e-09
14,3,2,53,all40,120,40,30,10,0.1,Random-R,same-objective one-swap refinement,12,9,3,2,10,82,110,U_WPA_L36_DOC2.0_WOC1.0_N3600_F360_R3,U_WPA_L36_DOC2.0_WOC1.0_N3600_F360,3,1,0.03333333333333333,6.634872072672768e-10
14,3,2,53,all40,120,40,30,10,0.1,Random-R,same-objective one-swap refinement,12,9,3,2,11,91,119,U_WPA_L36_DOC3.0_WOC1.0_N3600_F360_R4,U_WPA_L36_DOC3.0_WOC1.0_N3600_F360,4,1,0.06666666666666667,3.444741697527349e-12
14,3,2,53,all40,120,40,30,10,0.1,Random-R,same-objective one-swap refinement,12,9,3,2,12,108,136,U_WPB_L56_DOC2.0_WOC2.0_N2700_F270_R1,U_WPB_L56_DOC2.0_WOC2.0_N2700_F270,1,1,0.2,6.295572728653415e-18
14,3,2,53,all40,120,40,30,10,0.1,FacilityLocation,initializer,12,8,4,3,1,34,38,S_WPA_L36_DOC1.5_WOC2.0_N2700_F270_R3,S_WPA_L36_DOC1.5_WOC2.0_N2700_F270,3,0,0.24166666666666667,0.10656751148214988
14,3,2,53,all40,120,40,30,10,0.1,FacilityLocation,initializer,12,8,4,3,2,91,119,U_WPA_L36_DOC3.0_WOC1.0_N3600_F360_R4,U_WPA_L36_DOC3.0_WOC1.0_N3600_F360,4,1,0.09166666666666666,0.0902377491615629
14,3,2,53,all40,120,40,30,10,0.1,FacilityLocation,initializer,12,8,4,3,3,67,91,S_WPB_L56_DOC1.0_WOC2.0_N2700_F270_R4,S_WPB_L56_DOC1.0_WOC2.0_N2700_F270,4,0,0.14166666666666666,0.08735905036130379
14,3,2,53,all40,120,40,30,10,0.1,FacilityLocation,initializer,12,8,4,3,4,102,130,U_WPB_L56_DOC2.0_WOC1.0_N2700_F270_R3,U_WPB_L56_DOC2.0_WOC1.0_N2700_F270,3,1,0.21666666666666667,0.11863521370388747
14,3,2,53,all40,120,40,30,10,0.1,FacilityLocation,initializer,12,8,4,3,5,12,16,S_WPA_L36_DOC1.0_WOC1.0_N2700_F270_R1,S_WPA_L36_DOC1.0_WOC1.0_N2700_F270,1,0,0.11666666666666667,0.104281721600153
14,3,2,53,all40,120,40,30,10,0.1,FacilityLocation,initializer,12,8,4,3,6,56,64,S_WPB_L56_DOC0.5_WOC1.0_N2700_F270_R1,S_WPB_L56_DOC0.5_WOC1.0_N2700_F270,1,0,0.03333333333333333,0.06939061060360267
14,3,2,53,all40,120,40,30,10,0.1,FacilityLocation,initializer,12,8,4,3,7,66,90,S_WPB_L56_DOC1.0_WOC2.0_N2700_F270_R3,S_WPB_L56_DOC1.0_WOC2.0_N2700_F270,3,0,0.016666666666666666,0.06499032052448608
14,3,2,53,all40,120,40,30,10,0.1,FacilityLocation,initializer,12,8,4,3,8,37,41,S_WPA_L36_DOC2.0_WOC1.0_N1800_F180_R2,S_WPA_L36_DOC2.0_WOC1.0_N1800_F180,2,0,0.016666666666666666,0.0677474728979808
14,3,2,53,all40,120,40,30,10,0.1,FacilityLocation,initializer,12,8,4,3,9,39,43,S_WPA_L36_DOC2.0_WOC1.0_N1800_F180_R4,S_WPA_L36_DOC2.0_WOC1.0_N1800_F180,4,0,0.1,0.092688997786558
14,3,2,53,all40,120,40,30,10,0.1,FacilityLocation,initializer,12,8,4,3,10,72,100,S_WPB_L56_DOC1.5_WOC1.0_N3600_F360_R1,S_WPB_L56_DOC1.5_WOC1.0_N3600_F360,1,0,0.008333333333333333,0.06607580552952812
14,3,2,53,all40,120,40,30,10,0.1,FacilityLocation,initializer,12,8,4,3,11,89,117,U_WPA_L36_DOC3.0_WOC1.0_N3600_F360_R2,U_WPA_L36_DOC3.0_WOC1.0_N3600_F360,2,1,0.008333333333333333,0.0660735761393243
14,3,2,53,all40,120,40,30,10,0.1,FacilityLocation,initializer,12,8,4,3,12,88,116,U_WPA_L36_DOC3.0_WOC1.0_N3600_F360_R1,U_WPA_L36_DOC3.0_WOC1.0_N3600_F360,1,1,0.008333333333333333,0.0659519702094629
14,3,2,53,all40,120,40,30,10,0.1,FacilityLocation-R,same-objective one-swap refinement,12,8,4,3,1,12,16,S_WPA_L36_DOC1.0_WOC1.0_N2700_F270_R1,S_WPA_L36_DOC1.0_WOC1.0_N2700_F270,1,0,0.11666666666666667,0.11036061465653299
14,3,2,53,all40,120,40,30,10,0.1,FacilityLocation-R,same-objective one-swap refinement,12,8,4,3,2,34,38,S_WPA_L36_DOC1.5_WOC2.0_N2700_F270_R3,S_WPA_L36_DOC1.5_WOC2.0_N2700_F270,3,0,0.225,0.1178350955639723
14,3,2,53,all40,120,40,30,10,0.1,FacilityLocation-R,same-objective one-swap refinement,12,8,4,3,3,37,41,S_WPA_L36_DOC2.0_WOC1.0_N1800_F180_R2,S_WPA_L36_DOC2.0_WOC1.0_N1800_F180,2,0,0.016666666666666666,0.05860534245465966
14,3,2,53,all40,120,40,30,10,0.1,FacilityLocation-R,same-objective one-swap refinement,12,8,4,3,4,39,43,S_WPA_L36_DOC2.0_WOC1.0_N1800_F180_R4,S_WPA_L36_DOC2.0_WOC1.0_N1800_F180,4,0,0.1,0.10078897188353377
14,3,2,53,all40,120,40,30,10,0.1,FacilityLocation-R,same-objective one-swap refinement,12,8,4,3,5,66,90,S_WPB_L56_DOC1.0_WOC2.0_N2700_F270_R3,S_WPB_L56_DOC1.0_WOC2.0_N2700_F270,3,0,0.016666666666666666,0.053450675073014126
14,3,2,53,all40,120,40,30,10,0.1,FacilityLocation-R,same-objective one-swap refinement,12,8,4,3,6,67,91,S_WPB_L56_DOC1.0_WOC2.0_N2700_F270_R4,S_WPB_L56_DOC1.0_WOC2.0_N2700_F270,4,0,0.175,0.0987691387152538
14,3,2,53,all40,120,40,30,10,0.1,FacilityLocation-R,same-objective one-swap refinement,12,8,4,3,7,72,100,S_WPB_L56_DOC1.5_WOC1.0_N3600_F360_R1,S_WPB_L56_DOC1.5_WOC1.0_N3600_F360,1,0,0.008333333333333333,0.05441731207515122
14,3,2,53,all40,120,40,30,10,0.1,FacilityLocation-R,same-objective one-swap refinement,12,8,4,3,8,88,116,U_WPA_L36_DOC3.0_WOC1.0_N3600_F360_R1,U_WPA_L36_DOC3.0_WOC1.0_N3600_F360,1,1,0.008333333333333333,0.05425360581018977
14,3,2,53,all40,120,40,30,10,0.1,FacilityLocation-R,same-objective one-swap refinement,12,8,4,3,9,89,117,U_WPA_L36_DOC3.0_WOC1.0_N3600_F360_R2,U_WPA_L36_DOC3.0_WOC1.0_N3600_F360,2,1,0.008333333333333333,0.05441467679420903
14,3,2,53,all40,120,40,30,10,0.1,FacilityLocation-R,same-objective one-swap refinement,12,8,4,3,10,91,119,U_WPA_L36_DOC3.0_WOC1.0_N3600_F360_R4,U_WPA_L36_DOC3.0_WOC1.0_N3600_F360,4,1,0.09166666666666666,0.08853351363537272
14,3,2,53,all40,120,40,30,10,0.1,FacilityLocation-R,same-objective one-swap refinement,12,8,4,3,11,99,127,U_WPB_L56_DOC2.0_WOC1.0_N1800_F180_R4,U_WPB_L56_DOC2.0_WOC1.0_N1800_F180,4,1,0.016666666666666666,0.07664831093326534
14,3,2,53,all40,120,40,30,10,0.1,FacilityLocation-R,same-objective one-swap refinement,12,8,4,3,12,102,130,U_WPB_L56_DOC2.0_WOC1.0_N2700_F270_R3,U_WPB_L56_DOC2.0_WOC1.0_N2700_F270,3,1,0.21666666666666667,0.13192274240484525
14,3,2,53,all40,120,40,30,10,0.1,W2-KMedoids,initializer,12,8,4,3,1,12,16,S_WPA_L36_DOC1.0_WOC1.0_N2700_F270_R1,S_WPA_L36_DOC1.0_WOC1.0_N2700_F270,1,0,0.125,0.11038102575055199
14,3,2,53,all40,120,40,30,10,0.1,W2-KMedoids,initializer,12,8,4,3,2,26,30,S_WPA_L36_DOC1.5_WOC1.0_N1800_F180_R3,S_WPA_L36_DOC1.5_WOC1.0_N1800_F180,3,0,0.058333333333333334,0.09277055384750438
14,3,2,53,all40,120,40,30,10,0.1,W2-KMedoids,initializer,12,8,4,3,3,29,33,S_WPA_L36_DOC1.5_WOC1.0_N3600_F360_R2,S_WPA_L36_DOC1.5_WOC1.0_N3600_F360,2,0,0.275,0.10505432920295908
14,3,2,53,all40,120,40,30,10,0.1,W2-KMedoids,initializer,12,8,4,3,4,56,64,S_WPB_L56_DOC0.5_WOC1.0_N2700_F270_R1,S_WPB_L56_DOC0.5_WOC1.0_N2700_F270,1,0,0.03333333333333333,0.07064291075385683
14,3,2,53,all40,120,40,30,10,0.1,W2-KMedoids,initializer,12,8,4,3,5,65,89,S_WPB_L56_DOC1.0_WOC2.0_N2700_F270_R2,S_WPB_L56_DOC1.0_WOC2.0_N2700_F270,2,0,0.016666666666666666,0.06748237764657367
14,3,2,53,all40,120,40,30,10,0.1,W2-KMedoids,initializer,12,8,4,3,6,66,90,S_WPB_L56_DOC1.0_WOC2.0_N2700_F270_R3,S_WPB_L56_DOC1.0_WOC2.0_N2700_F270,3,0,0.016666666666666666,0.0647306160443919
14,3,2,53,all40,120,40,30,10,0.1,W2-KMedoids,initializer,12,8,4,3,7,67,91,S_WPB_L56_DOC1.0_WOC2.0_N2700_F270_R4,S_WPB_L56_DOC1.0_WOC2.0_N2700_F270,4,0,0.14166666666666666,0.09009420291559
14,3,2,53,all40,120,40,30,10,0.1,W2-KMedoids,initializer,12,8,4,3,8,72,100,S_WPB_L56_DOC1.5_WOC1.0_N3600_F360_R1,S_WPB_L56_DOC1.5_WOC1.0_N3600_F360,1,0,0.008333333333333333,0.06584772942781547
14,3,2,53,all40,120,40,30,10,0.1,W2-KMedoids,initializer,12,8,4,3,9,88,116,U_WPA_L36_DOC3.0_WOC1.0_N3600_F360_R1,U_WPA_L36_DOC3.0_WOC1.0_N3600_F360,1,1,0.008333333333333333,0.06572183586838488
14,3,2,53,all40,120,40,30,10,0.1,W2-KMedoids,initializer,12,8,4,3,10,89,117,U_WPA_L36_DOC3.0_WOC1.0_N3600_F360_R2,U_WPA_L36_DOC3.0_WOC1.0_N3600_F360,2,1,0.008333333333333333,0.06584300488590818
14,3,2,53,all40,120,40,30,10,0.1,W2-KMedoids,initializer,12,8,4,3,11,91,119,U_WPA_L36_DOC3.0_WOC1.0_N3600_F360_R4,U_WPA_L36_DOC3.0_WOC1.0_N3600_F360,4,1,0.09166666666666666,0.08263724120750013
14,3,2,53,all40,120,40,30,10,0.1,W2-KMedoids,initializer,12,8,4,3,12,111,139,U_WPB_L56_DOC2.0_WOC2.0_N2700_F270_R4,U_WPB_L56_DOC2.0_WOC2.0_N2700_F270,4,1,0.21666666666666667,0.11879417244896345
14,3,2,53,all40,120,40,30,10,0.1,W2-KMedoids-R,same-objective one-swap refinement,12,8,4,3,1,12,16,S_WPA_L36_DOC1.0_WOC1.0_N2700_F270_R1,S_WPA_L36_DOC1.0_WOC1.0_N2700_F270,1,0,0.125,0.11891645414230045
14,3,2,53,all40,120,40,30,10,0.1,W2-KMedoids-R,same-objective one-swap refinement,12,8,4,3,2,26,30,S_WPA_L36_DOC1.5_WOC1.0_N1800_F180_R3,S_WPA_L36_DOC1.5_WOC1.0_N1800_F180,3,0,0.058333333333333334,0.09763630032160375
14,3,2,53,all40,120,40,30,10,0.1,W2-KMedoids-R,same-objective one-swap refinement,12,8,4,3,3,29,33,S_WPA_L36_DOC1.5_WOC1.0_N3600_F360_R2,S_WPA_L36_DOC1.5_WOC1.0_N3600_F360,2,0,0.25833333333333336,0.1170342699518514
14,3,2,53,all40,120,40,30,10,0.1,W2-KMedoids-R,same-objective one-swap refinement,12,8,4,3,4,65,89,S_WPB_L56_DOC1.0_WOC2.0_N2700_F270_R2,S_WPB_L56_DOC1.0_WOC2.0_N2700_F270,2,0,0.016666666666666666,0.0582396334740786
14,3,2,53,all40,120,40,30,10,0.1,W2-KMedoids-R,same-objective one-swap refinement,12,8,4,3,5,66,90,S_WPB_L56_DOC1.0_WOC2.0_N2700_F270_R3,S_WPB_L56_DOC1.0_WOC2.0_N2700_F270,3,0,0.016666666666666666,0.0531043027329683
14,3,2,53,all40,120,40,30,10,0.1,W2-KMedoids-R,same-objective one-swap refinement,12,8,4,3,6,67,91,S_WPB_L56_DOC1.0_WOC2.0_N2700_F270_R4,S_WPB_L56_DOC1.0_WOC2.0_N2700_F270,4,0,0.175,0.10356580863736486
14,3,2,53,all40,120,40,30,10,0.1,W2-KMedoids-R,same-objective one-swap refinement,12,8,4,3,7,72,100,S_WPB_L56_DOC1.5_WOC1.0_N3600_F360_R1,S_WPB_L56_DOC1.5_WOC1.0_N3600_F360,1,0,0.008333333333333333,0.05410967652040609
14,3,2,53,all40,120,40,30,10,0.1,W2-KMedoids-R,same-objective one-swap refinement,12,8,4,3,8,88,116,U_WPA_L36_DOC3.0_WOC1.0_N3600_F360_R1,U_WPA_L36_DOC3.0_WOC1.0_N3600_F360,1,1,0.008333333333333333,0.05394366397406346
14,3,2,53,all40,120,40,30,10,0.1,W2-KMedoids-R,same-objective one-swap refinement,12,8,4,3,9,89,117,U_WPA_L36_DOC3.0_WOC1.0_N3600_F360_R2,U_WPA_L36_DOC3.0_WOC1.0_N3600_F360,2,1,0.008333333333333333,0.054105147515485646
14,3,2,53,all40,120,40,30,10,0.1,W2-KMedoids-R,same-objective one-swap refinement,12,8,4,3,10,91,119,U_WPA_L36_DOC3.0_WOC1.0_N3600_F360_R4,U_WPA_L36_DOC3.0_WOC1.0_N3600_F360,4,1,0.09166666666666666,0.07936217337144504
14,3,2,53,all40,120,40,30,10,0.1,W2-KMedoids-R,same-objective one-swap refinement,12,8,4,3,11,99,127,U_WPB_L56_DOC2.0_WOC1.0_N1800_F180_R4,U_WPB_L56_DOC2.0_WOC1.0_N1800_F180,4,1,0.03333333333333333,0.07844004134617841
14,3,2,53,all40,120,40,30,10,0.1,W2-KMedoids-R,same-objective one-swap refinement,12,8,4,3,12,111,139,U_WPB_L56_DOC2.0_WOC2.0_N2700_F270_R4,U_WPB_L56_DOC2.0_WOC2.0_N2700_F270,4,1,0.2,0.13154252801225397
14,3,2,53,all40,120,40,30,10,0.1,MRDS projected,initializer,12,9,3,3,1,90,118,U_WPA_L36_DOC3.0_WOC1.0_N3600_F360_R3,U_WPA_L36_DOC3.0_WOC1.0_N3600_F360,3,1,0.09166666666666666,0.07422205492021754
14,3,2,53,all40,120,40,30,10,0.1,MRDS projected,initializer,12,9,3,3,2,72,100,S_WPB_L56_DOC1.5_WOC1.0_N3600_F360_R1,S_WPB_L56_DOC1.5_WOC1.0_N3600_F360,1,0,0.008333333333333333,0.06010343924953954
14,3,2,53,all40,120,40,30,10,0.1,MRDS projected,initializer,12,9,3,3,3,37,41,S_WPA_L36_DOC2.0_WOC1.0_N1800_F180_R2,S_WPA_L36_DOC2.0_WOC1.0_N1800_F180,2,0,0.008333333333333333,0.059363446159829296
14,3,2,53,all40,120,40,30,10,0.1,MRDS projected,initializer,12,9,3,3,4,88,116,U_WPA_L36_DOC3.0_WOC1.0_N3600_F360_R1,U_WPA_L36_DOC3.0_WOC1.0_N3600_F360,1,1,0.008333333333333333,0.05991148608375748
14,3,2,53,all40,120,40,30,10,0.1,MRDS projected,initializer,12,9,3,3,5,89,117,U_WPA_L36_DOC3.0_WOC1.0_N3600_F360_R2,U_WPA_L36_DOC3.0_WOC1.0_N3600_F360,2,1,0.008333333333333333,0.06008602432438813
14,3,2,53,all40,120,40,30,10,0.1,MRDS projected,initializer,12,9,3,3,6,60,68,S_WPB_L56_DOC0.5_WOC1.0_N3600_F360_R1,S_WPB_L56_DOC0.5_WOC1.0_N3600_F360,1,0,0.008333333333333333,0.05776053766284908
14,3,2,53,all40,120,40,30,10,0.1,MRDS projected,initializer,12,9,3,3,7,65,89,S_WPB_L56_DOC1.0_WOC2.0_N2700_F270_R2,S_WPB_L56_DOC1.0_WOC2.0_N2700_F270,2,0,0.008333333333333333,0.059363446159544184
14,3,2,53,all40,120,40,30,10,0.1,MRDS projected,initializer,12,9,3,3,8,59,67,S_WPB_L56_DOC0.5_WOC1.0_N2700_F270_R4,S_WPB_L56_DOC0.5_WOC1.0_N2700_F270,4,0,0.03333333333333333,0.08327263696748455
14,3,2,53,all40,120,40,30,10,0.1,MRDS projected,initializer,12,9,3,3,9,12,16,S_WPA_L36_DOC1.0_WOC1.0_N2700_F270_R1,S_WPA_L36_DOC1.0_WOC1.0_N2700_F270,1,0,0.125,0.12976109036333794
14,3,2,53,all40,120,40,30,10,0.1,MRDS projected,initializer,12,9,3,3,10,66,90,S_WPB_L56_DOC1.0_WOC2.0_N2700_F270_R3,S_WPB_L56_DOC1.0_WOC2.0_N2700_F270,3,0,0.008333333333333333,0.05772580434457975
14,3,2,53,all40,120,40,30,10,0.1,MRDS projected,initializer,12,9,3,3,11,92,120,U_WPA_L36_DOC4.0_WOC2.0_N2700_F270_R1,U_WPA_L36_DOC4.0_WOC2.0_N2700_F270,1,1,0.18333333333333332,0.11904530048248983
14,3,2,53,all40,120,40,30,10,0.1,MRDS projected,initializer,12,9,3,3,12,31,35,S_WPA_L36_DOC1.5_WOC1.0_N3600_F360_R4,S_WPA_L36_DOC1.5_WOC1.0_N3600_F360,4,0,0.5083333333333333,0.17938473328198268
14,3,2,53,all40,120,40,30,10,0.1,MRDS-IS-R (proposed),same-objective one-swap refinement,12,9,3,3,1,12,16,S_WPA_L36_DOC1.0_WOC1.0_N2700_F270_R1,S_WPA_L36_DOC1.0_WOC1.0_N2700_F270,1,0,0.125,0.13737888269869963
14,3,2,53,all40,120,40,30,10,0.1,MRDS-IS-R (proposed),same-objective one-swap refinement,12,9,3,3,2,31,35,S_WPA_L36_DOC1.5_WOC1.0_N3600_F360_R4,S_WPA_L36_DOC1.5_WOC1.0_N3600_F360,4,0,0.36666666666666664,0.21638000433589402
14,3,2,53,all40,120,40,30,10,0.1,MRDS-IS-R (proposed),same-objective one-swap refinement,12,9,3,3,3,37,41,S_WPA_L36_DOC2.0_WOC1.0_N1800_F180_R2,S_WPA_L36_DOC2.0_WOC1.0_N1800_F180,2,0,0.008333333333333333,0.04726826650212672
14,3,2,53,all40,120,40,30,10,0.1,MRDS-IS-R (proposed),same-objective one-swap refinement,12,9,3,3,4,59,67,S_WPB_L56_DOC0.5_WOC1.0_N2700_F270_R4,S_WPB_L56_DOC0.5_WOC1.0_N2700_F270,4,0,0.03333333333333333,0.07688385001990099
14,3,2,53,all40,120,40,30,10,0.1,MRDS-IS-R (proposed),same-objective one-swap refinement,12,9,3,3,5,60,68,S_WPB_L56_DOC0.5_WOC1.0_N3600_F360_R1,S_WPB_L56_DOC0.5_WOC1.0_N3600_F360,1,0,0.016666666666666666,0.04633068380527745
14,3,2,53,all40,120,40,30,10,0.1,MRDS-IS-R (proposed),same-objective one-swap refinement,12,9,3,3,6,61,69,S_WPB_L56_DOC0.5_WOC1.0_N3600_F360_R2,S_WPB_L56_DOC0.5_WOC1.0_N3600_F360,2,0,0.14166666666666666,0.07207431586155824
14,3,2,53,all40,120,40,30,10,0.1,MRDS-IS-R (proposed),same-objective one-swap refinement,12,9,3,3,7,65,89,S_WPB_L56_DOC1.0_WOC2.0_N2700_F270_R2,S_WPB_L56_DOC1.0_WOC2.0_N2700_F270,2,0,0.008333333333333333,0.047268266501846144
14,3,2,53,all40,120,40,30,10,0.1,MRDS-IS-R (proposed),same-objective one-swap refinement,12,9,3,3,8,72,100,S_WPB_L56_DOC1.5_WOC1.0_N3600_F360_R1,S_WPB_L56_DOC1.5_WOC1.0_N3600_F360,1,0,0.008333333333333333,0.04826229343677952
14,3,2,53,all40,120,40,30,10,0.1,MRDS-IS-R (proposed),same-objective one-swap refinement,12,9,3,3,9,88,116,U_WPA_L36_DOC3.0_WOC1.0_N3600_F360_R1,U_WPA_L36_DOC3.0_WOC1.0_N3600_F360,1,1,0.008333333333333333,0.048064337246766016
14,3,2,53,all40,120,40,30,10,0.1,MRDS-IS-R (proposed),same-objective one-swap refinement,12,9,3,3,10,89,117,U_WPA_L36_DOC3.0_WOC1.0_N3600_F360_R2,U_WPA_L36_DOC3.0_WOC1.0_N3600_F360,2,1,0.008333333333333333,0.04825050218416865
14,3,2,53,all40,120,40,30,10,0.1,MRDS-IS-R (proposed),same-objective one-swap refinement,12,9,3,3,11,90,118,U_WPA_L36_DOC3.0_WOC1.0_N3600_F360_R3,U_WPA_L36_DOC3.0_WOC1.0_N3600_F360,3,1,0.09166666666666666,0.07990901584851028
14,3,2,53,all40,120,40,30,10,0.1,MRDS-IS-R (proposed),same-objective one-swap refinement,12,9,3,3,12,92,120,U_WPA_L36_DOC4.0_WOC2.0_N2700_F270_R1,U_WPA_L36_DOC4.0_WOC2.0_N2700_F270,1,1,0.18333333333333332,0.13192958155847237
14,3,2,53,all40,120,40,30,10,0.1,Best-of-starts-R (diagnostic only),diagnostic oracle over supplied starts; winner=W2-KMedoids,12,8,4,3,1,12,16,S_WPA_L36_DOC1.0_WOC1.0_N2700_F270_R1,S_WPA_L36_DOC1.0_WOC1.0_N2700_F270,1,0,0.125,0.11891645414230045
14,3,2,53,all40,120,40,30,10,0.1,Best-of-starts-R (diagnostic only),diagnostic oracle over supplied starts; winner=W2-KMedoids,12,8,4,3,2,26,30,S_WPA_L36_DOC1.5_WOC1.0_N1800_F180_R3,S_WPA_L36_DOC1.5_WOC1.0_N1800_F180,3,0,0.058333333333333334,0.09763630032160375
14,3,2,53,all40,120,40,30,10,0.1,Best-of-starts-R (diagnostic only),diagnostic oracle over supplied starts; winner=W2-KMedoids,12,8,4,3,3,29,33,S_WPA_L36_DOC1.5_WOC1.0_N3600_F360_R2,S_WPA_L36_DOC1.5_WOC1.0_N3600_F360,2,0,0.25833333333333336,0.1170342699518514
14,3,2,53,all40,120,40,30,10,0.1,Best-of-starts-R (diagnostic only),diagnostic oracle over supplied starts; winner=W2-KMedoids,12,8,4,3,4,65,89,S_WPB_L56_DOC1.0_WOC2.0_N2700_F270_R2,S_WPB_L56_DOC1.0_WOC2.0_N2700_F270,2,0,0.016666666666666666,0.0582396334740786
14,3,2,53,all40,120,40,30,10,0.1,Best-of-starts-R (diagnostic only),diagnostic oracle over supplied starts; winner=W2-KMedoids,12,8,4,3,5,66,90,S_WPB_L56_DOC1.0_WOC2.0_N2700_F270_R3,S_WPB_L56_DOC1.0_WOC2.0_N2700_F270,3,0,0.016666666666666666,0.0531043027329683
14,3,2,53,all40,120,40,30,10,0.1,Best-of-starts-R (diagnostic only),diagnostic oracle over supplied starts; winner=W2-KMedoids,12,8,4,3,6,67,91,S_WPB_L56_DOC1.0_WOC2.0_N2700_F270_R4,S_WPB_L56_DOC1.0_WOC2.0_N2700_F270,4,0,0.175,0.10356580863736486
14,3,2,53,all40,120,40,30,10,0.1,Best-of-starts-R (diagnostic only),diagnostic oracle over supplied starts; winner=W2-KMedoids,12,8,4,3,7,72,100,S_WPB_L56_DOC1.5_WOC1.0_N3600_F360_R1,S_WPB_L56_DOC1.5_WOC1.0_N3600_F360,1,0,0.008333333333333333,0.05410967652040609
14,3,2,53,all40,120,40,30,10,0.1,Best-of-starts-R (diagnostic only),diagnostic oracle over supplied starts; winner=W2-KMedoids,12,8,4,3,8,88,116,U_WPA_L36_DOC3.0_WOC1.0_N3600_F360_R1,U_WPA_L36_DOC3.0_WOC1.0_N3600_F360,1,1,0.008333333333333333,0.05394366397406346
14,3,2,53,all40,120,40,30,10,0.1,Best-of-starts-R (diagnostic only),diagnostic oracle over supplied starts; winner=W2-KMedoids,12,8,4,3,9,89,117,U_WPA_L36_DOC3.0_WOC1.0_N3600_F360_R2,U_WPA_L36_DOC3.0_WOC1.0_N3600_F360,2,1,0.008333333333333333,0.054105147515485646
14,3,2,53,all40,120,40,30,10,0.1,Best-of-starts-R (diagnostic only),diagnostic oracle over supplied starts; winner=W2-KMedoids,12,8,4,3,10,91,119,U_WPA_L36_DOC3.0_WOC1.0_N3600_F360_R4,U_WPA_L36_DOC3.0_WOC1.0_N3600_F360,4,1,0.09166666666666666,0.07936217337144504
14,3,2,53,all40,120,40,30,10,0.1,Best-of-starts-R (diagnostic only),diagnostic oracle over supplied starts; winner=W2-KMedoids,12,8,4,3,11,99,127,U_WPB_L56_DOC2.0_WOC1.0_N1800_F180_R4,U_WPB_L56_DOC2.0_WOC1.0_N1800_F180,4,1,0.03333333333333333,0.07844004134617841
14,3,2,53,all40,120,40,30,10,0.1,Best-of-starts-R (diagnostic only),diagnostic oracle over supplied starts; winner=W2-KMedoids,12,8,4,3,12,111,139,U_WPB_L56_DOC2.0_WOC2.0_N2700_F270_R4,U_WPB_L56_DOC2.0_WOC2.0_N2700_F270,4,1,0.2,0.13154252801225397
15,3,3,53,all40,120,40,30,10,0.1,Random,initializer,12,10,2,2,1,1,5,S_WPA_L36_DOC0.5_WOC1.0_N3600_F360_R2,S_WPA_L36_DOC0.5_WOC1.0_N3600_F360,2,0,0.075,2.5334931562623796e-07
15,3,3,53,all40,120,40,30,10,0.1,Random,initializer,12,10,2,2,2,12,16,S_WPA_L36_DOC1.0_WOC1.0_N2700_F270_R1,S_WPA_L36_DOC1.0_WOC1.0_N2700_F270,1,0,0.06666666666666667,1.0828739473385718e-07
15,3,3,53,all40,120,40,30,10,0.1,Random,initializer,12,10,2,2,3,15,19,S_WPA_L36_DOC1.0_WOC1.0_N2700_F270_R4,S_WPA_L36_DOC1.0_WOC1.0_N2700_F270,4,0,0.075,4.451922491625067e-07
15,3,3,53,all40,120,40,30,10,0.1,Random,initializer,12,10,2,2,4,37,45,S_WPA_L36_DOC2.0_WOC1.0_N2700_F270_R2,S_WPA_L36_DOC2.0_WOC1.0_N2700_F270,2,0,0.14166666666666666,2.151473885679847e-08
15,3,3,53,all40,120,40,30,10,0.1,Random,initializer,12,10,2,2,5,42,54,S_WPA_L36_DOC4.0_WOC1.0_N2700_F270_R3,S_WPA_L36_DOC4.0_WOC1.0_N2700_F270,3,0,0.016666666666666666,3.1678871041216515e-08
15,3,3,53,all40,120,40,30,10,0.1,Random,initializer,12,10,2,2,6,59,79,S_WPB_L56_DOC1.0_WOC1.0_N1800_F180_R4,S_WPB_L56_DOC1.0_WOC1.0_N1800_F180,4,0,0.05,2.767190468937722e-07
15,3,3,53,all40,120,40,30,10,0.1,Random,initializer,12,10,2,2,7,75,95,S_WPB_L56_DOC1.5_WOC1.0_N1800_F180_R4,S_WPB_L56_DOC1.5_WOC1.0_N1800_F180,4,0,0.14166666666666666,6.70474476695972e-06
15,3,3,53,all40,120,40,30,10,0.1,Random,initializer,12,10,2,2,8,79,99,S_WPB_L56_DOC1.5_WOC1.0_N2700_F270_R4,S_WPB_L56_DOC1.5_WOC1.0_N2700_F270,4,0,0.05,0.00024606855373196236
15,3,3,53,all40,120,40,30,10,0.1,Random,initializer,12,10,2,2,9,80,100,S_WPB_L56_DOC1.5_WOC1.0_N3600_F360_R1,S_WPB_L56_DOC1.5_WOC1.0_N3600_F360,1,0,0.008333333333333333,0.9997460238983101
15,3,3,53,all40,120,40,30,10,0.1,Random,initializer,12,10,2,2,10,82,102,S_WPB_L56_DOC1.5_WOC1.0_N3600_F360_R3,S_WPB_L56_DOC1.5_WOC1.0_N3600_F360,3,0,0.08333333333333333,3.764804448001111e-08
15,3,3,53,all40,120,40,30,10,0.1,Random,initializer,12,10,2,2,11,91,123,U_WPA_L36_DOC4.0_WOC2.0_N2700_F270_R4,U_WPA_L36_DOC4.0_WOC2.0_N2700_F270,4,1,0.1,1.3599801771886752e-08
15,3,3,53,all40,120,40,30,10,0.1,Random,initializer,12,10,2,2,12,108,148,U_WPB_L56_DOC4.0_WOC1.0_N2700_F270_R1,U_WPB_L56_DOC4.0_WOC1.0_N2700_F270,1,1,0.19166666666666668,1.4813728456318707e-08
15,3,3,53,all40,120,40,30,10,0.1,Random-R,same-objective one-swap refinement,12,10,2,2,1,12,16,S_WPA_L36_DOC1.0_WOC1.0_N2700_F270_R1,S_WPA_L36_DOC1.0_WOC1.0_N2700_F270,1,0,0.06666666666666667,3.3667069269651045e-08
15,3,3,53,all40,120,40,30,10,0.1,Random-R,same-objective one-swap refinement,12,10,2,2,2,15,19,S_WPA_L36_DOC1.0_WOC1.0_N2700_F270_R4,S_WPA_L36_DOC1.0_WOC1.0_N2700_F270,4,0,0.075,1.457982920280256e-07
15,3,3,53,all40,120,40,30,10,0.1,Random-R,same-objective one-swap refinement,12,10,2,2,3,33,41,S_WPA_L36_DOC2.0_WOC1.0_N1800_F180_R2,S_WPA_L36_DOC2.0_WOC1.0_N1800_F180,2,0,0.016666666666666666,0.012318026580192362
15,3,3,53,all40,120,40,30,10,0.1,Random-R,same-objective one-swap refinement,12,10,2,2,4,37,45,S_WPA_L36_DOC2.0_WOC1.0_N2700_F270_R2,S_WPA_L36_DOC2.0_WOC1.0_N2700_F270,2,0,0.14166666666666666,6.027265422998652e-08
15,3,3,53,all40,120,40,30,10,0.1,Random-R,same-objective one-swap refinement,12,10,2,2,5,42,54,S_WPA_L36_DOC4.0_WOC1.0_N2700_F270_R3,S_WPA_L36_DOC4.0_WOC1.0_N2700_F270,3,0,0.016666666666666666,8.664945548835132e-08
15,3,3,53,all40,120,40,30,10,0.1,Random-R,same-objective one-swap refinement,12,10,2,2,6,59,79,S_WPB_L56_DOC1.0_WOC1.0_N1800_F180_R4,S_WPB_L56_DOC1.0_WOC1.0_N1800_F180,4,0,0.075,9.468665987764888e-07
15,3,3,53,all40,120,40,30,10,0.1,Random-R,same-objective one-swap refinement,12,10,2,2,7,75,95,S_WPB_L56_DOC1.5_WOC1.0_N1800_F180_R4,S_WPB_L56_DOC1.5_WOC1.0_N1800_F180,4,0,0.14166666666666666,0.0005626245906624268
15,3,3,53,all40,120,40,30,10,0.1,Random-R,same-objective one-swap refinement,12,10,2,2,8,79,99,S_WPB_L56_DOC1.5_WOC1.0_N2700_F270_R4,S_WPB_L56_DOC1.5_WOC1.0_N2700_F270,4,0,0.041666666666666664,0.9755001586034147
15,3,3,53,all40,120,40,30,10,0.1,Random-R,same-objective one-swap refinement,12,10,2,2,9,80,100,S_WPB_L56_DOC1.5_WOC1.0_N3600_F360_R1,S_WPB_L56_DOC1.5_WOC1.0_N3600_F360,1,0,0.008333333333333333,0.011617749929381839
15,3,3,53,all40,120,40,30,10,0.1,Random-R,same-objective one-swap refinement,12,10,2,2,10,82,102,S_WPB_L56_DOC1.5_WOC1.0_N3600_F360_R3,S_WPB_L56_DOC1.5_WOC1.0_N3600_F360,3,0,0.125,1.5618928473799042e-07
15,3,3,53,all40,120,40,30,10,0.1,Random-R,same-objective one-swap refinement,12,10,2,2,11,91,123,U_WPA_L36_DOC4.0_WOC2.0_N2700_F270_R4,U_WPA_L36_DOC4.0_WOC2.0_N2700_F270,4,1,0.1,5.976445541260788e-09
15,3,3,53,all40,120,40,30,10,0.1,Random-R,same-objective one-swap refinement,12,10,2,2,12,108,148,U_WPB_L56_DOC4.0_WOC1.0_N2700_F270_R1,U_WPB_L56_DOC4.0_WOC1.0_N2700_F270,1,1,0.19166666666666668,4.876548733096902e-09
15,3,3,53,all40,120,40,30,10,0.1,FacilityLocation,initializer,12,11,1,2,1,30,38,S_WPA_L36_DOC1.5_WOC2.0_N2700_F270_R3,S_WPA_L36_DOC1.5_WOC2.0_N2700_F270,3,0,0.18333333333333332,0.10980325825335677
15,3,3,53,all40,120,40,30,10,0.1,FacilityLocation,initializer,12,11,1,2,2,97,137,U_WPB_L56_DOC2.0_WOC2.0_N2700_F270_R2,U_WPB_L56_DOC2.0_WOC2.0_N2700_F270,2,1,0.20833333333333334,0.07874904318578413
15,3,3,53,all40,120,40,30,10,0.1,FacilityLocation,initializer,12,11,1,2,3,12,16,S_WPA_L36_DOC1.0_WOC1.0_N2700_F270_R1,S_WPA_L36_DOC1.0_WOC1.0_N2700_F270,1,0,0.13333333333333333,0.10460582840569987
15,3,3,53,all40,120,40,30,10,0.1,FacilityLocation,initializer,12,11,1,2,4,71,91,S_WPB_L56_DOC1.0_WOC2.0_N2700_F270_R4,S_WPB_L56_DOC1.0_WOC2.0_N2700_F270,4,0,0.14166666666666666,0.11825021866155519
15,3,3,53,all40,120,40,30,10,0.1,FacilityLocation,initializer,12,11,1,2,5,85,113,U_WPA_L36_DOC2.0_WOC2.0_N2700_F270_R2,U_WPA_L36_DOC2.0_WOC2.0_N2700_F270,2,1,0.025,0.07448865472053472
15,3,3,53,all40,120,40,30,10,0.1,FacilityLocation,initializer,12,11,1,2,6,48,68,S_WPB_L56_DOC0.5_WOC1.0_N3600_F360_R1,S_WPB_L56_DOC0.5_WOC1.0_N3600_F360,1,0,0.016666666666666666,0.06682640141441042
15,3,3,53,all40,120,40,30,10,0.1,FacilityLocation,initializer,12,11,1,2,7,33,41,S_WPA_L36_DOC2.0_WOC1.0_N1800_F180_R2,S_WPA_L36_DOC2.0_WOC1.0_N1800_F180,2,0,0.008333333333333333,0.06619220596561712
15,3,3,53,all40,120,40,30,10,0.1,FacilityLocation,initializer,12,11,1,2,8,80,100,S_WPB_L56_DOC1.5_WOC1.0_N3600_F360_R1,S_WPB_L56_DOC1.5_WOC1.0_N3600_F360,1,0,0.008333333333333333,0.06633573749876394
15,3,3,53,all40,120,40,30,10,0.1,FacilityLocation,initializer,12,11,1,2,9,76,96,S_WPB_L56_DOC1.5_WOC1.0_N2700_F270_R1,S_WPB_L56_DOC1.5_WOC1.0_N2700_F270,1,0,0.008333333333333333,0.06642060041812178
15,3,3,53,all40,120,40,30,10,0.1,FacilityLocation,initializer,12,11,1,2,10,5,9,S_WPA_L36_DOC0.5_WOC2.0_N2700_F270_R2,S_WPA_L36_DOC0.5_WOC2.0_N2700_F270,2,0,0.225,0.11990855621449216
15,3,3,53,all40,120,40,30,10,0.1,FacilityLocation,initializer,12,11,1,2,11,69,89,S_WPB_L56_DOC1.0_WOC2.0_N2700_F270_R2,S_WPB_L56_DOC1.0_WOC2.0_N2700_F270,2,0,0.008333333333333333,0.06619220596561712
15,3,3,53,all40,120,40,30,10,0.1,FacilityLocation,initializer,12,11,1,2,12,113,153,U_WPB_L56_DOC4.0_WOC2.0_N2700_F270_R2,U_WPB_L56_DOC4.0_WOC2.0_N2700_F270,2,1,0.03333333333333333,0.06222728929604674
15,3,3,53,all40,120,40,30,10,0.1,FacilityLocation-R,same-objective one-swap refinement,12,10,2,2,1,5,9,S_WPA_L36_DOC0.5_WOC2.0_N2700_F270_R2,S_WPA_L36_DOC0.5_WOC2.0_N2700_F270,2,0,0.225,0.13147228504882266
15,3,3,53,all40,120,40,30,10,0.1,FacilityLocation-R,same-objective one-swap refinement,12,10,2,2,2,12,16,S_WPA_L36_DOC1.0_WOC1.0_N2700_F270_R1,S_WPA_L36_DOC1.0_WOC1.0_N2700_F270,1,0,0.13333333333333333,0.11003733647839715
15,3,3,53,all40,120,40,30,10,0.1,FacilityLocation-R,same-objective one-swap refinement,12,10,2,2,3,30,38,S_WPA_L36_DOC1.5_WOC2.0_N2700_F270_R3,S_WPA_L36_DOC1.5_WOC2.0_N2700_F270,3,0,0.175,0.11966873729411727
15,3,3,53,all40,120,40,30,10,0.1,FacilityLocation-R,same-objective one-swap refinement,12,10,2,2,4,33,41,S_WPA_L36_DOC2.0_WOC1.0_N1800_F180_R2,S_WPA_L36_DOC2.0_WOC1.0_N1800_F180,2,0,0.008333333333333333,0.05499320164054447
15,3,3,53,all40,120,40,30,10,0.1,FacilityLocation-R,same-objective one-swap refinement,12,10,2,2,5,48,68,S_WPB_L56_DOC0.5_WOC1.0_N3600_F360_R1,S_WPB_L56_DOC0.5_WOC1.0_N3600_F360,1,0,0.016666666666666666,0.05729228870474642
15,3,3,53,all40,120,40,30,10,0.1,FacilityLocation-R,same-objective one-swap refinement,12,10,2,2,6,69,89,S_WPB_L56_DOC1.0_WOC2.0_N2700_F270_R2,S_WPB_L56_DOC1.0_WOC2.0_N2700_F270,2,0,0.008333333333333333,0.05499320164054447
15,3,3,53,all40,120,40,30,10,0.1,FacilityLocation-R,same-objective one-swap refinement,12,10,2,2,7,71,91,S_WPB_L56_DOC1.0_WOC2.0_N2700_F270_R4,S_WPB_L56_DOC1.0_WOC2.0_N2700_F270,4,0,0.14166666666666666,0.12797100675389647
15,3,3,53,all40,120,40,30,10,0.1,FacilityLocation-R,same-objective one-swap refinement,12,10,2,2,8,80,100,S_WPB_L56_DOC1.5_WOC1.0_N3600_F360_R1,S_WPB_L56_DOC1.5_WOC1.0_N3600_F360,1,0,0.008333333333333333,0.05520921896118113
15,3,3,53,all40,120,40,30,10,0.1,FacilityLocation-R,same-objective one-swap refinement,12,10,2,2,9,83,103,S_WPB_L56_DOC1.5_WOC1.0_N3600_F360_R4,S_WPB_L56_DOC1.5_WOC1.0_N3600_F360,4,0,0.016666666666666666,0.07191715105073783
15,3,3,53,all40,120,40,30,10,0.1,FacilityLocation-R,same-objective one-swap refinement,12,10,2,2,10,85,113,U_WPA_L36_DOC2.0_WOC2.0_N2700_F270_R2,U_WPA_L36_DOC2.0_WOC2.0_N2700_F270,2,1,0.025,0.07496021524180588
15,3,3,53,all40,120,40,30,10,0.1,FacilityLocation-R,same-objective one-swap refinement,12,10,2,2,11,97,137,U_WPB_L56_DOC2.0_WOC2.0_N2700_F270_R2,U_WPB_L56_DOC2.0_WOC2.0_N2700_F270,2,1,0.20833333333333334,0.08092878429291253
15,3,3,53,all40,120,40,30,10,0.1,FacilityLocation-R,same-objective one-swap refinement,12,10,2,2,12,113,153,U_WPB_L56_DOC4.0_WOC2.0_N2700_F270_R2,U_WPB_L56_DOC4.0_WOC2.0_N2700_F270,2,1,0.03333333333333333,0.06055657289229371
15,3,3,53,all40,120,40,30,10,0.1,W2-KMedoids,initializer,12,10,2,2,1,12,16,S_WPA_L36_DOC1.0_WOC1.0_N2700_F270_R1,S_WPA_L36_DOC1.0_WOC1.0_N2700_F270,1,0,0.14166666666666666,0.12092575640981215
15,3,3,53,all40,120,40,30,10,0.1,W2-KMedoids,initializer,12,10,2,2,2,19,23,S_WPA_L36_DOC1.0_WOC1.0_N3600_F360_R4,S_WPA_L36_DOC1.0_WOC1.0_N3600_F360,4,0,0.3333333333333333,0.1094565009863175
15,3,3,53,all40,120,40,30,10,0.1,W2-KMedoids,initializer,12,10,2,2,3,21,29,S_WPA_L36_DOC1.5_WOC1.0_N1800_F180_R2,S_WPA_L36_DOC1.5_WOC1.0_N1800_F180,2,0,0.05,0.09252342827377379
15,3,3,53,all40,120,40,30,10,0.1,W2-KMedoids,initializer,12,10,2,2,4,33,41,S_WPA_L36_DOC2.0_WOC1.0_N1800_F180_R2,S_WPA_L36_DOC2.0_WOC1.0_N1800_F180,2,0,0.008333333333333333,0.06464021703006106
15,3,3,53,all40,120,40,30,10,0.1,W2-KMedoids,initializer,12,10,2,2,5,48,68,S_WPB_L56_DOC0.5_WOC1.0_N3600_F360_R1,S_WPB_L56_DOC0.5_WOC1.0_N3600_F360,1,0,0.008333333333333333,0.06381617499851476
15,3,3,53,all40,120,40,30,10,0.1,W2-KMedoids,initializer,12,10,2,2,6,49,69,S_WPB_L56_DOC0.5_WOC1.0_N3600_F360_R2,S_WPB_L56_DOC0.5_WOC1.0_N3600_F360,2,0,0.14166666666666666,0.10585250289299805
15,3,3,53,all40,120,40,30,10,0.1,W2-KMedoids,initializer,12,10,2,2,7,69,89,S_WPB_L56_DOC1.0_WOC2.0_N2700_F270_R2,S_WPB_L56_DOC1.0_WOC2.0_N2700_F270,2,0,0.008333333333333333,0.06464021703006109
15,3,3,53,all40,120,40,30,10,0.1,W2-KMedoids,initializer,12,10,2,2,8,70,90,S_WPB_L56_DOC1.0_WOC2.0_N2700_F270_R3,S_WPB_L56_DOC1.0_WOC2.0_N2700_F270,3,0,0.008333333333333333,0.06381814360219197
15,3,3,53,all40,120,40,30,10,0.1,W2-KMedoids,initializer,12,10,2,2,9,76,96,S_WPB_L56_DOC1.5_WOC1.0_N2700_F270_R1,S_WPB_L56_DOC1.5_WOC1.0_N2700_F270,1,0,0.008333333333333333,0.06484583311925338
15,3,3,53,all40,120,40,30,10,0.1,W2-KMedoids,initializer,12,10,2,2,10,80,100,S_WPB_L56_DOC1.5_WOC1.0_N3600_F360_R1,S_WPB_L56_DOC1.5_WOC1.0_N3600_F360,1,0,0.008333333333333333,0.0647951960556163
15,3,3,53,all40,120,40,30,10,0.1,W2-KMedoids,initializer,12,10,2,2,11,85,113,U_WPA_L36_DOC2.0_WOC2.0_N2700_F270_R2,U_WPA_L36_DOC2.0_WOC2.0_N2700_F270,2,1,0.025,0.07459314244218111
15,3,3,53,all40,120,40,30,10,0.1,W2-KMedoids,initializer,12,10,2,2,12,97,137,U_WPB_L56_DOC2.0_WOC2.0_N2700_F270_R2,U_WPB_L56_DOC2.0_WOC2.0_N2700_F270,2,1,0.25833333333333336,0.11009288715921879
15,3,3,53,all40,120,40,30,10,0.1,W2-KMedoids-R,same-objective one-swap refinement,12,10,2,2,1,12,16,S_WPA_L36_DOC1.0_WOC1.0_N2700_F270_R1,S_WPA_L36_DOC1.0_WOC1.0_N2700_F270,1,0,0.14166666666666666,0.13830876052241492
15,3,3,53,all40,120,40,30,10,0.1,W2-KMedoids-R,same-objective one-swap refinement,12,10,2,2,2,19,23,S_WPA_L36_DOC1.0_WOC1.0_N3600_F360_R4,S_WPA_L36_DOC1.0_WOC1.0_N3600_F360,4,0,0.3333333333333333,0.12238600317101621
15,3,3,53,all40,120,40,30,10,0.1,W2-KMedoids-R,same-objective one-swap refinement,12,10,2,2,3,21,29,S_WPA_L36_DOC1.5_WOC1.0_N1800_F180_R2,S_WPA_L36_DOC1.5_WOC1.0_N1800_F180,2,0,0.05,0.09517520071099142
15,3,3,53,all40,120,40,30,10,0.1,W2-KMedoids-R,same-objective one-swap refinement,12,10,2,2,4,33,41,S_WPA_L36_DOC2.0_WOC1.0_N1800_F180_R2,S_WPA_L36_DOC2.0_WOC1.0_N1800_F180,2,0,0.008333333333333333,0.05331036799196618
15,3,3,53,all40,120,40,30,10,0.1,W2-KMedoids-R,same-objective one-swap refinement,12,10,2,2,5,49,69,S_WPB_L56_DOC0.5_WOC1.0_N3600_F360_R2,S_WPB_L56_DOC0.5_WOC1.0_N3600_F360,2,0,0.14166666666666666,0.11892274745050359
15,3,3,53,all40,120,40,30,10,0.1,W2-KMedoids-R,same-objective one-swap refinement,12,10,2,2,6,69,89,S_WPB_L56_DOC1.0_WOC2.0_N2700_F270_R2,S_WPB_L56_DOC1.0_WOC2.0_N2700_F270,2,0,0.008333333333333333,0.05331036799196618
15,3,3,53,all40,120,40,30,10,0.1,W2-KMedoids-R,same-objective one-swap refinement,12,10,2,2,7,70,90,S_WPB_L56_DOC1.0_WOC2.0_N2700_F270_R3,S_WPB_L56_DOC1.0_WOC2.0_N2700_F270,3,0,0.016666666666666666,0.05422558958408979
15,3,3,53,all40,120,40,30,10,0.1,W2-KMedoids-R,same-objective one-swap refinement,12,10,2,2,8,76,96,S_WPB_L56_DOC1.5_WOC1.0_N2700_F270_R1,S_WPB_L56_DOC1.5_WOC1.0_N2700_F270,1,0,0.008333333333333333,0.05365977881229415
15,3,3,53,all40,120,40,30,10,0.1,W2-KMedoids-R,same-objective one-swap refinement,12,10,2,2,9,80,100,S_WPB_L56_DOC1.5_WOC1.0_N3600_F360_R1,S_WPB_L56_DOC1.5_WOC1.0_N3600_F360,1,0,0.008333333333333333,0.05353554133299119
15,3,3,53,all40,120,40,30,10,0.1,W2-KMedoids-R,same-objective one-swap refinement,12,10,2,2,10,85,113,U_WPA_L36_DOC2.0_WOC2.0_N2700_F270_R2,U_WPA_L36_DOC2.0_WOC2.0_N2700_F270,2,1,0.025,0.0682707372208853
15,3,3,53,all40,120,40,30,10,0.1,W2-KMedoids-R,same-objective one-swap refinement,12,10,2,2,11,87,115,U_WPA_L36_DOC2.0_WOC2.0_N2700_F270_R4,U_WPA_L36_DOC2.0_WOC2.0_N2700_F270,4,1,0.075,0.07035438851712138
15,3,3,53,all40,120,40,30,10,0.1,W2-KMedoids-R,same-objective one-swap refinement,12,10,2,2,12,97,137,U_WPB_L56_DOC2.0_WOC2.0_N2700_F270_R2,U_WPB_L56_DOC2.0_WOC2.0_N2700_F270,2,1,0.18333333333333332,0.11854051669375973
15,3,3,53,all40,120,40,30,10,0.1,MRDS projected,initializer,12,9,3,3,1,90,122,U_WPA_L36_DOC4.0_WOC2.0_N2700_F270_R3,U_WPA_L36_DOC4.0_WOC2.0_N2700_F270,3,1,0.275,0.11013378356854044
15,3,3,53,all40,120,40,30,10,0.1,MRDS projected,initializer,12,9,3,3,2,80,100,S_WPB_L56_DOC1.5_WOC1.0_N3600_F360_R1,S_WPB_L56_DOC1.5_WOC1.0_N3600_F360,1,0,0.008333333333333333,0.060735918544403966
15,3,3,53,all40,120,40,30,10,0.1,MRDS projected,initializer,12,9,3,3,3,33,41,S_WPA_L36_DOC2.0_WOC1.0_N1800_F180_R2,S_WPA_L36_DOC2.0_WOC1.0_N1800_F180,2,0,0.008333333333333333,0.06055721645084518
15,3,3,53,all40,120,40,30,10,0.1,MRDS projected,initializer,12,9,3,3,4,70,90,S_WPB_L56_DOC1.0_WOC2.0_N2700_F270_R3,S_WPB_L56_DOC1.0_WOC2.0_N2700_F270,3,0,0.008333333333333333,0.059610922468745754
15,3,3,53,all40,120,40,30,10,0.1,MRDS projected,initializer,12,9,3,3,5,76,96,S_WPB_L56_DOC1.5_WOC1.0_N2700_F270_R1,S_WPB_L56_DOC1.5_WOC1.0_N2700_F270,1,0,0.008333333333333333,0.06073964137129045
15,3,3,53,all40,120,40,30,10,0.1,MRDS projected,initializer,12,9,3,3,6,69,89,S_WPB_L56_DOC1.0_WOC2.0_N2700_F270_R2,S_WPB_L56_DOC1.0_WOC2.0_N2700_F270,2,0,0.008333333333333333,0.06055721645084518
15,3,3,53,all40,120,40,30,10,0.1,MRDS projected,initializer,12,9,3,3,7,48,68,S_WPB_L56_DOC0.5_WOC1.0_N3600_F360_R1,S_WPB_L56_DOC0.5_WOC1.0_N3600_F360,1,0,0.008333333333333333,0.05960863533453644
15,3,3,53,all40,120,40,30,10,0.1,MRDS projected,initializer,12,9,3,3,8,112,152,U_WPB_L56_DOC4.0_WOC2.0_N2700_F270_R1,U_WPB_L56_DOC4.0_WOC2.0_N2700_F270,1,1,0.008333333333333333,0.05264651672054957
15,3,3,53,all40,120,40,30,10,0.1,MRDS projected,initializer,12,9,3,3,9,68,88,S_WPB_L56_DOC1.0_WOC2.0_N2700_F270_R1,S_WPB_L56_DOC1.0_WOC2.0_N2700_F270,1,0,0.025,0.1358922161613944
15,3,3,53,all40,120,40,30,10,0.1,MRDS projected,initializer,12,9,3,3,10,15,19,S_WPA_L36_DOC1.0_WOC1.0_N2700_F270_R4,S_WPA_L36_DOC1.0_WOC1.0_N2700_F270,4,0,0.13333333333333333,0.10489744712002187
15,3,3,53,all40,120,40,30,10,0.1,MRDS projected,initializer,12,9,3,3,11,110,150,U_WPB_L56_DOC4.0_WOC1.0_N2700_F270_R3,U_WPB_L56_DOC4.0_WOC1.0_N2700_F270,3,1,0.008333333333333333,0.05585028987817195
15,3,3,53,all40,120,40,30,10,0.1,MRDS projected,initializer,12,9,3,3,12,77,97,S_WPB_L56_DOC1.5_WOC1.0_N2700_F270_R2,S_WPB_L56_DOC1.5_WOC1.0_N2700_F270,2,0,0.5,0.1787701959306548
15,3,3,53,all40,120,40,30,10,0.1,MRDS-IS-R (proposed),same-objective one-swap refinement,12,10,2,2,1,15,19,S_WPA_L36_DOC1.0_WOC1.0_N2700_F270_R4,S_WPA_L36_DOC1.0_WOC1.0_N2700_F270,4,0,0.13333333333333333,0.11128345683359618
15,3,3,53,all40,120,40,30,10,0.1,MRDS-IS-R (proposed),same-objective one-swap refinement,12,10,2,2,2,33,41,S_WPA_L36_DOC2.0_WOC1.0_N1800_F180_R2,S_WPA_L36_DOC2.0_WOC1.0_N1800_F180,2,0,0.008333333333333333,0.048449041108417336
15,3,3,53,all40,120,40,30,10,0.1,MRDS-IS-R (proposed),same-objective one-swap refinement,12,10,2,2,3,48,68,S_WPB_L56_DOC0.5_WOC1.0_N3600_F360_R1,S_WPB_L56_DOC0.5_WOC1.0_N3600_F360,1,0,0.008333333333333333,0.04715774131219826
15,3,3,53,all40,120,40,30,10,0.1,MRDS-IS-R (proposed),same-objective one-swap refinement,12,10,2,2,4,69,89,S_WPB_L56_DOC1.0_WOC2.0_N2700_F270_R2,S_WPB_L56_DOC1.0_WOC2.0_N2700_F270,2,0,0.008333333333333333,0.048449041108417336
15,3,3,53,all40,120,40,30,10,0.1,MRDS-IS-R (proposed),same-objective one-swap refinement,12,10,2,2,5,70,90,S_WPB_L56_DOC1.0_WOC2.0_N2700_F270_R3,S_WPB_L56_DOC1.0_WOC2.0_N2700_F270,3,0,0.008333333333333333,0.04716082568644421
15,3,3,53,all40,120,40,30,10,0.1,MRDS-IS-R (proposed),same-objective one-swap refinement,12,10,2,2,6,76,96,S_WPB_L56_DOC1.5_WOC1.0_N2700_F270_R1,S_WPB_L56_DOC1.5_WOC1.0_N2700_F270,1,0,0.008333333333333333,0.04870318540953326
15,3,3,53,all40,120,40,30,10,0.1,MRDS-IS-R (proposed),same-objective one-swap refinement,12,10,2,2,7,77,97,S_WPB_L56_DOC1.5_WOC1.0_N2700_F270_R2,S_WPB_L56_DOC1.5_WOC1.0_N2700_F270,2,0,0.30833333333333335,0.219455242791521
15,3,3,53,all40,120,40,30,10,0.1,MRDS-IS-R (proposed),same-objective one-swap refinement,12,10,2,2,8,80,100,S_WPB_L56_DOC1.5_WOC1.0_N3600_F360_R1,S_WPB_L56_DOC1.5_WOC1.0_N3600_F360,1,0,0.008333333333333333,0.04869400519527081
15,3,3,53,all40,120,40,30,10,0.1,MRDS-IS-R (proposed),same-objective one-swap refinement,12,10,2,2,9,90,122,U_WPA_L36_DOC4.0_WOC2.0_N2700_F270_R3,U_WPA_L36_DOC4.0_WOC2.0_N2700_F270,3,1,0.25,0.11615777615113738
15,3,3,53,all40,120,40,30,10,0.1,MRDS-IS-R (proposed),same-objective one-swap refinement,12,10,2,2,10,95,127,U_WPB_L56_DOC2.0_WOC1.0_N1800_F180_R4,U_WPB_L56_DOC2.0_WOC1.0_N1800_F180,4,1,0.24166666666666667,0.17343695480826624
15,3,3,53,all40,120,40,30,10,0.1,MRDS-IS-R (proposed),same-objective one-swap refinement,12,10,2,2,11,110,150,U_WPB_L56_DOC4.0_WOC1.0_N2700_F270_R3,U_WPB_L56_DOC4.0_WOC1.0_N2700_F270,3,1,0.008333333333333333,0.04781106093195338
15,3,3,53,all40,120,40,30,10,0.1,MRDS-IS-R (proposed),same-objective one-swap refinement,12,10,2,2,12,112,152,U_WPB_L56_DOC4.0_WOC2.0_N2700_F270_R1,U_WPB_L56_DOC4.0_WOC2.0_N2700_F270,1,1,0.008333333333333333,0.043241668663244796
15,3,3,53,all40,120,40,30,10,0.1,Best-of-starts-R (diagnostic only),diagnostic oracle over supplied starts; winner=FacilityLocation,12,10,2,2,1,5,9,S_WPA_L36_DOC0.5_WOC2.0_N2700_F270_R2,S_WPA_L36_DOC0.5_WOC2.0_N2700_F270,2,0,0.225,0.13147228504882266
15,3,3,53,all40,120,40,30,10,0.1,Best-of-starts-R (diagnostic only),diagnostic oracle over supplied starts; winner=FacilityLocation,12,10,2,2,2,12,16,S_WPA_L36_DOC1.0_WOC1.0_N2700_F270_R1,S_WPA_L36_DOC1.0_WOC1.0_N2700_F270,1,0,0.13333333333333333,0.11003733647839715
15,3,3,53,all40,120,40,30,10,0.1,Best-of-starts-R (diagnostic only),diagnostic oracle over supplied starts; winner=FacilityLocation,12,10,2,2,3,30,38,S_WPA_L36_DOC1.5_WOC2.0_N2700_F270_R3,S_WPA_L36_DOC1.5_WOC2.0_N2700_F270,3,0,0.175,0.11966873729411727
15,3,3,53,all40,120,40,30,10,0.1,Best-of-starts-R (diagnostic only),diagnostic oracle over supplied starts; winner=FacilityLocation,12,10,2,2,4,33,41,S_WPA_L36_DOC2.0_WOC1.0_N1800_F180_R2,S_WPA_L36_DOC2.0_WOC1.0_N1800_F180,2,0,0.008333333333333333,0.05499320164054447
15,3,3,53,all40,120,40,30,10,0.1,Best-of-starts-R (diagnostic only),diagnostic oracle over supplied starts; winner=FacilityLocation,12,10,2,2,5,48,68,S_WPB_L56_DOC0.5_WOC1.0_N3600_F360_R1,S_WPB_L56_DOC0.5_WOC1.0_N3600_F360,1,0,0.016666666666666666,0.05729228870474642
15,3,3,53,all40,120,40,30,10,0.1,Best-of-starts-R (diagnostic only),diagnostic oracle over supplied starts; winner=FacilityLocation,12,10,2,2,6,69,89,S_WPB_L56_DOC1.0_WOC2.0_N2700_F270_R2,S_WPB_L56_DOC1.0_WOC2.0_N2700_F270,2,0,0.008333333333333333,0.05499320164054447
15,3,3,53,all40,120,40,30,10,0.1,Best-of-starts-R (diagnostic only),diagnostic oracle over supplied starts; winner=FacilityLocation,12,10,2,2,7,71,91,S_WPB_L56_DOC1.0_WOC2.0_N2700_F270_R4,S_WPB_L56_DOC1.0_WOC2.0_N2700_F270,4,0,0.14166666666666666,0.12797100675389647
15,3,3,53,all40,120,40,30,10,0.1,Best-of-starts-R (diagnostic only),diagnostic oracle over supplied starts; winner=FacilityLocation,12,10,2,2,8,80,100,S_WPB_L56_DOC1.5_WOC1.0_N3600_F360_R1,S_WPB_L56_DOC1.5_WOC1.0_N3600_F360,1,0,0.008333333333333333,0.05520921896118113
15,3,3,53,all40,120,40,30,10,0.1,Best-of-starts-R (diagnostic only),diagnostic oracle over supplied starts; winner=FacilityLocation,12,10,2,2,9,83,103,S_WPB_L56_DOC1.5_WOC1.0_N3600_F360_R4,S_WPB_L56_DOC1.5_WOC1.0_N3600_F360,4,0,0.016666666666666666,0.07191715105073783
15,3,3,53,all40,120,40,30,10,0.1,Best-of-starts-R (diagnostic only),diagnostic oracle over supplied starts; winner=FacilityLocation,12,10,2,2,10,85,113,U_WPA_L36_DOC2.0_WOC2.0_N2700_F270_R2,U_WPA_L36_DOC2.0_WOC2.0_N2700_F270,2,1,0.025,0.07496021524180588
15,3,3,53,all40,120,40,30,10,0.1,Best-of-starts-R (diagnostic only),diagnostic oracle over supplied starts; winner=FacilityLocation,12,10,2,2,11,97,137,U_WPB_L56_DOC2.0_WOC2.0_N2700_F270_R2,U_WPB_L56_DOC2.0_WOC2.0_N2700_F270,2,1,0.20833333333333334,0.08092878429291253
15,3,3,53,all40,120,40,30,10,0.1,Best-of-starts-R (diagnostic only),diagnostic oracle over supplied starts; winner=FacilityLocation,12,10,2,2,12,113,153,U_WPB_L56_DOC4.0_WOC2.0_N2700_F270_R2,U_WPB_L56_DOC4.0_WOC2.0_N2700_F270,2,1,0.03333333333333333,0.06055657289229371
16,4,0,71,all40,120,40,30,10,0.1,Random,initializer,12,10,2,2,1,2,2,S_WPA_L36_DOC0.5_WOC1.0_N2700_F270_R3,S_WPA_L36_DOC0.5_WOC1.0_N2700_F270,3,0,0.14166666666666666,1.5017920165471533e-10
16,4,0,71,all40,120,40,30,10,0.1,Random,initializer,12,10,2,2,2,5,9,S_WPA_L36_DOC0.5_WOC2.0_N2700_F270_R2,S_WPA_L36_DOC0.5_WOC2.0_N2700_F270,2,0,0.125,2.0054011714701772e-11
16,4,0,71,all40,120,40,30,10,0.1,Random,initializer,12,10,2,2,3,24,32,S_WPA_L36_DOC1.5_WOC1.0_N3600_F360_R1,S_WPA_L36_DOC1.5_WOC1.0_N3600_F360,1,0,0.05,1.4778362530435233e-11
16,4,0,71,all40,120,40,30,10,0.1,Random,initializer,12,10,2,2,4,27,35,S_WPA_L36_DOC1.5_WOC1.0_N3600_F360_R4,S_WPA_L36_DOC1.5_WOC1.0_N3600_F360,4,0,0.175,1.0843793924178808e-11
16,4,0,71,all40,120,40,30,10,0.1,Random,initializer,12,10,2,2,5,44,56,S_WPA_L36_DOC6.0_WOC1.0_N2700_F270_R1,S_WPA_L36_DOC6.0_WOC1.0_N2700_F270,1,0,0.041666666666666664,2.0865249181286897e-08
16,4,0,71,all40,120,40,30,10,0.1,Random,initializer,12,10,2,2,6,52,64,S_WPB_L56_DOC0.5_WOC1.0_N2700_F270_R1,S_WPB_L56_DOC0.5_WOC1.0_N2700_F270,1,0,0.03333333333333333,7.648412899902558e-05
16,4,0,71,all40,120,40,30,10,0.1,Random,initializer,12,10,2,2,7,59,71,S_WPB_L56_DOC0.5_WOC1.0_N3600_F360_R4,S_WPB_L56_DOC0.5_WOC1.0_N3600_F360,4,0,0.125,1.2064128441511784e-09
16,4,0,71,all40,120,40,30,10,0.1,Random,initializer,12,10,2,2,8,73,101,S_WPB_L56_DOC1.5_WOC1.0_N3600_F360_R2,S_WPB_L56_DOC1.5_WOC1.0_N3600_F360,2,0,0.058333333333333334,3.149276557153844e-11
16,4,0,71,all40,120,40,30,10,0.1,Random,initializer,12,10,2,2,9,75,103,S_WPB_L56_DOC1.5_WOC1.0_N3600_F360_R4,S_WPB_L56_DOC1.5_WOC1.0_N3600_F360,4,0,0.058333333333333334,7.753811267811683e-09
16,4,0,71,all40,120,40,30,10,0.1,Random,initializer,12,10,2,2,10,86,118,U_WPA_L36_DOC3.0_WOC1.0_N3600_F360_R3,U_WPA_L36_DOC3.0_WOC1.0_N3600_F360,3,1,0.075,5.340860976426021e-05
16,4,0,71,all40,120,40,30,10,0.1,Random,initializer,12,10,2,2,11,103,143,U_WPB_L56_DOC3.0_WOC1.0_N1800_F180_R4,U_WPB_L56_DOC3.0_WOC1.0_N1800_F180,4,1,0.09166666666666666,6.5347998017006934e-09
16,4,0,71,all40,120,40,30,10,0.1,Random,initializer,12,10,2,2,12,112,152,U_WPB_L56_DOC4.0_WOC2.0_N2700_F270_R1,U_WPB_L56_DOC4.0_WOC2.0_N2700_F270,1,1,0.025,0.9998700706736156
16,4,0,71,all40,120,40,30,10,0.1,Random-R,same-objective one-swap refinement,12,10,2,2,1,2,2,S_WPA_L36_DOC0.5_WOC1.0_N2700_F270_R3,S_WPA_L36_DOC0.5_WOC1.0_N2700_F270,3,0,0.14166666666666666,4.6413471477995665e-15
16,4,0,71,all40,120,40,30,10,0.1,Random-R,same-objective one-swap refinement,12,10,2,2,2,5,9,S_WPA_L36_DOC0.5_WOC2.0_N2700_F270_R2,S_WPA_L36_DOC0.5_WOC2.0_N2700_F270,2,0,0.125,3.2121115068119607e-16
16,4,0,71,all40,120,40,30,10,0.1,Random-R,same-objective one-swap refinement,12,10,2,2,3,24,32,S_WPA_L36_DOC1.5_WOC1.0_N3600_F360_R1,S_WPA_L36_DOC1.5_WOC1.0_N3600_F360,1,0,0.05,2.349688635269349e-16
16,4,0,71,all40,120,40,30,10,0.1,Random-R,same-objective one-swap refinement,12,10,2,2,4,27,35,S_WPA_L36_DOC1.5_WOC1.0_N3600_F360_R4,S_WPA_L36_DOC1.5_WOC1.0_N3600_F360,4,0,0.175,1.6594304684041726e-16
16,4,0,71,all40,120,40,30,10,0.1,Random-R,same-objective one-swap refinement,12,10,2,2,5,44,56,S_WPA_L36_DOC6.0_WOC1.0_N2700_F270_R1,S_WPA_L36_DOC6.0_WOC1.0_N2700_F270,1,0,0.05,3.7776232937033e-12
16,4,0,71,all40,120,40,30,10,0.1,Random-R,same-objective one-swap refinement,12,10,2,2,6,52,64,S_WPB_L56_DOC0.5_WOC1.0_N2700_F270_R1,S_WPB_L56_DOC0.5_WOC1.0_N2700_F270,1,0,0.03333333333333333,2.612826170456622e-07
16,4,0,71,all40,120,40,30,10,0.1,Random-R,same-objective one-swap refinement,12,10,2,2,7,59,71,S_WPB_L56_DOC0.5_WOC1.0_N3600_F360_R4,S_WPB_L56_DOC0.5_WOC1.0_N3600_F360,4,0,0.125,9.290758936835561e-14
16,4,0,71,all40,120,40,30,10,0.1,Random-R,same-objective one-swap refinement,12,10,2,2,8,65,89,S_WPB_L56_DOC1.0_WOC2.0_N2700_F270_R2,S_WPB_L56_DOC1.0_WOC2.0_N2700_F270,2,0,0.025,0.9995946874609462
16,4,0,71,all40,120,40,30,10,0.1,Random-R,same-objective one-swap refinement,12,10,2,2,9,73,101,S_WPB_L56_DOC1.5_WOC1.0_N3600_F360_R2,S_WPB_L56_DOC1.5_WOC1.0_N3600_F360,2,0,0.058333333333333334,7.159124636933568e-16
16,4,0,71,all40,120,40,30,10,0.1,Random-R,same-objective one-swap refinement,12,10,2,2,10,75,103,S_WPB_L56_DOC1.5_WOC1.0_N3600_F360_R4,S_WPB_L56_DOC1.5_WOC1.0_N3600_F360,4,0,0.03333333333333333,0.00040455823499805515
16,4,0,71,all40,120,40,30,10,0.1,Random-R,same-objective one-swap refinement,12,10,2,2,11,86,118,U_WPA_L36_DOC3.0_WOC1.0_N3600_F360_R3,U_WPA_L36_DOC3.0_WOC1.0_N3600_F360,3,1,0.075,4.930165155922937e-07
16,4,0,71,all40,120,40,30,10,0.1,Random-R,same-objective one-swap refinement,12,10,2,2,12,103,143,U_WPB_L56_DOC3.0_WOC1.0_N1800_F180_R4,U_WPB_L56_DOC3.0_WOC1.0_N1800_F180,4,1,0.10833333333333334,1.0466414034460987e-12
16,4,0,71,all40,120,40,30,10,0.1,FacilityLocation,initializer,12,8,4,3,1,30,38,S_WPA_L36_DOC1.5_WOC2.0_N2700_F270_R3,S_WPA_L36_DOC1.5_WOC2.0_N2700_F270,3,0,0.24166666666666667,0.11183841438814507
16,4,0,71,all40,120,40,30,10,0.1,FacilityLocation,initializer,12,8,4,3,2,106,146,U_WPB_L56_DOC3.0_WOC1.0_N3600_F360_R3,U_WPB_L56_DOC3.0_WOC1.0_N3600_F360,3,1,0.20833333333333334,0.11497187203937914
16,4,0,71,all40,120,40,30,10,0.1,FacilityLocation,initializer,12,8,4,3,3,67,91,S_WPB_L56_DOC1.0_WOC2.0_N2700_F270_R4,S_WPB_L56_DOC1.0_WOC2.0_N2700_F270,4,0,0.14166666666666666,0.09363624883407504
16,4,0,71,all40,120,40,30,10,0.1,FacilityLocation,initializer,12,8,4,3,4,87,119,U_WPA_L36_DOC3.0_WOC1.0_N3600_F360_R4,U_WPA_L36_DOC3.0_WOC1.0_N3600_F360,4,1,0.06666666666666667,0.07717888062717099
16,4,0,71,all40,120,40,30,10,0.1,FacilityLocation,initializer,12,8,4,3,5,12,16,S_WPA_L36_DOC1.0_WOC1.0_N2700_F270_R1,S_WPA_L36_DOC1.0_WOC1.0_N2700_F270,1,0,0.15,0.11905277425937995
16,4,0,71,all40,120,40,30,10,0.1,FacilityLocation,initializer,12,8,4,3,6,54,66,S_WPB_L56_DOC0.5_WOC1.0_N2700_F270_R3,S_WPB_L56_DOC0.5_WOC1.0_N2700_F270,3,0,0.03333333333333333,0.060019325792389645
16,4,0,71,all40,120,40,30,10,0.1,FacilityLocation,initializer,12,8,4,3,7,66,90,S_WPB_L56_DOC1.0_WOC2.0_N2700_F270_R3,S_WPB_L56_DOC1.0_WOC2.0_N2700_F270,3,0,0.016666666666666666,0.06424652682108034
16,4,0,71,all40,120,40,30,10,0.1,FacilityLocation,initializer,12,8,4,3,8,35,43,S_WPA_L36_DOC2.0_WOC1.0_N1800_F180_R4,S_WPA_L36_DOC2.0_WOC1.0_N1800_F180,4,0,0.1,0.09624441021650797
16,4,0,71,all40,120,40,30,10,0.1,FacilityLocation,initializer,12,8,4,3,9,33,41,S_WPA_L36_DOC2.0_WOC1.0_N1800_F180_R2,S_WPA_L36_DOC2.0_WOC1.0_N1800_F180,2,0,0.016666666666666666,0.0671239222089967
16,4,0,71,all40,120,40,30,10,0.1,FacilityLocation,initializer,12,8,4,3,10,72,100,S_WPB_L56_DOC1.5_WOC1.0_N3600_F360_R1,S_WPB_L56_DOC1.5_WOC1.0_N3600_F360,1,0,0.008333333333333333,0.06526961651977127
16,4,0,71,all40,120,40,30,10,0.1,FacilityLocation,initializer,12,8,4,3,11,85,117,U_WPA_L36_DOC3.0_WOC1.0_N3600_F360_R2,U_WPA_L36_DOC3.0_WOC1.0_N3600_F360,2,1,0.008333333333333333,0.06526219906478682
16,4,0,71,all40,120,40,30,10,0.1,FacilityLocation,initializer,12,8,4,3,12,84,116,U_WPA_L36_DOC3.0_WOC1.0_N3600_F360_R1,U_WPA_L36_DOC3.0_WOC1.0_N3600_F360,1,1,0.008333333333333333,0.06515580922831708
16,4,0,71,all40,120,40,30,10,0.1,FacilityLocation-R,same-objective one-swap refinement,12,8,4,3,1,12,16,S_WPA_L36_DOC1.0_WOC1.0_N2700_F270_R1,S_WPA_L36_DOC1.0_WOC1.0_N2700_F270,1,0,0.15,0.13061779009136362
16,4,0,71,all40,120,40,30,10,0.1,FacilityLocation-R,same-objective one-swap refinement,12,8,4,3,2,30,38,S_WPA_L36_DOC1.5_WOC2.0_N2700_F270_R3,S_WPA_L36_DOC1.5_WOC2.0_N2700_F270,3,0,0.2,0.12326033239349007
16,4,0,71,all40,120,40,30,10,0.1,FacilityLocation-R,same-objective one-swap refinement,12,8,4,3,3,33,41,S_WPA_L36_DOC2.0_WOC1.0_N1800_F180_R2,S_WPA_L36_DOC2.0_WOC1.0_N1800_F180,2,0,0.016666666666666666,0.058494574213576796
16,4,0,71,all40,120,40,30,10,0.1,FacilityLocation-R,same-objective one-swap refinement,12,8,4,3,4,35,43,S_WPA_L36_DOC2.0_WOC1.0_N1800_F180_R4,S_WPA_L36_DOC2.0_WOC1.0_N1800_F180,4,0,0.1,0.10852540180848394
16,4,0,71,all40,120,40,30,10,0.1,FacilityLocation-R,same-objective one-swap refinement,12,8,4,3,5,66,90,S_WPB_L56_DOC1.0_WOC2.0_N2700_F270_R3,S_WPB_L56_DOC1.0_WOC2.0_N2700_F270,3,0,0.016666666666666666,0.053002683027650876
16,4,0,71,all40,120,40,30,10,0.1,FacilityLocation-R,same-objective one-swap refinement,12,8,4,3,6,67,91,S_WPB_L56_DOC1.0_WOC2.0_N2700_F270_R4,S_WPB_L56_DOC1.0_WOC2.0_N2700_F270,4,0,0.175,0.11049573075774027
16,4,0,71,all40,120,40,30,10,0.1,FacilityLocation-R,same-objective one-swap refinement,12,8,4,3,7,72,100,S_WPB_L56_DOC1.5_WOC1.0_N3600_F360_R1,S_WPB_L56_DOC1.5_WOC1.0_N3600_F360,1,0,0.008333333333333333,0.05372988727592892
16,4,0,71,all40,120,40,30,10,0.1,FacilityLocation-R,same-objective one-swap refinement,12,8,4,3,8,84,116,U_WPA_L36_DOC3.0_WOC1.0_N3600_F360_R1,U_WPA_L36_DOC3.0_WOC1.0_N3600_F360,1,1,0.008333333333333333,0.05358565179228728
16,4,0,71,all40,120,40,30,10,0.1,FacilityLocation-R,same-objective one-swap refinement,12,8,4,3,9,85,117,U_WPA_L36_DOC3.0_WOC1.0_N3600_F360_R2,U_WPA_L36_DOC3.0_WOC1.0_N3600_F360,2,1,0.008333333333333333,0.053721948812969676
16,4,0,71,all40,120,40,30,10,0.1,FacilityLocation-R,same-objective one-swap refinement,12,8,4,3,10,87,119,U_WPA_L36_DOC3.0_WOC1.0_N3600_F360_R4,U_WPA_L36_DOC3.0_WOC1.0_N3600_F360,4,1,0.06666666666666667,0.07130752088571464
16,4,0,71,all40,120,40,30,10,0.1,FacilityLocation-R,same-objective one-swap refinement,12,8,4,3,11,92,128,U_WPB_L56_DOC2.0_WOC1.0_N2700_F270_R1,U_WPB_L56_DOC2.0_WOC1.0_N2700_F270,1,1,0.1,0.06450284362489699
16,4,0,71,all40,120,40,30,10,0.1,FacilityLocation-R,same-objective one-swap refinement,12,8,4,3,12,106,146,U_WPB_L56_DOC3.0_WOC1.0_N3600_F360_R3,U_WPB_L56_DOC3.0_WOC1.0_N3600_F360,3,1,0.15,0.11875563531589689
16,4,0,71,all40,120,40,30,10,0.1,W2-KMedoids,initializer,12,8,4,3,1,12,16,S_WPA_L36_DOC1.0_WOC1.0_N2700_F270_R1,S_WPA_L36_DOC1.0_WOC1.0_N2700_F270,1,0,0.14166666666666666,0.10788303679866003
16,4,0,71,all40,120,40,30,10,0.1,W2-KMedoids,initializer,12,8,4,3,2,29,37,S_WPA_L36_DOC1.5_WOC2.0_N2700_F270_R2,S_WPA_L36_DOC1.5_WOC2.0_N2700_F270,2,0,0.21666666666666667,0.10853373054811642
16,4,0,71,all40,120,40,30,10,0.1,W2-KMedoids,initializer,12,8,4,3,3,34,42,S_WPA_L36_DOC2.0_WOC1.0_N1800_F180_R3,S_WPA_L36_DOC2.0_WOC1.0_N1800_F180,3,0,0.1,0.09172623188819899
16,4,0,71,all40,120,40,30,10,0.1,W2-KMedoids,initializer,12,8,4,3,4,54,66,S_WPB_L56_DOC0.5_WOC1.0_N2700_F270_R3,S_WPB_L56_DOC0.5_WOC1.0_N2700_F270,3,0,0.03333333333333333,0.060394257199006304
16,4,0,71,all40,120,40,30,10,0.1,W2-KMedoids,initializer,12,8,4,3,5,65,89,S_WPB_L56_DOC1.0_WOC2.0_N2700_F270_R2,S_WPB_L56_DOC1.0_WOC2.0_N2700_F270,2,0,0.016666666666666666,0.06736706479294076
16,4,0,71,all40,120,40,30,10,0.1,W2-KMedoids,initializer,12,8,4,3,6,66,90,S_WPB_L56_DOC1.0_WOC2.0_N2700_F270_R3,S_WPB_L56_DOC1.0_WOC2.0_N2700_F270,3,0,0.016666666666666666,0.06448309028826589
16,4,0,71,all40,120,40,30,10,0.1,W2-KMedoids,initializer,12,8,4,3,7,67,91,S_WPB_L56_DOC1.0_WOC2.0_N2700_F270_R4,S_WPB_L56_DOC1.0_WOC2.0_N2700_F270,4,0,0.14166666666666666,0.0908591835392301
16,4,0,71,all40,120,40,30,10,0.1,W2-KMedoids,initializer,12,8,4,3,8,72,100,S_WPB_L56_DOC1.5_WOC1.0_N3600_F360_R1,S_WPB_L56_DOC1.5_WOC1.0_N3600_F360,1,0,0.008333333333333333,0.06547909148106622
16,4,0,71,all40,120,40,30,10,0.1,W2-KMedoids,initializer,12,8,4,3,9,84,116,U_WPA_L36_DOC3.0_WOC1.0_N3600_F360_R1,U_WPA_L36_DOC3.0_WOC1.0_N3600_F360,1,1,0.008333333333333333,0.06536689260278444
16,4,0,71,all40,120,40,30,10,0.1,W2-KMedoids,initializer,12,8,4,3,10,85,117,U_WPA_L36_DOC3.0_WOC1.0_N3600_F360_R2,U_WPA_L36_DOC3.0_WOC1.0_N3600_F360,2,1,0.008333333333333333,0.0654750336779034
16,4,0,71,all40,120,40,30,10,0.1,W2-KMedoids,initializer,12,8,4,3,11,87,119,U_WPA_L36_DOC3.0_WOC1.0_N3600_F360_R4,U_WPA_L36_DOC3.0_WOC1.0_N3600_F360,4,1,0.06666666666666667,0.08623885612140686
16,4,0,71,all40,120,40,30,10,0.1,W2-KMedoids,initializer,12,8,4,3,12,94,130,U_WPB_L56_DOC2.0_WOC1.0_N2700_F270_R3,U_WPB_L56_DOC2.0_WOC1.0_N2700_F270,3,1,0.24166666666666667,0.12619353106242073
16,4,0,71,all40,120,40,30,10,0.1,W2-KMedoids-R,same-objective one-swap refinement,12,7,5,3,1,12,16,S_WPA_L36_DOC1.0_WOC1.0_N2700_F270_R1,S_WPA_L36_DOC1.0_WOC1.0_N2700_F270,1,0,0.14166666666666666,0.11410439070970842
16,4,0,71,all40,120,40,30,10,0.1,W2-KMedoids-R,same-objective one-swap refinement,12,7,5,3,2,29,37,S_WPA_L36_DOC1.5_WOC2.0_N2700_F270_R2,S_WPA_L36_DOC1.5_WOC2.0_N2700_F270,2,0,0.20833333333333334,0.11904425312514803
16,4,0,71,all40,120,40,30,10,0.1,W2-KMedoids-R,same-objective one-swap refinement,12,7,5,3,3,34,42,S_WPA_L36_DOC2.0_WOC1.0_N1800_F180_R3,S_WPA_L36_DOC2.0_WOC1.0_N1800_F180,3,0,0.1,0.10245074156792686
16,4,0,71,all40,120,40,30,10,0.1,W2-KMedoids-R,same-objective one-swap refinement,12,7,5,3,4,65,89,S_WPB_L56_DOC1.0_WOC2.0_N2700_F270_R2,S_WPB_L56_DOC1.0_WOC2.0_N2700_F270,2,0,0.016666666666666666,0.05882571958903257
16,4,0,71,all40,120,40,30,10,0.1,W2-KMedoids-R,same-objective one-swap refinement,12,7,5,3,5,66,90,S_WPB_L56_DOC1.0_WOC2.0_N2700_F270_R3,S_WPB_L56_DOC1.0_WOC2.0_N2700_F270,3,0,0.016666666666666666,0.05331354090382546
16,4,0,71,all40,120,40,30,10,0.1,W2-KMedoids-R,same-objective one-swap refinement,12,7,5,3,6,67,91,S_WPB_L56_DOC1.0_WOC2.0_N2700_F270_R4,S_WPB_L56_DOC1.0_WOC2.0_N2700_F270,4,0,0.175,0.10727261228149007
16,4,0,71,all40,120,40,30,10,0.1,W2-KMedoids-R,same-objective one-swap refinement,12,7,5,3,7,72,100,S_WPB_L56_DOC1.5_WOC1.0_N3600_F360_R1,S_WPB_L56_DOC1.5_WOC1.0_N3600_F360,1,0,0.008333333333333333,0.054007345810881256
16,4,0,71,all40,120,40,30,10,0.1,W2-KMedoids-R,same-objective one-swap refinement,12,7,5,3,8,84,116,U_WPA_L36_DOC3.0_WOC1.0_N3600_F360_R1,U_WPA_L36_DOC3.0_WOC1.0_N3600_F360,1,1,0.008333333333333333,0.05386489136366656
16,4,0,71,all40,120,40,30,10,0.1,W2-KMedoids-R,same-objective one-swap refinement,12,7,5,3,9,85,117,U_WPA_L36_DOC3.0_WOC1.0_N3600_F360_R2,U_WPA_L36_DOC3.0_WOC1.0_N3600_F360,2,1,0.008333333333333333,0.05400273289360527
16,4,0,71,all40,120,40,30,10,0.1,W2-KMedoids-R,same-objective one-swap refinement,12,7,5,3,10,87,119,U_WPA_L36_DOC3.0_WOC1.0_N3600_F360_R4,U_WPA_L36_DOC3.0_WOC1.0_N3600_F360,4,1,0.06666666666666667,0.08211653153975507
16,4,0,71,all40,120,40,30,10,0.1,W2-KMedoids-R,same-objective one-swap refinement,12,7,5,3,11,92,128,U_WPB_L56_DOC2.0_WOC1.0_N2700_F270_R1,U_WPB_L56_DOC2.0_WOC1.0_N2700_F270,1,1,0.075,0.06560147964276923
16,4,0,71,all40,120,40,30,10,0.1,W2-KMedoids-R,same-objective one-swap refinement,12,7,5,3,12,94,130,U_WPB_L56_DOC2.0_WOC1.0_N2700_F270_R3,U_WPB_L56_DOC2.0_WOC1.0_N2700_F270,3,1,0.175,0.13539576057219124
16,4,0,71,all40,120,40,30,10,0.1,MRDS projected,initializer,12,10,2,2,1,94,130,U_WPB_L56_DOC2.0_WOC1.0_N2700_F270_R3,U_WPB_L56_DOC2.0_WOC1.0_N2700_F270,3,1,0.275,0.19337571460918887
16,4,0,71,all40,120,40,30,10,0.1,MRDS projected,initializer,12,10,2,2,2,72,100,S_WPB_L56_DOC1.5_WOC1.0_N3600_F360_R1,S_WPB_L56_DOC1.5_WOC1.0_N3600_F360,1,0,0.008333333333333333,0.06083888535528457
16,4,0,71,all40,120,40,30,10,0.1,MRDS projected,initializer,12,10,2,2,3,33,41,S_WPA_L36_DOC2.0_WOC1.0_N1800_F180_R2,S_WPA_L36_DOC2.0_WOC1.0_N1800_F180,2,0,0.008333333333333333,0.0601822265601484
16,4,0,71,all40,120,40,30,10,0.1,MRDS projected,initializer,12,10,2,2,4,84,116,U_WPA_L36_DOC3.0_WOC1.0_N3600_F360_R1,U_WPA_L36_DOC3.0_WOC1.0_N3600_F360,1,1,0.008333333333333333,0.060674358123190116
16,4,0,71,all40,120,40,30,10,0.1,MRDS projected,initializer,12,10,2,2,5,85,117,U_WPA_L36_DOC3.0_WOC1.0_N3600_F360_R2,U_WPA_L36_DOC3.0_WOC1.0_N3600_F360,2,1,0.008333333333333333,0.06084962619652044
16,4,0,71,all40,120,40,30,10,0.1,MRDS projected,initializer,12,10,2,2,6,56,68,S_WPB_L56_DOC0.5_WOC1.0_N3600_F360_R1,S_WPB_L56_DOC0.5_WOC1.0_N3600_F360,1,0,0.008333333333333333,0.05868942492163353
16,4,0,71,all40,120,40,30,10,0.1,MRDS projected,initializer,12,10,2,2,7,65,89,S_WPB_L56_DOC1.0_WOC2.0_N2700_F270_R2,S_WPB_L56_DOC1.0_WOC2.0_N2700_F270,2,0,0.008333333333333333,0.06018222656004333
16,4,0,71,all40,120,40,30,10,0.1,MRDS projected,initializer,12,10,2,2,8,55,67,S_WPB_L56_DOC0.5_WOC1.0_N2700_F270_R4,S_WPB_L56_DOC0.5_WOC1.0_N2700_F270,4,0,0.03333333333333333,0.051323337568781616
16,4,0,71,all40,120,40,30,10,0.1,MRDS projected,initializer,12,10,2,2,9,66,90,S_WPB_L56_DOC1.0_WOC2.0_N2700_F270_R3,S_WPB_L56_DOC1.0_WOC2.0_N2700_F270,3,0,0.008333333333333333,0.05865333650336524
16,4,0,71,all40,120,40,30,10,0.1,MRDS projected,initializer,12,10,2,2,10,41,49,S_WPA_L36_DOC3.0_WOC1.0_N1800_F180_R2,S_WPA_L36_DOC3.0_WOC1.0_N1800_F180,2,0,0.10833333333333334,0.09895160671775985
16,4,0,71,all40,120,40,30,10,0.1,MRDS projected,initializer,12,10,2,2,11,79,107,S_WPB_L56_DOC1.5_WOC2.0_N2700_F270_R4,S_WPB_L56_DOC1.5_WOC2.0_N2700_F270,4,0,0.15,0.10408265332394526
16,4,0,71,all40,120,40,30,10,0.1,MRDS projected,initializer,12,10,2,2,12,11,15,S_WPA_L36_DOC1.0_WOC1.0_N1800_F180_R4,S_WPA_L36_DOC1.0_WOC1.0_N1800_F180,4,0,0.375,0.13219660356013885
16,4,0,71,all40,120,40,30,10,0.1,MRDS-IS-R (proposed),same-objective one-swap refinement,12,11,1,2,1,11,15,S_WPA_L36_DOC1.0_WOC1.0_N1800_F180_R4,S_WPA_L36_DOC1.0_WOC1.0_N1800_F180,4,0,0.19166666666666668,0.14630409382036907
16,4,0,71,all40,120,40,30,10,0.1,MRDS-IS-R (proposed),same-objective one-swap refinement,12,11,1,2,2,30,38,S_WPA_L36_DOC1.5_WOC2.0_N2700_F270_R3,S_WPA_L36_DOC1.5_WOC2.0_N2700_F270,3,0,0.23333333333333334,0.06692634185761079
16,4,0,71,all40,120,40,30,10,0.1,MRDS-IS-R (proposed),same-objective one-swap refinement,12,11,1,2,3,33,41,S_WPA_L36_DOC2.0_WOC1.0_N1800_F180_R2,S_WPA_L36_DOC2.0_WOC1.0_N1800_F180,2,0,0.008333333333333333,0.04847260724280641
16,4,0,71,all40,120,40,30,10,0.1,MRDS-IS-R (proposed),same-objective one-swap refinement,12,11,1,2,4,41,49,S_WPA_L36_DOC3.0_WOC1.0_N1800_F180_R2,S_WPA_L36_DOC3.0_WOC1.0_N1800_F180,2,0,0.1,0.10478092347798536
16,4,0,71,all40,120,40,30,10,0.1,MRDS-IS-R (proposed),same-objective one-swap refinement,12,11,1,2,5,55,67,S_WPB_L56_DOC0.5_WOC1.0_N2700_F270_R4,S_WPB_L56_DOC0.5_WOC1.0_N2700_F270,4,0,0.03333333333333333,0.04478013798972649
16,4,0,71,all40,120,40,30,10,0.1,MRDS-IS-R (proposed),same-objective one-swap refinement,12,11,1,2,6,56,68,S_WPB_L56_DOC0.5_WOC1.0_N3600_F360_R1,S_WPB_L56_DOC0.5_WOC1.0_N3600_F360,1,0,0.016666666666666666,0.04778789183432311
16,4,0,71,all40,120,40,30,10,0.1,MRDS-IS-R (proposed),same-objective one-swap refinement,12,11,1,2,7,65,89,S_WPB_L56_DOC1.0_WOC2.0_N2700_F270_R2,S_WPB_L56_DOC1.0_WOC2.0_N2700_F270,2,0,0.008333333333333333,0.04847260724271466
16,4,0,71,all40,120,40,30,10,0.1,MRDS-IS-R (proposed),same-objective one-swap refinement,12,11,1,2,8,72,100,S_WPB_L56_DOC1.5_WOC1.0_N3600_F360_R1,S_WPB_L56_DOC1.5_WOC1.0_N3600_F360,1,0,0.008333333333333333,0.049362632861046016
16,4,0,71,all40,120,40,30,10,0.1,MRDS-IS-R (proposed),same-objective one-swap refinement,12,11,1,2,9,79,107,S_WPB_L56_DOC1.5_WOC2.0_N2700_F270_R4,S_WPB_L56_DOC1.5_WOC2.0_N2700_F270,4,0,0.14166666666666666,0.10921124284518945
16,4,0,71,all40,120,40,30,10,0.1,MRDS-IS-R (proposed),same-objective one-swap refinement,12,11,1,2,10,84,116,U_WPA_L36_DOC3.0_WOC1.0_N3600_F360_R1,U_WPA_L36_DOC3.0_WOC1.0_N3600_F360,1,1,0.008333333333333333,0.049203800699214456
16,4,0,71,all40,120,40,30,10,0.1,MRDS-IS-R (proposed),same-objective one-swap refinement,12,11,1,2,11,85,117,U_WPA_L36_DOC3.0_WOC1.0_N3600_F360_R2,U_WPA_L36_DOC3.0_WOC1.0_N3600_F360,2,1,0.008333333333333333,0.049379310004069865
16,4,0,71,all40,120,40,30,10,0.1,MRDS-IS-R (proposed),same-objective one-swap refinement,12,11,1,2,12,94,130,U_WPB_L56_DOC2.0_WOC1.0_N2700_F270_R3,U_WPB_L56_DOC2.0_WOC1.0_N2700_F270,3,1,0.24166666666666667,0.23531841012494428
16,4,0,71,all40,120,40,30,10,0.1,Best-of-starts-R (diagnostic only),diagnostic oracle over supplied starts; winner=FacilityLocation,12,8,4,3,1,12,16,S_WPA_L36_DOC1.0_WOC1.0_N2700_F270_R1,S_WPA_L36_DOC1.0_WOC1.0_N2700_F270,1,0,0.15,0.13061779009136362
16,4,0,71,all40,120,40,30,10,0.1,Best-of-starts-R (diagnostic only),diagnostic oracle over supplied starts; winner=FacilityLocation,12,8,4,3,2,30,38,S_WPA_L36_DOC1.5_WOC2.0_N2700_F270_R3,S_WPA_L36_DOC1.5_WOC2.0_N2700_F270,3,0,0.2,0.12326033239349007
16,4,0,71,all40,120,40,30,10,0.1,Best-of-starts-R (diagnostic only),diagnostic oracle over supplied starts; winner=FacilityLocation,12,8,4,3,3,33,41,S_WPA_L36_DOC2.0_WOC1.0_N1800_F180_R2,S_WPA_L36_DOC2.0_WOC1.0_N1800_F180,2,0,0.016666666666666666,0.058494574213576796
16,4,0,71,all40,120,40,30,10,0.1,Best-of-starts-R (diagnostic only),diagnostic oracle over supplied starts; winner=FacilityLocation,12,8,4,3,4,35,43,S_WPA_L36_DOC2.0_WOC1.0_N1800_F180_R4,S_WPA_L36_DOC2.0_WOC1.0_N1800_F180,4,0,0.1,0.10852540180848394
16,4,0,71,all40,120,40,30,10,0.1,Best-of-starts-R (diagnostic only),diagnostic oracle over supplied starts; winner=FacilityLocation,12,8,4,3,5,66,90,S_WPB_L56_DOC1.0_WOC2.0_N2700_F270_R3,S_WPB_L56_DOC1.0_WOC2.0_N2700_F270,3,0,0.016666666666666666,0.053002683027650876
16,4,0,71,all40,120,40,30,10,0.1,Best-of-starts-R (diagnostic only),diagnostic oracle over supplied starts; winner=FacilityLocation,12,8,4,3,6,67,91,S_WPB_L56_DOC1.0_WOC2.0_N2700_F270_R4,S_WPB_L56_DOC1.0_WOC2.0_N2700_F270,4,0,0.175,0.11049573075774027
16,4,0,71,all40,120,40,30,10,0.1,Best-of-starts-R (diagnostic only),diagnostic oracle over supplied starts; winner=FacilityLocation,12,8,4,3,7,72,100,S_WPB_L56_DOC1.5_WOC1.0_N3600_F360_R1,S_WPB_L56_DOC1.5_WOC1.0_N3600_F360,1,0,0.008333333333333333,0.05372988727592892
16,4,0,71,all40,120,40,30,10,0.1,Best-of-starts-R (diagnostic only),diagnostic oracle over supplied starts; winner=FacilityLocation,12,8,4,3,8,84,116,U_WPA_L36_DOC3.0_WOC1.0_N3600_F360_R1,U_WPA_L36_DOC3.0_WOC1.0_N3600_F360,1,1,0.008333333333333333,0.05358565179228728
16,4,0,71,all40,120,40,30,10,0.1,Best-of-starts-R (diagnostic only),diagnostic oracle over supplied starts; winner=FacilityLocation,12,8,4,3,9,85,117,U_WPA_L36_DOC3.0_WOC1.0_N3600_F360_R2,U_WPA_L36_DOC3.0_WOC1.0_N3600_F360,2,1,0.008333333333333333,0.053721948812969676
16,4,0,71,all40,120,40,30,10,0.1,Best-of-starts-R (diagnostic only),diagnostic oracle over supplied starts; winner=FacilityLocation,12,8,4,3,10,87,119,U_WPA_L36_DOC3.0_WOC1.0_N3600_F360_R4,U_WPA_L36_DOC3.0_WOC1.0_N3600_F360,4,1,0.06666666666666667,0.07130752088571464
16,4,0,71,all40,120,40,30,10,0.1,Best-of-starts-R (diagnostic only),diagnostic oracle over supplied starts; winner=FacilityLocation,12,8,4,3,11,92,128,U_WPB_L56_DOC2.0_WOC1.0_N2700_F270_R1,U_WPB_L56_DOC2.0_WOC1.0_N2700_F270,1,1,0.1,0.06450284362489699
16,4,0,71,all40,120,40,30,10,0.1,Best-of-starts-R (diagnostic only),diagnostic oracle over supplied starts; winner=FacilityLocation,12,8,4,3,12,106,146,U_WPB_L56_DOC3.0_WOC1.0_N3600_F360_R3,U_WPB_L56_DOC3.0_WOC1.0_N3600_F360,3,1,0.15,0.11875563531589689
17,4,1,71,all40,120,40,30,10,0.1,Random,initializer,12,10,2,2,1,2,2,S_WPA_L36_DOC0.5_WOC1.0_N2700_F270_R3,S_WPA_L36_DOC0.5_WOC1.0_N2700_F270,3,0,0.13333333333333333,5.6620037053944606e-05
17,4,1,71,all40,120,40,30,10,0.1,Random,initializer,12,10,2,2,2,5,5,S_WPA_L36_DOC0.5_WOC1.0_N3600_F360_R2,S_WPA_L36_DOC0.5_WOC1.0_N3600_F360,2,0,0.025,2.9223716594748432e-05
17,4,1,71,all40,120,40,30,10,0.1,Random,initializer,12,10,2,2,3,24,32,S_WPA_L36_DOC1.5_WOC1.0_N3600_F360_R1,S_WPA_L36_DOC1.5_WOC1.0_N3600_F360,1,0,0.11666666666666667,6.613194346817658e-06
17,4,1,71,all40,120,40,30,10,0.1,Random,initializer,12,10,2,2,4,27,35,S_WPA_L36_DOC1.5_WOC1.0_N3600_F360_R4,S_WPA_L36_DOC1.5_WOC1.0_N3600_F360,4,0,0.09166666666666666,5.77638037983954e-06
17,4,1,71,all40,120,40,30,10,0.1,Random,initializer,12,10,2,2,5,44,64,S_WPB_L56_DOC0.5_WOC1.0_N2700_F270_R1,S_WPB_L56_DOC0.5_WOC1.0_N2700_F270,1,0,0.03333333333333333,0.005399606654177609
17,4,1,71,all40,120,40,30,10,0.1,Random,initializer,12,10,2,2,6,52,72,S_WPB_L56_DOC0.5_WOC2.0_N2700_F270_R1,S_WPB_L56_DOC0.5_WOC2.0_N2700_F270,1,0,0.19166666666666668,5.731330931265493e-05
17,4,1,71,all40,120,40,30,10,0.1,Random,initializer,12,10,2,2,7,59,79,S_WPB_L56_DOC1.0_WOC1.0_N1800_F180_R4,S_WPB_L56_DOC1.0_WOC1.0_N1800_F180,4,0,0.05,3.812954780117934e-05
17,4,1,71,all40,120,40,30,10,0.1,Random,initializer,12,10,2,2,8,73,97,S_WPB_L56_DOC1.5_WOC1.0_N2700_F270_R2,S_WPB_L56_DOC1.5_WOC1.0_N2700_F270,2,0,0.041666666666666664,2.7368852824348463e-05
17,4,1,71,all40,120,40,30,10,0.1,Random,initializer,12,10,2,2,9,75,99,S_WPB_L56_DOC1.5_WOC1.0_N2700_F270_R4,S_WPB_L56_DOC1.5_WOC1.0_N2700_F270,4,0,0.016666666666666666,3.818109900793029e-05
17,4,1,71,all40,120,40,30,10,0.1,Random,initializer,12,10,2,2,10,86,118,U_WPA_L36_DOC3.0_WOC1.0_N3600_F360_R3,U_WPA_L36_DOC3.0_WOC1.0_N3600_F360,3,1,0.05,0.9942161303551786
17,4,1,71,all40,120,40,30,10,0.1,Random,initializer,12,10,2,2,11,103,135,U_WPB_L56_DOC2.0_WOC1.0_N3600_F360_R4,U_WPB_L56_DOC2.0_WOC1.0_N3600_F360,4,1,0.08333333333333333,7.255007390143836e-05
17,4,1,71,all40,120,40,30,10,0.1,Random,initializer,12,10,2,2,12,112,148,U_WPB_L56_DOC4.0_WOC1.0_N2700_F270_R1,U_WPB_L56_DOC4.0_WOC1.0_N2700_F270,1,1,0.16666666666666666,5.248677942087164e-05
17,4,1,71,all40,120,40,30,10,0.1,Random-R,same-objective one-swap refinement,12,11,1,2,1,2,2,S_WPA_L36_DOC0.5_WOC1.0_N2700_F270_R3,S_WPA_L36_DOC0.5_WOC1.0_N2700_F270,3,0,0.13333333333333333,3.5441810736981784e-14
17,4,1,71,all40,120,40,30,10,0.1,Random-R,same-objective one-swap refinement,12,11,1,2,2,5,5,S_WPA_L36_DOC0.5_WOC1.0_N3600_F360_R2,S_WPA_L36_DOC0.5_WOC1.0_N3600_F360,2,0,0.025,2.984584822215377e-14
17,4,1,71,all40,120,40,30,10,0.1,Random-R,same-objective one-swap refinement,12,11,1,2,3,24,32,S_WPA_L36_DOC1.5_WOC1.0_N3600_F360_R1,S_WPA_L36_DOC1.5_WOC1.0_N3600_F360,1,0,0.125,1.0376661713305913e-15
17,4,1,71,all40,120,40,30,10,0.1,Random-R,same-objective one-swap refinement,12,11,1,2,4,27,35,S_WPA_L36_DOC1.5_WOC1.0_N3600_F360_R4,S_WPA_L36_DOC1.5_WOC1.0_N3600_F360,4,0,0.09166666666666666,1.366275001347798e-15
17,4,1,71,all40,120,40,30,10,0.1,Random-R,same-objective one-swap refinement,12,11,1,2,5,29,41,S_WPA_L36_DOC2.0_WOC1.0_N1800_F180_R2,S_WPA_L36_DOC2.0_WOC1.0_N1800_F180,2,0,0.008333333333333333,0.00013151056585072667
17,4,1,71,all40,120,40,30,10,0.1,Random-R,same-objective one-swap refinement,12,11,1,2,6,44,64,S_WPB_L56_DOC0.5_WOC1.0_N2700_F270_R1,S_WPB_L56_DOC0.5_WOC1.0_N2700_F270,1,0,0.03333333333333333,1.5270742530253658e-09
17,4,1,71,all40,120,40,30,10,0.1,Random-R,same-objective one-swap refinement,12,11,1,2,7,52,72,S_WPB_L56_DOC0.5_WOC2.0_N2700_F270_R1,S_WPB_L56_DOC0.5_WOC2.0_N2700_F270,1,0,0.20833333333333334,3.803049198144917e-13
17,4,1,71,all40,120,40,30,10,0.1,Random-R,same-objective one-swap refinement,12,11,1,2,8,59,79,S_WPB_L56_DOC1.0_WOC1.0_N1800_F180_R4,S_WPB_L56_DOC1.0_WOC1.0_N1800_F180,4,0,0.05,4.4071853803487967e-14
17,4,1,71,all40,120,40,30,10,0.1,Random-R,same-objective one-swap refinement,12,11,1,2,9,75,99,S_WPB_L56_DOC1.5_WOC1.0_N2700_F270_R4,S_WPB_L56_DOC1.5_WOC1.0_N2700_F270,4,0,0.016666666666666666,1.9106901594649217e-13
17,4,1,71,all40,120,40,30,10,0.1,Random-R,same-objective one-swap refinement,12,11,1,2,10,86,118,U_WPA_L36_DOC3.0_WOC1.0_N3600_F360_R3,U_WPA_L36_DOC3.0_WOC1.0_N3600_F360,3,1,0.058333333333333334,0.9998684879049208
17,4,1,71,all40,120,40,30,10,0.1,Random-R,same-objective one-swap refinement,12,11,1,2,11,103,135,U_WPB_L56_DOC2.0_WOC1.0_N3600_F360_R4,U_WPB_L56_DOC2.0_WOC1.0_N3600_F360,4,1,0.08333333333333333,1.330476308711543e-12
17,4,1,71,all40,120,40,30,10,0.1,Random-R,same-objective one-swap refinement,12,11,1,2,12,112,148,U_WPB_L56_DOC4.0_WOC1.0_N2700_F270_R1,U_WPB_L56_DOC4.0_WOC1.0_N2700_F270,1,1,0.16666666666666666,1.405853056563261e-13
17,4,1,71,all40,120,40,30,10,0.1,FacilityLocation,initializer,12,11,1,2,1,27,35,S_WPA_L36_DOC1.5_WOC1.0_N3600_F360_R4,S_WPA_L36_DOC1.5_WOC1.0_N3600_F360,4,0,0.20833333333333334,0.10339033237683537
17,4,1,71,all40,120,40,30,10,0.1,FacilityLocation,initializer,12,11,1,2,2,110,146,U_WPB_L56_DOC3.0_WOC1.0_N3600_F360_R3,U_WPB_L56_DOC3.0_WOC1.0_N3600_F360,3,1,0.225,0.09967278701843238
17,4,1,71,all40,120,40,30,10,0.1,FacilityLocation,initializer,12,11,1,2,3,60,80,S_WPB_L56_DOC1.0_WOC1.0_N2700_F270_R1,S_WPB_L56_DOC1.0_WOC1.0_N2700_F270,1,0,0.1,0.10485990531662405
17,4,1,71,all40,120,40,30,10,0.1,FacilityLocation,initializer,12,11,1,2,4,54,74,S_WPB_L56_DOC0.5_WOC2.0_N2700_F270_R3,S_WPB_L56_DOC0.5_WOC2.0_N2700_F270,3,0,0.19166666666666668,0.10017605957315247
17,4,1,71,all40,120,40,30,10,0.1,FacilityLocation,initializer,12,11,1,2,5,81,113,U_WPA_L36_DOC2.0_WOC2.0_N2700_F270_R2,U_WPA_L36_DOC2.0_WOC2.0_N2700_F270,2,1,0.041666666666666664,0.08040488730448737
17,4,1,71,all40,120,40,30,10,0.1,FacilityLocation,initializer,12,11,1,2,6,46,66,S_WPB_L56_DOC0.5_WOC1.0_N2700_F270_R3,S_WPB_L56_DOC0.5_WOC1.0_N2700_F270,3,0,0.03333333333333333,0.07626254080368584
17,4,1,71,all40,120,40,30,10,0.1,FacilityLocation,initializer,12,11,1,2,7,8,8,S_WPA_L36_DOC0.5_WOC2.0_N2700_F270_R1,S_WPA_L36_DOC0.5_WOC2.0_N2700_F270,1,0,0.15833333333333333,0.10615042939299325
17,4,1,71,all40,120,40,30,10,0.1,FacilityLocation,initializer,12,11,1,2,8,48,68,S_WPB_L56_DOC0.5_WOC1.0_N3600_F360_R1,S_WPB_L56_DOC0.5_WOC1.0_N3600_F360,1,0,0.008333333333333333,0.06571131638810848
17,4,1,71,all40,120,40,30,10,0.1,FacilityLocation,initializer,12,11,1,2,9,29,41,S_WPA_L36_DOC2.0_WOC1.0_N1800_F180_R2,S_WPA_L36_DOC2.0_WOC1.0_N1800_F180,2,0,0.008333333333333333,0.06581141714919249
17,4,1,71,all40,120,40,30,10,0.1,FacilityLocation,initializer,12,11,1,2,10,85,117,U_WPA_L36_DOC3.0_WOC1.0_N3600_F360_R2,U_WPA_L36_DOC3.0_WOC1.0_N3600_F360,2,1,0.008333333333333333,0.06581024163845073
17,4,1,71,all40,120,40,30,10,0.1,FacilityLocation,initializer,12,11,1,2,11,84,116,U_WPA_L36_DOC3.0_WOC1.0_N3600_F360_R1,U_WPA_L36_DOC3.0_WOC1.0_N3600_F360,1,1,0.008333333333333333,0.06577663262972838
17,4,1,71,all40,120,40,30,10,0.1,FacilityLocation,initializer,12,11,1,2,12,72,96,S_WPB_L56_DOC1.5_WOC1.0_N2700_F270_R1,S_WPB_L56_DOC1.5_WOC1.0_N2700_F270,1,0,0.008333333333333333,0.06597345040830917
17,4,1,71,all40,120,40,30,10,0.1,FacilityLocation-R,same-objective one-swap refinement,12,10,2,2,1,8,8,S_WPA_L36_DOC0.5_WOC2.0_N2700_F270_R1,S_WPA_L36_DOC0.5_WOC2.0_N2700_F270,1,0,0.16666666666666666,0.11803898896135949
17,4,1,71,all40,120,40,30,10,0.1,FacilityLocation-R,same-objective one-swap refinement,12,10,2,2,2,27,35,S_WPA_L36_DOC1.5_WOC1.0_N3600_F360_R4,S_WPA_L36_DOC1.5_WOC1.0_N3600_F360,4,0,0.19166666666666668,0.11376840176432973
17,4,1,71,all40,120,40,30,10,0.1,FacilityLocation-R,same-objective one-swap refinement,12,10,2,2,3,29,41,S_WPA_L36_DOC2.0_WOC1.0_N1800_F180_R2,S_WPA_L36_DOC2.0_WOC1.0_N1800_F180,2,0,0.008333333333333333,0.05463437126294118
17,4,1,71,all40,120,40,30,10,0.1,FacilityLocation-R,same-objective one-swap refinement,12,10,2,2,4,46,66,S_WPB_L56_DOC0.5_WOC1.0_N2700_F270_R3,S_WPB_L56_DOC0.5_WOC1.0_N2700_F270,3,0,0.03333333333333333,0.07651092716447659
17,4,1,71,all40,120,40,30,10,0.1,FacilityLocation-R,same-objective one-swap refinement,12,10,2,2,5,48,68,S_WPB_L56_DOC0.5_WOC1.0_N3600_F360_R1,S_WPB_L56_DOC0.5_WOC1.0_N3600_F360,1,0,0.008333333333333333,0.05477990591078895
17,4,1,71,all40,120,40,30,10,0.1,FacilityLocation-R,same-objective one-swap refinement,12,10,2,2,6,54,74,S_WPB_L56_DOC0.5_WOC2.0_N2700_F270_R3,S_WPB_L56_DOC0.5_WOC2.0_N2700_F270,3,0,0.19166666666666668,0.11267451101594782
17,4,1,71,all40,120,40,30,10,0.1,FacilityLocation-R,same-objective one-swap refinement,12,10,2,2,7,60,80,S_WPB_L56_DOC1.0_WOC1.0_N2700_F270_R1,S_WPB_L56_DOC1.0_WOC1.0_N2700_F270,1,0,0.1,0.110945239343225
17,4,1,71,all40,120,40,30,10,0.1,FacilityLocation-R,same-objective one-swap refinement,12,10,2,2,8,81,113,U_WPA_L36_DOC2.0_WOC2.0_N2700_F270_R2,U_WPA_L36_DOC2.0_WOC2.0_N2700_F270,2,1,0.041666666666666664,0.07725513212534203
17,4,1,71,all40,120,40,30,10,0.1,FacilityLocation-R,same-objective one-swap refinement,12,10,2,2,9,83,115,U_WPA_L36_DOC2.0_WOC2.0_N2700_F270_R4,U_WPA_L36_DOC2.0_WOC2.0_N2700_F270,4,1,0.06666666666666667,0.07037282949265698
17,4,1,71,all40,120,40,30,10,0.1,FacilityLocation-R,same-objective one-swap refinement,12,10,2,2,10,84,116,U_WPA_L36_DOC3.0_WOC1.0_N3600_F360_R1,U_WPA_L36_DOC3.0_WOC1.0_N3600_F360,1,1,0.008333333333333333,0.054609806510851004
17,4,1,71,all40,120,40,30,10,0.1,FacilityLocation-R,same-objective one-swap refinement,12,10,2,2,11,85,117,U_WPA_L36_DOC3.0_WOC1.0_N3600_F360_R2,U_WPA_L36_DOC3.0_WOC1.0_N3600_F360,2,1,0.008333333333333333,0.054633485274656245
17,4,1,71,all40,120,40,30,10,0.1,FacilityLocation-R,same-objective one-swap refinement,12,10,2,2,12,110,146,U_WPB_L56_DOC3.0_WOC1.0_N3600_F360_R3,U_WPB_L56_DOC3.0_WOC1.0_N3600_F360,3,1,0.175,0.10177640117342499
17,4,1,71,all40,120,40,30,10,0.1,W2-KMedoids,initializer,12,11,1,2,1,19,23,S_WPA_L36_DOC1.0_WOC1.0_N3600_F360_R4,S_WPA_L36_DOC1.0_WOC1.0_N3600_F360,4,0,0.325,0.1123178119029997
17,4,1,71,all40,120,40,30,10,0.1,W2-KMedoids,initializer,12,11,1,2,2,29,41,S_WPA_L36_DOC2.0_WOC1.0_N1800_F180_R2,S_WPA_L36_DOC2.0_WOC1.0_N1800_F180,2,0,0.008333333333333333,0.06611015569543703
17,4,1,71,all40,120,40,30,10,0.1,W2-KMedoids,initializer,12,11,1,2,3,44,64,S_WPB_L56_DOC0.5_WOC1.0_N2700_F270_R1,S_WPB_L56_DOC0.5_WOC1.0_N2700_F270,1,0,0.03333333333333333,0.09026420923869496
17,4,1,71,all40,120,40,30,10,0.1,W2-KMedoids,initializer,12,11,1,2,4,48,68,S_WPB_L56_DOC0.5_WOC1.0_N3600_F360_R1,S_WPB_L56_DOC0.5_WOC1.0_N3600_F360,1,0,0.008333333333333333,0.0660117915462458
17,4,1,71,all40,120,40,30,10,0.1,W2-KMedoids,initializer,12,11,1,2,5,54,74,S_WPB_L56_DOC0.5_WOC2.0_N2700_F270_R3,S_WPB_L56_DOC0.5_WOC2.0_N2700_F270,3,0,0.19166666666666668,0.10793576295066727
17,4,1,71,all40,120,40,30,10,0.1,W2-KMedoids,initializer,12,11,1,2,6,60,80,S_WPB_L56_DOC1.0_WOC1.0_N2700_F270_R1,S_WPB_L56_DOC1.0_WOC1.0_N2700_F270,1,0,0.11666666666666667,0.11960034133490022
17,4,1,71,all40,120,40,30,10,0.1,W2-KMedoids,initializer,12,11,1,2,7,72,96,S_WPB_L56_DOC1.5_WOC1.0_N2700_F270_R1,S_WPB_L56_DOC1.5_WOC1.0_N2700_F270,1,0,0.008333333333333333,0.06633032877277499
17,4,1,71,all40,120,40,30,10,0.1,W2-KMedoids,initializer,12,11,1,2,8,81,113,U_WPA_L36_DOC2.0_WOC2.0_N2700_F270_R2,U_WPA_L36_DOC2.0_WOC2.0_N2700_F270,2,1,0.041666666666666664,0.07062982142261179
17,4,1,71,all40,120,40,30,10,0.1,W2-KMedoids,initializer,12,11,1,2,9,84,116,U_WPA_L36_DOC3.0_WOC1.0_N3600_F360_R1,U_WPA_L36_DOC3.0_WOC1.0_N3600_F360,1,1,0.008333333333333333,0.06607596861256924
17,4,1,71,all40,120,40,30,10,0.1,W2-KMedoids,initializer,12,11,1,2,10,85,117,U_WPA_L36_DOC3.0_WOC1.0_N3600_F360_R2,U_WPA_L36_DOC3.0_WOC1.0_N3600_F360,2,1,0.008333333333333333,0.06610828097829569
17,4,1,71,all40,120,40,30,10,0.1,W2-KMedoids,initializer,12,11,1,2,11,107,139,U_WPB_L56_DOC2.0_WOC2.0_N2700_F270_R4,U_WPB_L56_DOC2.0_WOC2.0_N2700_F270,4,1,0.16666666666666666,0.08805878032186758
17,4,1,71,all40,120,40,30,10,0.1,W2-KMedoids,initializer,12,11,1,2,12,111,147,U_WPB_L56_DOC3.0_WOC1.0_N3600_F360_R4,U_WPB_L56_DOC3.0_WOC1.0_N3600_F360,4,1,0.08333333333333333,0.08055674722293579
17,4,1,71,all40,120,40,30,10,0.1,W2-KMedoids-R,same-objective one-swap refinement,12,10,2,2,1,19,23,S_WPA_L36_DOC1.0_WOC1.0_N3600_F360_R4,S_WPA_L36_DOC1.0_WOC1.0_N3600_F360,4,0,0.25,0.12165911526784734
17,4,1,71,all40,120,40,30,10,0.1,W2-KMedoids-R,same-objective one-swap refinement,12,10,2,2,2,29,41,S_WPA_L36_DOC2.0_WOC1.0_N1800_F180_R2,S_WPA_L36_DOC2.0_WOC1.0_N1800_F180,2,0,0.008333333333333333,0.054951624455957256
17,4,1,71,all40,120,40,30,10,0.1,W2-KMedoids-R,same-objective one-swap refinement,12,10,2,2,3,31,43,S_WPA_L36_DOC2.0_WOC1.0_N1800_F180_R4,S_WPA_L36_DOC2.0_WOC1.0_N1800_F180,4,0,0.08333333333333333,0.07151494513485201
17,4,1,71,all40,120,40,30,10,0.1,W2-KMedoids-R,same-objective one-swap refinement,12,10,2,2,4,44,64,S_WPB_L56_DOC0.5_WOC1.0_N2700_F270_R1,S_WPB_L56_DOC0.5_WOC1.0_N2700_F270,1,0,0.03333333333333333,0.0867288210797964
17,4,1,71,all40,120,40,30,10,0.1,W2-KMedoids-R,same-objective one-swap refinement,12,10,2,2,5,48,68,S_WPB_L56_DOC0.5_WOC1.0_N3600_F360_R1,S_WPB_L56_DOC0.5_WOC1.0_N3600_F360,1,0,0.008333333333333333,0.055100465504539196
17,4,1,71,all40,120,40,30,10,0.1,W2-KMedoids-R,same-objective one-swap refinement,12,10,2,2,6,54,74,S_WPB_L56_DOC0.5_WOC2.0_N2700_F270_R3,S_WPB_L56_DOC0.5_WOC2.0_N2700_F270,3,0,0.19166666666666668,0.11354097154324208
17,4,1,71,all40,120,40,30,10,0.1,W2-KMedoids-R,same-objective one-swap refinement,12,10,2,2,7,60,80,S_WPB_L56_DOC1.0_WOC1.0_N2700_F270_R1,S_WPB_L56_DOC1.0_WOC1.0_N2700_F270,1,0,0.11666666666666667,0.13319592560339674
17,4,1,71,all40,120,40,30,10,0.1,W2-KMedoids-R,same-objective one-swap refinement,12,10,2,2,8,81,113,U_WPA_L36_DOC2.0_WOC2.0_N2700_F270_R2,U_WPA_L36_DOC2.0_WOC2.0_N2700_F270,2,1,0.041666666666666664,0.07030234052894767
17,4,1,71,all40,120,40,30,10,0.1,W2-KMedoids-R,same-objective one-swap refinement,12,10,2,2,9,84,116,U_WPA_L36_DOC3.0_WOC1.0_N3600_F360_R1,U_WPA_L36_DOC3.0_WOC1.0_N3600_F360,1,1,0.008333333333333333,0.054927719156009115
17,4,1,71,all40,120,40,30,10,0.1,W2-KMedoids-R,same-objective one-swap refinement,12,10,2,2,10,85,117,U_WPA_L36_DOC3.0_WOC1.0_N3600_F360_R2,U_WPA_L36_DOC3.0_WOC1.0_N3600_F360,2,1,0.008333333333333333,0.05495047921661744
17,4,1,71,all40,120,40,30,10,0.1,W2-KMedoids-R,same-objective one-swap refinement,12,10,2,2,11,107,139,U_WPB_L56_DOC2.0_WOC2.0_N2700_F270_R4,U_WPB_L56_DOC2.0_WOC2.0_N2700_F270,4,1,0.16666666666666666,0.09707969553715312
17,4,1,71,all40,120,40,30,10,0.1,W2-KMedoids-R,same-objective one-swap refinement,12,10,2,2,12,111,147,U_WPB_L56_DOC3.0_WOC1.0_N3600_F360_R4,U_WPB_L56_DOC3.0_WOC1.0_N3600_F360,4,1,0.08333333333333333,0.08604789697164157
17,4,1,71,all40,120,40,30,10,0.1,MRDS projected,initializer,12,10,2,3,1,114,150,U_WPB_L56_DOC4.0_WOC1.0_N2700_F270_R3,U_WPB_L56_DOC4.0_WOC1.0_N2700_F270,3,1,0.016666666666666666,0.06194080643825057
17,4,1,71,all40,120,40,30,10,0.1,MRDS projected,initializer,12,10,2,3,2,29,41,S_WPA_L36_DOC2.0_WOC1.0_N1800_F180_R2,S_WPA_L36_DOC2.0_WOC1.0_N1800_F180,2,0,0.008333333333333333,0.06285384816941178
17,4,1,71,all40,120,40,30,10,0.1,MRDS projected,initializer,12,10,2,3,3,84,116,U_WPA_L36_DOC3.0_WOC1.0_N3600_F360_R1,U_WPA_L36_DOC3.0_WOC1.0_N3600_F360,1,1,0.008333333333333333,0.06281478061515328
17,4,1,71,all40,120,40,30,10,0.1,MRDS projected,initializer,12,10,2,3,4,85,117,U_WPA_L36_DOC3.0_WOC1.0_N3600_F360_R2,U_WPA_L36_DOC3.0_WOC1.0_N3600_F360,2,1,0.008333333333333333,0.06285090506396403
17,4,1,71,all40,120,40,30,10,0.1,MRDS projected,initializer,12,10,2,3,5,72,96,S_WPB_L56_DOC1.5_WOC1.0_N2700_F270_R1,S_WPB_L56_DOC1.5_WOC1.0_N2700_F270,1,0,0.008333333333333333,0.06316970310712919
17,4,1,71,all40,120,40,30,10,0.1,MRDS projected,initializer,12,10,2,3,6,48,68,S_WPB_L56_DOC0.5_WOC1.0_N3600_F360_R1,S_WPB_L56_DOC0.5_WOC1.0_N3600_F360,1,0,0.008333333333333333,0.0627415620661272
17,4,1,71,all40,120,40,30,10,0.1,MRDS projected,initializer,12,10,2,3,7,45,65,S_WPB_L56_DOC0.5_WOC1.0_N2700_F270_R2,S_WPB_L56_DOC0.5_WOC1.0_N2700_F270,2,0,0.03333333333333333,0.10962329202492158
17,4,1,71,all40,120,40,30,10,0.1,MRDS projected,initializer,12,10,2,3,8,86,118,U_WPA_L36_DOC3.0_WOC1.0_N3600_F360_R3,U_WPA_L36_DOC3.0_WOC1.0_N3600_F360,3,1,0.041666666666666664,0.06845236776463094
17,4,1,71,all40,120,40,30,10,0.1,MRDS projected,initializer,12,10,2,3,9,15,15,S_WPA_L36_DOC1.0_WOC1.0_N1800_F180_R4,S_WPA_L36_DOC1.0_WOC1.0_N1800_F180,4,0,0.20833333333333334,0.14465082558814035
17,4,1,71,all40,120,40,30,10,0.1,MRDS projected,initializer,12,10,2,3,10,56,76,S_WPB_L56_DOC1.0_WOC1.0_N1800_F180_R1,S_WPB_L56_DOC1.0_WOC1.0_N1800_F180,1,0,0.425,0.13714186629199215
17,4,1,71,all40,120,40,30,10,0.1,MRDS projected,initializer,12,10,2,3,11,116,152,U_WPB_L56_DOC4.0_WOC2.0_N2700_F270_R1,U_WPB_L56_DOC4.0_WOC2.0_N2700_F270,1,1,0.008333333333333333,0.05684008566853092
17,4,1,71,all40,120,40,30,10,0.1,MRDS projected,initializer,12,10,2,3,12,91,123,U_WPA_L36_DOC4.0_WOC2.0_N2700_F270_R4,U_WPA_L36_DOC4.0_WOC2.0_N2700_F270,4,1,0.225,0.10691995720174806
17,4,1,71,all40,120,40,30,10,0.1,MRDS-IS-R (proposed),same-objective one-swap refinement,12,10,2,3,1,15,15,S_WPA_L36_DOC1.0_WOC1.0_N1800_F180_R4,S_WPA_L36_DOC1.0_WOC1.0_N1800_F180,4,0,0.21666666666666667,0.1695859110234924
17,4,1,71,all40,120,40,30,10,0.1,MRDS-IS-R (proposed),same-objective one-swap refinement,12,10,2,3,2,29,41,S_WPA_L36_DOC2.0_WOC1.0_N1800_F180_R2,S_WPA_L36_DOC2.0_WOC1.0_N1800_F180,2,0,0.008333333333333333,0.051286007470263975
17,4,1,71,all40,120,40,30,10,0.1,MRDS-IS-R (proposed),same-objective one-swap refinement,12,10,2,3,3,45,65,S_WPB_L56_DOC0.5_WOC1.0_N2700_F270_R2,S_WPB_L56_DOC0.5_WOC1.0_N2700_F270,2,0,0.03333333333333333,0.11498517041295483
17,4,1,71,all40,120,40,30,10,0.1,MRDS-IS-R (proposed),same-objective one-swap refinement,12,10,2,3,4,48,68,S_WPB_L56_DOC0.5_WOC1.0_N3600_F360_R1,S_WPB_L56_DOC0.5_WOC1.0_N3600_F360,1,0,0.008333333333333333,0.05142618856648663
17,4,1,71,all40,120,40,30,10,0.1,MRDS-IS-R (proposed),same-objective one-swap refinement,12,10,2,3,5,56,76,S_WPB_L56_DOC1.0_WOC1.0_N1800_F180_R1,S_WPB_L56_DOC1.0_WOC1.0_N1800_F180,1,0,0.4083333333333333,0.1582841506718492
17,4,1,71,all40,120,40,30,10,0.1,MRDS-IS-R (proposed),same-objective one-swap refinement,12,10,2,3,6,84,116,U_WPA_L36_DOC3.0_WOC1.0_N3600_F360_R1,U_WPA_L36_DOC3.0_WOC1.0_N3600_F360,1,1,0.008333333333333333,0.05125834536534356
17,4,1,71,all40,120,40,30,10,0.1,MRDS-IS-R (proposed),same-objective one-swap refinement,12,10,2,3,7,85,117,U_WPA_L36_DOC3.0_WOC1.0_N3600_F360_R2,U_WPA_L36_DOC3.0_WOC1.0_N3600_F360,2,1,0.008333333333333333,0.0512833512383328
17,4,1,71,all40,120,40,30,10,0.1,MRDS-IS-R (proposed),same-objective one-swap refinement,12,10,2,3,8,86,118,U_WPA_L36_DOC3.0_WOC1.0_N3600_F360_R3,U_WPA_L36_DOC3.0_WOC1.0_N3600_F360,3,1,0.041666666666666664,0.06439408246381848
17,4,1,71,all40,120,40,30,10,0.1,MRDS-IS-R (proposed),same-objective one-swap refinement,12,10,2,3,9,91,123,U_WPA_L36_DOC4.0_WOC2.0_N2700_F270_R4,U_WPA_L36_DOC4.0_WOC2.0_N2700_F270,4,1,0.10833333333333334,0.1156566822017736
17,4,1,71,all40,120,40,30,10,0.1,MRDS-IS-R (proposed),same-objective one-swap refinement,12,10,2,3,10,96,128,U_WPB_L56_DOC2.0_WOC1.0_N2700_F270_R1,U_WPB_L56_DOC2.0_WOC1.0_N2700_F270,1,1,0.13333333333333333,0.07049658995439745
17,4,1,71,all40,120,40,30,10,0.1,MRDS-IS-R (proposed),same-objective one-swap refinement,12,10,2,3,11,114,150,U_WPB_L56_DOC4.0_WOC1.0_N2700_F270_R3,U_WPB_L56_DOC4.0_WOC1.0_N2700_F270,3,1,0.016666666666666666,0.054263767050683705
17,4,1,71,all40,120,40,30,10,0.1,MRDS-IS-R (proposed),same-objective one-swap refinement,12,10,2,3,12,116,152,U_WPB_L56_DOC4.0_WOC2.0_N2700_F270_R1,U_WPB_L56_DOC4.0_WOC2.0_N2700_F270,1,1,0.008333333333333333,0.047079753580603366
17,4,1,71,all40,120,40,30,10,0.1,Best-of-starts-R (diagnostic only),diagnostic oracle over supplied starts; winner=W2-KMedoids,12,10,2,2,1,19,23,S_WPA_L36_DOC1.0_WOC1.0_N3600_F360_R4,S_WPA_L36_DOC1.0_WOC1.0_N3600_F360,4,0,0.25,0.12165911526784734
17,4,1,71,all40,120,40,30,10,0.1,Best-of-starts-R (diagnostic only),diagnostic oracle over supplied starts; winner=W2-KMedoids,12,10,2,2,2,29,41,S_WPA_L36_DOC2.0_WOC1.0_N1800_F180_R2,S_WPA_L36_DOC2.0_WOC1.0_N1800_F180,2,0,0.008333333333333333,0.054951624455957256
17,4,1,71,all40,120,40,30,10,0.1,Best-of-starts-R (diagnostic only),diagnostic oracle over supplied starts; winner=W2-KMedoids,12,10,2,2,3,31,43,S_WPA_L36_DOC2.0_WOC1.0_N1800_F180_R4,S_WPA_L36_DOC2.0_WOC1.0_N1800_F180,4,0,0.08333333333333333,0.07151494513485201
17,4,1,71,all40,120,40,30,10,0.1,Best-of-starts-R (diagnostic only),diagnostic oracle over supplied starts; winner=W2-KMedoids,12,10,2,2,4,44,64,S_WPB_L56_DOC0.5_WOC1.0_N2700_F270_R1,S_WPB_L56_DOC0.5_WOC1.0_N2700_F270,1,0,0.03333333333333333,0.0867288210797964
17,4,1,71,all40,120,40,30,10,0.1,Best-of-starts-R (diagnostic only),diagnostic oracle over supplied starts; winner=W2-KMedoids,12,10,2,2,5,48,68,S_WPB_L56_DOC0.5_WOC1.0_N3600_F360_R1,S_WPB_L56_DOC0.5_WOC1.0_N3600_F360,1,0,0.008333333333333333,0.055100465504539196
17,4,1,71,all40,120,40,30,10,0.1,Best-of-starts-R (diagnostic only),diagnostic oracle over supplied starts; winner=W2-KMedoids,12,10,2,2,6,54,74,S_WPB_L56_DOC0.5_WOC2.0_N2700_F270_R3,S_WPB_L56_DOC0.5_WOC2.0_N2700_F270,3,0,0.19166666666666668,0.11354097154324208
17,4,1,71,all40,120,40,30,10,0.1,Best-of-starts-R (diagnostic only),diagnostic oracle over supplied starts; winner=W2-KMedoids,12,10,2,2,7,60,80,S_WPB_L56_DOC1.0_WOC1.0_N2700_F270_R1,S_WPB_L56_DOC1.0_WOC1.0_N2700_F270,1,0,0.11666666666666667,0.13319592560339674
17,4,1,71,all40,120,40,30,10,0.1,Best-of-starts-R (diagnostic only),diagnostic oracle over supplied starts; winner=W2-KMedoids,12,10,2,2,8,81,113,U_WPA_L36_DOC2.0_WOC2.0_N2700_F270_R2,U_WPA_L36_DOC2.0_WOC2.0_N2700_F270,2,1,0.041666666666666664,0.07030234052894767
17,4,1,71,all40,120,40,30,10,0.1,Best-of-starts-R (diagnostic only),diagnostic oracle over supplied starts; winner=W2-KMedoids,12,10,2,2,9,84,116,U_WPA_L36_DOC3.0_WOC1.0_N3600_F360_R1,U_WPA_L36_DOC3.0_WOC1.0_N3600_F360,1,1,0.008333333333333333,0.054927719156009115
17,4,1,71,all40,120,40,30,10,0.1,Best-of-starts-R (diagnostic only),diagnostic oracle over supplied starts; winner=W2-KMedoids,12,10,2,2,10,85,117,U_WPA_L36_DOC3.0_WOC1.0_N3600_F360_R2,U_WPA_L36_DOC3.0_WOC1.0_N3600_F360,2,1,0.008333333333333333,0.05495047921661744
17,4,1,71,all40,120,40,30,10,0.1,Best-of-starts-R (diagnostic only),diagnostic oracle over supplied starts; winner=W2-KMedoids,12,10,2,2,11,107,139,U_WPB_L56_DOC2.0_WOC2.0_N2700_F270_R4,U_WPB_L56_DOC2.0_WOC2.0_N2700_F270,4,1,0.16666666666666666,0.09707969553715312
17,4,1,71,all40,120,40,30,10,0.1,Best-of-starts-R (diagnostic only),diagnostic oracle over supplied starts; winner=W2-KMedoids,12,10,2,2,12,111,147,U_WPB_L56_DOC3.0_WOC1.0_N3600_F360_R4,U_WPB_L56_DOC3.0_WOC1.0_N3600_F360,4,1,0.08333333333333333,0.08604789697164157
18,4,2,71,all40,120,40,30,10,0.1,Random,initializer,12,10,2,2,1,2,2,S_WPA_L36_DOC0.5_WOC1.0_N2700_F270_R3,S_WPA_L36_DOC0.5_WOC1.0_N2700_F270,3,0,0.20833333333333334,3.3643549169433594e-08
18,4,2,71,all40,120,40,30,10,0.1,Random,initializer,12,10,2,2,2,5,5,S_WPA_L36_DOC0.5_WOC1.0_N3600_F360_R2,S_WPA_L36_DOC0.5_WOC1.0_N3600_F360,2,0,0.075,5.6874392709196946e-08
18,4,2,71,all40,120,40,30,10,0.1,Random,initializer,12,10,2,2,3,24,40,S_WPA_L36_DOC2.0_WOC1.0_N1800_F180_R1,S_WPA_L36_DOC2.0_WOC1.0_N1800_F180,1,0,0.025,5.039695088204368e-08
18,4,2,71,all40,120,40,30,10,0.1,Random,initializer,12,10,2,2,4,27,43,S_WPA_L36_DOC2.0_WOC1.0_N1800_F180_R4,S_WPA_L36_DOC2.0_WOC1.0_N1800_F180,4,0,0.06666666666666667,4.160049599160443e-08
18,4,2,71,all40,120,40,30,10,0.1,Random,initializer,12,10,2,2,5,44,60,S_WPB_L56_DOC0.5_WOC1.0_N1800_F180_R1,S_WPB_L56_DOC0.5_WOC1.0_N1800_F180,1,0,0.03333333333333333,9.842491892711805e-08
18,4,2,71,all40,120,40,30,10,0.1,Random,initializer,12,10,2,2,6,52,72,S_WPB_L56_DOC0.5_WOC2.0_N2700_F270_R1,S_WPB_L56_DOC0.5_WOC2.0_N2700_F270,1,0,0.13333333333333333,1.528691607217977e-07
18,4,2,71,all40,120,40,30,10,0.1,Random,initializer,12,10,2,2,7,59,79,S_WPB_L56_DOC1.0_WOC1.0_N1800_F180_R4,S_WPB_L56_DOC1.0_WOC1.0_N1800_F180,4,0,0.05,8.176972499528013e-08
18,4,2,71,all40,120,40,30,10,0.1,Random,initializer,12,10,2,2,8,73,97,S_WPB_L56_DOC1.5_WOC1.0_N2700_F270_R2,S_WPB_L56_DOC1.5_WOC1.0_N2700_F270,2,0,0.09166666666666666,3.0001075029516656e-08
18,4,2,71,all40,120,40,30,10,0.1,Random,initializer,12,10,2,2,9,75,99,S_WPB_L56_DOC1.5_WOC1.0_N2700_F270_R4,S_WPB_L56_DOC1.5_WOC1.0_N2700_F270,4,0,0.016666666666666666,1.0298348724929748e-07
18,4,2,71,all40,120,40,30,10,0.1,Random,initializer,12,10,2,2,10,86,110,U_WPA_L36_DOC2.0_WOC1.0_N3600_F360_R3,U_WPA_L36_DOC2.0_WOC1.0_N3600_F360,3,1,0.06666666666666667,0.07307402080637332
18,4,2,71,all40,120,40,30,10,0.1,Random,initializer,12,10,2,2,11,103,135,U_WPB_L56_DOC2.0_WOC1.0_N3600_F360_R4,U_WPB_L56_DOC2.0_WOC1.0_N3600_F360,4,1,0.20833333333333334,6.396235508921354e-08
18,4,2,71,all40,120,40,30,10,0.1,Random,initializer,12,10,2,2,12,112,152,U_WPB_L56_DOC4.0_WOC2.0_N2700_F270_R1,U_WPB_L56_DOC4.0_WOC2.0_N2700_F270,1,1,0.025,0.926925266667516
18,4,2,71,all40,120,40,30,10,0.1,Random-R,same-objective one-swap refinement,12,9,3,3,1,2,2,S_WPA_L36_DOC0.5_WOC1.0_N2700_F270_R3,S_WPA_L36_DOC0.5_WOC1.0_N2700_F270,3,0,0.20833333333333334,1.4860756172163557e-08
18,4,2,71,all40,120,40,30,10,0.1,Random-R,same-objective one-swap refinement,12,9,3,3,2,5,5,S_WPA_L36_DOC0.5_WOC1.0_N3600_F360_R2,S_WPA_L36_DOC0.5_WOC1.0_N3600_F360,2,0,0.075,5.617388494381516e-08
18,4,2,71,all40,120,40,30,10,0.1,Random-R,same-objective one-swap refinement,12,9,3,3,3,24,40,S_WPA_L36_DOC2.0_WOC1.0_N1800_F180_R1,S_WPA_L36_DOC2.0_WOC1.0_N1800_F180,1,0,0.025,5.058558390512748e-08
18,4,2,71,all40,120,40,30,10,0.1,Random-R,same-objective one-swap refinement,12,9,3,3,4,25,41,S_WPA_L36_DOC2.0_WOC1.0_N1800_F180_R2,S_WPA_L36_DOC2.0_WOC1.0_N1800_F180,2,0,0.025,0.9998557097012576
18,4,2,71,all40,120,40,30,10,0.1,Random-R,same-objective one-swap refinement,12,9,3,3,5,27,43,S_WPA_L36_DOC2.0_WOC1.0_N1800_F180_R4,S_WPA_L36_DOC2.0_WOC1.0_N1800_F180,4,0,0.06666666666666667,3.8559238130397597e-08
18,4,2,71,all40,120,40,30,10,0.1,Random-R,same-objective one-swap refinement,12,9,3,3,6,44,60,S_WPB_L56_DOC0.5_WOC1.0_N1800_F180_R1,S_WPB_L56_DOC0.5_WOC1.0_N1800_F180,1,0,0.16666666666666666,1.8964141627119353e-07
18,4,2,71,all40,120,40,30,10,0.1,Random-R,same-objective one-swap refinement,12,9,3,3,7,59,79,S_WPB_L56_DOC1.0_WOC1.0_N1800_F180_R4,S_WPB_L56_DOC1.0_WOC1.0_N1800_F180,4,0,0.05,7.042203729714398e-08
18,4,2,71,all40,120,40,30,10,0.1,Random-R,same-objective one-swap refinement,12,9,3,3,8,73,97,S_WPB_L56_DOC1.5_WOC1.0_N2700_F270_R2,S_WPB_L56_DOC1.5_WOC1.0_N2700_F270,2,0,0.06666666666666667,9.205713940275491e-05
18,4,2,71,all40,120,40,30,10,0.1,Random-R,same-objective one-swap refinement,12,9,3,3,9,75,99,S_WPB_L56_DOC1.5_WOC1.0_N2700_F270_R4,S_WPB_L56_DOC1.5_WOC1.0_N2700_F270,4,0,0.016666666666666666,5.950387853235094e-07
18,4,2,71,all40,120,40,30,10,0.1,Random-R,same-objective one-swap refinement,12,9,3,3,10,86,110,U_WPA_L36_DOC2.0_WOC1.0_N3600_F360_R3,U_WPA_L36_DOC2.0_WOC1.0_N3600_F360,3,1,0.06666666666666667,1.0234398026853297e-05
18,4,2,71,all40,120,40,30,10,0.1,Random-R,same-objective one-swap refinement,12,9,3,3,11,103,135,U_WPB_L56_DOC2.0_WOC1.0_N3600_F360_R4,U_WPB_L56_DOC2.0_WOC1.0_N3600_F360,4,1,0.20833333333333334,7.1946981937894194e-09
18,4,2,71,all40,120,40,30,10,0.1,Random-R,same-objective one-swap refinement,12,9,3,3,12,112,152,U_WPB_L56_DOC4.0_WOC2.0_N2700_F270_R1,U_WPB_L56_DOC4.0_WOC2.0_N2700_F270,1,1,0.025,4.097628491264785e-05
18,4,2,71,all40,120,40,30,10,0.1,FacilityLocation,initializer,12,10,2,3,1,21,37,S_WPA_L36_DOC1.5_WOC2.0_N2700_F270_R2,S_WPA_L36_DOC1.5_WOC2.0_N2700_F270,2,0,0.3,0.11593952887574269
18,4,2,71,all40,120,40,30,10,0.1,FacilityLocation,initializer,12,10,2,3,2,97,129,U_WPB_L56_DOC2.0_WOC1.0_N2700_F270_R2,U_WPB_L56_DOC2.0_WOC1.0_N2700_F270,2,1,0.15833333333333333,0.0935089634608733
18,4,2,71,all40,120,40,30,10,0.1,FacilityLocation,initializer,12,10,2,3,3,8,16,S_WPA_L36_DOC1.0_WOC1.0_N2700_F270_R1,S_WPA_L36_DOC1.0_WOC1.0_N2700_F270,1,0,0.15833333333333333,0.12177671002202951
18,4,2,71,all40,120,40,30,10,0.1,FacilityLocation,initializer,12,10,2,3,4,71,91,S_WPB_L56_DOC1.0_WOC2.0_N2700_F270_R4,S_WPB_L56_DOC1.0_WOC2.0_N2700_F270,4,0,0.15,0.11249747776728916
18,4,2,71,all40,120,40,30,10,0.1,FacilityLocation,initializer,12,10,2,3,5,89,113,U_WPA_L36_DOC2.0_WOC2.0_N2700_F270_R2,U_WPA_L36_DOC2.0_WOC2.0_N2700_F270,2,1,0.08333333333333333,0.07334448598681566
18,4,2,71,all40,120,40,30,10,0.1,FacilityLocation,initializer,12,10,2,3,6,50,66,S_WPB_L56_DOC0.5_WOC1.0_N2700_F270_R3,S_WPB_L56_DOC0.5_WOC1.0_N2700_F270,3,0,0.03333333333333333,0.07263391453906899
18,4,2,71,all40,120,40,30,10,0.1,FacilityLocation,initializer,12,10,2,3,7,25,41,S_WPA_L36_DOC2.0_WOC1.0_N1800_F180_R2,S_WPA_L36_DOC2.0_WOC1.0_N1800_F180,2,0,0.008333333333333333,0.06520939179534567
18,4,2,71,all40,120,40,30,10,0.1,FacilityLocation,initializer,12,10,2,3,8,76,100,S_WPB_L56_DOC1.5_WOC1.0_N3600_F360_R1,S_WPB_L56_DOC1.5_WOC1.0_N3600_F360,1,0,0.008333333333333333,0.06561539217165768
18,4,2,71,all40,120,40,30,10,0.1,FacilityLocation,initializer,12,10,2,3,9,70,90,S_WPB_L56_DOC1.0_WOC2.0_N2700_F270_R3,S_WPB_L56_DOC1.0_WOC2.0_N2700_F270,3,0,0.008333333333333333,0.06554621669935339
18,4,2,71,all40,120,40,30,10,0.1,FacilityLocation,initializer,12,10,2,3,10,72,96,S_WPB_L56_DOC1.5_WOC1.0_N2700_F270_R1,S_WPB_L56_DOC1.5_WOC1.0_N2700_F270,1,0,0.008333333333333333,0.06593388242291325
18,4,2,71,all40,120,40,30,10,0.1,FacilityLocation,initializer,12,10,2,3,11,69,89,S_WPB_L56_DOC1.0_WOC2.0_N2700_F270_R2,S_WPB_L56_DOC1.0_WOC2.0_N2700_F270,2,0,0.008333333333333333,0.06520939179534567
18,4,2,71,all40,120,40,30,10,0.1,FacilityLocation,initializer,12,10,2,3,12,114,154,U_WPB_L56_DOC4.0_WOC2.0_N2700_F270_R3,U_WPB_L56_DOC4.0_WOC2.0_N2700_F270,3,1,0.075,0.0827846444635652
18,4,2,71,all40,120,40,30,10,0.1,FacilityLocation-R,same-objective one-swap refinement,12,10,2,3,1,6,6,S_WPA_L36_DOC0.5_WOC1.0_N3600_F360_R3,S_WPA_L36_DOC0.5_WOC1.0_N3600_F360,3,0,0.14166666666666666,0.07314112683836617
18,4,2,71,all40,120,40,30,10,0.1,FacilityLocation-R,same-objective one-swap refinement,12,10,2,3,2,8,16,S_WPA_L36_DOC1.0_WOC1.0_N2700_F270_R1,S_WPA_L36_DOC1.0_WOC1.0_N2700_F270,1,0,0.15833333333333333,0.13485499066619103
18,4,2,71,all40,120,40,30,10,0.1,FacilityLocation-R,same-objective one-swap refinement,12,10,2,3,3,21,37,S_WPA_L36_DOC1.5_WOC2.0_N2700_F270_R2,S_WPA_L36_DOC1.5_WOC2.0_N2700_F270,2,0,0.16666666666666666,0.12874328279325656
18,4,2,71,all40,120,40,30,10,0.1,FacilityLocation-R,same-objective one-swap refinement,12,10,2,3,4,25,41,S_WPA_L36_DOC2.0_WOC1.0_N1800_F180_R2,S_WPA_L36_DOC2.0_WOC1.0_N1800_F180,2,0,0.008333333333333333,0.05386442783352971
18,4,2,71,all40,120,40,30,10,0.1,FacilityLocation-R,same-objective one-swap refinement,12,10,2,3,5,50,66,S_WPB_L56_DOC0.5_WOC1.0_N2700_F270_R3,S_WPB_L56_DOC0.5_WOC1.0_N2700_F270,3,0,0.03333333333333333,0.06493457685288377
18,4,2,71,all40,120,40,30,10,0.1,FacilityLocation-R,same-objective one-swap refinement,12,10,2,3,6,69,89,S_WPB_L56_DOC1.0_WOC2.0_N2700_F270_R2,S_WPB_L56_DOC1.0_WOC2.0_N2700_F270,2,0,0.008333333333333333,0.05386442783352971
18,4,2,71,all40,120,40,30,10,0.1,FacilityLocation-R,same-objective one-swap refinement,12,10,2,3,7,70,90,S_WPB_L56_DOC1.0_WOC2.0_N2700_F270_R3,S_WPB_L56_DOC1.0_WOC2.0_N2700_F270,3,0,0.008333333333333333,0.05466201137764597
18,4,2,71,all40,120,40,30,10,0.1,FacilityLocation-R,same-objective one-swap refinement,12,10,2,3,8,71,91,S_WPB_L56_DOC1.0_WOC2.0_N2700_F270_R4,S_WPB_L56_DOC1.0_WOC2.0_N2700_F270,4,0,0.15,0.12059446311537947
18,4,2,71,all40,120,40,30,10,0.1,FacilityLocation-R,same-objective one-swap refinement,12,10,2,3,9,76,100,S_WPB_L56_DOC1.5_WOC1.0_N3600_F360_R1,S_WPB_L56_DOC1.5_WOC1.0_N3600_F360,1,0,0.008333333333333333,0.05446315884358371
18,4,2,71,all40,120,40,30,10,0.1,FacilityLocation-R,same-objective one-swap refinement,12,10,2,3,10,89,113,U_WPA_L36_DOC2.0_WOC2.0_N2700_F270_R2,U_WPA_L36_DOC2.0_WOC2.0_N2700_F270,2,1,0.08333333333333333,0.07599508878793514
18,4,2,71,all40,120,40,30,10,0.1,FacilityLocation-R,same-objective one-swap refinement,12,10,2,3,11,97,129,U_WPB_L56_DOC2.0_WOC1.0_N2700_F270_R2,U_WPB_L56_DOC2.0_WOC1.0_N2700_F270,2,1,0.15833333333333333,0.0996264659769346
18,4,2,71,all40,120,40,30,10,0.1,FacilityLocation-R,same-objective one-swap refinement,12,10,2,3,12,114,154,U_WPB_L56_DOC4.0_WOC2.0_N2700_F270_R3,U_WPB_L56_DOC4.0_WOC2.0_N2700_F270,3,1,0.075,0.08525597908076431
18,4,2,71,all40,120,40,30,10,0.1,W2-KMedoids,initializer,12,10,2,3,1,15,23,S_WPA_L36_DOC1.0_WOC1.0_N3600_F360_R4,S_WPA_L36_DOC1.0_WOC1.0_N3600_F360,4,0,0.2833333333333333,0.10225287012554159
18,4,2,71,all40,120,40,30,10,0.1,W2-KMedoids,initializer,12,10,2,3,2,25,41,S_WPA_L36_DOC2.0_WOC1.0_N1800_F180_R2,S_WPA_L36_DOC2.0_WOC1.0_N1800_F180,2,0,0.008333333333333333,0.06556297521252154
18,4,2,71,all40,120,40,30,10,0.1,W2-KMedoids,initializer,12,10,2,3,3,41,57,S_WPA_L36_DOC6.0_WOC1.0_N2700_F270_R2,S_WPA_L36_DOC6.0_WOC1.0_N2700_F270,2,0,0.058333333333333334,0.09463643230472492
18,4,2,71,all40,120,40,30,10,0.1,W2-KMedoids,initializer,12,10,2,3,4,48,64,S_WPB_L56_DOC0.5_WOC1.0_N2700_F270_R1,S_WPB_L56_DOC0.5_WOC1.0_N2700_F270,1,0,0.03333333333333333,0.07513979854803195
18,4,2,71,all40,120,40,30,10,0.1,W2-KMedoids,initializer,12,10,2,3,5,60,80,S_WPB_L56_DOC1.0_WOC1.0_N2700_F270_R1,S_WPB_L56_DOC1.0_WOC1.0_N2700_F270,1,0,0.11666666666666667,0.0968869369459325
18,4,2,71,all40,120,40,30,10,0.1,W2-KMedoids,initializer,12,10,2,3,6,69,89,S_WPB_L56_DOC1.0_WOC2.0_N2700_F270_R2,S_WPB_L56_DOC1.0_WOC2.0_N2700_F270,2,0,0.008333333333333333,0.06556297521252154
18,4,2,71,all40,120,40,30,10,0.1,W2-KMedoids,initializer,12,10,2,3,7,70,90,S_WPB_L56_DOC1.0_WOC2.0_N2700_F270_R3,S_WPB_L56_DOC1.0_WOC2.0_N2700_F270,3,0,0.008333333333333333,0.06589540812016512
18,4,2,71,all40,120,40,30,10,0.1,W2-KMedoids,initializer,12,10,2,3,8,71,91,S_WPB_L56_DOC1.0_WOC2.0_N2700_F270_R4,S_WPB_L56_DOC1.0_WOC2.0_N2700_F270,4,0,0.15,0.0932302266087
18,4,2,71,all40,120,40,30,10,0.1,W2-KMedoids,initializer,12,10,2,3,9,72,96,S_WPB_L56_DOC1.5_WOC1.0_N2700_F270_R1,S_WPB_L56_DOC1.5_WOC1.0_N2700_F270,1,0,0.008333333333333333,0.06614604921724292
18,4,2,71,all40,120,40,30,10,0.1,W2-KMedoids,initializer,12,10,2,3,10,76,100,S_WPB_L56_DOC1.5_WOC1.0_N3600_F360_R1,S_WPB_L56_DOC1.5_WOC1.0_N3600_F360,1,0,0.008333333333333333,0.06596380785848971
18,4,2,71,all40,120,40,30,10,0.1,W2-KMedoids,initializer,12,10,2,3,11,89,113,U_WPA_L36_DOC2.0_WOC2.0_N2700_F270_R2,U_WPA_L36_DOC2.0_WOC2.0_N2700_F270,2,1,0.08333333333333333,0.09799446239685948
18,4,2,71,all40,120,40,30,10,0.1,W2-KMedoids,initializer,12,10,2,3,12,107,139,U_WPB_L56_DOC2.0_WOC2.0_N2700_F270_R4,U_WPB_L56_DOC2.0_WOC2.0_N2700_F270,4,1,0.23333333333333334,0.11072805744926875
18,4,2,71,all40,120,40,30,10,0.1,W2-KMedoids-R,same-objective one-swap refinement,12,9,3,3,1,15,23,S_WPA_L36_DOC1.0_WOC1.0_N3600_F360_R4,S_WPA_L36_DOC1.0_WOC1.0_N3600_F360,4,0,0.275,0.1111489210748331
18,4,2,71,all40,120,40,30,10,0.1,W2-KMedoids-R,same-objective one-swap refinement,12,9,3,3,2,25,41,S_WPA_L36_DOC2.0_WOC1.0_N1800_F180_R2,S_WPA_L36_DOC2.0_WOC1.0_N1800_F180,2,0,0.008333333333333333,0.05396703931067494
18,4,2,71,all40,120,40,30,10,0.1,W2-KMedoids-R,same-objective one-swap refinement,12,9,3,3,3,41,57,S_WPA_L36_DOC6.0_WOC1.0_N2700_F270_R2,S_WPA_L36_DOC6.0_WOC1.0_N2700_F270,2,0,0.058333333333333334,0.09793787684001683
18,4,2,71,all40,120,40,30,10,0.1,W2-KMedoids-R,same-objective one-swap refinement,12,9,3,3,4,48,64,S_WPB_L56_DOC0.5_WOC1.0_N2700_F270_R1,S_WPB_L56_DOC0.5_WOC1.0_N2700_F270,1,0,0.03333333333333333,0.07155252243714502
18,4,2,71,all40,120,40,30,10,0.1,W2-KMedoids-R,same-objective one-swap refinement,12,9,3,3,5,60,80,S_WPB_L56_DOC1.0_WOC1.0_N2700_F270_R1,S_WPB_L56_DOC1.0_WOC1.0_N2700_F270,1,0,0.11666666666666667,0.10154997353285053
18,4,2,71,all40,120,40,30,10,0.1,W2-KMedoids-R,same-objective one-swap refinement,12,9,3,3,6,69,89,S_WPB_L56_DOC1.0_WOC2.0_N2700_F270_R2,S_WPB_L56_DOC1.0_WOC2.0_N2700_F270,2,0,0.008333333333333333,0.05396703931067494
18,4,2,71,all40,120,40,30,10,0.1,W2-KMedoids-R,same-objective one-swap refinement,12,9,3,3,7,70,90,S_WPB_L56_DOC1.0_WOC2.0_N2700_F270_R3,S_WPB_L56_DOC1.0_WOC2.0_N2700_F270,3,0,0.008333333333333333,0.054586664903859536
18,4,2,71,all40,120,40,30,10,0.1,W2-KMedoids-R,same-objective one-swap refinement,12,9,3,3,8,71,91,S_WPB_L56_DOC1.0_WOC2.0_N2700_F270_R4,S_WPB_L56_DOC1.0_WOC2.0_N2700_F270,4,0,0.15,0.09782042584964981
18,4,2,71,all40,120,40,30,10,0.1,W2-KMedoids-R,same-objective one-swap refinement,12,9,3,3,9,76,100,S_WPB_L56_DOC1.5_WOC1.0_N3600_F360_R1,S_WPB_L56_DOC1.5_WOC1.0_N3600_F360,1,0,0.008333333333333333,0.054565843302046085
18,4,2,71,all40,120,40,30,10,0.1,W2-KMedoids-R,same-objective one-swap refinement,12,9,3,3,10,79,103,S_WPB_L56_DOC1.5_WOC1.0_N3600_F360_R4,S_WPB_L56_DOC1.5_WOC1.0_N3600_F360,4,0,0.016666666666666666,0.07136994908359257
18,4,2,71,all40,120,40,30,10,0.1,W2-KMedoids-R,same-objective one-swap refinement,12,9,3,3,11,89,113,U_WPA_L36_DOC2.0_WOC2.0_N2700_F270_R2,U_WPA_L36_DOC2.0_WOC2.0_N2700_F270,2,1,0.08333333333333333,0.10641558434997096
18,4,2,71,all40,120,40,30,10,0.1,W2-KMedoids-R,same-objective one-swap refinement,12,9,3,3,12,107,139,U_WPB_L56_DOC2.0_WOC2.0_N2700_F270_R4,U_WPB_L56_DOC2.0_WOC2.0_N2700_F270,4,1,0.23333333333333334,0.12511816000468562
18,4,2,71,all40,120,40,30,10,0.1,MRDS projected,initializer,12,10,2,3,1,91,115,U_WPA_L36_DOC2.0_WOC2.0_N2700_F270_R4,U_WPA_L36_DOC2.0_WOC2.0_N2700_F270,4,1,0.5333333333333333,0.16180620466684606
18,4,2,71,all40,120,40,30,10,0.1,MRDS projected,initializer,12,10,2,3,2,76,100,S_WPB_L56_DOC1.5_WOC1.0_N3600_F360_R1,S_WPB_L56_DOC1.5_WOC1.0_N3600_F360,1,0,0.008333333333333333,0.060813077570058195
18,4,2,71,all40,120,40,30,10,0.1,MRDS projected,initializer,12,10,2,3,3,25,41,S_WPA_L36_DOC2.0_WOC1.0_N1800_F180_R2,S_WPA_L36_DOC2.0_WOC1.0_N1800_F180,2,0,0.008333333333333333,0.06033047875706989
18,4,2,71,all40,120,40,30,10,0.1,MRDS projected,initializer,12,10,2,3,4,70,90,S_WPB_L56_DOC1.0_WOC2.0_N2700_F270_R3,S_WPB_L56_DOC1.0_WOC2.0_N2700_F270,3,0,0.008333333333333333,0.06073039975800616
18,4,2,71,all40,120,40,30,10,0.1,MRDS projected,initializer,12,10,2,3,5,72,96,S_WPB_L56_DOC1.5_WOC1.0_N2700_F270_R1,S_WPB_L56_DOC1.5_WOC1.0_N2700_F270,1,0,0.008333333333333333,0.06123559270934938
18,4,2,71,all40,120,40,30,10,0.1,MRDS projected,initializer,12,10,2,3,6,69,89,S_WPB_L56_DOC1.0_WOC2.0_N2700_F270_R2,S_WPB_L56_DOC1.0_WOC2.0_N2700_F270,2,0,0.008333333333333333,0.06033047875706989
18,4,2,71,all40,120,40,30,10,0.1,MRDS projected,initializer,12,10,2,3,7,51,67,S_WPB_L56_DOC0.5_WOC1.0_N2700_F270_R4,S_WPB_L56_DOC0.5_WOC1.0_N2700_F270,4,0,0.03333333333333333,0.065596150324034
18,4,2,71,all40,120,40,30,10,0.1,MRDS projected,initializer,12,10,2,3,8,35,51,S_WPA_L36_DOC3.0_WOC1.0_N1800_F180_R4,S_WPA_L36_DOC3.0_WOC1.0_N1800_F180,4,0,0.041666666666666664,0.05992538299786801
18,4,2,71,all40,120,40,30,10,0.1,MRDS projected,initializer,12,10,2,3,9,8,16,S_WPA_L36_DOC1.0_WOC1.0_N2700_F270_R1,S_WPA_L36_DOC1.0_WOC1.0_N2700_F270,1,0,0.18333333333333332,0.1589244619178207
18,4,2,71,all40,120,40,30,10,0.1,MRDS projected,initializer,12,10,2,3,10,68,88,S_WPB_L56_DOC1.0_WOC2.0_N2700_F270_R1,S_WPB_L56_DOC1.0_WOC2.0_N2700_F270,1,0,0.11666666666666667,0.134215398829369
18,4,2,71,all40,120,40,30,10,0.1,MRDS projected,initializer,12,10,2,3,11,112,152,U_WPB_L56_DOC4.0_WOC2.0_N2700_F270_R1,U_WPB_L56_DOC4.0_WOC2.0_N2700_F270,1,1,0.016666666666666666,0.06777295679622401
18,4,2,71,all40,120,40,30,10,0.1,MRDS projected,initializer,12,10,2,3,12,85,109,U_WPA_L36_DOC2.0_WOC1.0_N3600_F360_R2,U_WPA_L36_DOC2.0_WOC1.0_N3600_F360,2,1,0.03333333333333333,0.048319416916284566
18,4,2,71,all40,120,40,30,10,0.1,MRDS-IS-R (proposed),same-objective one-swap refinement,12,9,3,3,1,8,16,S_WPA_L36_DOC1.0_WOC1.0_N2700_F270_R1,S_WPA_L36_DOC1.0_WOC1.0_N2700_F270,1,0,0.18333333333333332,0.17019099550984398
18,4,2,71,all40,120,40,30,10,0.1,MRDS-IS-R (proposed),same-objective one-swap refinement,12,9,3,3,2,25,41,S_WPA_L36_DOC2.0_WOC1.0_N1800_F180_R2,S_WPA_L36_DOC2.0_WOC1.0_N1800_F180,2,0,0.008333333333333333,0.04832663106021403
18,4,2,71,all40,120,40,30,10,0.1,MRDS-IS-R (proposed),same-objective one-swap refinement,12,9,3,3,3,35,51,S_WPA_L36_DOC3.0_WOC1.0_N1800_F180_R4,S_WPA_L36_DOC3.0_WOC1.0_N1800_F180,4,0,0.041666666666666664,0.05867241692683134
18,4,2,71,all40,120,40,30,10,0.1,MRDS-IS-R (proposed),same-objective one-swap refinement,12,9,3,3,4,51,67,S_WPB_L56_DOC0.5_WOC1.0_N2700_F270_R4,S_WPB_L56_DOC0.5_WOC1.0_N2700_F270,4,0,0.03333333333333333,0.05775613890056893
18,4,2,71,all40,120,40,30,10,0.1,MRDS-IS-R (proposed),same-objective one-swap refinement,12,9,3,3,5,68,88,S_WPB_L56_DOC1.0_WOC2.0_N2700_F270_R1,S_WPB_L56_DOC1.0_WOC2.0_N2700_F270,1,0,0.075,0.1451568294798467
18,4,2,71,all40,120,40,30,10,0.1,MRDS-IS-R (proposed),same-objective one-swap refinement,12,9,3,3,6,69,89,S_WPB_L56_DOC1.0_WOC2.0_N2700_F270_R2,S_WPB_L56_DOC1.0_WOC2.0_N2700_F270,2,0,0.008333333333333333,0.04832663106021403
18,4,2,71,all40,120,40,30,10,0.1,MRDS-IS-R (proposed),same-objective one-swap refinement,12,9,3,3,7,70,90,S_WPB_L56_DOC1.0_WOC2.0_N2700_F270_R3,S_WPB_L56_DOC1.0_WOC2.0_N2700_F270,3,0,0.008333333333333333,0.04911476200816303
18,4,2,71,all40,120,40,30,10,0.1,MRDS-IS-R (proposed),same-objective one-swap refinement,12,9,3,3,8,76,100,S_WPB_L56_DOC1.5_WOC1.0_N3600_F360_R1,S_WPB_L56_DOC1.5_WOC1.0_N3600_F360,1,0,0.008333333333333333,0.04898745591510579
18,4,2,71,all40,120,40,30,10,0.1,MRDS-IS-R (proposed),same-objective one-swap refinement,12,9,3,3,9,77,101,S_WPB_L56_DOC1.5_WOC1.0_N3600_F360_R2,S_WPB_L56_DOC1.5_WOC1.0_N3600_F360,2,0,0.3416666666666667,0.07434368053881761
18,4,2,71,all40,120,40,30,10,0.1,MRDS-IS-R (proposed),same-objective one-swap refinement,12,9,3,3,10,85,109,U_WPA_L36_DOC2.0_WOC1.0_N3600_F360_R2,U_WPA_L36_DOC2.0_WOC1.0_N3600_F360,2,1,0.03333333333333333,0.044043424714953205
18,4,2,71,all40,120,40,30,10,0.1,MRDS-IS-R (proposed),same-objective one-swap refinement,12,9,3,3,11,91,115,U_WPA_L36_DOC2.0_WOC2.0_N2700_F270_R4,U_WPA_L36_DOC2.0_WOC2.0_N2700_F270,4,1,0.24166666666666667,0.19110722853985548
18,4,2,71,all40,120,40,30,10,0.1,MRDS-IS-R (proposed),same-objective one-swap refinement,12,9,3,3,12,112,152,U_WPB_L56_DOC4.0_WOC2.0_N2700_F270_R1,U_WPB_L56_DOC4.0_WOC2.0_N2700_F270,1,1,0.016666666666666666,0.06397380534558589
18,4,2,71,all40,120,40,30,10,0.1,Best-of-starts-R (diagnostic only),diagnostic oracle over supplied starts; winner=W2-KMedoids,12,9,3,3,1,15,23,S_WPA_L36_DOC1.0_WOC1.0_N3600_F360_R4,S_WPA_L36_DOC1.0_WOC1.0_N3600_F360,4,0,0.275,0.1111489210748331
18,4,2,71,all40,120,40,30,10,0.1,Best-of-starts-R (diagnostic only),diagnostic oracle over supplied starts; winner=W2-KMedoids,12,9,3,3,2,25,41,S_WPA_L36_DOC2.0_WOC1.0_N1800_F180_R2,S_WPA_L36_DOC2.0_WOC1.0_N1800_F180,2,0,0.008333333333333333,0.05396703931067494
18,4,2,71,all40,120,40,30,10,0.1,Best-of-starts-R (diagnostic only),diagnostic oracle over supplied starts; winner=W2-KMedoids,12,9,3,3,3,41,57,S_WPA_L36_DOC6.0_WOC1.0_N2700_F270_R2,S_WPA_L36_DOC6.0_WOC1.0_N2700_F270,2,0,0.058333333333333334,0.09793787684001683
18,4,2,71,all40,120,40,30,10,0.1,Best-of-starts-R (diagnostic only),diagnostic oracle over supplied starts; winner=W2-KMedoids,12,9,3,3,4,48,64,S_WPB_L56_DOC0.5_WOC1.0_N2700_F270_R1,S_WPB_L56_DOC0.5_WOC1.0_N2700_F270,1,0,0.03333333333333333,0.07155252243714502
18,4,2,71,all40,120,40,30,10,0.1,Best-of-starts-R (diagnostic only),diagnostic oracle over supplied starts; winner=W2-KMedoids,12,9,3,3,5,60,80,S_WPB_L56_DOC1.0_WOC1.0_N2700_F270_R1,S_WPB_L56_DOC1.0_WOC1.0_N2700_F270,1,0,0.11666666666666667,0.10154997353285053
18,4,2,71,all40,120,40,30,10,0.1,Best-of-starts-R (diagnostic only),diagnostic oracle over supplied starts; winner=W2-KMedoids,12,9,3,3,6,69,89,S_WPB_L56_DOC1.0_WOC2.0_N2700_F270_R2,S_WPB_L56_DOC1.0_WOC2.0_N2700_F270,2,0,0.008333333333333333,0.05396703931067494
18,4,2,71,all40,120,40,30,10,0.1,Best-of-starts-R (diagnostic only),diagnostic oracle over supplied starts; winner=W2-KMedoids,12,9,3,3,7,70,90,S_WPB_L56_DOC1.0_WOC2.0_N2700_F270_R3,S_WPB_L56_DOC1.0_WOC2.0_N2700_F270,3,0,0.008333333333333333,0.054586664903859536
18,4,2,71,all40,120,40,30,10,0.1,Best-of-starts-R (diagnostic only),diagnostic oracle over supplied starts; winner=W2-KMedoids,12,9,3,3,8,71,91,S_WPB_L56_DOC1.0_WOC2.0_N2700_F270_R4,S_WPB_L56_DOC1.0_WOC2.0_N2700_F270,4,0,0.15,0.09782042584964981
18,4,2,71,all40,120,40,30,10,0.1,Best-of-starts-R (diagnostic only),diagnostic oracle over supplied starts; winner=W2-KMedoids,12,9,3,3,9,76,100,S_WPB_L56_DOC1.5_WOC1.0_N3600_F360_R1,S_WPB_L56_DOC1.5_WOC1.0_N3600_F360,1,0,0.008333333333333333,0.054565843302046085
18,4,2,71,all40,120,40,30,10,0.1,Best-of-starts-R (diagnostic only),diagnostic oracle over supplied starts; winner=W2-KMedoids,12,9,3,3,10,79,103,S_WPB_L56_DOC1.5_WOC1.0_N3600_F360_R4,S_WPB_L56_DOC1.5_WOC1.0_N3600_F360,4,0,0.016666666666666666,0.07136994908359257
18,4,2,71,all40,120,40,30,10,0.1,Best-of-starts-R (diagnostic only),diagnostic oracle over supplied starts; winner=W2-KMedoids,12,9,3,3,11,89,113,U_WPA_L36_DOC2.0_WOC2.0_N2700_F270_R2,U_WPA_L36_DOC2.0_WOC2.0_N2700_F270,2,1,0.08333333333333333,0.10641558434997096
18,4,2,71,all40,120,40,30,10,0.1,Best-of-starts-R (diagnostic only),diagnostic oracle over supplied starts; winner=W2-KMedoids,12,9,3,3,12,107,139,U_WPB_L56_DOC2.0_WOC2.0_N2700_F270_R4,U_WPB_L56_DOC2.0_WOC2.0_N2700_F270,4,1,0.23333333333333334,0.12511816000468562
19,4,3,71,all40,120,40,30,10,0.1,Random,initializer,12,10,2,2,1,2,6,S_WPA_L36_DOC0.5_WOC1.0_N3600_F360_R3,S_WPA_L36_DOC0.5_WOC1.0_N3600_F360,3,0,0.10833333333333334,0.0025000064067314206
19,4,3,71,all40,120,40,30,10,0.1,Random,initializer,12,10,2,2,2,5,9,S_WPA_L36_DOC0.5_WOC2.0_N2700_F270_R2,S_WPA_L36_DOC0.5_WOC2.0_N2700_F270,2,0,0.15833333333333333,0.0022523153911481516
19,4,3,71,all40,120,40,30,10,0.1,Random,initializer,12,10,2,2,3,24,28,S_WPA_L36_DOC1.5_WOC1.0_N1800_F180_R1,S_WPA_L36_DOC1.5_WOC1.0_N1800_F180,1,0,0.025,0.010534125192257717
19,4,3,71,all40,120,40,30,10,0.1,Random,initializer,12,10,2,2,4,27,31,S_WPA_L36_DOC1.5_WOC1.0_N1800_F180_R4,S_WPA_L36_DOC1.5_WOC1.0_N1800_F180,4,0,0.041666666666666664,0.014453993088993028
19,4,3,71,all40,120,40,30,10,0.1,Random,initializer,12,10,2,2,5,44,52,S_WPA_L36_DOC4.0_WOC1.0_N2700_F270_R1,S_WPA_L36_DOC4.0_WOC1.0_N2700_F270,1,0,0.075,0.6189315335510585
19,4,3,71,all40,120,40,30,10,0.1,Random,initializer,12,10,2,2,6,52,72,S_WPB_L56_DOC0.5_WOC2.0_N2700_F270_R1,S_WPB_L56_DOC0.5_WOC2.0_N2700_F270,1,0,0.14166666666666666,0.012945656952131946
19,4,3,71,all40,120,40,30,10,0.1,Random,initializer,12,10,2,2,7,59,79,S_WPB_L56_DOC1.0_WOC1.0_N1800_F180_R4,S_WPB_L56_DOC1.0_WOC1.0_N1800_F180,4,0,0.05,0.006165497273279286
19,4,3,71,all40,120,40,30,10,0.1,Random,initializer,12,10,2,2,8,73,97,S_WPB_L56_DOC1.5_WOC1.0_N2700_F270_R2,S_WPB_L56_DOC1.5_WOC1.0_N2700_F270,2,0,0.06666666666666667,0.004984318425598396
19,4,3,71,all40,120,40,30,10,0.1,Random,initializer,12,10,2,2,9,75,99,S_WPB_L56_DOC1.5_WOC1.0_N2700_F270_R4,S_WPB_L56_DOC1.5_WOC1.0_N2700_F270,4,0,0.016666666666666666,0.0067455950109417875
19,4,3,71,all40,120,40,30,10,0.1,Random,initializer,12,10,2,2,10,86,114,U_WPA_L36_DOC2.0_WOC2.0_N2700_F270_R3,U_WPA_L36_DOC2.0_WOC2.0_N2700_F270,3,1,0.09166666666666666,0.30637903431592856
19,4,3,71,all40,120,40,30,10,0.1,Random,initializer,12,10,2,2,11,103,139,U_WPB_L56_DOC2.0_WOC2.0_N2700_F270_R4,U_WPB_L56_DOC2.0_WOC2.0_N2700_F270,4,1,0.13333333333333333,0.007875967287523137
19,4,3,71,all40,120,40,30,10,0.1,Random,initializer,12,10,2,2,12,112,148,U_WPB_L56_DOC4.0_WOC1.0_N2700_F270_R1,U_WPB_L56_DOC4.0_WOC1.0_N2700_F270,1,1,0.09166666666666666,0.006231957104408006
19,4,3,71,all40,120,40,30,10,0.1,Random-R,same-objective one-swap refinement,12,10,2,2,1,2,6,S_WPA_L36_DOC0.5_WOC1.0_N3600_F360_R3,S_WPA_L36_DOC0.5_WOC1.0_N3600_F360,3,0,0.10833333333333334,5.054918379849563e-17
19,4,3,71,all40,120,40,30,10,0.1,Random-R,same-objective one-swap refinement,12,10,2,2,2,5,9,S_WPA_L36_DOC0.5_WOC2.0_N2700_F270_R2,S_WPA_L36_DOC0.5_WOC2.0_N2700_F270,2,0,0.15833333333333333,1.561898750361716e-17
19,4,3,71,all40,120,40,30,10,0.1,Random-R,same-objective one-swap refinement,12,10,2,2,3,24,28,S_WPA_L36_DOC1.5_WOC1.0_N1800_F180_R1,S_WPA_L36_DOC1.5_WOC1.0_N1800_F180,1,0,0.025,1.1437474915563112e-13
19,4,3,71,all40,120,40,30,10,0.1,Random-R,same-objective one-swap refinement,12,10,2,2,4,27,31,S_WPA_L36_DOC1.5_WOC1.0_N1800_F180_R4,S_WPA_L36_DOC1.5_WOC1.0_N1800_F180,4,0,0.10833333333333334,5.26072036325308e-13
19,4,3,71,all40,120,40,30,10,0.1,Random-R,same-objective one-swap refinement,12,10,2,2,5,44,52,S_WPA_L36_DOC4.0_WOC1.0_N2700_F270_R1,S_WPA_L36_DOC4.0_WOC1.0_N2700_F270,1,0,0.075,8.657347262019123e-10
19,4,3,71,all40,120,40,30,10,0.1,Random-R,same-objective one-swap refinement,12,10,2,2,6,52,72,S_WPB_L56_DOC0.5_WOC2.0_N2700_F270_R1,S_WPB_L56_DOC0.5_WOC2.0_N2700_F270,1,0,0.14166666666666666,1.0647738149533614e-12
19,4,3,71,all40,120,40,30,10,0.1,Random-R,same-objective one-swap refinement,12,10,2,2,7,59,79,S_WPB_L56_DOC1.0_WOC1.0_N1800_F180_R4,S_WPB_L56_DOC1.0_WOC1.0_N1800_F180,4,0,0.05,1.7832246825626515e-15
19,4,3,71,all40,120,40,30,10,0.1,Random-R,same-objective one-swap refinement,12,10,2,2,8,65,89,S_WPB_L56_DOC1.0_WOC2.0_N2700_F270_R2,S_WPB_L56_DOC1.0_WOC2.0_N2700_F270,2,0,0.016666666666666666,0.9982641007232342
19,4,3,71,all40,120,40,30,10,0.1,Random-R,same-objective one-swap refinement,12,10,2,2,9,73,97,S_WPB_L56_DOC1.5_WOC1.0_N2700_F270_R2,S_WPB_L56_DOC1.5_WOC1.0_N2700_F270,2,0,0.05,0.0017358984092076687
19,4,3,71,all40,120,40,30,10,0.1,Random-R,same-objective one-swap refinement,12,10,2,2,10,75,99,S_WPB_L56_DOC1.5_WOC1.0_N2700_F270_R4,S_WPB_L56_DOC1.5_WOC1.0_N2700_F270,4,0,0.025,9.363010296522637e-14
19,4,3,71,all40,120,40,30,10,0.1,Random-R,same-objective one-swap refinement,12,10,2,2,11,103,139,U_WPB_L56_DOC2.0_WOC2.0_N2700_F270_R4,U_WPB_L56_DOC2.0_WOC2.0_N2700_F270,4,1,0.14166666666666666,1.5422587412276963e-14
19,4,3,71,all40,120,40,30,10,0.1,Random-R,same-objective one-swap refinement,12,10,2,2,12,112,148,U_WPB_L56_DOC4.0_WOC1.0_N2700_F270_R1,U_WPB_L56_DOC4.0_WOC1.0_N2700_F270,1,1,0.1,7.078515592144607e-15
19,4,3,71,all40,120,40,30,10,0.1,FacilityLocation,initializer,12,9,3,3,1,34,38,S_WPA_L36_DOC1.5_WOC2.0_N2700_F270_R3,S_WPA_L36_DOC1.5_WOC2.0_N2700_F270,3,0,0.14166666666666666,0.10913515470965819
19,4,3,71,all40,120,40,30,10,0.1,FacilityLocation,initializer,12,9,3,3,2,91,119,U_WPA_L36_DOC3.0_WOC1.0_N3600_F360_R4,U_WPA_L36_DOC3.0_WOC1.0_N3600_F360,4,1,0.09166666666666666,0.08805743051625531
19,4,3,71,all40,120,40,30,10,0.1,FacilityLocation,initializer,12,9,3,3,3,103,139,U_WPB_L56_DOC2.0_WOC2.0_N2700_F270_R4,U_WPB_L56_DOC2.0_WOC2.0_N2700_F270,4,1,0.21666666666666667,0.10539182824402649
19,4,3,71,all40,120,40,30,10,0.1,FacilityLocation,initializer,12,9,3,3,4,54,74,S_WPB_L56_DOC0.5_WOC2.0_N2700_F270_R3,S_WPB_L56_DOC0.5_WOC2.0_N2700_F270,3,0,0.14166666666666666,0.10859720000679553
19,4,3,71,all40,120,40,30,10,0.1,FacilityLocation,initializer,12,9,3,3,5,13,17,S_WPA_L36_DOC1.0_WOC1.0_N2700_F270_R2,S_WPA_L36_DOC1.0_WOC1.0_N2700_F270,2,0,0.08333333333333333,0.09022681119925699
19,4,3,71,all40,120,40,30,10,0.1,FacilityLocation,initializer,12,9,3,3,6,66,90,S_WPB_L56_DOC1.0_WOC2.0_N2700_F270_R3,S_WPB_L56_DOC1.0_WOC2.0_N2700_F270,3,0,0.016666666666666666,0.06381878275619084
19,4,3,71,all40,120,40,30,10,0.1,FacilityLocation,initializer,12,9,3,3,7,76,100,S_WPB_L56_DOC1.5_WOC1.0_N3600_F360_R1,S_WPB_L56_DOC1.5_WOC1.0_N3600_F360,1,0,0.008333333333333333,0.06479987095174417
19,4,3,71,all40,120,40,30,10,0.1,FacilityLocation,initializer,12,9,3,3,8,65,89,S_WPB_L56_DOC1.0_WOC2.0_N2700_F270_R2,S_WPB_L56_DOC1.0_WOC2.0_N2700_F270,2,0,0.008333333333333333,0.06479987095174318
19,4,3,71,all40,120,40,30,10,0.1,FacilityLocation,initializer,12,9,3,3,9,89,117,U_WPA_L36_DOC3.0_WOC1.0_N3600_F360_R2,U_WPA_L36_DOC3.0_WOC1.0_N3600_F360,2,1,0.008333333333333333,0.06479799552515092
19,4,3,71,all40,120,40,30,10,0.1,FacilityLocation,initializer,12,9,3,3,10,88,116,U_WPA_L36_DOC3.0_WOC1.0_N3600_F360_R1,U_WPA_L36_DOC3.0_WOC1.0_N3600_F360,1,1,0.008333333333333333,0.06470814074253645
19,4,3,71,all40,120,40,30,10,0.1,FacilityLocation,initializer,12,9,3,3,11,72,96,S_WPB_L56_DOC1.5_WOC1.0_N2700_F270_R1,S_WPB_L56_DOC1.5_WOC1.0_N2700_F270,1,0,0.008333333333333333,0.06494940074442064
19,4,3,71,all40,120,40,30,10,0.1,FacilityLocation,initializer,12,9,3,3,12,3,7,S_WPA_L36_DOC0.5_WOC1.0_N3600_F360_R4,S_WPA_L36_DOC0.5_WOC1.0_N3600_F360,4,0,0.26666666666666666,0.11071751365222131
19,4,3,71,all40,120,40,30,10,0.1,FacilityLocation-R,same-objective one-swap refinement,12,9,3,3,1,3,7,S_WPA_L36_DOC0.5_WOC1.0_N3600_F360_R4,S_WPA_L36_DOC0.5_WOC1.0_N3600_F360,4,0,0.26666666666666666,0.12486055409956608
19,4,3,71,all40,120,40,30,10,0.1,FacilityLocation-R,same-objective one-swap refinement,12,9,3,3,2,13,17,S_WPA_L36_DOC1.0_WOC1.0_N2700_F270_R2,S_WPA_L36_DOC1.0_WOC1.0_N2700_F270,2,0,0.08333333333333333,0.09385737411109407
19,4,3,71,all40,120,40,30,10,0.1,FacilityLocation-R,same-objective one-swap refinement,12,9,3,3,3,34,38,S_WPA_L36_DOC1.5_WOC2.0_N2700_F270_R3,S_WPA_L36_DOC1.5_WOC2.0_N2700_F270,3,0,0.13333333333333333,0.12143463171934286
19,4,3,71,all40,120,40,30,10,0.1,FacilityLocation-R,same-objective one-swap refinement,12,9,3,3,4,54,74,S_WPB_L56_DOC0.5_WOC2.0_N2700_F270_R3,S_WPB_L56_DOC0.5_WOC2.0_N2700_F270,3,0,0.14166666666666666,0.12083406377042116
19,4,3,71,all40,120,40,30,10,0.1,FacilityLocation-R,same-objective one-swap refinement,12,9,3,3,5,65,89,S_WPB_L56_DOC1.0_WOC2.0_N2700_F270_R2,S_WPB_L56_DOC1.0_WOC2.0_N2700_F270,2,0,0.008333333333333333,0.05347360803420797
19,4,3,71,all40,120,40,30,10,0.1,FacilityLocation-R,same-objective one-swap refinement,12,9,3,3,6,66,90,S_WPB_L56_DOC1.0_WOC2.0_N2700_F270_R3,S_WPB_L56_DOC1.0_WOC2.0_N2700_F270,3,0,0.016666666666666666,0.053275520177144764
19,4,3,71,all40,120,40,30,10,0.1,FacilityLocation-R,same-objective one-swap refinement,12,9,3,3,7,76,100,S_WPB_L56_DOC1.5_WOC1.0_N3600_F360_R1,S_WPB_L56_DOC1.5_WOC1.0_N3600_F360,1,0,0.008333333333333333,0.05347360803420943
19,4,3,71,all40,120,40,30,10,0.1,FacilityLocation-R,same-objective one-swap refinement,12,9,3,3,8,88,116,U_WPA_L36_DOC3.0_WOC1.0_N3600_F360_R1,U_WPA_L36_DOC3.0_WOC1.0_N3600_F360,1,1,0.008333333333333333,0.05339880101178796
19,4,3,71,all40,120,40,30,10,0.1,FacilityLocation-R,same-objective one-swap refinement,12,9,3,3,9,89,117,U_WPA_L36_DOC3.0_WOC1.0_N3600_F360_R2,U_WPA_L36_DOC3.0_WOC1.0_N3600_F360,2,1,0.008333333333333333,0.05347276641402144
19,4,3,71,all40,120,40,30,10,0.1,FacilityLocation-R,same-objective one-swap refinement,12,9,3,3,10,91,119,U_WPA_L36_DOC3.0_WOC1.0_N3600_F360_R4,U_WPA_L36_DOC3.0_WOC1.0_N3600_F360,4,1,0.09166666666666666,0.08914783313889152
19,4,3,71,all40,120,40,30,10,0.1,FacilityLocation-R,same-objective one-swap refinement,12,9,3,3,11,97,125,U_WPB_L56_DOC2.0_WOC1.0_N1800_F180_R2,U_WPB_L56_DOC2.0_WOC1.0_N1800_F180,2,1,0.06666666666666667,0.07034754651911874
19,4,3,71,all40,120,40,30,10,0.1,FacilityLocation-R,same-objective one-swap refinement,12,9,3,3,12,103,139,U_WPB_L56_DOC2.0_WOC2.0_N2700_F270_R4,U_WPB_L56_DOC2.0_WOC2.0_N2700_F270,4,1,0.16666666666666666,0.11242369297019422
19,4,3,71,all40,120,40,30,10,0.1,W2-KMedoids,initializer,12,10,2,3,1,13,17,S_WPA_L36_DOC1.0_WOC1.0_N2700_F270_R2,S_WPA_L36_DOC1.0_WOC1.0_N2700_F270,2,0,0.08333333333333333,0.09531955222638366
19,4,3,71,all40,120,40,30,10,0.1,W2-KMedoids,initializer,12,10,2,3,2,19,23,S_WPA_L36_DOC1.0_WOC1.0_N3600_F360_R4,S_WPA_L36_DOC1.0_WOC1.0_N3600_F360,4,0,0.35,0.11433124762052527
19,4,3,71,all40,120,40,30,10,0.1,W2-KMedoids,initializer,12,10,2,3,3,26,30,S_WPA_L36_DOC1.5_WOC1.0_N1800_F180_R3,S_WPA_L36_DOC1.5_WOC1.0_N1800_F180,3,0,0.05,0.09608316046803543
19,4,3,71,all40,120,40,30,10,0.1,W2-KMedoids,initializer,12,10,2,3,4,48,68,S_WPB_L56_DOC0.5_WOC1.0_N3600_F360_R1,S_WPB_L56_DOC0.5_WOC1.0_N3600_F360,1,0,0.016666666666666666,0.06335971145702737
19,4,3,71,all40,120,40,30,10,0.1,W2-KMedoids,initializer,12,10,2,3,5,54,74,S_WPB_L56_DOC0.5_WOC2.0_N2700_F270_R3,S_WPB_L56_DOC0.5_WOC2.0_N2700_F270,3,0,0.14166666666666666,0.11514114642738268
19,4,3,71,all40,120,40,30,10,0.1,W2-KMedoids,initializer,12,10,2,3,6,65,89,S_WPB_L56_DOC1.0_WOC2.0_N2700_F270_R2,S_WPB_L56_DOC1.0_WOC2.0_N2700_F270,2,0,0.008333333333333333,0.0643839256991557
19,4,3,71,all40,120,40,30,10,0.1,W2-KMedoids,initializer,12,10,2,3,7,72,96,S_WPB_L56_DOC1.5_WOC1.0_N2700_F270_R1,S_WPB_L56_DOC1.5_WOC1.0_N2700_F270,1,0,0.008333333333333333,0.06458525704500438
19,4,3,71,all40,120,40,30,10,0.1,W2-KMedoids,initializer,12,10,2,3,8,76,100,S_WPB_L56_DOC1.5_WOC1.0_N3600_F360_R1,S_WPB_L56_DOC1.5_WOC1.0_N3600_F360,1,0,0.008333333333333333,0.06438392569915613
19,4,3,71,all40,120,40,30,10,0.1,W2-KMedoids,initializer,12,10,2,3,9,88,116,U_WPA_L36_DOC3.0_WOC1.0_N3600_F360_R1,U_WPA_L36_DOC3.0_WOC1.0_N3600_F360,1,1,0.008333333333333333,0.06429940459849118
19,4,3,71,all40,120,40,30,10,0.1,W2-KMedoids,initializer,12,10,2,3,10,89,117,U_WPA_L36_DOC3.0_WOC1.0_N3600_F360_R2,U_WPA_L36_DOC3.0_WOC1.0_N3600_F360,2,1,0.008333333333333333,0.06438011628213555
19,4,3,71,all40,120,40,30,10,0.1,W2-KMedoids,initializer,12,10,2,3,11,91,119,U_WPA_L36_DOC3.0_WOC1.0_N3600_F360_R4,U_WPA_L36_DOC3.0_WOC1.0_N3600_F360,4,1,0.09166666666666666,0.076597885298953
19,4,3,71,all40,120,40,30,10,0.1,W2-KMedoids,initializer,12,10,2,3,12,103,139,U_WPB_L56_DOC2.0_WOC2.0_N2700_F270_R4,U_WPB_L56_DOC2.0_WOC2.0_N2700_F270,4,1,0.225,0.1171346671777495
19,4,3,71,all40,120,40,30,10,0.1,W2-KMedoids-R,same-objective one-swap refinement,12,10,2,3,1,13,17,S_WPA_L36_DOC1.0_WOC1.0_N2700_F270_R2,S_WPA_L36_DOC1.0_WOC1.0_N2700_F270,2,0,0.08333333333333333,0.09973885056311735
19,4,3,71,all40,120,40,30,10,0.1,W2-KMedoids-R,same-objective one-swap refinement,12,10,2,3,2,19,23,S_WPA_L36_DOC1.0_WOC1.0_N3600_F360_R4,S_WPA_L36_DOC1.0_WOC1.0_N3600_F360,4,0,0.3416666666666667,0.12884943522608597
19,4,3,71,all40,120,40,30,10,0.1,W2-KMedoids-R,same-objective one-swap refinement,12,10,2,3,3,26,30,S_WPA_L36_DOC1.5_WOC1.0_N1800_F180_R3,S_WPA_L36_DOC1.5_WOC1.0_N1800_F180,3,0,0.05,0.1014741096729422
19,4,3,71,all40,120,40,30,10,0.1,W2-KMedoids-R,same-objective one-swap refinement,12,10,2,3,4,48,68,S_WPB_L56_DOC0.5_WOC1.0_N3600_F360_R1,S_WPB_L56_DOC0.5_WOC1.0_N3600_F360,1,0,0.016666666666666666,0.0527061088968602
19,4,3,71,all40,120,40,30,10,0.1,W2-KMedoids-R,same-objective one-swap refinement,12,10,2,3,5,54,74,S_WPB_L56_DOC0.5_WOC2.0_N2700_F270_R3,S_WPB_L56_DOC0.5_WOC2.0_N2700_F270,3,0,0.14166666666666666,0.13003355160192523
19,4,3,71,all40,120,40,30,10,0.1,W2-KMedoids-R,same-objective one-swap refinement,12,10,2,3,6,65,89,S_WPB_L56_DOC1.0_WOC2.0_N2700_F270_R2,S_WPB_L56_DOC1.0_WOC2.0_N2700_F270,2,0,0.008333333333333333,0.05295546307084853
19,4,3,71,all40,120,40,30,10,0.1,W2-KMedoids-R,same-objective one-swap refinement,12,10,2,3,7,76,100,S_WPB_L56_DOC1.5_WOC1.0_N3600_F360_R1,S_WPB_L56_DOC1.5_WOC1.0_N3600_F360,1,0,0.008333333333333333,0.05295546307084866
19,4,3,71,all40,120,40,30,10,0.1,W2-KMedoids-R,same-objective one-swap refinement,12,10,2,3,8,88,116,U_WPA_L36_DOC3.0_WOC1.0_N3600_F360_R1,U_WPA_L36_DOC3.0_WOC1.0_N3600_F360,1,1,0.008333333333333333,0.052903707441966374
19,4,3,71,all40,120,40,30,10,0.1,W2-KMedoids-R,same-objective one-swap refinement,12,10,2,3,9,89,117,U_WPA_L36_DOC3.0_WOC1.0_N3600_F360_R2,U_WPA_L36_DOC3.0_WOC1.0_N3600_F360,2,1,0.008333333333333333,0.05295338951427648
19,4,3,71,all40,120,40,30,10,0.1,W2-KMedoids-R,same-objective one-swap refinement,12,10,2,3,10,91,119,U_WPA_L36_DOC3.0_WOC1.0_N3600_F360_R4,U_WPA_L36_DOC3.0_WOC1.0_N3600_F360,4,1,0.09166666666666666,0.07371718857027579
19,4,3,71,all40,120,40,30,10,0.1,W2-KMedoids-R,same-objective one-swap refinement,12,10,2,3,11,97,125,U_WPB_L56_DOC2.0_WOC1.0_N1800_F180_R2,U_WPB_L56_DOC2.0_WOC1.0_N1800_F180,2,1,0.075,0.07148984907646594
19,4,3,71,all40,120,40,30,10,0.1,W2-KMedoids-R,same-objective one-swap refinement,12,10,2,3,12,103,139,U_WPB_L56_DOC2.0_WOC2.0_N2700_F270_R4,U_WPB_L56_DOC2.0_WOC2.0_N2700_F270,4,1,0.16666666666666666,0.13022288329438725
19,4,3,71,all40,120,40,30,10,0.1,MRDS projected,initializer,12,10,2,2,1,114,150,U_WPB_L56_DOC4.0_WOC1.0_N2700_F270_R3,U_WPB_L56_DOC4.0_WOC1.0_N2700_F270,3,1,0.025,0.09026500619358845
19,4,3,71,all40,120,40,30,10,0.1,MRDS projected,initializer,12,10,2,2,2,76,100,S_WPB_L56_DOC1.5_WOC1.0_N3600_F360_R1,S_WPB_L56_DOC1.5_WOC1.0_N3600_F360,1,0,0.008333333333333333,0.06118708032962494
19,4,3,71,all40,120,40,30,10,0.1,MRDS projected,initializer,12,10,2,2,3,65,89,S_WPB_L56_DOC1.0_WOC2.0_N2700_F270_R2,S_WPB_L56_DOC1.0_WOC2.0_N2700_F270,2,0,0.008333333333333333,0.061187080329623805
19,4,3,71,all40,120,40,30,10,0.1,MRDS projected,initializer,12,10,2,2,4,88,116,U_WPA_L36_DOC3.0_WOC1.0_N3600_F360_R1,U_WPA_L36_DOC3.0_WOC1.0_N3600_F360,1,1,0.008333333333333333,0.06105920512919977
19,4,3,71,all40,120,40,30,10,0.1,MRDS projected,initializer,12,10,2,2,5,89,117,U_WPA_L36_DOC3.0_WOC1.0_N3600_F360_R2,U_WPA_L36_DOC3.0_WOC1.0_N3600_F360,2,1,0.008333333333333333,0.06119063137272924
19,4,3,71,all40,120,40,30,10,0.1,MRDS projected,initializer,12,10,2,2,6,72,96,S_WPB_L56_DOC1.5_WOC1.0_N2700_F270_R1,S_WPB_L56_DOC1.5_WOC1.0_N2700_F270,1,0,0.008333333333333333,0.06140400538007331
19,4,3,71,all40,120,40,30,10,0.1,MRDS projected,initializer,12,10,2,2,7,66,90,S_WPB_L56_DOC1.0_WOC2.0_N2700_F270_R3,S_WPB_L56_DOC1.0_WOC2.0_N2700_F270,3,0,0.008333333333333333,0.059165577117368064
19,4,3,71,all40,120,40,30,10,0.1,MRDS projected,initializer,12,10,2,2,8,41,49,S_WPA_L36_DOC3.0_WOC1.0_N1800_F180_R2,S_WPA_L36_DOC3.0_WOC1.0_N1800_F180,2,0,0.125,0.10104874910924838
19,4,3,71,all40,120,40,30,10,0.1,MRDS projected,initializer,12,10,2,2,9,48,68,S_WPB_L56_DOC0.5_WOC1.0_N3600_F360_R1,S_WPB_L56_DOC0.5_WOC1.0_N3600_F360,1,0,0.008333333333333333,0.05918279270162307
19,4,3,71,all40,120,40,30,10,0.1,MRDS projected,initializer,12,10,2,2,10,11,15,S_WPA_L36_DOC1.0_WOC1.0_N1800_F180_R4,S_WPA_L36_DOC1.0_WOC1.0_N1800_F180,4,0,0.31666666666666665,0.1360995507639786
19,4,3,71,all40,120,40,30,10,0.1,MRDS projected,initializer,12,10,2,2,11,97,125,U_WPB_L56_DOC2.0_WOC1.0_N1800_F180_R2,U_WPB_L56_DOC2.0_WOC1.0_N1800_F180,2,1,0.31666666666666665,0.1294370944488944
19,4,3,71,all40,120,40,30,10,0.1,MRDS projected,initializer,12,10,2,2,12,63,87,S_WPB_L56_DOC1.0_WOC1.0_N3600_F360_R4,S_WPB_L56_DOC1.0_WOC1.0_N3600_F360,4,0,0.15833333333333333,0.11877322712404795
19,4,3,71,all40,120,40,30,10,0.1,MRDS-IS-R (proposed),same-objective one-swap refinement,12,10,2,2,1,11,15,S_WPA_L36_DOC1.0_WOC1.0_N1800_F180_R4,S_WPA_L36_DOC1.0_WOC1.0_N1800_F180,4,0,0.3,0.16161240496448062
19,4,3,71,all40,120,40,30,10,0.1,MRDS-IS-R (proposed),same-objective one-swap refinement,12,10,2,2,2,41,49,S_WPA_L36_DOC3.0_WOC1.0_N1800_F180_R2,S_WPA_L36_DOC3.0_WOC1.0_N1800_F180,2,0,0.125,0.11187687601025387
19,4,3,71,all40,120,40,30,10,0.1,MRDS-IS-R (proposed),same-objective one-swap refinement,12,10,2,2,3,48,68,S_WPB_L56_DOC0.5_WOC1.0_N3600_F360_R1,S_WPB_L56_DOC0.5_WOC1.0_N3600_F360,1,0,0.016666666666666666,0.047755489633934535
19,4,3,71,all40,120,40,30,10,0.1,MRDS-IS-R (proposed),same-objective one-swap refinement,12,10,2,2,4,63,87,S_WPB_L56_DOC1.0_WOC1.0_N3600_F360_R4,S_WPB_L56_DOC1.0_WOC1.0_N3600_F360,4,0,0.15833333333333333,0.13490163002855474
19,4,3,71,all40,120,40,30,10,0.1,MRDS-IS-R (proposed),same-objective one-swap refinement,12,10,2,2,5,65,89,S_WPB_L56_DOC1.0_WOC2.0_N2700_F270_R2,S_WPB_L56_DOC1.0_WOC2.0_N2700_F270,2,0,0.008333333333333333,0.049258186237162105
19,4,3,71,all40,120,40,30,10,0.1,MRDS-IS-R (proposed),same-objective one-swap refinement,12,10,2,2,6,72,96,S_WPB_L56_DOC1.5_WOC1.0_N2700_F270_R1,S_WPB_L56_DOC1.5_WOC1.0_N2700_F270,1,0,0.008333333333333333,0.04967538740884604
19,4,3,71,all40,120,40,30,10,0.1,MRDS-IS-R (proposed),same-objective one-swap refinement,12,10,2,2,7,76,100,S_WPB_L56_DOC1.5_WOC1.0_N3600_F360_R1,S_WPB_L56_DOC1.5_WOC1.0_N3600_F360,1,0,0.008333333333333333,0.049258186237162827
19,4,3,71,all40,120,40,30,10,0.1,MRDS-IS-R (proposed),same-objective one-swap refinement,12,10,2,2,8,88,116,U_WPA_L36_DOC3.0_WOC1.0_N3600_F360_R1,U_WPA_L36_DOC3.0_WOC1.0_N3600_F360,1,1,0.008333333333333333,0.04912990571173834
19,4,3,71,all40,120,40,30,10,0.1,MRDS-IS-R (proposed),same-objective one-swap refinement,12,10,2,2,9,89,117,U_WPA_L36_DOC3.0_WOC1.0_N3600_F360_R2,U_WPA_L36_DOC3.0_WOC1.0_N3600_F360,2,1,0.008333333333333333,0.049265790691806394
19,4,3,71,all40,120,40,30,10,0.1,MRDS-IS-R (proposed),same-objective one-swap refinement,12,10,2,2,10,97,125,U_WPB_L56_DOC2.0_WOC1.0_N1800_F180_R2,U_WPB_L56_DOC2.0_WOC1.0_N1800_F180,2,1,0.18333333333333332,0.14649666715680654
19,4,3,71,all40,120,40,30,10,0.1,MRDS-IS-R (proposed),same-objective one-swap refinement,12,10,2,2,11,112,148,U_WPB_L56_DOC4.0_WOC1.0_N2700_F270_R1,U_WPB_L56_DOC4.0_WOC1.0_N2700_F270,1,1,0.16666666666666666,0.0655248562207445
19,4,3,71,all40,120,40,30,10,0.1,MRDS-IS-R (proposed),same-objective one-swap refinement,12,10,2,2,12,114,150,U_WPB_L56_DOC4.0_WOC1.0_N2700_F270_R3,U_WPB_L56_DOC4.0_WOC1.0_N2700_F270,3,1,0.008333333333333333,0.08524461969850954
19,4,3,71,all40,120,40,30,10,0.1,Best-of-starts-R (diagnostic only),diagnostic oracle over supplied starts; winner=FacilityLocation,12,9,3,3,1,3,7,S_WPA_L36_DOC0.5_WOC1.0_N3600_F360_R4,S_WPA_L36_DOC0.5_WOC1.0_N3600_F360,4,0,0.26666666666666666,0.12486055409956608
19,4,3,71,all40,120,40,30,10,0.1,Best-of-starts-R (diagnostic only),diagnostic oracle over supplied starts; winner=FacilityLocation,12,9,3,3,2,13,17,S_WPA_L36_DOC1.0_WOC1.0_N2700_F270_R2,S_WPA_L36_DOC1.0_WOC1.0_N2700_F270,2,0,0.08333333333333333,0.09385737411109407
19,4,3,71,all40,120,40,30,10,0.1,Best-of-starts-R (diagnostic only),diagnostic oracle over supplied starts; winner=FacilityLocation,12,9,3,3,3,34,38,S_WPA_L36_DOC1.5_WOC2.0_N2700_F270_R3,S_WPA_L36_DOC1.5_WOC2.0_N2700_F270,3,0,0.13333333333333333,0.12143463171934286
19,4,3,71,all40,120,40,30,10,0.1,Best-of-starts-R (diagnostic only),diagnostic oracle over supplied starts; winner=FacilityLocation,12,9,3,3,4,54,74,S_WPB_L56_DOC0.5_WOC2.0_N2700_F270_R3,S_WPB_L56_DOC0.5_WOC2.0_N2700_F270,3,0,0.14166666666666666,0.12083406377042116
19,4,3,71,all40,120,40,30,10,0.1,Best-of-starts-R (diagnostic only),diagnostic oracle over supplied starts; winner=FacilityLocation,12,9,3,3,5,65,89,S_WPB_L56_DOC1.0_WOC2.0_N2700_F270_R2,S_WPB_L56_DOC1.0_WOC2.0_N2700_F270,2,0,0.008333333333333333,0.05347360803420797
19,4,3,71,all40,120,40,30,10,0.1,Best-of-starts-R (diagnostic only),diagnostic oracle over supplied starts; winner=FacilityLocation,12,9,3,3,6,66,90,S_WPB_L56_DOC1.0_WOC2.0_N2700_F270_R3,S_WPB_L56_DOC1.0_WOC2.0_N2700_F270,3,0,0.016666666666666666,0.053275520177144764
19,4,3,71,all40,120,40,30,10,0.1,Best-of-starts-R (diagnostic only),diagnostic oracle over supplied starts; winner=FacilityLocation,12,9,3,3,7,76,100,S_WPB_L56_DOC1.5_WOC1.0_N3600_F360_R1,S_WPB_L56_DOC1.5_WOC1.0_N3600_F360,1,0,0.008333333333333333,0.05347360803420943
19,4,3,71,all40,120,40,30,10,0.1,Best-of-starts-R (diagnostic only),diagnostic oracle over supplied starts; winner=FacilityLocation,12,9,3,3,8,88,116,U_WPA_L36_DOC3.0_WOC1.0_N3600_F360_R1,U_WPA_L36_DOC3.0_WOC1.0_N3600_F360,1,1,0.008333333333333333,0.05339880101178796
19,4,3,71,all40,120,40,30,10,0.1,Best-of-starts-R (diagnostic only),diagnostic oracle over supplied starts; winner=FacilityLocation,12,9,3,3,9,89,117,U_WPA_L36_DOC3.0_WOC1.0_N3600_F360_R2,U_WPA_L36_DOC3.0_WOC1.0_N3600_F360,2,1,0.008333333333333333,0.05347276641402144
19,4,3,71,all40,120,40,30,10,0.1,Best-of-starts-R (diagnostic only),diagnostic oracle over supplied starts; winner=FacilityLocation,12,9,3,3,10,91,119,U_WPA_L36_DOC3.0_WOC1.0_N3600_F360_R4,U_WPA_L36_DOC3.0_WOC1.0_N3600_F360,4,1,0.09166666666666666,0.08914783313889152
19,4,3,71,all40,120,40,30,10,0.1,Best-of-starts-R (diagnostic only),diagnostic oracle over supplied starts; winner=FacilityLocation,12,9,3,3,11,97,125,U_WPB_L56_DOC2.0_WOC1.0_N1800_F180_R2,U_WPB_L56_DOC2.0_WOC1.0_N1800_F180,2,1,0.06666666666666667,0.07034754651911874
19,4,3,71,all40,120,40,30,10,0.1,Best-of-starts-R (diagnostic only),diagnostic oracle over supplied starts; winner=FacilityLocation,12,9,3,3,12,103,139,U_WPB_L56_DOC2.0_WOC2.0_N2700_F270_R4,U_WPB_L56_DOC2.0_WOC2.0_N2700_F270,4,1,0.16666666666666666,0.11242369297019422
