split,repeat,fold,seed,budget,m,method,stage,n_selected,n_unique_conditions,n_stable,n_chatter,balanced_accuracy,sensitivity,specificity,R_min,recording_ids,source
0,0,0,11,0.1,12,Facility Location,uniform observed subset,12,10,8.0,4.0,0.7916666666666667,0.5833333333333334,1.0,0.5833333333333334,S_WPA_L36_DOC1.5_WOC2.0_N2700_F270_R1|U_WPA_L36_DOC3.0_WOC1.0_N3600_F360_R4|U_WPB_L56_DOC2.0_WOC2.0_N2700_F270_R2|S_WPA_L36_DOC1.0_WOC1.0_N2700_F270_R1|S_WPB_L56_DOC0.5_WOC2.0_N2700_F270_R2|S_WPB_L56_DOC0.5_WOC1.0_N2700_F270_R3|S_WPA_L36_DOC2.0_WOC1.0_N1800_F180_R2|S_WPB_L56_DOC1.5_WOC1.0_N3600_F360_R1|U_WPA_L36_DOC3.0_WOC1.0_N3600_F360_R1|U_WPA_L36_DOC3.0_WOC1.0_N3600_F360_R2|S_WPB_L56_DOC1.5_WOC1.0_N2700_F270_R1|S_WPA_L36_DOC0.5_WOC1.0_N3600_F360_R4,final primary 10% evaluation
0,0,0,11,0.1,12,MRDS,uniform observed subset,12,9,8.0,4.0,1.0,1.0,1.0,1.0,S_WPA_L36_DOC1.0_WOC2.0_N2700_F270_R1|S_WPB_L56_DOC1.5_WOC1.0_N3600_F360_R1|S_WPA_L36_DOC2.0_WOC1.0_N1800_F180_R2|U_WPA_L36_DOC3.0_WOC1.0_N3600_F360_R1|U_WPA_L36_DOC3.0_WOC1.0_N3600_F360_R2|S_WPB_L56_DOC1.5_WOC1.0_N3600_F360_R4|S_WPA_L36_DOC0.5_WOC2.0_N2700_F270_R1|S_WPA_L36_DOC1.0_WOC1.0_N3600_F360_R2|U_WPB_L56_DOC2.0_WOC1.0_N2700_F270_R2|U_WPB_L56_DOC2.0_WOC1.0_N3600_F360_R3|S_WPA_L36_DOC1.5_WOC2.0_N2700_F270_R1|S_WPA_L36_DOC1.5_WOC2.0_N2700_F270_R3,final primary 10% evaluation
0,0,0,11,0.1,12,W2-k-medoids,uniform observed subset,12,10,8.0,4.0,0.7916666666666667,0.5833333333333334,1.0,0.5833333333333334,S_WPA_L36_DOC1.0_WOC1.0_N2700_F270_R4|S_WPA_L36_DOC1.5_WOC1.0_N3600_F360_R2|S_WPA_L36_DOC2.0_WOC1.0_N1800_F180_R2|S_WPA_L36_DOC6.0_WOC1.0_N2700_F270_R2|S_WPB_L56_DOC0.5_WOC1.0_N2700_F270_R1|S_WPB_L56_DOC0.5_WOC2.0_N2700_F270_R3|S_WPB_L56_DOC1.5_WOC1.0_N2700_F270_R1|S_WPB_L56_DOC1.5_WOC1.0_N3600_F360_R1|U_WPA_L36_DOC3.0_WOC1.0_N3600_F360_R1|U_WPA_L36_DOC3.0_WOC1.0_N3600_F360_R2|U_WPA_L36_DOC3.0_WOC1.0_N3600_F360_R4|U_WPB_L56_DOC2.0_WOC2.0_N2700_F270_R2,final primary 10% evaluation
1,0,1,11,0.1,12,Facility Location,uniform observed subset,12,8,8.0,4.0,0.5416666666666666,0.0833333333333333,1.0,0.0833333333333333,S_WPA_L36_DOC1.5_WOC2.0_N2700_F270_R2|U_WPB_L56_DOC3.0_WOC1.0_N3600_F360_R3|U_WPA_L36_DOC3.0_WOC1.0_N3600_F360_R4|S_WPB_L56_DOC1.0_WOC2.0_N2700_F270_R4|S_WPA_L36_DOC1.0_WOC1.0_N2700_F270_R1|S_WPB_L56_DOC1.0_WOC2.0_N2700_F270_R3|S_WPA_L36_DOC2.0_WOC1.0_N1800_F180_R2|S_WPB_L56_DOC1.5_WOC1.0_N3600_F360_R1|U_WPA_L36_DOC3.0_WOC1.0_N3600_F360_R2|U_WPA_L36_DOC3.0_WOC1.0_N3600_F360_R1|S_WPB_L56_DOC1.5_WOC1.0_N2700_F270_R1|S_WPB_L56_DOC1.0_WOC2.0_N2700_F270_R2,final primary 10% evaluation
1,0,1,11,0.1,12,MRDS,uniform observed subset,12,10,9.0,3.0,0.7083333333333334,0.4166666666666667,1.0,0.4166666666666667,S_WPA_L36_DOC1.5_WOC1.0_N3600_F360_R2|S_WPB_L56_DOC1.5_WOC1.0_N3600_F360_R1|S_WPA_L36_DOC2.0_WOC1.0_N1800_F180_R2|U_WPA_L36_DOC3.0_WOC1.0_N3600_F360_R1|U_WPA_L36_DOC3.0_WOC1.0_N3600_F360_R2|S_WPB_L56_DOC0.5_WOC1.0_N3600_F360_R1|S_WPB_L56_DOC1.5_WOC1.0_N2700_F270_R2|S_WPB_L56_DOC1.0_WOC2.0_N2700_F270_R2|S_WPB_L56_DOC1.0_WOC2.0_N2700_F270_R3|S_WPA_L36_DOC6.0_WOC1.0_N2700_F270_R3|U_WPA_L36_DOC2.0_WOC2.0_N2700_F270_R1|S_WPA_L36_DOC1.5_WOC2.0_N2700_F270_R1,final primary 10% evaluation
1,0,1,11,0.1,12,W2-k-medoids,uniform observed subset,12,8,8.0,4.0,0.5416666666666666,0.0833333333333333,1.0,0.0833333333333333,S_WPA_L36_DOC1.5_WOC1.0_N3600_F360_R2|S_WPA_L36_DOC2.0_WOC1.0_N1800_F180_R2|S_WPB_L56_DOC1.0_WOC1.0_N2700_F270_R1|S_WPB_L56_DOC1.0_WOC2.0_N2700_F270_R2|S_WPB_L56_DOC1.0_WOC2.0_N2700_F270_R3|S_WPB_L56_DOC1.0_WOC2.0_N2700_F270_R4|S_WPB_L56_DOC1.5_WOC1.0_N2700_F270_R1|S_WPB_L56_DOC1.5_WOC1.0_N3600_F360_R1|U_WPA_L36_DOC3.0_WOC1.0_N3600_F360_R1|U_WPA_L36_DOC3.0_WOC1.0_N3600_F360_R2|U_WPA_L36_DOC3.0_WOC1.0_N3600_F360_R4|U_WPB_L56_DOC3.0_WOC1.0_N3600_F360_R3,final primary 10% evaluation
2,0,2,11,0.1,12,Facility Location,uniform observed subset,12,10,9.0,3.0,0.65625,0.3125,1.0,0.3125,S_WPA_L36_DOC1.5_WOC2.0_N2700_F270_R3|U_WPB_L56_DOC2.0_WOC1.0_N2700_F270_R2|S_WPB_L56_DOC1.0_WOC2.0_N2700_F270_R4|S_WPA_L36_DOC6.0_WOC1.0_N2700_F270_R2|U_WPA_L36_DOC2.0_WOC2.0_N2700_F270_R2|S_WPB_L56_DOC0.5_WOC1.0_N2700_F270_R3|S_WPB_L56_DOC0.5_WOC1.0_N3600_F360_R1|S_WPB_L56_DOC1.0_WOC2.0_N2700_F270_R2|S_WPB_L56_DOC1.5_WOC1.0_N3600_F360_R1|S_WPB_L56_DOC1.5_WOC1.0_N2700_F270_R1|U_WPB_L56_DOC4.0_WOC2.0_N2700_F270_R2|S_WPA_L36_DOC6.0_WOC1.0_N2700_F270_R4,final primary 10% evaluation
2,0,2,11,0.1,12,MRDS,uniform observed subset,12,9,10.0,2.0,0.5,0.0,1.0,0.0,S_WPA_L36_DOC1.0_WOC2.0_N2700_F270_R1|S_WPB_L56_DOC1.5_WOC1.0_N3600_F360_R1|S_WPB_L56_DOC1.0_WOC2.0_N2700_F270_R2|S_WPB_L56_DOC1.0_WOC2.0_N2700_F270_R3|S_WPB_L56_DOC1.5_WOC1.0_N3600_F360_R4|U_WPB_L56_DOC2.0_WOC1.0_N2700_F270_R3|S_WPA_L36_DOC1.0_WOC1.0_N1800_F180_R2|S_WPB_L56_DOC0.5_WOC1.0_N3600_F360_R1|S_WPA_L36_DOC0.5_WOC1.0_N3600_F360_R4|S_WPB_L56_DOC1.0_WOC1.0_N1800_F180_R3|U_WPB_L56_DOC2.0_WOC1.0_N2700_F270_R4|S_WPA_L36_DOC1.5_WOC2.0_N2700_F270_R3,final primary 10% evaluation
2,0,2,11,0.1,12,W2-k-medoids,uniform observed subset,12,10,10.0,2.0,0.5,0.0,1.0,0.0,S_WPA_L36_DOC1.0_WOC1.0_N3600_F360_R3|S_WPA_L36_DOC1.5_WOC1.0_N1800_F180_R1|S_WPA_L36_DOC6.0_WOC1.0_N2700_F270_R2|S_WPA_L36_DOC6.0_WOC1.0_N2700_F270_R4|S_WPB_L56_DOC0.5_WOC1.0_N2700_F270_R2|S_WPB_L56_DOC0.5_WOC1.0_N3600_F360_R1|S_WPB_L56_DOC0.5_WOC1.0_N3600_F360_R2|S_WPB_L56_DOC1.0_WOC2.0_N2700_F270_R2|S_WPB_L56_DOC1.5_WOC1.0_N2700_F270_R1|S_WPB_L56_DOC1.5_WOC1.0_N3600_F360_R1|U_WPA_L36_DOC2.0_WOC2.0_N2700_F270_R2|U_WPB_L56_DOC2.0_WOC1.0_N2700_F270_R3,final primary 10% evaluation
3,0,3,11,0.1,12,Facility Location,uniform observed subset,12,9,7.0,5.0,0.875,0.75,1.0,0.75,S_WPA_L36_DOC1.5_WOC1.0_N3600_F360_R4|U_WPB_L56_DOC3.0_WOC1.0_N3600_F360_R3|U_WPA_L36_DOC3.0_WOC1.0_N3600_F360_R4|S_WPA_L36_DOC1.0_WOC1.0_N2700_F270_R1|S_WPB_L56_DOC1.0_WOC2.0_N2700_F270_R4|S_WPB_L56_DOC1.0_WOC2.0_N2700_F270_R3|S_WPB_L56_DOC0.5_WOC1.0_N2700_F270_R3|S_WPA_L36_DOC2.0_WOC1.0_N1800_F180_R2|U_WPA_L36_DOC3.0_WOC1.0_N3600_F360_R2|U_WPA_L36_DOC3.0_WOC1.0_N3600_F360_R1|S_WPA_L36_DOC1.5_WOC1.0_N1800_F180_R2|U_WPA_L36_DOC4.0_WOC2.0_N2700_F270_R1,final primary 10% evaluation
3,0,3,11,0.1,12,MRDS,uniform observed subset,12,9,7.0,5.0,0.8452380952380952,0.8333333333333334,0.8571428571428571,0.8333333333333334,S_WPA_L36_DOC1.5_WOC1.0_N3600_F360_R2|S_WPA_L36_DOC2.0_WOC1.0_N1800_F180_R2|U_WPA_L36_DOC3.0_WOC1.0_N3600_F360_R1|U_WPA_L36_DOC3.0_WOC1.0_N3600_F360_R2|S_WPB_L56_DOC0.5_WOC1.0_N3600_F360_R1|U_WPA_L36_DOC2.0_WOC2.0_N2700_F270_R1|S_WPA_L36_DOC1.0_WOC1.0_N1800_F180_R2|S_WPB_L56_DOC1.0_WOC2.0_N2700_F270_R2|S_WPB_L56_DOC1.0_WOC2.0_N2700_F270_R3|U_WPA_L36_DOC2.0_WOC2.0_N2700_F270_R4|U_WPA_L36_DOC4.0_WOC2.0_N2700_F270_R4|S_WPB_L56_DOC1.5_WOC1.0_N1800_F180_R3,final primary 10% evaluation
3,0,3,11,0.1,12,W2-k-medoids,uniform observed subset,12,9,7.0,5.0,0.875,0.75,1.0,0.75,S_WPA_L36_DOC0.5_WOC2.0_N2700_F270_R1|S_WPA_L36_DOC1.5_WOC1.0_N1800_F180_R3|S_WPB_L56_DOC0.5_WOC1.0_N2700_F270_R2|S_WPB_L56_DOC0.5_WOC2.0_N2700_F270_R3|S_WPB_L56_DOC1.0_WOC1.0_N2700_F270_R4|S_WPB_L56_DOC1.0_WOC2.0_N2700_F270_R2|S_WPB_L56_DOC1.0_WOC2.0_N2700_F270_R3|U_WPA_L36_DOC3.0_WOC1.0_N3600_F360_R1|U_WPA_L36_DOC3.0_WOC1.0_N3600_F360_R2|U_WPA_L36_DOC3.0_WOC1.0_N3600_F360_R4|U_WPA_L36_DOC4.0_WOC2.0_N2700_F270_R1|U_WPB_L56_DOC3.0_WOC1.0_N3600_F360_R4,final primary 10% evaluation
4,1,0,23,0.1,12,Facility Location,uniform observed subset,12,10,9.0,3.0,0.75,0.5,1.0,0.5,S_WPA_L36_DOC1.5_WOC1.0_N3600_F360_R4|U_WPB_L56_DOC3.0_WOC1.0_N3600_F360_R3|S_WPB_L56_DOC1.0_WOC2.0_N2700_F270_R4|S_WPB_L56_DOC1.0_WOC1.0_N2700_F270_R2|U_WPA_L36_DOC2.0_WOC2.0_N2700_F270_R2|S_WPB_L56_DOC1.0_WOC2.0_N2700_F270_R3|U_WPB_L56_DOC4.0_WOC2.0_N2700_F270_R4|S_WPB_L56_DOC1.0_WOC2.0_N2700_F270_R2|S_WPB_L56_DOC1.5_WOC1.0_N3600_F360_R1|S_WPB_L56_DOC1.5_WOC1.0_N2700_F270_R1|S_WPB_L56_DOC0.5_WOC1.0_N2700_F270_R3|S_WPA_L36_DOC2.0_WOC1.0_N1800_F180_R2,final primary 10% evaluation
4,1,0,23,0.1,12,MRDS,uniform observed subset,12,10,9.0,3.0,0.625,0.25,1.0,0.25,S_WPA_L36_DOC0.5_WOC2.0_N2700_F270_R3|S_WPB_L56_DOC1.5_WOC1.0_N3600_F360_R1|S_WPA_L36_DOC2.0_WOC1.0_N1800_F180_R2|S_WPB_L56_DOC1.0_WOC2.0_N2700_F270_R3|S_WPB_L56_DOC1.5_WOC1.0_N3600_F360_R4|S_WPB_L56_DOC1.0_WOC2.0_N2700_F270_R2|U_WPB_L56_DOC2.0_WOC2.0_N2700_F270_R1|S_WPB_L56_DOC0.5_WOC1.0_N3600_F360_R1|S_WPB_L56_DOC1.0_WOC1.0_N1800_F180_R1|U_WPB_L56_DOC2.0_WOC1.0_N3600_F360_R4|U_WPA_L36_DOC2.0_WOC2.0_N2700_F270_R4|S_WPA_L36_DOC0.5_WOC1.0_N3600_F360_R4,final primary 10% evaluation
4,1,0,23,0.1,12,W2-k-medoids,uniform observed subset,12,11,10.0,2.0,0.5,0.0,1.0,0.0,S_WPA_L36_DOC1.0_WOC1.0_N3600_F360_R4|S_WPA_L36_DOC1.5_WOC1.0_N1800_F180_R1|S_WPA_L36_DOC2.0_WOC1.0_N1800_F180_R2|S_WPB_L56_DOC0.5_WOC1.0_N2700_F270_R1|S_WPB_L56_DOC0.5_WOC1.0_N3600_F360_R1|S_WPB_L56_DOC0.5_WOC1.0_N3600_F360_R2|S_WPB_L56_DOC1.0_WOC1.0_N2700_F270_R4|S_WPB_L56_DOC1.0_WOC2.0_N2700_F270_R2|S_WPB_L56_DOC1.5_WOC1.0_N2700_F270_R1|S_WPB_L56_DOC1.5_WOC1.0_N3600_F360_R1|U_WPA_L36_DOC2.0_WOC2.0_N2700_F270_R2|U_WPB_L56_DOC2.0_WOC2.0_N2700_F270_R2,final primary 10% evaluation
5,1,1,23,0.1,12,Facility Location,uniform observed subset,12,8,8.0,4.0,0.5416666666666666,0.0833333333333333,1.0,0.0833333333333333,S_WPA_L36_DOC1.5_WOC2.0_N2700_F270_R1|U_WPA_L36_DOC3.0_WOC1.0_N3600_F360_R4|S_WPB_L56_DOC1.0_WOC2.0_N2700_F270_R4|U_WPB_L56_DOC3.0_WOC1.0_N3600_F360_R3|S_WPA_L36_DOC1.0_WOC1.0_N2700_F270_R1|S_WPB_L56_DOC0.5_WOC1.0_N2700_F270_R3|S_WPB_L56_DOC1.0_WOC2.0_N2700_F270_R3|S_WPB_L56_DOC1.0_WOC2.0_N2700_F270_R2|U_WPA_L36_DOC3.0_WOC1.0_N3600_F360_R2|U_WPA_L36_DOC3.0_WOC1.0_N3600_F360_R1|S_WPB_L56_DOC1.5_WOC1.0_N2700_F270_R1|S_WPB_L56_DOC0.5_WOC1.0_N3600_F360_R1,final primary 10% evaluation
5,1,1,23,0.1,12,MRDS,uniform observed subset,12,10,8.0,4.0,1.0,1.0,1.0,1.0,S_WPA_L36_DOC1.0_WOC2.0_N2700_F270_R1|S_WPB_L56_DOC1.0_WOC2.0_N2700_F270_R2|U_WPA_L36_DOC3.0_WOC1.0_N3600_F360_R1|U_WPA_L36_DOC3.0_WOC1.0_N3600_F360_R2|S_WPB_L56_DOC0.5_WOC1.0_N3600_F360_R1|S_WPB_L56_DOC1.5_WOC1.0_N2700_F270_R2|U_WPB_L56_DOC2.0_WOC1.0_N2700_F270_R3|S_WPB_L56_DOC1.0_WOC2.0_N2700_F270_R3|U_WPA_L36_DOC2.0_WOC2.0_N2700_F270_R1|S_WPA_L36_DOC0.5_WOC1.0_N3600_F360_R4|S_WPB_L56_DOC1.0_WOC1.0_N3600_F360_R1|S_WPA_L36_DOC1.5_WOC2.0_N2700_F270_R3,final primary 10% evaluation
5,1,1,23,0.1,12,W2-k-medoids,uniform observed subset,12,8,7.0,5.0,0.9166666666666669,0.8333333333333334,1.0,0.8333333333333334,S_WPA_L36_DOC1.0_WOC1.0_N2700_F270_R1|S_WPA_L36_DOC1.5_WOC1.0_N3600_F360_R2|S_WPB_L56_DOC0.5_WOC1.0_N2700_F270_R1|S_WPB_L56_DOC1.0_WOC2.0_N2700_F270_R2|S_WPB_L56_DOC1.0_WOC2.0_N2700_F270_R3|S_WPB_L56_DOC1.0_WOC2.0_N2700_F270_R4|S_WPB_L56_DOC1.5_WOC1.0_N2700_F270_R1|U_WPA_L36_DOC3.0_WOC1.0_N3600_F360_R1|U_WPA_L36_DOC3.0_WOC1.0_N3600_F360_R2|U_WPA_L36_DOC3.0_WOC1.0_N3600_F360_R4|U_WPB_L56_DOC3.0_WOC1.0_N3600_F360_R4|U_WPB_L56_DOC4.0_WOC2.0_N2700_F270_R4,final primary 10% evaluation
6,1,2,23,0.1,12,Facility Location,uniform observed subset,12,9,7.0,5.0,0.8988095238095238,0.8333333333333334,0.9642857142857144,0.8333333333333334,S_WPA_L36_DOC1.5_WOC2.0_N2700_F270_R2|U_WPB_L56_DOC3.0_WOC1.0_N3600_F360_R3|S_WPA_L36_DOC1.0_WOC1.0_N2700_F270_R1|S_WPB_L56_DOC1.0_WOC2.0_N2700_F270_R4|U_WPA_L36_DOC2.0_WOC1.0_N3600_F360_R3|U_WPB_L56_DOC4.0_WOC2.0_N2700_F270_R4|S_WPB_L56_DOC1.0_WOC2.0_N2700_F270_R3|S_WPA_L36_DOC2.0_WOC1.0_N1800_F180_R2|S_WPB_L56_DOC1.5_WOC1.0_N3600_F360_R1|U_WPA_L36_DOC3.0_WOC1.0_N3600_F360_R2|U_WPA_L36_DOC3.0_WOC1.0_N3600_F360_R1|S_WPB_L56_DOC1.0_WOC2.0_N2700_F270_R2,final primary 10% evaluation
6,1,2,23,0.1,12,MRDS,uniform observed subset,12,7,8.0,4.0,0.8988095238095238,0.8333333333333334,0.9642857142857144,0.8333333333333334,S_WPA_L36_DOC0.5_WOC2.0_N2700_F270_R4|S_WPB_L56_DOC1.5_WOC1.0_N3600_F360_R1|S_WPA_L36_DOC2.0_WOC1.0_N1800_F180_R2|U_WPA_L36_DOC3.0_WOC1.0_N3600_F360_R1|U_WPA_L36_DOC3.0_WOC1.0_N3600_F360_R2|S_WPB_L56_DOC0.5_WOC1.0_N3600_F360_R1|S_WPB_L56_DOC1.0_WOC2.0_N2700_F270_R2|S_WPB_L56_DOC1.0_WOC2.0_N2700_F270_R3|U_WPB_L56_DOC2.0_WOC1.0_N2700_F270_R3|U_WPB_L56_DOC2.0_WOC1.0_N2700_F270_R2|S_WPA_L36_DOC0.5_WOC2.0_N2700_F270_R1|S_WPA_L36_DOC0.5_WOC2.0_N2700_F270_R3,final primary 10% evaluation
6,1,2,23,0.1,12,W2-k-medoids,uniform observed subset,12,10,8.0,4.0,0.875,0.75,1.0,0.75,S_WPA_L36_DOC1.0_WOC1.0_N2700_F270_R1|S_WPA_L36_DOC1.0_WOC1.0_N3600_F360_R4|S_WPA_L36_DOC1.5_WOC1.0_N1800_F180_R2|S_WPA_L36_DOC2.0_WOC1.0_N1800_F180_R2|S_WPB_L56_DOC0.5_WOC2.0_N2700_F270_R3|S_WPB_L56_DOC1.0_WOC2.0_N2700_F270_R2|S_WPB_L56_DOC1.0_WOC2.0_N2700_F270_R3|S_WPB_L56_DOC1.5_WOC1.0_N3600_F360_R1|U_WPA_L36_DOC2.0_WOC1.0_N3600_F360_R3|U_WPA_L36_DOC3.0_WOC1.0_N3600_F360_R1|U_WPA_L36_DOC3.0_WOC1.0_N3600_F360_R2|U_WPB_L56_DOC2.0_WOC2.0_N2700_F270_R4,final primary 10% evaluation
7,1,3,23,0.1,12,Facility Location,uniform observed subset,12,9,8.0,4.0,0.84375,0.6875,1.0,0.6875,S_WPA_L36_DOC1.5_WOC2.0_N2700_F270_R3|U_WPA_L36_DOC3.0_WOC1.0_N3600_F360_R4|S_WPB_L56_DOC0.5_WOC2.0_N2700_F270_R3|U_WPB_L56_DOC2.0_WOC1.0_N2700_F270_R3|S_WPA_L36_DOC1.0_WOC1.0_N2700_F270_R1|S_WPB_L56_DOC0.5_WOC1.0_N2700_F270_R3|S_WPA_L36_DOC2.0_WOC1.0_N1800_F180_R4|S_WPA_L36_DOC2.0_WOC1.0_N1800_F180_R2|S_WPB_L56_DOC1.5_WOC1.0_N3600_F360_R1|U_WPA_L36_DOC3.0_WOC1.0_N3600_F360_R1|U_WPA_L36_DOC3.0_WOC1.0_N3600_F360_R2|S_WPB_L56_DOC1.5_WOC1.0_N2700_F270_R1,final primary 10% evaluation
7,1,3,23,0.1,12,MRDS,uniform observed subset,12,8,8.0,4.0,1.0,1.0,1.0,1.0,S_WPA_L36_DOC1.0_WOC2.0_N2700_F270_R1|S_WPB_L56_DOC1.5_WOC1.0_N3600_F360_R1|S_WPA_L36_DOC2.0_WOC1.0_N1800_F180_R2|U_WPA_L36_DOC3.0_WOC1.0_N3600_F360_R1|U_WPA_L36_DOC3.0_WOC1.0_N3600_F360_R2|S_WPB_L56_DOC1.5_WOC1.0_N3600_F360_R4|U_WPB_L56_DOC2.0_WOC1.0_N2700_F270_R2|S_WPA_L36_DOC1.5_WOC2.0_N2700_F270_R3|S_WPA_L36_DOC0.5_WOC2.0_N2700_F270_R1|S_WPA_L36_DOC0.5_WOC2.0_N2700_F270_R2|U_WPB_L56_DOC2.0_WOC1.0_N2700_F270_R4|S_WPA_L36_DOC1.5_WOC1.0_N3600_F360_R4,final primary 10% evaluation
7,1,3,23,0.1,12,W2-k-medoids,uniform observed subset,12,10,8.0,4.0,0.875,0.75,1.0,0.75,S_WPA_L36_DOC0.5_WOC2.0_N2700_F270_R1|S_WPA_L36_DOC1.0_WOC1.0_N2700_F270_R2|S_WPA_L36_DOC1.5_WOC1.0_N1800_F180_R4|S_WPA_L36_DOC2.0_WOC1.0_N1800_F180_R2|S_WPB_L56_DOC0.5_WOC1.0_N2700_F270_R2|S_WPB_L56_DOC0.5_WOC2.0_N2700_F270_R3|S_WPB_L56_DOC1.5_WOC1.0_N2700_F270_R1|S_WPB_L56_DOC1.5_WOC1.0_N3600_F360_R1|U_WPA_L36_DOC3.0_WOC1.0_N3600_F360_R1|U_WPA_L36_DOC3.0_WOC1.0_N3600_F360_R2|U_WPA_L36_DOC3.0_WOC1.0_N3600_F360_R4|U_WPB_L56_DOC2.0_WOC1.0_N2700_F270_R3,final primary 10% evaluation
8,2,0,37,0.1,12,Facility Location,uniform observed subset,12,11,7.0,5.0,0.875,0.75,1.0,0.75,S_WPA_L36_DOC1.5_WOC2.0_N2700_F270_R3|U_WPB_L56_DOC3.0_WOC1.0_N3600_F360_R3|S_WPB_L56_DOC0.5_WOC2.0_N2700_F270_R3|U_WPA_L36_DOC2.0_WOC2.0_N2700_F270_R2|S_WPB_L56_DOC1.0_WOC1.0_N2700_F270_R1|S_WPA_L36_DOC2.0_WOC1.0_N1800_F180_R3|S_WPA_L36_DOC2.0_WOC1.0_N1800_F180_R2|S_WPB_L56_DOC0.5_WOC1.0_N3600_F360_R1|U_WPB_L56_DOC4.0_WOC2.0_N2700_F270_R4|S_WPA_L36_DOC6.0_WOC1.0_N2700_F270_R2|U_WPA_L36_DOC2.0_WOC1.0_N3600_F360_R4|U_WPB_L56_DOC2.0_WOC1.0_N1800_F180_R1,final primary 10% evaluation
8,2,0,37,0.1,12,MRDS,uniform observed subset,12,11,8.0,4.0,0.9166666666666669,0.8333333333333334,1.0,0.8333333333333334,S_WPA_L36_DOC2.0_WOC1.0_N2700_F270_R2|S_WPA_L36_DOC2.0_WOC1.0_N1800_F180_R2|S_WPB_L56_DOC0.5_WOC1.0_N3600_F360_R1|U_WPB_L56_DOC4.0_WOC2.0_N2700_F270_R1|S_WPA_L36_DOC0.5_WOC1.0_N3600_F360_R4|S_WPA_L36_DOC1.5_WOC2.0_N2700_F270_R3|S_WPA_L36_DOC1.0_WOC2.0_N2700_F270_R1|U_WPA_L36_DOC2.0_WOC2.0_N2700_F270_R1|S_WPA_L36_DOC6.0_WOC1.0_N2700_F270_R3|S_WPB_L56_DOC1.5_WOC1.0_N1800_F180_R4|U_WPA_L36_DOC2.0_WOC2.0_N2700_F270_R4|U_WPB_L56_DOC2.0_WOC1.0_N3600_F360_R2,final primary 10% evaluation
8,2,0,37,0.1,12,W2-k-medoids,uniform observed subset,12,11,8.0,4.0,0.875,0.75,1.0,0.75,S_WPA_L36_DOC1.0_WOC2.0_N2700_F270_R3|S_WPA_L36_DOC1.5_WOC1.0_N1800_F180_R1|S_WPA_L36_DOC2.0_WOC1.0_N1800_F180_R1|S_WPA_L36_DOC2.0_WOC1.0_N1800_F180_R2|S_WPA_L36_DOC6.0_WOC1.0_N2700_F270_R2|S_WPB_L56_DOC0.5_WOC1.0_N3600_F360_R1|S_WPB_L56_DOC0.5_WOC2.0_N2700_F270_R3|S_WPB_L56_DOC1.0_WOC1.0_N2700_F270_R4|U_WPA_L36_DOC2.0_WOC1.0_N3600_F360_R3|U_WPB_L56_DOC2.0_WOC2.0_N2700_F270_R4|U_WPB_L56_DOC3.0_WOC1.0_N3600_F360_R4|U_WPB_L56_DOC4.0_WOC2.0_N2700_F270_R2,final primary 10% evaluation
9,2,1,37,0.1,12,Facility Location,uniform observed subset,12,8,8.0,4.0,0.5,0.0,1.0,0.0,S_WPA_L36_DOC1.5_WOC2.0_N2700_F270_R2|U_WPB_L56_DOC3.0_WOC1.0_N3600_F360_R1|S_WPB_L56_DOC1.0_WOC2.0_N2700_F270_R4|U_WPA_L36_DOC3.0_WOC1.0_N3600_F360_R4|S_WPB_L56_DOC1.0_WOC1.0_N2700_F270_R4|S_WPB_L56_DOC0.5_WOC1.0_N2700_F270_R3|S_WPB_L56_DOC1.0_WOC2.0_N2700_F270_R3|S_WPB_L56_DOC1.5_WOC1.0_N3600_F360_R1|S_WPB_L56_DOC1.0_WOC2.0_N2700_F270_R2|U_WPA_L36_DOC3.0_WOC1.0_N3600_F360_R2|U_WPA_L36_DOC3.0_WOC1.0_N3600_F360_R1|S_WPB_L56_DOC1.5_WOC1.0_N2700_F270_R1,final primary 10% evaluation
9,2,1,37,0.1,12,MRDS,uniform observed subset,12,10,8.0,4.0,0.7976190476190477,0.9166666666666666,0.6785714285714286,0.6785714285714286,S_WPA_L36_DOC1.0_WOC1.0_N3600_F360_R4|S_WPB_L56_DOC1.5_WOC1.0_N3600_F360_R1|S_WPB_L56_DOC1.0_WOC2.0_N2700_F270_R2|U_WPA_L36_DOC3.0_WOC1.0_N3600_F360_R1|U_WPA_L36_DOC3.0_WOC1.0_N3600_F360_R2|S_WPB_L56_DOC0.5_WOC1.0_N3600_F360_R1|S_WPA_L36_DOC1.0_WOC2.0_N2700_F270_R1|U_WPA_L36_DOC2.0_WOC2.0_N2700_F270_R1|S_WPB_L56_DOC1.0_WOC2.0_N2700_F270_R3|U_WPB_L56_DOC2.0_WOC1.0_N2700_F270_R4|S_WPA_L36_DOC1.5_WOC2.0_N2700_F270_R1|S_WPA_L36_DOC0.5_WOC2.0_N2700_F270_R1,final primary 10% evaluation
9,2,1,37,0.1,12,W2-k-medoids,uniform observed subset,12,8,8.0,4.0,0.8273809523809523,0.8333333333333334,0.8214285714285714,0.8214285714285714,S_WPA_L36_DOC1.0_WOC1.0_N3600_F360_R4|S_WPB_L56_DOC0.5_WOC1.0_N2700_F270_R1|S_WPB_L56_DOC1.0_WOC1.0_N2700_F270_R3|S_WPB_L56_DOC1.0_WOC2.0_N2700_F270_R2|S_WPB_L56_DOC1.0_WOC2.0_N2700_F270_R3|S_WPB_L56_DOC1.0_WOC2.0_N2700_F270_R4|S_WPB_L56_DOC1.5_WOC1.0_N2700_F270_R1|S_WPB_L56_DOC1.5_WOC1.0_N3600_F360_R1|U_WPA_L36_DOC3.0_WOC1.0_N3600_F360_R1|U_WPA_L36_DOC3.0_WOC1.0_N3600_F360_R2|U_WPA_L36_DOC3.0_WOC1.0_N3600_F360_R4|U_WPB_L56_DOC2.0_WOC1.0_N2700_F270_R2,final primary 10% evaluation
10,2,2,37,0.1,12,Facility Location,uniform observed subset,12,9,8.0,4.0,0.875,0.75,1.0,0.75,S_WPA_L36_DOC1.5_WOC1.0_N3600_F360_R2|U_WPB_L56_DOC2.0_WOC1.0_N2700_F270_R3|U_WPA_L36_DOC3.0_WOC1.0_N3600_F360_R4|S_WPA_L36_DOC1.0_WOC1.0_N2700_F270_R1|S_WPB_L56_DOC1.0_WOC2.0_N2700_F270_R4|S_WPB_L56_DOC0.5_WOC1.0_N2700_F270_R3|S_WPB_L56_DOC1.0_WOC2.0_N2700_F270_R3|S_WPA_L36_DOC1.5_WOC1.0_N1800_F180_R2|S_WPA_L36_DOC2.0_WOC1.0_N1800_F180_R2|S_WPB_L56_DOC1.5_WOC1.0_N3600_F360_R1|U_WPA_L36_DOC3.0_WOC1.0_N3600_F360_R2|U_WPA_L36_DOC3.0_WOC1.0_N3600_F360_R1,final primary 10% evaluation
10,2,2,37,0.1,12,MRDS,uniform observed subset,12,9,9.0,3.0,0.9375,0.875,1.0,0.875,S_WPA_L36_DOC0.5_WOC1.0_N2700_F270_R2|S_WPB_L56_DOC1.5_WOC1.0_N3600_F360_R1|S_WPA_L36_DOC2.0_WOC1.0_N1800_F180_R2|U_WPA_L36_DOC3.0_WOC1.0_N3600_F360_R1|U_WPA_L36_DOC3.0_WOC1.0_N3600_F360_R2|S_WPB_L56_DOC0.5_WOC1.0_N3600_F360_R1|S_WPB_L56_DOC1.5_WOC1.0_N2700_F270_R2|S_WPB_L56_DOC1.0_WOC2.0_N2700_F270_R2|U_WPB_L56_DOC2.0_WOC1.0_N2700_F270_R2|S_WPB_L56_DOC1.0_WOC2.0_N2700_F270_R3|S_WPA_L36_DOC1.5_WOC1.0_N3600_F360_R4|S_WPA_L36_DOC1.5_WOC1.0_N3600_F360_R2,final primary 10% evaluation
10,2,2,37,0.1,12,W2-k-medoids,uniform observed subset,12,9,8.0,4.0,0.875,0.75,1.0,0.75,S_WPA_L36_DOC1.0_WOC1.0_N2700_F270_R1|S_WPA_L36_DOC1.0_WOC1.0_N3600_F360_R2|S_WPB_L56_DOC0.5_WOC1.0_N1800_F180_R2|S_WPB_L56_DOC0.5_WOC1.0_N2700_F270_R1|S_WPB_L56_DOC1.0_WOC2.0_N2700_F270_R2|S_WPB_L56_DOC1.0_WOC2.0_N2700_F270_R3|S_WPB_L56_DOC1.5_WOC1.0_N2700_F270_R1|S_WPB_L56_DOC1.5_WOC1.0_N3600_F360_R1|U_WPA_L36_DOC3.0_WOC1.0_N3600_F360_R1|U_WPA_L36_DOC3.0_WOC1.0_N3600_F360_R2|U_WPA_L36_DOC3.0_WOC1.0_N3600_F360_R4|U_WPB_L56_DOC2.0_WOC2.0_N2700_F270_R4,final primary 10% evaluation
11,2,3,37,0.1,12,Facility Location,uniform observed subset,12,10,8.0,4.0,0.8333333333333333,0.6666666666666666,1.0,0.6666666666666666,S_WPA_L36_DOC1.5_WOC2.0_N2700_F270_R2|U_WPB_L56_DOC3.0_WOC1.0_N3600_F360_R3|S_WPB_L56_DOC1.0_WOC2.0_N2700_F270_R4|S_WPA_L36_DOC1.0_WOC1.0_N2700_F270_R2|U_WPA_L36_DOC2.0_WOC2.0_N2700_F270_R2|S_WPB_L56_DOC0.5_WOC1.0_N2700_F270_R3|S_WPA_L36_DOC2.0_WOC1.0_N1800_F180_R2|S_WPB_L56_DOC1.0_WOC2.0_N2700_F270_R3|S_WPB_L56_DOC1.5_WOC1.0_N3600_F360_R1|U_WPA_L36_DOC3.0_WOC1.0_N3600_F360_R2|U_WPA_L36_DOC3.0_WOC1.0_N3600_F360_R1|S_WPB_L56_DOC1.5_WOC1.0_N2700_F270_R1,final primary 10% evaluation
11,2,3,37,0.1,12,MRDS,uniform observed subset,12,9,9.0,3.0,0.8333333333333333,0.6666666666666666,1.0,0.6666666666666666,S_WPA_L36_DOC1.0_WOC2.0_N2700_F270_R1|S_WPB_L56_DOC1.5_WOC1.0_N3600_F360_R1|S_WPA_L36_DOC2.0_WOC1.0_N1800_F180_R2|U_WPA_L36_DOC3.0_WOC1.0_N3600_F360_R1|S_WPB_L56_DOC1.5_WOC1.0_N2700_F270_R3|S_WPB_L56_DOC1.0_WOC2.0_N2700_F270_R3|S_WPB_L56_DOC1.5_WOC1.0_N3600_F360_R4|S_WPB_L56_DOC1.0_WOC2.0_N2700_F270_R2|S_WPA_L36_DOC1.5_WOC2.0_N2700_F270_R3|U_WPB_L56_DOC2.0_WOC1.0_N2700_F270_R4|S_WPB_L56_DOC1.0_WOC1.0_N1800_F180_R1|U_WPB_L56_DOC2.0_WOC1.0_N2700_F270_R1,final primary 10% evaluation
11,2,3,37,0.1,12,W2-k-medoids,uniform observed subset,12,10,8.0,4.0,0.8333333333333333,0.6666666666666666,1.0,0.6666666666666666,S_WPA_L36_DOC1.0_WOC1.0_N2700_F270_R2|S_WPA_L36_DOC1.5_WOC2.0_N2700_F270_R2|S_WPB_L56_DOC0.5_WOC1.0_N2700_F270_R1|S_WPB_L56_DOC0.5_WOC2.0_N2700_F270_R3|S_WPB_L56_DOC1.0_WOC2.0_N2700_F270_R2|S_WPB_L56_DOC1.0_WOC2.0_N2700_F270_R3|S_WPB_L56_DOC1.5_WOC1.0_N2700_F270_R1|S_WPB_L56_DOC1.5_WOC1.0_N3600_F360_R1|U_WPA_L36_DOC2.0_WOC2.0_N2700_F270_R2|U_WPA_L36_DOC3.0_WOC1.0_N3600_F360_R1|U_WPA_L36_DOC3.0_WOC1.0_N3600_F360_R2|U_WPB_L56_DOC3.0_WOC1.0_N3600_F360_R3,final primary 10% evaluation
12,3,0,53,0.1,12,Facility Location,uniform observed subset,12,10,8.0,4.0,0.5,0.0,1.0,0.0,S_WPA_L36_DOC1.5_WOC2.0_N2700_F270_R3|U_WPA_L36_DOC3.0_WOC1.0_N3600_F360_R4|S_WPB_L56_DOC0.5_WOC2.0_N2700_F270_R3|S_WPA_L36_DOC1.0_WOC1.0_N2700_F270_R1|U_WPB_L56_DOC3.0_WOC1.0_N3600_F360_R3|S_WPB_L56_DOC0.5_WOC1.0_N2700_F270_R3|S_WPA_L36_DOC0.5_WOC1.0_N3600_F360_R4|S_WPA_L36_DOC2.0_WOC1.0_N1800_F180_R2|S_WPB_L56_DOC1.5_WOC1.0_N3600_F360_R1|U_WPA_L36_DOC3.0_WOC1.0_N3600_F360_R1|U_WPA_L36_DOC3.0_WOC1.0_N3600_F360_R2|S_WPB_L56_DOC1.5_WOC1.0_N2700_F270_R1,final primary 10% evaluation
12,3,0,53,0.1,12,MRDS,uniform observed subset,12,9,8.0,4.0,1.0,1.0,1.0,1.0,S_WPA_L36_DOC1.5_WOC2.0_N2700_F270_R3|S_WPB_L56_DOC1.5_WOC1.0_N3600_F360_R1|S_WPA_L36_DOC2.0_WOC1.0_N1800_F180_R2|U_WPA_L36_DOC3.0_WOC1.0_N3600_F360_R1|U_WPA_L36_DOC3.0_WOC1.0_N3600_F360_R2|S_WPB_L56_DOC1.5_WOC1.0_N3600_F360_R4|S_WPA_L36_DOC1.5_WOC1.0_N3600_F360_R4|S_WPA_L36_DOC0.5_WOC1.0_N3600_F360_R4|S_WPA_L36_DOC1.0_WOC2.0_N2700_F270_R1|U_WPB_L56_DOC2.0_WOC1.0_N2700_F270_R3|S_WPB_L56_DOC1.0_WOC1.0_N2700_F270_R1|U_WPB_L56_DOC2.0_WOC1.0_N2700_F270_R2,final primary 10% evaluation
12,3,0,53,0.1,12,W2-k-medoids,uniform observed subset,12,10,8.0,4.0,0.5,0.0,1.0,0.0,S_WPA_L36_DOC0.5_WOC1.0_N3600_F360_R4|S_WPA_L36_DOC1.5_WOC2.0_N2700_F270_R3|S_WPA_L36_DOC2.0_WOC1.0_N1800_F180_R2|S_WPB_L56_DOC0.5_WOC1.0_N2700_F270_R2|S_WPB_L56_DOC0.5_WOC2.0_N2700_F270_R3|S_WPB_L56_DOC1.0_WOC1.0_N2700_F270_R1|S_WPB_L56_DOC1.5_WOC1.0_N2700_F270_R1|S_WPB_L56_DOC1.5_WOC1.0_N3600_F360_R1|U_WPA_L36_DOC3.0_WOC1.0_N3600_F360_R1|U_WPA_L36_DOC3.0_WOC1.0_N3600_F360_R2|U_WPA_L36_DOC3.0_WOC1.0_N3600_F360_R4|U_WPB_L56_DOC3.0_WOC1.0_N3600_F360_R3,final primary 10% evaluation
13,3,1,53,0.1,12,Facility Location,uniform observed subset,12,8,8.0,4.0,0.5416666666666666,0.0833333333333333,1.0,0.0833333333333333,S_WPA_L36_DOC1.0_WOC2.0_N2700_F270_R4|U_WPB_L56_DOC3.0_WOC1.0_N3600_F360_R3|S_WPB_L56_DOC1.0_WOC2.0_N2700_F270_R4|U_WPA_L36_DOC3.0_WOC1.0_N3600_F360_R4|S_WPB_L56_DOC1.0_WOC1.0_N2700_F270_R1|S_WPB_L56_DOC1.0_WOC2.0_N2700_F270_R3|S_WPB_L56_DOC0.5_WOC1.0_N2700_F270_R1|S_WPB_L56_DOC1.0_WOC2.0_N2700_F270_R2|U_WPA_L36_DOC3.0_WOC1.0_N3600_F360_R2|U_WPA_L36_DOC3.0_WOC1.0_N3600_F360_R1|S_WPB_L56_DOC1.5_WOC1.0_N2700_F270_R1|S_WPA_L36_DOC1.5_WOC1.0_N1800_F180_R3,final primary 10% evaluation
13,3,1,53,0.1,12,MRDS,uniform observed subset,12,9,8.0,4.0,0.8809523809523809,0.8333333333333334,0.9285714285714286,0.8333333333333334,S_WPA_L36_DOC0.5_WOC2.0_N2700_F270_R3|S_WPB_L56_DOC1.0_WOC2.0_N2700_F270_R2|U_WPA_L36_DOC3.0_WOC1.0_N3600_F360_R1|U_WPA_L36_DOC3.0_WOC1.0_N3600_F360_R2|S_WPB_L56_DOC0.5_WOC1.0_N3600_F360_R1|S_WPA_L36_DOC1.0_WOC2.0_N2700_F270_R1|S_WPB_L56_DOC1.0_WOC1.0_N3600_F360_R1|S_WPB_L56_DOC1.0_WOC2.0_N2700_F270_R3|U_WPB_L56_DOC2.0_WOC1.0_N2700_F270_R3|U_WPB_L56_DOC3.0_WOC1.0_N3600_F360_R1|S_WPB_L56_DOC1.0_WOC1.0_N1800_F180_R3|S_WPA_L36_DOC0.5_WOC2.0_N2700_F270_R1,final primary 10% evaluation
13,3,1,53,0.1,12,W2-k-medoids,uniform observed subset,12,10,8.0,4.0,0.75,0.5,1.0,0.5,S_WPA_L36_DOC1.0_WOC1.0_N3600_F360_R4|S_WPA_L36_DOC1.5_WOC1.0_N1800_F180_R4|S_WPB_L56_DOC0.5_WOC1.0_N2700_F270_R1|S_WPB_L56_DOC0.5_WOC2.0_N2700_F270_R3|S_WPB_L56_DOC1.0_WOC1.0_N2700_F270_R3|S_WPB_L56_DOC1.0_WOC2.0_N2700_F270_R2|S_WPB_L56_DOC1.0_WOC2.0_N2700_F270_R3|S_WPB_L56_DOC1.5_WOC1.0_N2700_F270_R1|U_WPA_L36_DOC2.0_WOC1.0_N3600_F360_R3|U_WPA_L36_DOC3.0_WOC1.0_N3600_F360_R1|U_WPA_L36_DOC3.0_WOC1.0_N3600_F360_R2|U_WPB_L56_DOC2.0_WOC2.0_N2700_F270_R2,final primary 10% evaluation
14,3,2,53,0.1,12,Facility Location,uniform observed subset,12,8,8.0,4.0,0.8333333333333333,0.6666666666666666,1.0,0.6666666666666666,S_WPA_L36_DOC1.5_WOC2.0_N2700_F270_R3|U_WPA_L36_DOC3.0_WOC1.0_N3600_F360_R4|S_WPB_L56_DOC1.0_WOC2.0_N2700_F270_R4|U_WPB_L56_DOC2.0_WOC1.0_N2700_F270_R3|S_WPA_L36_DOC1.0_WOC1.0_N2700_F270_R1|S_WPB_L56_DOC0.5_WOC1.0_N2700_F270_R1|S_WPB_L56_DOC1.0_WOC2.0_N2700_F270_R3|S_WPA_L36_DOC2.0_WOC1.0_N1800_F180_R2|S_WPA_L36_DOC2.0_WOC1.0_N1800_F180_R4|S_WPB_L56_DOC1.5_WOC1.0_N3600_F360_R1|U_WPA_L36_DOC3.0_WOC1.0_N3600_F360_R2|U_WPA_L36_DOC3.0_WOC1.0_N3600_F360_R1,final primary 10% evaluation
14,3,2,53,0.1,12,MRDS,uniform observed subset,12,10,8.0,4.0,1.0,1.0,1.0,1.0,U_WPB_L56_DOC2.0_WOC1.0_N2700_F270_R3|S_WPB_L56_DOC1.5_WOC1.0_N3600_F360_R1|S_WPA_L36_DOC2.0_WOC1.0_N1800_F180_R2|U_WPA_L36_DOC3.0_WOC1.0_N3600_F360_R1|U_WPA_L36_DOC2.0_WOC1.0_N3600_F360_R2|S_WPB_L56_DOC0.5_WOC1.0_N3600_F360_R1|S_WPB_L56_DOC1.0_WOC2.0_N2700_F270_R2|S_WPA_L36_DOC1.0_WOC1.0_N3600_F360_R2|S_WPA_L36_DOC1.5_WOC1.0_N3600_F360_R4|S_WPB_L56_DOC1.0_WOC2.0_N2700_F270_R3|S_WPA_L36_DOC0.5_WOC2.0_N2700_F270_R1|U_WPB_L56_DOC2.0_WOC1.0_N2700_F270_R2,final primary 10% evaluation
14,3,2,53,0.1,12,W2-k-medoids,uniform observed subset,12,8,8.0,4.0,0.8333333333333333,0.6666666666666666,1.0,0.6666666666666666,S_WPA_L36_DOC1.0_WOC1.0_N2700_F270_R1|S_WPA_L36_DOC1.5_WOC1.0_N1800_F180_R3|S_WPA_L36_DOC1.5_WOC1.0_N3600_F360_R2|S_WPB_L56_DOC0.5_WOC1.0_N2700_F270_R1|S_WPB_L56_DOC1.0_WOC2.0_N2700_F270_R2|S_WPB_L56_DOC1.0_WOC2.0_N2700_F270_R3|S_WPB_L56_DOC1.0_WOC2.0_N2700_F270_R4|S_WPB_L56_DOC1.5_WOC1.0_N3600_F360_R1|U_WPA_L36_DOC3.0_WOC1.0_N3600_F360_R1|U_WPA_L36_DOC3.0_WOC1.0_N3600_F360_R2|U_WPA_L36_DOC3.0_WOC1.0_N3600_F360_R4|U_WPB_L56_DOC2.0_WOC2.0_N2700_F270_R4,final primary 10% evaluation
15,3,3,53,0.1,12,Facility Location,uniform observed subset,12,11,9.0,3.0,0.84375,0.6875,1.0,0.6875,S_WPA_L36_DOC1.5_WOC2.0_N2700_F270_R3|U_WPB_L56_DOC2.0_WOC2.0_N2700_F270_R2|S_WPA_L36_DOC1.0_WOC1.0_N2700_F270_R1|S_WPB_L56_DOC1.0_WOC2.0_N2700_F270_R4|U_WPA_L36_DOC2.0_WOC2.0_N2700_F270_R2|S_WPB_L56_DOC0.5_WOC1.0_N3600_F360_R1|S_WPA_L36_DOC2.0_WOC1.0_N1800_F180_R2|S_WPB_L56_DOC1.5_WOC1.0_N3600_F360_R1|S_WPB_L56_DOC1.5_WOC1.0_N2700_F270_R1|S_WPA_L36_DOC0.5_WOC2.0_N2700_F270_R2|S_WPB_L56_DOC1.0_WOC2.0_N2700_F270_R2|U_WPB_L56_DOC4.0_WOC2.0_N2700_F270_R2,final primary 10% evaluation
15,3,3,53,0.1,12,MRDS,uniform observed subset,12,8,10.0,2.0,0.5,0.0,1.0,0.0,S_WPA_L36_DOC1.5_WOC2.0_N2700_F270_R1|S_WPB_L56_DOC1.5_WOC1.0_N3600_F360_R1|S_WPA_L36_DOC2.0_WOC1.0_N1800_F180_R2|S_WPB_L56_DOC1.0_WOC2.0_N2700_F270_R3|S_WPB_L56_DOC1.5_WOC1.0_N3600_F360_R4|S_WPB_L56_DOC1.0_WOC2.0_N2700_F270_R2|S_WPB_L56_DOC0.5_WOC1.0_N3600_F360_R1|U_WPB_L56_DOC2.0_WOC2.0_N2700_F270_R1|S_WPA_L36_DOC0.5_WOC2.0_N2700_F270_R2|S_WPA_L36_DOC0.5_WOC2.0_N2700_F270_R1|S_WPA_L36_DOC1.5_WOC2.0_N2700_F270_R3|U_WPA_L36_DOC4.0_WOC2.0_N2700_F270_R4,final primary 10% evaluation
15,3,3,53,0.1,12,W2-k-medoids,uniform observed subset,12,10,10.0,2.0,0.5,0.0,1.0,0.0,S_WPA_L36_DOC1.0_WOC1.0_N2700_F270_R1|S_WPA_L36_DOC1.0_WOC1.0_N3600_F360_R4|S_WPA_L36_DOC1.5_WOC1.0_N1800_F180_R2|S_WPA_L36_DOC2.0_WOC1.0_N1800_F180_R2|S_WPB_L56_DOC0.5_WOC1.0_N3600_F360_R1|S_WPB_L56_DOC0.5_WOC1.0_N3600_F360_R2|S_WPB_L56_DOC1.0_WOC2.0_N2700_F270_R2|S_WPB_L56_DOC1.0_WOC2.0_N2700_F270_R3|S_WPB_L56_DOC1.5_WOC1.0_N2700_F270_R1|S_WPB_L56_DOC1.5_WOC1.0_N3600_F360_R1|U_WPA_L36_DOC2.0_WOC2.0_N2700_F270_R2|U_WPB_L56_DOC2.0_WOC2.0_N2700_F270_R2,final primary 10% evaluation
16,4,0,71,0.1,12,Facility Location,uniform observed subset,12,8,8.0,4.0,0.5416666666666666,0.0833333333333333,1.0,0.0833333333333333,S_WPA_L36_DOC1.5_WOC2.0_N2700_F270_R3|U_WPB_L56_DOC3.0_WOC1.0_N3600_F360_R3|S_WPB_L56_DOC1.0_WOC2.0_N2700_F270_R4|U_WPA_L36_DOC3.0_WOC1.0_N3600_F360_R4|S_WPA_L36_DOC1.0_WOC1.0_N2700_F270_R1|S_WPB_L56_DOC0.5_WOC1.0_N2700_F270_R3|S_WPB_L56_DOC1.0_WOC2.0_N2700_F270_R3|S_WPA_L36_DOC2.0_WOC1.0_N1800_F180_R4|S_WPA_L36_DOC2.0_WOC1.0_N1800_F180_R2|S_WPB_L56_DOC1.5_WOC1.0_N3600_F360_R1|U_WPA_L36_DOC3.0_WOC1.0_N3600_F360_R2|U_WPA_L36_DOC3.0_WOC1.0_N3600_F360_R1,final primary 10% evaluation
16,4,0,71,0.1,12,MRDS,uniform observed subset,12,10,9.0,3.0,0.875,0.75,1.0,0.75,S_WPA_L36_DOC0.5_WOC2.0_N2700_F270_R3|S_WPB_L56_DOC1.5_WOC1.0_N3600_F360_R1|S_WPA_L36_DOC2.0_WOC1.0_N1800_F180_R2|U_WPA_L36_DOC3.0_WOC1.0_N3600_F360_R1|U_WPA_L36_DOC2.0_WOC1.0_N3600_F360_R2|S_WPB_L56_DOC0.5_WOC1.0_N3600_F360_R1|S_WPB_L56_DOC1.0_WOC2.0_N2700_F270_R2|S_WPA_L36_DOC1.0_WOC2.0_N2700_F270_R1|S_WPB_L56_DOC1.0_WOC2.0_N2700_F270_R3|S_WPA_L36_DOC1.5_WOC2.0_N2700_F270_R3|U_WPB_L56_DOC2.0_WOC1.0_N2700_F270_R4|S_WPA_L36_DOC1.5_WOC2.0_N2700_F270_R2,final primary 10% evaluation
16,4,0,71,0.1,12,W2-k-medoids,uniform observed subset,12,8,8.0,4.0,0.7916666666666667,0.5833333333333334,1.0,0.5833333333333334,S_WPA_L36_DOC1.0_WOC1.0_N2700_F270_R1|S_WPA_L36_DOC1.5_WOC2.0_N2700_F270_R2|S_WPA_L36_DOC2.0_WOC1.0_N1800_F180_R3|S_WPB_L56_DOC0.5_WOC1.0_N2700_F270_R3|S_WPB_L56_DOC1.0_WOC2.0_N2700_F270_R2|S_WPB_L56_DOC1.0_WOC2.0_N2700_F270_R3|S_WPB_L56_DOC1.0_WOC2.0_N2700_F270_R4|S_WPB_L56_DOC1.5_WOC1.0_N3600_F360_R1|U_WPA_L36_DOC3.0_WOC1.0_N3600_F360_R1|U_WPA_L36_DOC3.0_WOC1.0_N3600_F360_R2|U_WPA_L36_DOC3.0_WOC1.0_N3600_F360_R4|U_WPB_L56_DOC2.0_WOC1.0_N2700_F270_R3,final primary 10% evaluation
17,4,1,71,0.1,12,Facility Location,uniform observed subset,12,11,8.0,4.0,0.8333333333333333,0.6666666666666666,1.0,0.6666666666666666,S_WPA_L36_DOC1.5_WOC1.0_N3600_F360_R4|U_WPB_L56_DOC3.0_WOC1.0_N3600_F360_R3|S_WPB_L56_DOC1.0_WOC1.0_N2700_F270_R1|S_WPB_L56_DOC0.5_WOC2.0_N2700_F270_R3|U_WPA_L36_DOC2.0_WOC2.0_N2700_F270_R2|S_WPB_L56_DOC0.5_WOC1.0_N2700_F270_R3|S_WPA_L36_DOC0.5_WOC2.0_N2700_F270_R1|S_WPB_L56_DOC0.5_WOC1.0_N3600_F360_R1|S_WPA_L36_DOC2.0_WOC1.0_N1800_F180_R2|U_WPA_L36_DOC3.0_WOC1.0_N3600_F360_R2|U_WPA_L36_DOC3.0_WOC1.0_N3600_F360_R1|S_WPB_L56_DOC1.5_WOC1.0_N2700_F270_R1,final primary 10% evaluation
17,4,1,71,0.1,12,MRDS,uniform observed subset,12,9,7.0,5.0,0.875,1.0,0.75,0.75,U_WPB_L56_DOC2.0_WOC1.0_N2700_F270_R4|S_WPA_L36_DOC2.0_WOC1.0_N1800_F180_R2|U_WPA_L36_DOC3.0_WOC1.0_N3600_F360_R1|U_WPA_L36_DOC3.0_WOC1.0_N3600_F360_R2|S_WPB_L56_DOC1.5_WOC1.0_N2700_F270_R2|S_WPB_L56_DOC0.5_WOC1.0_N3600_F360_R1|U_WPB_L56_DOC2.0_WOC1.0_N2700_F270_R2|S_WPA_L36_DOC1.5_WOC1.0_N3600_F360_R4|S_WPA_L36_DOC0.5_WOC1.0_N3600_F360_R4|S_WPA_L36_DOC0.5_WOC2.0_N2700_F270_R3|U_WPB_L56_DOC4.0_WOC2.0_N2700_F270_R1|S_WPA_L36_DOC0.5_WOC2.0_N2700_F270_R1,final primary 10% evaluation
17,4,1,71,0.1,12,W2-k-medoids,uniform observed subset,12,11,7.0,5.0,0.875,0.75,1.0,0.75,S_WPA_L36_DOC1.0_WOC1.0_N3600_F360_R4|S_WPA_L36_DOC2.0_WOC1.0_N1800_F180_R2|S_WPB_L56_DOC0.5_WOC1.0_N2700_F270_R1|S_WPB_L56_DOC0.5_WOC1.0_N3600_F360_R1|S_WPB_L56_DOC0.5_WOC2.0_N2700_F270_R3|S_WPB_L56_DOC1.0_WOC1.0_N2700_F270_R1|S_WPB_L56_DOC1.5_WOC1.0_N2700_F270_R1|U_WPA_L36_DOC2.0_WOC2.0_N2700_F270_R2|U_WPA_L36_DOC3.0_WOC1.0_N3600_F360_R1|U_WPA_L36_DOC3.0_WOC1.0_N3600_F360_R2|U_WPB_L56_DOC2.0_WOC2.0_N2700_F270_R4|U_WPB_L56_DOC3.0_WOC1.0_N3600_F360_R4,final primary 10% evaluation
18,4,2,71,0.1,12,Facility Location,uniform observed subset,12,10,9.0,3.0,0.625,0.25,1.0,0.25,S_WPA_L36_DOC1.5_WOC2.0_N2700_F270_R2|U_WPB_L56_DOC2.0_WOC1.0_N2700_F270_R2|S_WPA_L36_DOC1.0_WOC1.0_N2700_F270_R1|S_WPB_L56_DOC1.0_WOC2.0_N2700_F270_R4|U_WPA_L36_DOC2.0_WOC2.0_N2700_F270_R2|S_WPB_L56_DOC0.5_WOC1.0_N2700_F270_R3|S_WPA_L36_DOC2.0_WOC1.0_N1800_F180_R2|S_WPB_L56_DOC1.5_WOC1.0_N3600_F360_R1|S_WPB_L56_DOC1.0_WOC2.0_N2700_F270_R3|S_WPB_L56_DOC1.5_WOC1.0_N2700_F270_R1|S_WPB_L56_DOC1.0_WOC2.0_N2700_F270_R2|U_WPB_L56_DOC4.0_WOC2.0_N2700_F270_R3,final primary 10% evaluation
18,4,2,71,0.1,12,MRDS,uniform observed subset,12,10,10.0,2.0,0.5,0.0,1.0,0.0,U_WPB_L56_DOC2.0_WOC1.0_N2700_F270_R1|S_WPB_L56_DOC1.5_WOC1.0_N3600_F360_R1|S_WPA_L36_DOC2.0_WOC1.0_N1800_F180_R2|S_WPB_L56_DOC1.0_WOC2.0_N2700_F270_R3|S_WPB_L56_DOC1.5_WOC1.0_N3600_F360_R4|S_WPB_L56_DOC1.0_WOC2.0_N2700_F270_R2|S_WPA_L36_DOC1.0_WOC1.0_N3600_F360_R2|S_WPB_L56_DOC1.0_WOC1.0_N1800_F180_R2|S_WPA_L36_DOC1.5_WOC2.0_N2700_F270_R3|S_WPA_L36_DOC0.5_WOC1.0_N2700_F270_R3|S_WPA_L36_DOC1.0_WOC2.0_N2700_F270_R1|U_WPA_L36_DOC2.0_WOC2.0_N2700_F270_R1,final primary 10% evaluation
18,4,2,71,0.1,12,W2-k-medoids,uniform observed subset,12,10,10.0,2.0,0.5,0.0,1.0,0.0,S_WPA_L36_DOC1.0_WOC1.0_N3600_F360_R4|S_WPA_L36_DOC2.0_WOC1.0_N1800_F180_R2|S_WPA_L36_DOC6.0_WOC1.0_N2700_F270_R2|S_WPB_L56_DOC0.5_WOC1.0_N2700_F270_R1|S_WPB_L56_DOC1.0_WOC1.0_N2700_F270_R1|S_WPB_L56_DOC1.0_WOC2.0_N2700_F270_R2|S_WPB_L56_DOC1.0_WOC2.0_N2700_F270_R3|S_WPB_L56_DOC1.0_WOC2.0_N2700_F270_R4|S_WPB_L56_DOC1.5_WOC1.0_N2700_F270_R1|S_WPB_L56_DOC1.5_WOC1.0_N3600_F360_R1|U_WPA_L36_DOC2.0_WOC2.0_N2700_F270_R2|U_WPB_L56_DOC2.0_WOC2.0_N2700_F270_R4,final primary 10% evaluation
19,4,3,71,0.1,12,Facility Location,uniform observed subset,12,9,8.0,4.0,0.9583333333333331,0.9166666666666666,1.0,0.9166666666666666,S_WPA_L36_DOC1.5_WOC2.0_N2700_F270_R3|U_WPA_L36_DOC3.0_WOC1.0_N3600_F360_R4|U_WPB_L56_DOC2.0_WOC2.0_N2700_F270_R4|S_WPB_L56_DOC0.5_WOC2.0_N2700_F270_R3|S_WPA_L36_DOC1.0_WOC1.0_N2700_F270_R2|S_WPB_L56_DOC1.0_WOC2.0_N2700_F270_R3|S_WPB_L56_DOC1.5_WOC1.0_N3600_F360_R1|S_WPB_L56_DOC1.0_WOC2.0_N2700_F270_R2|U_WPA_L36_DOC3.0_WOC1.0_N3600_F360_R2|U_WPA_L36_DOC3.0_WOC1.0_N3600_F360_R1|S_WPB_L56_DOC1.5_WOC1.0_N2700_F270_R1|S_WPA_L36_DOC0.5_WOC1.0_N3600_F360_R4,final primary 10% evaluation
19,4,3,71,0.1,12,MRDS,uniform observed subset,12,8,9.0,3.0,0.75,0.5,1.0,0.5,S_WPA_L36_DOC1.5_WOC2.0_N2700_F270_R4|S_WPB_L56_DOC1.5_WOC1.0_N3600_F360_R1|S_WPB_L56_DOC1.0_WOC2.0_N2700_F270_R2|U_WPA_L36_DOC3.0_WOC1.0_N3600_F360_R1|U_WPA_L36_DOC3.0_WOC1.0_N3600_F360_R2|S_WPB_L56_DOC1.5_WOC1.0_N2700_F270_R2|S_WPB_L56_DOC1.0_WOC2.0_N2700_F270_R3|U_WPA_L36_DOC2.0_WOC2.0_N2700_F270_R1|S_WPB_L56_DOC0.5_WOC1.0_N3600_F360_R1|S_WPA_L36_DOC1.5_WOC2.0_N2700_F270_R3|S_WPA_L36_DOC1.5_WOC1.0_N3600_F360_R2|S_WPA_L36_DOC1.5_WOC2.0_N2700_F270_R1,final primary 10% evaluation
19,4,3,71,0.1,12,W2-k-medoids,uniform observed subset,12,10,8.0,4.0,0.9583333333333331,0.9166666666666666,1.0,0.9166666666666666,S_WPA_L36_DOC1.0_WOC1.0_N2700_F270_R2|S_WPA_L36_DOC1.0_WOC1.0_N3600_F360_R4|S_WPA_L36_DOC1.5_WOC1.0_N1800_F180_R3|S_WPB_L56_DOC0.5_WOC1.0_N3600_F360_R1|S_WPB_L56_DOC0.5_WOC2.0_N2700_F270_R3|S_WPB_L56_DOC1.0_WOC2.0_N2700_F270_R2|S_WPB_L56_DOC1.5_WOC1.0_N2700_F270_R1|S_WPB_L56_DOC1.5_WOC1.0_N3600_F360_R1|U_WPA_L36_DOC3.0_WOC1.0_N3600_F360_R1|U_WPA_L36_DOC3.0_WOC1.0_N3600_F360_R2|U_WPA_L36_DOC3.0_WOC1.0_N3600_F360_R4|U_WPB_L56_DOC2.0_WOC2.0_N2700_F270_R4,final primary 10% evaluation
0,0,0,11,0.2,24,Facility Location,uniform observed subset,24,19,14.0,10.0,1.0,1.0,1.0,1.0,S_WPA_L36_DOC1.5_WOC2.0_N2700_F270_R1|U_WPA_L36_DOC3.0_WOC1.0_N3600_F360_R4|U_WPB_L56_DOC2.0_WOC2.0_N2700_F270_R2|S_WPA_L36_DOC1.0_WOC1.0_N2700_F270_R1|S_WPB_L56_DOC0.5_WOC2.0_N2700_F270_R2|S_WPB_L56_DOC0.5_WOC1.0_N2700_F270_R3|S_WPA_L36_DOC2.0_WOC1.0_N1800_F180_R2|S_WPB_L56_DOC1.5_WOC1.0_N3600_F360_R1|U_WPA_L36_DOC3.0_WOC1.0_N3600_F360_R1|U_WPA_L36_DOC3.0_WOC1.0_N3600_F360_R2|S_WPB_L56_DOC1.5_WOC1.0_N2700_F270_R1|S_WPA_L36_DOC0.5_WOC1.0_N3600_F360_R4|U_WPB_L56_DOC4.0_WOC2.0_N2700_F270_R2|U_WPB_L56_DOC2.0_WOC1.0_N1800_F180_R1|S_WPA_L36_DOC2.0_WOC1.0_N2700_F270_R3|S_WPA_L36_DOC3.0_WOC1.0_N1800_F180_R3|U_WPB_L56_DOC6.0_WOC1.0_N2700_F270_R3|S_WPB_L56_DOC0.5_WOC1.0_N2700_F270_R1|S_WPB_L56_DOC1.0_WOC1.0_N1800_F180_R3|S_WPA_L36_DOC0.5_WOC2.0_N2700_F270_R2|U_WPB_L56_DOC2.0_WOC1.0_N3600_F360_R3|U_WPB_L56_DOC4.0_WOC1.0_N2700_F270_R1|U_WPB_L56_DOC4.0_WOC1.0_N2700_F270_R3|S_WPA_L36_DOC1.0_WOC1.0_N2700_F270_R4,final structured retention evaluation
0,0,0,11,0.2,24,MRDS,uniform observed subset,24,11,18.0,6.0,1.0,1.0,1.0,1.0,S_WPA_L36_DOC0.5_WOC2.0_N2700_F270_R1|S_WPB_L56_DOC1.5_WOC1.0_N3600_F360_R1|S_WPA_L36_DOC2.0_WOC1.0_N1800_F180_R2|U_WPA_L36_DOC3.0_WOC1.0_N3600_F360_R1|U_WPA_L36_DOC3.0_WOC1.0_N3600_F360_R2|S_WPB_L56_DOC1.5_WOC1.0_N3600_F360_R4|S_WPA_L36_DOC0.5_WOC1.0_N3600_F360_R4|S_WPA_L36_DOC1.5_WOC1.0_N3600_F360_R2|U_WPA_L36_DOC3.0_WOC1.0_N3600_F360_R4|S_WPA_L36_DOC1.0_WOC2.0_N2700_F270_R3|U_WPB_L56_DOC2.0_WOC1.0_N2700_F270_R4|S_WPA_L36_DOC1.5_WOC2.0_N2700_F270_R4|S_WPB_L56_DOC1.0_WOC1.0_N2700_F270_R1|S_WPA_L36_DOC1.0_WOC2.0_N2700_F270_R1|S_WPA_L36_DOC1.5_WOC2.0_N2700_F270_R2|U_WPB_L56_DOC2.0_WOC1.0_N2700_F270_R2|S_WPA_L36_DOC1.5_WOC1.0_N3600_F360_R4|S_WPA_L36_DOC1.0_WOC1.0_N3600_F360_R4|S_WPA_L36_DOC0.5_WOC2.0_N2700_F270_R2|S_WPA_L36_DOC1.0_WOC1.0_N3600_F360_R2|S_WPA_L36_DOC1.5_WOC2.0_N2700_F270_R1|S_WPA_L36_DOC0.5_WOC2.0_N2700_F270_R4|S_WPA_L36_DOC1.5_WOC2.0_N2700_F270_R3|U_WPB_L56_DOC2.0_WOC1.0_N2700_F270_R3,final structured retention evaluation
0,0,0,11,0.2,24,W2-k-medoids,uniform observed subset,24,19,14.0,10.0,1.0,1.0,1.0,1.0,S_WPA_L36_DOC1.0_WOC1.0_N2700_F270_R4|S_WPA_L36_DOC1.0_WOC1.0_N3600_F360_R1|S_WPA_L36_DOC1.5_WOC1.0_N3600_F360_R2|S_WPA_L36_DOC1.5_WOC2.0_N2700_F270_R2|S_WPA_L36_DOC2.0_WOC1.0_N1800_F180_R2|S_WPA_L36_DOC2.0_WOC1.0_N1800_F180_R3|S_WPA_L36_DOC3.0_WOC1.0_N1800_F180_R3|S_WPA_L36_DOC6.0_WOC1.0_N2700_F270_R2|S_WPB_L56_DOC0.5_WOC1.0_N2700_F270_R1|S_WPB_L56_DOC0.5_WOC1.0_N2700_F270_R4|S_WPB_L56_DOC0.5_WOC2.0_N2700_F270_R3|S_WPB_L56_DOC1.0_WOC1.0_N1800_F180_R3|S_WPB_L56_DOC1.5_WOC1.0_N2700_F270_R1|S_WPB_L56_DOC1.5_WOC1.0_N3600_F360_R1|U_WPA_L36_DOC2.0_WOC1.0_N3600_F360_R3|U_WPA_L36_DOC3.0_WOC1.0_N3600_F360_R1|U_WPA_L36_DOC3.0_WOC1.0_N3600_F360_R2|U_WPB_L56_DOC2.0_WOC1.0_N1800_F180_R1|U_WPB_L56_DOC2.0_WOC1.0_N3600_F360_R2|U_WPB_L56_DOC4.0_WOC1.0_N2700_F270_R1|U_WPB_L56_DOC4.0_WOC1.0_N2700_F270_R3|U_WPB_L56_DOC4.0_WOC2.0_N2700_F270_R1|U_WPB_L56_DOC4.0_WOC2.0_N2700_F270_R3|U_WPB_L56_DOC6.0_WOC1.0_N2700_F270_R3,final structured retention evaluation
1,0,1,11,0.2,24,Facility Location,uniform observed subset,24,17,14.0,10.0,0.9821428571428572,1.0,0.9642857142857143,0.9642857142857143,S_WPA_L36_DOC1.5_WOC2.0_N2700_F270_R2|U_WPB_L56_DOC3.0_WOC1.0_N3600_F360_R3|U_WPA_L36_DOC3.0_WOC1.0_N3600_F360_R4|S_WPB_L56_DOC1.0_WOC2.0_N2700_F270_R4|S_WPA_L36_DOC1.0_WOC1.0_N2700_F270_R1|S_WPB_L56_DOC1.0_WOC2.0_N2700_F270_R3|S_WPA_L36_DOC2.0_WOC1.0_N1800_F180_R2|S_WPB_L56_DOC1.5_WOC1.0_N3600_F360_R1|U_WPA_L36_DOC3.0_WOC1.0_N3600_F360_R2|U_WPA_L36_DOC3.0_WOC1.0_N3600_F360_R1|S_WPB_L56_DOC1.5_WOC1.0_N2700_F270_R1|S_WPB_L56_DOC1.0_WOC2.0_N2700_F270_R2|S_WPB_L56_DOC0.5_WOC1.0_N3600_F360_R1|S_WPA_L36_DOC2.0_WOC1.0_N1800_F180_R4|U_WPB_L56_DOC4.0_WOC2.0_N2700_F270_R2|U_WPA_L36_DOC4.0_WOC2.0_N2700_F270_R1|S_WPA_L36_DOC0.5_WOC1.0_N3600_F360_R4|S_WPA_L36_DOC1.5_WOC1.0_N1800_F180_R3|U_WPA_L36_DOC2.0_WOC2.0_N2700_F270_R2|U_WPB_L56_DOC2.0_WOC1.0_N1800_F180_R2|U_WPB_L56_DOC6.0_WOC1.0_N2700_F270_R3|S_WPA_L36_DOC4.0_WOC1.0_N2700_F270_R2|U_WPB_L56_DOC4.0_WOC2.0_N2700_F270_R1|S_WPA_L36_DOC1.0_WOC1.0_N2700_F270_R4,final structured retention evaluation
1,0,1,11,0.2,24,MRDS,uniform observed subset,24,14,17.0,7.0,0.9821428571428572,1.0,0.9642857142857143,0.9642857142857143,S_WPA_L36_DOC0.5_WOC1.0_N3600_F360_R4|S_WPB_L56_DOC1.5_WOC1.0_N3600_F360_R1|S_WPA_L36_DOC2.0_WOC1.0_N1800_F180_R2|U_WPA_L36_DOC3.0_WOC1.0_N3600_F360_R1|U_WPA_L36_DOC3.0_WOC1.0_N3600_F360_R2|S_WPB_L56_DOC0.5_WOC1.0_N3600_F360_R1|S_WPB_L56_DOC1.5_WOC1.0_N3600_F360_R4|S_WPB_L56_DOC1.0_WOC2.0_N2700_F270_R2|S_WPB_L56_DOC1.0_WOC2.0_N2700_F270_R3|U_WPB_L56_DOC4.0_WOC2.0_N2700_F270_R3|U_WPA_L36_DOC3.0_WOC1.0_N3600_F360_R4|S_WPA_L36_DOC0.5_WOC1.0_N3600_F360_R3|U_WPB_L56_DOC2.0_WOC1.0_N2700_F270_R4|S_WPA_L36_DOC1.5_WOC2.0_N2700_F270_R1|S_WPA_L36_DOC1.0_WOC2.0_N2700_F270_R1|S_WPA_L36_DOC6.0_WOC1.0_N2700_F270_R3|S_WPB_L56_DOC1.0_WOC1.0_N2700_F270_R2|S_WPB_L56_DOC1.0_WOC1.0_N2700_F270_R1|U_WPB_L56_DOC2.0_WOC1.0_N2700_F270_R2|U_WPB_L56_DOC2.0_WOC1.0_N3600_F360_R3|S_WPA_L36_DOC1.5_WOC2.0_N2700_F270_R2|S_WPA_L36_DOC1.5_WOC1.0_N3600_F360_R4|S_WPA_L36_DOC1.5_WOC2.0_N2700_F270_R3|S_WPA_L36_DOC1.5_WOC1.0_N3600_F360_R2,final structured retention evaluation
1,0,1,11,0.2,24,W2-k-medoids,uniform observed subset,24,19,15.0,9.0,0.9821428571428572,1.0,0.9642857142857143,0.9642857142857143,S_WPA_L36_DOC0.5_WOC1.0_N2700_F270_R3|S_WPA_L36_DOC0.5_WOC1.0_N3600_F360_R4|S_WPA_L36_DOC1.0_WOC1.0_N2700_F270_R4|S_WPA_L36_DOC1.5_WOC1.0_N1800_F180_R3|S_WPA_L36_DOC1.5_WOC2.0_N2700_F270_R2|S_WPA_L36_DOC2.0_WOC1.0_N1800_F180_R1|S_WPA_L36_DOC2.0_WOC1.0_N1800_F180_R2|S_WPA_L36_DOC4.0_WOC1.0_N2700_F270_R2|S_WPB_L56_DOC0.5_WOC1.0_N3600_F360_R1|S_WPB_L56_DOC0.5_WOC1.0_N3600_F360_R2|S_WPB_L56_DOC0.5_WOC2.0_N2700_F270_R3|S_WPB_L56_DOC1.0_WOC2.0_N2700_F270_R2|S_WPB_L56_DOC1.0_WOC2.0_N2700_F270_R3|S_WPB_L56_DOC1.5_WOC1.0_N2700_F270_R1|S_WPB_L56_DOC1.5_WOC1.0_N3600_F360_R1|U_WPA_L36_DOC2.0_WOC1.0_N3600_F360_R3|U_WPA_L36_DOC2.0_WOC2.0_N2700_F270_R2|U_WPA_L36_DOC3.0_WOC1.0_N3600_F360_R1|U_WPA_L36_DOC3.0_WOC1.0_N3600_F360_R2|U_WPA_L36_DOC4.0_WOC2.0_N2700_F270_R1|U_WPB_L56_DOC3.0_WOC1.0_N3600_F360_R4|U_WPB_L56_DOC4.0_WOC2.0_N2700_F270_R1|U_WPB_L56_DOC4.0_WOC2.0_N2700_F270_R3|U_WPB_L56_DOC6.0_WOC1.0_N2700_F270_R3,final structured retention evaluation
2,0,2,11,0.2,24,Facility Location,uniform observed subset,24,20,17.0,7.0,0.84375,0.6875,1.0,0.6875,S_WPA_L36_DOC1.5_WOC2.0_N2700_F270_R3|U_WPB_L56_DOC2.0_WOC1.0_N2700_F270_R2|S_WPB_L56_DOC1.0_WOC2.0_N2700_F270_R4|S_WPA_L36_DOC6.0_WOC1.0_N2700_F270_R2|U_WPA_L36_DOC2.0_WOC2.0_N2700_F270_R2|S_WPB_L56_DOC0.5_WOC1.0_N2700_F270_R3|S_WPB_L56_DOC0.5_WOC1.0_N3600_F360_R1|S_WPB_L56_DOC1.0_WOC2.0_N2700_F270_R2|S_WPB_L56_DOC1.5_WOC1.0_N3600_F360_R1|S_WPB_L56_DOC1.5_WOC1.0_N2700_F270_R1|U_WPB_L56_DOC4.0_WOC2.0_N2700_F270_R2|S_WPA_L36_DOC6.0_WOC1.0_N2700_F270_R4|S_WPA_L36_DOC1.5_WOC1.0_N1800_F180_R4|S_WPA_L36_DOC0.5_WOC2.0_N2700_F270_R1|S_WPB_L56_DOC1.0_WOC2.0_N2700_F270_R3|U_WPB_L56_DOC2.0_WOC1.0_N1800_F180_R1|S_WPA_L36_DOC3.0_WOC1.0_N1800_F180_R3|S_WPA_L36_DOC0.5_WOC1.0_N3600_F360_R4|U_WPB_L56_DOC2.0_WOC2.0_N2700_F270_R2|S_WPA_L36_DOC0.5_WOC1.0_N2700_F270_R1|U_WPB_L56_DOC4.0_WOC2.0_N2700_F270_R1|S_WPB_L56_DOC1.0_WOC1.0_N1800_F180_R2|U_WPB_L56_DOC4.0_WOC1.0_N2700_F270_R3|S_WPB_L56_DOC0.5_WOC1.0_N1800_F180_R2,final structured retention evaluation
2,0,2,11,0.2,24,MRDS,uniform observed subset,24,13,18.0,6.0,0.78125,0.5625,1.0,0.5625,S_WPA_L36_DOC0.5_WOC1.0_N3600_F360_R4|S_WPB_L56_DOC1.5_WOC1.0_N3600_F360_R1|S_WPB_L56_DOC1.0_WOC2.0_N2700_F270_R2|S_WPB_L56_DOC1.0_WOC2.0_N2700_F270_R3|S_WPB_L56_DOC1.5_WOC1.0_N3600_F360_R4|U_WPB_L56_DOC4.0_WOC2.0_N2700_F270_R1|S_WPA_L36_DOC1.0_WOC1.0_N3600_F360_R4|S_WPB_L56_DOC0.5_WOC1.0_N3600_F360_R1|S_WPB_L56_DOC1.0_WOC1.0_N1800_F180_R3|S_WPA_L36_DOC1.5_WOC1.0_N1800_F180_R1|U_WPB_L56_DOC2.0_WOC1.0_N2700_F270_R4|S_WPA_L36_DOC1.5_WOC2.0_N2700_F270_R1|U_WPB_L56_DOC2.0_WOC1.0_N2700_F270_R3|S_WPA_L36_DOC0.5_WOC2.0_N2700_F270_R2|S_WPA_L36_DOC0.5_WOC2.0_N2700_F270_R1|S_WPA_L36_DOC0.5_WOC2.0_N2700_F270_R4|S_WPA_L36_DOC1.5_WOC2.0_N2700_F270_R3|U_WPB_L56_DOC2.0_WOC1.0_N2700_F270_R2|U_WPB_L56_DOC3.0_WOC1.0_N3600_F360_R1|U_WPB_L56_DOC3.0_WOC1.0_N3600_F360_R4|S_WPA_L36_DOC1.0_WOC1.0_N3600_F360_R3|S_WPA_L36_DOC0.5_WOC2.0_N2700_F270_R3|S_WPA_L36_DOC1.0_WOC2.0_N2700_F270_R1|S_WPA_L36_DOC1.5_WOC2.0_N2700_F270_R2,final structured retention evaluation
2,0,2,11,0.2,24,W2-k-medoids,uniform observed subset,24,20,17.0,7.0,0.875,0.75,1.0,0.75,S_WPA_L36_DOC0.5_WOC1.0_N2700_F270_R3|S_WPA_L36_DOC0.5_WOC2.0_N2700_F270_R2|S_WPA_L36_DOC1.0_WOC1.0_N3600_F360_R4|S_WPA_L36_DOC1.5_WOC1.0_N1800_F180_R1|S_WPA_L36_DOC1.5_WOC2.0_N2700_F270_R3|S_WPA_L36_DOC3.0_WOC1.0_N1800_F180_R4|S_WPA_L36_DOC6.0_WOC1.0_N2700_F270_R2|S_WPA_L36_DOC6.0_WOC1.0_N2700_F270_R4|S_WPB_L56_DOC0.5_WOC1.0_N1800_F180_R2|S_WPB_L56_DOC0.5_WOC1.0_N2700_F270_R2|S_WPB_L56_DOC0.5_WOC1.0_N3600_F360_R1|S_WPB_L56_DOC0.5_WOC1.0_N3600_F360_R2|S_WPB_L56_DOC1.0_WOC1.0_N1800_F180_R2|S_WPB_L56_DOC1.0_WOC2.0_N2700_F270_R2|S_WPB_L56_DOC1.0_WOC2.0_N2700_F270_R3|S_WPB_L56_DOC1.5_WOC1.0_N2700_F270_R1|S_WPB_L56_DOC1.5_WOC1.0_N3600_F360_R1|U_WPA_L36_DOC2.0_WOC2.0_N2700_F270_R2|U_WPB_L56_DOC2.0_WOC1.0_N1800_F180_R1|U_WPB_L56_DOC2.0_WOC2.0_N2700_F270_R3|U_WPB_L56_DOC3.0_WOC1.0_N3600_F360_R1|U_WPB_L56_DOC4.0_WOC1.0_N2700_F270_R1|U_WPB_L56_DOC4.0_WOC1.0_N2700_F270_R3|U_WPB_L56_DOC4.0_WOC2.0_N2700_F270_R1,final structured retention evaluation
3,0,3,11,0.2,24,Facility Location,uniform observed subset,24,19,13.0,11.0,0.875,0.75,1.0,0.75,S_WPA_L36_DOC1.5_WOC1.0_N3600_F360_R4|U_WPB_L56_DOC3.0_WOC1.0_N3600_F360_R3|U_WPA_L36_DOC3.0_WOC1.0_N3600_F360_R4|S_WPA_L36_DOC1.0_WOC1.0_N2700_F270_R1|S_WPB_L56_DOC1.0_WOC2.0_N2700_F270_R4|S_WPB_L56_DOC1.0_WOC2.0_N2700_F270_R3|S_WPB_L56_DOC0.5_WOC1.0_N2700_F270_R3|S_WPA_L36_DOC2.0_WOC1.0_N1800_F180_R2|U_WPA_L36_DOC3.0_WOC1.0_N3600_F360_R2|U_WPA_L36_DOC3.0_WOC1.0_N3600_F360_R1|S_WPA_L36_DOC1.5_WOC1.0_N1800_F180_R2|U_WPA_L36_DOC4.0_WOC2.0_N2700_F270_R1|S_WPB_L56_DOC1.0_WOC2.0_N2700_F270_R2|S_WPB_L56_DOC0.5_WOC1.0_N3600_F360_R1|S_WPA_L36_DOC1.0_WOC1.0_N1800_F180_R3|S_WPA_L36_DOC3.0_WOC1.0_N1800_F180_R3|U_WPB_L56_DOC3.0_WOC1.0_N1800_F180_R1|U_WPB_L56_DOC4.0_WOC1.0_N2700_F270_R3|S_WPA_L36_DOC2.0_WOC1.0_N2700_F270_R4|U_WPA_L36_DOC2.0_WOC2.0_N2700_F270_R3|U_WPB_L56_DOC6.0_WOC1.0_N2700_F270_R3|U_WPB_L56_DOC6.0_WOC1.0_N2700_F270_R2|U_WPA_L36_DOC2.0_WOC1.0_N3600_F360_R4|S_WPB_L56_DOC0.5_WOC1.0_N1800_F180_R2,final structured retention evaluation
3,0,3,11,0.2,24,MRDS,uniform observed subset,24,16,15.0,9.0,0.8571428571428572,0.75,0.9642857142857143,0.75,S_WPA_L36_DOC1.0_WOC1.0_N3600_F360_R3|S_WPA_L36_DOC2.0_WOC1.0_N1800_F180_R2|U_WPA_L36_DOC3.0_WOC1.0_N3600_F360_R1|U_WPA_L36_DOC3.0_WOC1.0_N3600_F360_R2|S_WPB_L56_DOC0.5_WOC1.0_N3600_F360_R1|U_WPA_L36_DOC3.0_WOC1.0_N3600_F360_R4|S_WPA_L36_DOC0.5_WOC2.0_N2700_F270_R3|S_WPB_L56_DOC1.0_WOC2.0_N2700_F270_R2|S_WPB_L56_DOC1.0_WOC2.0_N2700_F270_R3|S_WPB_L56_DOC1.0_WOC1.0_N3600_F360_R4|U_WPA_L36_DOC2.0_WOC2.0_N2700_F270_R4|S_WPA_L36_DOC1.0_WOC1.0_N1800_F180_R2|S_WPB_L56_DOC1.5_WOC1.0_N1800_F180_R4|U_WPB_L56_DOC4.0_WOC1.0_N2700_F270_R4|S_WPA_L36_DOC1.5_WOC1.0_N1800_F180_R2|U_WPB_L56_DOC3.0_WOC1.0_N3600_F360_R3|U_WPB_L56_DOC4.0_WOC1.0_N2700_F270_R2|U_WPA_L36_DOC4.0_WOC2.0_N2700_F270_R4|S_WPB_L56_DOC1.0_WOC1.0_N2700_F270_R1|S_WPA_L36_DOC0.5_WOC2.0_N2700_F270_R4|S_WPA_L36_DOC0.5_WOC2.0_N2700_F270_R2|S_WPB_L56_DOC1.0_WOC2.0_N2700_F270_R4|S_WPA_L36_DOC1.5_WOC1.0_N3600_F360_R4|U_WPA_L36_DOC2.0_WOC2.0_N2700_F270_R1,final structured retention evaluation
3,0,3,11,0.2,24,W2-k-medoids,uniform observed subset,24,20,15.0,9.0,0.875,0.75,1.0,0.75,S_WPA_L36_DOC0.5_WOC1.0_N2700_F270_R3|S_WPA_L36_DOC1.5_WOC1.0_N1800_F180_R1|S_WPA_L36_DOC1.5_WOC1.0_N3600_F360_R2|S_WPA_L36_DOC2.0_WOC1.0_N1800_F180_R1|S_WPA_L36_DOC2.0_WOC1.0_N1800_F180_R2|S_WPA_L36_DOC2.0_WOC1.0_N2700_F270_R4|S_WPA_L36_DOC3.0_WOC1.0_N1800_F180_R4|S_WPB_L56_DOC0.5_WOC1.0_N2700_F270_R2|S_WPB_L56_DOC0.5_WOC1.0_N3600_F360_R1|S_WPB_L56_DOC0.5_WOC1.0_N3600_F360_R2|S_WPB_L56_DOC0.5_WOC2.0_N2700_F270_R3|S_WPB_L56_DOC1.0_WOC1.0_N1800_F180_R2|S_WPB_L56_DOC1.0_WOC1.0_N2700_F270_R4|S_WPB_L56_DOC1.0_WOC2.0_N2700_F270_R2|S_WPB_L56_DOC1.0_WOC2.0_N2700_F270_R3|U_WPA_L36_DOC2.0_WOC1.0_N3600_F360_R3|U_WPA_L36_DOC2.0_WOC2.0_N2700_F270_R3|U_WPA_L36_DOC3.0_WOC1.0_N3600_F360_R1|U_WPA_L36_DOC3.0_WOC1.0_N3600_F360_R2|U_WPB_L56_DOC2.0_WOC2.0_N2700_F270_R2|U_WPB_L56_DOC3.0_WOC1.0_N1800_F180_R1|U_WPB_L56_DOC3.0_WOC1.0_N3600_F360_R4|U_WPB_L56_DOC4.0_WOC1.0_N2700_F270_R2|U_WPB_L56_DOC6.0_WOC1.0_N2700_F270_R3,final structured retention evaluation
4,1,0,23,0.2,24,Facility Location,uniform observed subset,24,20,16.0,8.0,0.7678571428571428,0.75,0.7857142857142857,0.75,S_WPA_L36_DOC1.5_WOC1.0_N3600_F360_R4|U_WPB_L56_DOC3.0_WOC1.0_N3600_F360_R3|S_WPB_L56_DOC1.0_WOC2.0_N2700_F270_R4|S_WPB_L56_DOC1.0_WOC1.0_N2700_F270_R2|U_WPA_L36_DOC2.0_WOC2.0_N2700_F270_R2|S_WPB_L56_DOC1.0_WOC2.0_N2700_F270_R3|U_WPB_L56_DOC4.0_WOC2.0_N2700_F270_R4|S_WPB_L56_DOC1.0_WOC2.0_N2700_F270_R2|S_WPB_L56_DOC1.5_WOC1.0_N3600_F360_R1|S_WPB_L56_DOC1.5_WOC1.0_N2700_F270_R1|S_WPB_L56_DOC0.5_WOC1.0_N2700_F270_R3|S_WPA_L36_DOC2.0_WOC1.0_N1800_F180_R2|S_WPA_L36_DOC1.5_WOC1.0_N1800_F180_R4|S_WPA_L36_DOC0.5_WOC2.0_N2700_F270_R1|S_WPB_L56_DOC0.5_WOC1.0_N3600_F360_R1|U_WPB_L56_DOC2.0_WOC1.0_N1800_F180_R1|U_WPB_L56_DOC4.0_WOC2.0_N2700_F270_R1|S_WPA_L36_DOC3.0_WOC1.0_N1800_F180_R3|U_WPA_L36_DOC4.0_WOC2.0_N2700_F270_R1|U_WPB_L56_DOC6.0_WOC1.0_N2700_F270_R1|U_WPB_L56_DOC4.0_WOC1.0_N2700_F270_R3|S_WPB_L56_DOC1.0_WOC1.0_N1800_F180_R3|S_WPA_L36_DOC2.0_WOC1.0_N1800_F180_R1|S_WPA_L36_DOC0.5_WOC1.0_N2700_F270_R3,final structured retention evaluation
4,1,0,23,0.2,24,MRDS,uniform observed subset,24,18,17.0,7.0,0.6904761904761905,0.4166666666666667,0.9642857142857143,0.4166666666666667,S_WPA_L36_DOC0.5_WOC2.0_N2700_F270_R3|S_WPB_L56_DOC1.5_WOC1.0_N3600_F360_R1|S_WPA_L36_DOC2.0_WOC1.0_N1800_F180_R2|S_WPB_L56_DOC1.0_WOC2.0_N2700_F270_R3|S_WPB_L56_DOC1.5_WOC1.0_N3600_F360_R4|S_WPB_L56_DOC1.0_WOC2.0_N2700_F270_R2|U_WPB_L56_DOC4.0_WOC2.0_N2700_F270_R1|S_WPB_L56_DOC0.5_WOC1.0_N3600_F360_R1|S_WPA_L36_DOC1.5_WOC1.0_N1800_F180_R1|U_WPB_L56_DOC4.0_WOC2.0_N2700_F270_R4|S_WPA_L36_DOC0.5_WOC1.0_N3600_F360_R2|S_WPA_L36_DOC1.0_WOC1.0_N1800_F180_R2|S_WPA_L36_DOC1.0_WOC2.0_N2700_F270_R1|U_WPB_L56_DOC2.0_WOC1.0_N3600_F360_R3|S_WPB_L56_DOC1.0_WOC1.0_N1800_F180_R3|S_WPA_L36_DOC1.5_WOC1.0_N3600_F360_R2|S_WPA_L36_DOC0.5_WOC2.0_N2700_F270_R1|U_WPA_L36_DOC4.0_WOC2.0_N2700_F270_R4|U_WPA_L36_DOC2.0_WOC2.0_N2700_F270_R4|S_WPA_L36_DOC0.5_WOC1.0_N3600_F360_R4|U_WPB_L56_DOC3.0_WOC1.0_N3600_F360_R1|S_WPA_L36_DOC1.0_WOC1.0_N3600_F360_R2|S_WPA_L36_DOC1.5_WOC1.0_N3600_F360_R4|U_WPB_L56_DOC2.0_WOC2.0_N2700_F270_R4,final structured retention evaluation
4,1,0,23,0.2,24,W2-k-medoids,uniform observed subset,24,20,16.0,8.0,0.8988095238095238,0.8333333333333334,0.9642857142857143,0.8333333333333334,S_WPA_L36_DOC0.5_WOC1.0_N2700_F270_R2|S_WPA_L36_DOC1.0_WOC1.0_N3600_F360_R3|S_WPA_L36_DOC1.5_WOC1.0_N1800_F180_R1|S_WPA_L36_DOC2.0_WOC1.0_N1800_F180_R1|S_WPA_L36_DOC2.0_WOC1.0_N1800_F180_R2|S_WPA_L36_DOC3.0_WOC1.0_N1800_F180_R4|S_WPB_L56_DOC0.5_WOC1.0_N2700_F270_R1|S_WPB_L56_DOC0.5_WOC1.0_N3600_F360_R1|S_WPB_L56_DOC0.5_WOC1.0_N3600_F360_R2|S_WPB_L56_DOC1.0_WOC1.0_N1800_F180_R3|S_WPB_L56_DOC1.0_WOC1.0_N2700_F270_R4|S_WPB_L56_DOC1.0_WOC2.0_N2700_F270_R2|S_WPB_L56_DOC1.0_WOC2.0_N2700_F270_R3|S_WPB_L56_DOC1.5_WOC1.0_N1800_F180_R3|S_WPB_L56_DOC1.5_WOC1.0_N2700_F270_R1|S_WPB_L56_DOC1.5_WOC1.0_N3600_F360_R1|U_WPA_L36_DOC2.0_WOC2.0_N2700_F270_R2|U_WPA_L36_DOC4.0_WOC2.0_N2700_F270_R3|U_WPB_L56_DOC2.0_WOC1.0_N1800_F180_R1|U_WPB_L56_DOC3.0_WOC1.0_N3600_F360_R4|U_WPB_L56_DOC4.0_WOC1.0_N2700_F270_R1|U_WPB_L56_DOC4.0_WOC2.0_N2700_F270_R1|U_WPB_L56_DOC4.0_WOC2.0_N2700_F270_R3|U_WPB_L56_DOC6.0_WOC1.0_N2700_F270_R3,final structured retention evaluation
5,1,1,23,0.2,24,Facility Location,uniform observed subset,24,18,15.0,9.0,1.0,1.0,1.0,1.0,S_WPA_L36_DOC1.5_WOC2.0_N2700_F270_R1|U_WPA_L36_DOC3.0_WOC1.0_N3600_F360_R4|S_WPB_L56_DOC1.0_WOC2.0_N2700_F270_R4|U_WPB_L56_DOC3.0_WOC1.0_N3600_F360_R3|S_WPA_L36_DOC1.0_WOC1.0_N2700_F270_R1|S_WPB_L56_DOC0.5_WOC1.0_N2700_F270_R3|S_WPB_L56_DOC1.0_WOC2.0_N2700_F270_R3|S_WPB_L56_DOC1.0_WOC2.0_N2700_F270_R2|U_WPA_L36_DOC3.0_WOC1.0_N3600_F360_R2|U_WPA_L36_DOC3.0_WOC1.0_N3600_F360_R1|S_WPB_L56_DOC1.5_WOC1.0_N2700_F270_R1|S_WPB_L56_DOC0.5_WOC1.0_N3600_F360_R1|S_WPA_L36_DOC0.5_WOC1.0_N3600_F360_R4|U_WPB_L56_DOC4.0_WOC2.0_N2700_F270_R2|S_WPA_L36_DOC3.0_WOC1.0_N1800_F180_R3|U_WPB_L56_DOC2.0_WOC1.0_N1800_F180_R1|S_WPA_L36_DOC6.0_WOC1.0_N2700_F270_R2|U_WPB_L56_DOC6.0_WOC1.0_N2700_F270_R3|U_WPA_L36_DOC2.0_WOC2.0_N2700_F270_R3|S_WPB_L56_DOC0.5_WOC1.0_N2700_F270_R1|S_WPA_L36_DOC1.0_WOC1.0_N1800_F180_R2|U_WPB_L56_DOC4.0_WOC2.0_N2700_F270_R1|S_WPB_L56_DOC1.0_WOC1.0_N2700_F270_R1|S_WPA_L36_DOC1.0_WOC1.0_N3600_F360_R1,final structured retention evaluation
5,1,1,23,0.2,24,MRDS,uniform observed subset,24,15,16.0,8.0,1.0,1.0,1.0,1.0,S_WPA_L36_DOC1.0_WOC2.0_N2700_F270_R1|S_WPB_L56_DOC1.0_WOC2.0_N2700_F270_R2|U_WPA_L36_DOC3.0_WOC1.0_N3600_F360_R1|U_WPA_L36_DOC3.0_WOC1.0_N3600_F360_R2|S_WPB_L56_DOC0.5_WOC1.0_N3600_F360_R1|S_WPB_L56_DOC1.5_WOC1.0_N2700_F270_R2|U_WPB_L56_DOC4.0_WOC2.0_N2700_F270_R3|S_WPB_L56_DOC1.0_WOC2.0_N2700_F270_R3|U_WPA_L36_DOC3.0_WOC1.0_N3600_F360_R4|S_WPB_L56_DOC0.5_WOC2.0_N2700_F270_R1|S_WPA_L36_DOC0.5_WOC1.0_N3600_F360_R4|S_WPA_L36_DOC1.0_WOC1.0_N3600_F360_R3|S_WPA_L36_DOC1.5_WOC2.0_N2700_F270_R3|S_WPA_L36_DOC1.5_WOC2.0_N2700_F270_R2|S_WPA_L36_DOC1.0_WOC1.0_N1800_F180_R4|S_WPA_L36_DOC1.0_WOC1.0_N3600_F360_R2|U_WPA_L36_DOC2.0_WOC2.0_N2700_F270_R1|U_WPB_L56_DOC2.0_WOC1.0_N2700_F270_R2|U_WPB_L56_DOC2.0_WOC1.0_N2700_F270_R3|S_WPB_L56_DOC1.0_WOC1.0_N2700_F270_R1|S_WPB_L56_DOC1.0_WOC2.0_N2700_F270_R4|S_WPA_L36_DOC1.5_WOC1.0_N3600_F360_R4|S_WPA_L36_DOC1.5_WOC2.0_N2700_F270_R1|U_WPB_L56_DOC2.0_WOC1.0_N2700_F270_R4,final structured retention evaluation
5,1,1,23,0.2,24,W2-k-medoids,uniform observed subset,24,17,15.0,9.0,1.0,1.0,1.0,1.0,S_WPA_L36_DOC1.0_WOC1.0_N1800_F180_R2|S_WPA_L36_DOC1.0_WOC1.0_N3600_F360_R1|S_WPA_L36_DOC1.0_WOC1.0_N3600_F360_R4|S_WPA_L36_DOC1.5_WOC2.0_N2700_F270_R1|S_WPA_L36_DOC3.0_WOC1.0_N1800_F180_R3|S_WPA_L36_DOC6.0_WOC1.0_N2700_F270_R2|S_WPB_L56_DOC0.5_WOC1.0_N2700_F270_R1|S_WPB_L56_DOC0.5_WOC1.0_N2700_F270_R4|S_WPB_L56_DOC0.5_WOC1.0_N3600_F360_R1|S_WPB_L56_DOC0.5_WOC1.0_N3600_F360_R2|S_WPB_L56_DOC1.0_WOC1.0_N2700_F270_R4|S_WPB_L56_DOC1.0_WOC2.0_N2700_F270_R2|S_WPB_L56_DOC1.0_WOC2.0_N2700_F270_R3|S_WPB_L56_DOC1.0_WOC2.0_N2700_F270_R4|S_WPB_L56_DOC1.5_WOC1.0_N2700_F270_R1|U_WPA_L36_DOC2.0_WOC1.0_N3600_F360_R3|U_WPA_L36_DOC2.0_WOC2.0_N2700_F270_R3|U_WPA_L36_DOC3.0_WOC1.0_N3600_F360_R1|U_WPA_L36_DOC3.0_WOC1.0_N3600_F360_R2|U_WPB_L56_DOC2.0_WOC1.0_N1800_F180_R1|U_WPB_L56_DOC3.0_WOC1.0_N3600_F360_R4|U_WPB_L56_DOC4.0_WOC2.0_N2700_F270_R1|U_WPB_L56_DOC4.0_WOC2.0_N2700_F270_R3|U_WPB_L56_DOC6.0_WOC1.0_N2700_F270_R3,final structured retention evaluation
6,1,2,23,0.2,24,Facility Location,uniform observed subset,24,17,15.0,9.0,0.8988095238095238,0.8333333333333334,0.9642857142857143,0.8333333333333334,S_WPA_L36_DOC1.5_WOC2.0_N2700_F270_R2|U_WPB_L56_DOC3.0_WOC1.0_N3600_F360_R3|S_WPA_L36_DOC1.0_WOC1.0_N2700_F270_R1|S_WPB_L56_DOC1.0_WOC2.0_N2700_F270_R4|U_WPA_L36_DOC2.0_WOC1.0_N3600_F360_R3|U_WPB_L56_DOC4.0_WOC2.0_N2700_F270_R4|S_WPB_L56_DOC1.0_WOC2.0_N2700_F270_R3|S_WPA_L36_DOC2.0_WOC1.0_N1800_F180_R2|S_WPB_L56_DOC1.5_WOC1.0_N3600_F360_R1|U_WPA_L36_DOC3.0_WOC1.0_N3600_F360_R2|U_WPA_L36_DOC3.0_WOC1.0_N3600_F360_R1|S_WPB_L56_DOC1.0_WOC2.0_N2700_F270_R2|S_WPB_L56_DOC0.5_WOC1.0_N3600_F360_R1|S_WPA_L36_DOC1.5_WOC1.0_N1800_F180_R2|S_WPA_L36_DOC0.5_WOC1.0_N3600_F360_R4|S_WPA_L36_DOC6.0_WOC1.0_N2700_F270_R2|U_WPB_L56_DOC4.0_WOC2.0_N2700_F270_R1|U_WPB_L56_DOC4.0_WOC1.0_N2700_F270_R1|S_WPB_L56_DOC1.5_WOC1.0_N1800_F180_R3|U_WPB_L56_DOC6.0_WOC1.0_N2700_F270_R3|S_WPA_L36_DOC0.5_WOC2.0_N2700_F270_R2|S_WPA_L36_DOC1.0_WOC1.0_N2700_F270_R4|U_WPB_L56_DOC4.0_WOC1.0_N2700_F270_R3|S_WPB_L56_DOC1.5_WOC1.0_N3600_F360_R4,final structured retention evaluation
6,1,2,23,0.2,24,MRDS,uniform observed subset,24,12,16.0,8.0,0.8809523809523809,0.8333333333333334,0.9285714285714286,0.8333333333333334,U_WPA_L36_DOC4.0_WOC2.0_N2700_F270_R1|S_WPB_L56_DOC1.5_WOC1.0_N3600_F360_R1|S_WPA_L36_DOC2.0_WOC1.0_N1800_F180_R2|U_WPA_L36_DOC3.0_WOC1.0_N3600_F360_R1|U_WPA_L36_DOC3.0_WOC1.0_N3600_F360_R2|S_WPB_L56_DOC0.5_WOC1.0_N3600_F360_R1|S_WPB_L56_DOC1.0_WOC2.0_N2700_F270_R2|S_WPB_L56_DOC1.0_WOC2.0_N2700_F270_R3|U_WPB_L56_DOC2.0_WOC1.0_N2700_F270_R3|U_WPA_L36_DOC3.0_WOC1.0_N3600_F360_R4|S_WPA_L36_DOC0.5_WOC2.0_N2700_F270_R3|S_WPB_L56_DOC1.0_WOC1.0_N2700_F270_R2|U_WPA_L36_DOC4.0_WOC2.0_N2700_F270_R4|S_WPA_L36_DOC1.5_WOC2.0_N2700_F270_R1|S_WPA_L36_DOC0.5_WOC2.0_N2700_F270_R1|S_WPB_L56_DOC0.5_WOC2.0_N2700_F270_R4|S_WPA_L36_DOC1.5_WOC2.0_N2700_F270_R2|U_WPB_L56_DOC2.0_WOC1.0_N2700_F270_R2|S_WPA_L36_DOC0.5_WOC2.0_N2700_F270_R4|S_WPA_L36_DOC0.5_WOC2.0_N2700_F270_R2|S_WPA_L36_DOC1.0_WOC1.0_N3600_F360_R3|U_WPB_L56_DOC2.0_WOC1.0_N2700_F270_R4|S_WPA_L36_DOC1.5_WOC2.0_N2700_F270_R4|S_WPA_L36_DOC1.5_WOC2.0_N2700_F270_R3,final structured retention evaluation
6,1,2,23,0.2,24,W2-k-medoids,uniform observed subset,24,20,15.0,9.0,0.8988095238095238,0.8333333333333334,0.9642857142857143,0.8333333333333334,S_WPA_L36_DOC0.5_WOC1.0_N2700_F270_R3|S_WPA_L36_DOC0.5_WOC1.0_N3600_F360_R4|S_WPA_L36_DOC0.5_WOC2.0_N2700_F270_R2|S_WPA_L36_DOC1.0_WOC1.0_N2700_F270_R4|S_WPA_L36_DOC1.5_WOC1.0_N1800_F180_R3|S_WPA_L36_DOC1.5_WOC2.0_N2700_F270_R3|S_WPA_L36_DOC2.0_WOC1.0_N1800_F180_R2|S_WPA_L36_DOC6.0_WOC1.0_N2700_F270_R2|S_WPB_L56_DOC0.5_WOC1.0_N3600_F360_R1|S_WPB_L56_DOC1.0_WOC1.0_N1800_F180_R3|S_WPB_L56_DOC1.0_WOC2.0_N2700_F270_R2|S_WPB_L56_DOC1.0_WOC2.0_N2700_F270_R3|S_WPB_L56_DOC1.0_WOC2.0_N2700_F270_R4|S_WPB_L56_DOC1.5_WOC1.0_N1800_F180_R3|S_WPB_L56_DOC1.5_WOC1.0_N3600_F360_R1|U_WPA_L36_DOC2.0_WOC1.0_N3600_F360_R3|U_WPA_L36_DOC3.0_WOC1.0_N3600_F360_R1|U_WPA_L36_DOC3.0_WOC1.0_N3600_F360_R2|U_WPA_L36_DOC4.0_WOC2.0_N2700_F270_R3|U_WPB_L56_DOC3.0_WOC1.0_N3600_F360_R4|U_WPB_L56_DOC4.0_WOC1.0_N2700_F270_R1|U_WPB_L56_DOC4.0_WOC2.0_N2700_F270_R1|U_WPB_L56_DOC4.0_WOC2.0_N2700_F270_R3|U_WPB_L56_DOC6.0_WOC1.0_N2700_F270_R3,final structured retention evaluation
7,1,3,23,0.2,24,Facility Location,uniform observed subset,24,19,15.0,9.0,1.0,1.0,1.0,1.0,S_WPA_L36_DOC1.5_WOC2.0_N2700_F270_R3|U_WPA_L36_DOC3.0_WOC1.0_N3600_F360_R4|S_WPB_L56_DOC0.5_WOC2.0_N2700_F270_R3|U_WPB_L56_DOC2.0_WOC1.0_N2700_F270_R3|S_WPA_L36_DOC1.0_WOC1.0_N2700_F270_R1|S_WPB_L56_DOC0.5_WOC1.0_N2700_F270_R3|S_WPA_L36_DOC2.0_WOC1.0_N1800_F180_R4|S_WPA_L36_DOC2.0_WOC1.0_N1800_F180_R2|S_WPB_L56_DOC1.5_WOC1.0_N3600_F360_R1|U_WPA_L36_DOC3.0_WOC1.0_N3600_F360_R1|U_WPA_L36_DOC3.0_WOC1.0_N3600_F360_R2|S_WPB_L56_DOC1.5_WOC1.0_N2700_F270_R1|S_WPA_L36_DOC6.0_WOC1.0_N2700_F270_R2|S_WPA_L36_DOC3.0_WOC1.0_N1800_F180_R3|U_WPB_L56_DOC4.0_WOC1.0_N2700_F270_R3|U_WPB_L56_DOC2.0_WOC1.0_N1800_F180_R1|S_WPB_L56_DOC1.0_WOC1.0_N1800_F180_R1|S_WPA_L36_DOC0.5_WOC2.0_N2700_F270_R1|U_WPA_L36_DOC2.0_WOC2.0_N2700_F270_R2|S_WPA_L36_DOC1.5_WOC1.0_N1800_F180_R4|U_WPA_L36_DOC4.0_WOC2.0_N2700_F270_R1|S_WPA_L36_DOC6.0_WOC1.0_N2700_F270_R4|S_WPB_L56_DOC0.5_WOC1.0_N2700_F270_R2|U_WPA_L36_DOC2.0_WOC1.0_N3600_F360_R4,final structured retention evaluation
7,1,3,23,0.2,24,MRDS,uniform observed subset,24,14,17.0,7.0,1.0,1.0,1.0,1.0,S_WPA_L36_DOC1.5_WOC2.0_N2700_F270_R4|S_WPB_L56_DOC1.5_WOC1.0_N3600_F360_R1|S_WPA_L36_DOC2.0_WOC1.0_N1800_F180_R2|U_WPA_L36_DOC3.0_WOC1.0_N3600_F360_R1|U_WPA_L36_DOC3.0_WOC1.0_N3600_F360_R2|S_WPB_L56_DOC1.5_WOC1.0_N3600_F360_R4|U_WPA_L36_DOC2.0_WOC2.0_N2700_F270_R1|S_WPA_L36_DOC1.5_WOC2.0_N2700_F270_R1|S_WPA_L36_DOC1.5_WOC2.0_N2700_F270_R3|S_WPA_L36_DOC1.0_WOC2.0_N2700_F270_R3|U_WPB_L56_DOC2.0_WOC1.0_N1800_F180_R4|S_WPA_L36_DOC1.5_WOC1.0_N3600_F360_R4|S_WPA_L36_DOC6.0_WOC1.0_N2700_F270_R3|U_WPB_L56_DOC2.0_WOC1.0_N2700_F270_R2|S_WPA_L36_DOC1.0_WOC2.0_N2700_F270_R1|S_WPA_L36_DOC0.5_WOC1.0_N2700_F270_R2|S_WPA_L36_DOC0.5_WOC2.0_N2700_F270_R4|S_WPA_L36_DOC0.5_WOC2.0_N2700_F270_R2|S_WPB_L56_DOC0.5_WOC1.0_N1800_F180_R2|S_WPA_L36_DOC1.0_WOC1.0_N1800_F180_R2|S_WPA_L36_DOC0.5_WOC2.0_N2700_F270_R1|S_WPA_L36_DOC1.5_WOC2.0_N2700_F270_R2|U_WPB_L56_DOC2.0_WOC1.0_N2700_F270_R4|U_WPA_L36_DOC3.0_WOC1.0_N3600_F360_R4,final structured retention evaluation
7,1,3,23,0.2,24,W2-k-medoids,uniform observed subset,24,20,15.0,9.0,1.0,1.0,1.0,1.0,S_WPA_L36_DOC0.5_WOC1.0_N2700_F270_R3|S_WPA_L36_DOC0.5_WOC2.0_N2700_F270_R1|S_WPA_L36_DOC1.5_WOC1.0_N1800_F180_R1|S_WPA_L36_DOC1.5_WOC2.0_N2700_F270_R2|S_WPA_L36_DOC2.0_WOC1.0_N1800_F180_R1|S_WPA_L36_DOC2.0_WOC1.0_N1800_F180_R2|S_WPA_L36_DOC3.0_WOC1.0_N1800_F180_R3|S_WPA_L36_DOC6.0_WOC1.0_N2700_F270_R2|S_WPA_L36_DOC6.0_WOC1.0_N2700_F270_R4|S_WPB_L56_DOC0.5_WOC1.0_N2700_F270_R2|S_WPB_L56_DOC1.0_WOC1.0_N1800_F180_R3|S_WPB_L56_DOC1.0_WOC1.0_N3600_F360_R1|S_WPB_L56_DOC1.5_WOC1.0_N1800_F180_R3|S_WPB_L56_DOC1.5_WOC1.0_N2700_F270_R1|S_WPB_L56_DOC1.5_WOC1.0_N3600_F360_R1|U_WPA_L36_DOC2.0_WOC1.0_N3600_F360_R3|U_WPA_L36_DOC2.0_WOC2.0_N2700_F270_R2|U_WPA_L36_DOC3.0_WOC1.0_N3600_F360_R1|U_WPA_L36_DOC3.0_WOC1.0_N3600_F360_R2|U_WPA_L36_DOC4.0_WOC2.0_N2700_F270_R3|U_WPB_L56_DOC2.0_WOC1.0_N1800_F180_R1|U_WPB_L56_DOC2.0_WOC2.0_N2700_F270_R2|U_WPB_L56_DOC4.0_WOC1.0_N2700_F270_R1|U_WPB_L56_DOC4.0_WOC1.0_N2700_F270_R3,final structured retention evaluation
8,2,0,37,0.2,24,Facility Location,uniform observed subset,24,19,15.0,9.0,0.875,0.75,1.0,0.75,S_WPA_L36_DOC1.5_WOC2.0_N2700_F270_R3|U_WPB_L56_DOC3.0_WOC1.0_N3600_F360_R3|S_WPB_L56_DOC0.5_WOC2.0_N2700_F270_R3|U_WPA_L36_DOC2.0_WOC2.0_N2700_F270_R2|S_WPB_L56_DOC1.0_WOC1.0_N2700_F270_R1|S_WPA_L36_DOC2.0_WOC1.0_N1800_F180_R3|S_WPA_L36_DOC2.0_WOC1.0_N1800_F180_R2|S_WPB_L56_DOC0.5_WOC1.0_N3600_F360_R1|U_WPB_L56_DOC4.0_WOC2.0_N2700_F270_R4|S_WPA_L36_DOC6.0_WOC1.0_N2700_F270_R2|U_WPA_L36_DOC2.0_WOC1.0_N3600_F360_R4|U_WPB_L56_DOC2.0_WOC1.0_N1800_F180_R1|S_WPA_L36_DOC3.0_WOC1.0_N1800_F180_R3|U_WPB_L56_DOC4.0_WOC2.0_N2700_F270_R1|S_WPB_L56_DOC1.0_WOC1.0_N1800_F180_R3|S_WPA_L36_DOC1.5_WOC1.0_N1800_F180_R1|S_WPA_L36_DOC0.5_WOC1.0_N2700_F270_R3|U_WPB_L56_DOC6.0_WOC1.0_N2700_F270_R3|U_WPB_L56_DOC4.0_WOC1.0_N2700_F270_R1|U_WPB_L56_DOC4.0_WOC1.0_N2700_F270_R3|S_WPA_L36_DOC1.5_WOC1.0_N3600_F360_R3|S_WPB_L56_DOC0.5_WOC1.0_N3600_F360_R2|S_WPA_L36_DOC2.0_WOC1.0_N2700_F270_R1|S_WPA_L36_DOC6.0_WOC1.0_N2700_F270_R4,final structured retention evaluation
8,2,0,37,0.2,24,MRDS,uniform observed subset,24,18,17.0,7.0,0.9166666666666667,0.8333333333333334,1.0,0.8333333333333334,S_WPA_L36_DOC1.0_WOC2.0_N2700_F270_R1|S_WPA_L36_DOC2.0_WOC1.0_N1800_F180_R2|S_WPB_L56_DOC0.5_WOC1.0_N3600_F360_R1|U_WPB_L56_DOC4.0_WOC2.0_N2700_F270_R1|U_WPA_L36_DOC2.0_WOC2.0_N2700_F270_R2|S_WPA_L36_DOC2.0_WOC1.0_N2700_F270_R2|S_WPB_L56_DOC1.0_WOC1.0_N2700_F270_R1|U_WPB_L56_DOC3.0_WOC1.0_N3600_F360_R3|S_WPB_L56_DOC0.5_WOC2.0_N2700_F270_R4|S_WPB_L56_DOC0.5_WOC2.0_N2700_F270_R3|U_WPB_L56_DOC2.0_WOC2.0_N2700_F270_R4|S_WPA_L36_DOC0.5_WOC1.0_N3600_F360_R4|S_WPA_L36_DOC1.5_WOC1.0_N1800_F180_R1|S_WPA_L36_DOC1.5_WOC2.0_N2700_F270_R4|U_WPB_L56_DOC4.0_WOC1.0_N2700_F270_R1|S_WPA_L36_DOC1.5_WOC2.0_N2700_F270_R2|S_WPA_L36_DOC1.5_WOC1.0_N3600_F360_R4|S_WPA_L36_DOC1.5_WOC2.0_N2700_F270_R1|S_WPA_L36_DOC1.0_WOC2.0_N2700_F270_R3|S_WPA_L36_DOC1.5_WOC2.0_N2700_F270_R3|U_WPB_L56_DOC3.0_WOC1.0_N3600_F360_R1|U_WPB_L56_DOC2.0_WOC1.0_N1800_F180_R4|S_WPA_L36_DOC1.0_WOC1.0_N1800_F180_R3|S_WPA_L36_DOC0.5_WOC1.0_N2700_F270_R2,final structured retention evaluation
8,2,0,37,0.2,24,W2-k-medoids,uniform observed subset,24,19,15.0,9.0,0.9166666666666667,0.8333333333333334,1.0,0.8333333333333334,S_WPA_L36_DOC0.5_WOC1.0_N2700_F270_R3|S_WPA_L36_DOC1.5_WOC1.0_N1800_F180_R3|S_WPA_L36_DOC1.5_WOC1.0_N3600_F360_R3|S_WPA_L36_DOC1.5_WOC2.0_N2700_F270_R2|S_WPA_L36_DOC2.0_WOC1.0_N1800_F180_R1|S_WPA_L36_DOC2.0_WOC1.0_N1800_F180_R2|S_WPA_L36_DOC3.0_WOC1.0_N1800_F180_R3|S_WPA_L36_DOC6.0_WOC1.0_N2700_F270_R2|S_WPA_L36_DOC6.0_WOC1.0_N2700_F270_R4|S_WPB_L56_DOC0.5_WOC1.0_N3600_F360_R1|S_WPB_L56_DOC0.5_WOC1.0_N3600_F360_R2|S_WPB_L56_DOC1.0_WOC1.0_N1800_F180_R3|S_WPB_L56_DOC1.0_WOC1.0_N2700_F270_R2|S_WPB_L56_DOC1.5_WOC1.0_N1800_F180_R3|S_WPB_L56_DOC1.5_WOC2.0_N2700_F270_R3|U_WPA_L36_DOC2.0_WOC1.0_N3600_F360_R4|U_WPA_L36_DOC2.0_WOC2.0_N2700_F270_R2|U_WPB_L56_DOC2.0_WOC1.0_N1800_F180_R1|U_WPB_L56_DOC3.0_WOC1.0_N3600_F360_R4|U_WPB_L56_DOC4.0_WOC1.0_N2700_F270_R1|U_WPB_L56_DOC4.0_WOC1.0_N2700_F270_R3|U_WPB_L56_DOC4.0_WOC2.0_N2700_F270_R1|U_WPB_L56_DOC4.0_WOC2.0_N2700_F270_R3|U_WPB_L56_DOC6.0_WOC1.0_N2700_F270_R3,final structured retention evaluation
9,2,1,37,0.2,24,Facility Location,uniform observed subset,24,20,14.0,10.0,0.9404761904761905,0.9166666666666666,0.9642857142857143,0.9166666666666666,S_WPA_L36_DOC1.5_WOC2.0_N2700_F270_R2|U_WPB_L56_DOC3.0_WOC1.0_N3600_F360_R1|S_WPB_L56_DOC1.0_WOC2.0_N2700_F270_R4|U_WPA_L36_DOC3.0_WOC1.0_N3600_F360_R4|S_WPB_L56_DOC1.0_WOC1.0_N2700_F270_R4|S_WPB_L56_DOC0.5_WOC1.0_N2700_F270_R3|S_WPB_L56_DOC1.0_WOC2.0_N2700_F270_R3|S_WPB_L56_DOC1.5_WOC1.0_N3600_F360_R1|S_WPB_L56_DOC1.0_WOC2.0_N2700_F270_R2|U_WPA_L36_DOC3.0_WOC1.0_N3600_F360_R2|U_WPA_L36_DOC3.0_WOC1.0_N3600_F360_R1|S_WPB_L56_DOC1.5_WOC1.0_N2700_F270_R1|U_WPB_L56_DOC2.0_WOC1.0_N2700_F270_R3|S_WPB_L56_DOC0.5_WOC1.0_N3600_F360_R1|S_WPA_L36_DOC0.5_WOC1.0_N3600_F360_R4|S_WPA_L36_DOC1.5_WOC1.0_N1800_F180_R3|U_WPB_L56_DOC4.0_WOC1.0_N2700_F270_R3|S_WPA_L36_DOC1.0_WOC1.0_N3600_F360_R1|U_WPA_L36_DOC2.0_WOC2.0_N2700_F270_R2|S_WPA_L36_DOC0.5_WOC2.0_N2700_F270_R1|U_WPA_L36_DOC4.0_WOC2.0_N2700_F270_R1|S_WPB_L56_DOC1.0_WOC1.0_N1800_F180_R3|U_WPA_L36_DOC2.0_WOC1.0_N3600_F360_R4|U_WPB_L56_DOC2.0_WOC2.0_N2700_F270_R2,final structured retention evaluation
9,2,1,37,0.2,24,MRDS,uniform observed subset,24,12,18.0,6.0,0.8154761904761905,0.9166666666666666,0.7142857142857143,0.7142857142857143,S_WPA_L36_DOC0.5_WOC1.0_N3600_F360_R4|S_WPB_L56_DOC1.5_WOC1.0_N3600_F360_R1|S_WPB_L56_DOC1.0_WOC2.0_N2700_F270_R2|U_WPA_L36_DOC3.0_WOC1.0_N3600_F360_R1|U_WPA_L36_DOC3.0_WOC1.0_N3600_F360_R2|S_WPB_L56_DOC0.5_WOC1.0_N3600_F360_R1|S_WPB_L56_DOC1.5_WOC1.0_N3600_F360_R4|U_WPA_L36_DOC3.0_WOC1.0_N3600_F360_R4|S_WPB_L56_DOC1.0_WOC2.0_N2700_F270_R3|S_WPA_L36_DOC0.5_WOC2.0_N2700_F270_R4|S_WPA_L36_DOC1.5_WOC1.0_N3600_F360_R2|S_WPB_L56_DOC1.0_WOC2.0_N2700_F270_R4|S_WPA_L36_DOC0.5_WOC2.0_N2700_F270_R3|S_WPA_L36_DOC1.0_WOC2.0_N2700_F270_R1|S_WPA_L36_DOC1.5_WOC2.0_N2700_F270_R1|S_WPA_L36_DOC1.5_WOC2.0_N2700_F270_R3|S_WPA_L36_DOC0.5_WOC2.0_N2700_F270_R1|U_WPB_L56_DOC2.0_WOC1.0_N2700_F270_R4|U_WPA_L36_DOC2.0_WOC2.0_N2700_F270_R1|S_WPA_L36_DOC0.5_WOC2.0_N2700_F270_R2|S_WPA_L36_DOC1.5_WOC2.0_N2700_F270_R2|S_WPA_L36_DOC1.5_WOC2.0_N2700_F270_R4|U_WPB_L56_DOC2.0_WOC1.0_N3600_F360_R1|S_WPA_L36_DOC1.5_WOC1.0_N3600_F360_R4,final structured retention evaluation
9,2,1,37,0.2,24,W2-k-medoids,uniform observed subset,24,19,15.0,9.0,0.9821428571428572,1.0,0.9642857142857143,0.9642857142857143,S_WPA_L36_DOC0.5_WOC2.0_N2700_F270_R1|S_WPA_L36_DOC1.0_WOC1.0_N3600_F360_R1|S_WPA_L36_DOC1.0_WOC1.0_N3600_F360_R4|S_WPA_L36_DOC1.5_WOC1.0_N1800_F180_R3|S_WPA_L36_DOC1.5_WOC2.0_N2700_F270_R2|S_WPB_L56_DOC0.5_WOC1.0_N2700_F270_R1|S_WPB_L56_DOC0.5_WOC1.0_N3600_F360_R1|S_WPB_L56_DOC0.5_WOC1.0_N3600_F360_R2|S_WPB_L56_DOC1.0_WOC1.0_N1800_F180_R3|S_WPB_L56_DOC1.0_WOC1.0_N2700_F270_R3|S_WPB_L56_DOC1.0_WOC2.0_N2700_F270_R2|S_WPB_L56_DOC1.0_WOC2.0_N2700_F270_R3|S_WPB_L56_DOC1.0_WOC2.0_N2700_F270_R4|S_WPB_L56_DOC1.5_WOC1.0_N2700_F270_R1|S_WPB_L56_DOC1.5_WOC1.0_N3600_F360_R1|U_WPA_L36_DOC2.0_WOC1.0_N3600_F360_R3|U_WPA_L36_DOC2.0_WOC2.0_N2700_F270_R2|U_WPA_L36_DOC3.0_WOC1.0_N3600_F360_R1|U_WPA_L36_DOC3.0_WOC1.0_N3600_F360_R2|U_WPA_L36_DOC4.0_WOC2.0_N2700_F270_R1|U_WPB_L56_DOC2.0_WOC1.0_N2700_F270_R3|U_WPB_L56_DOC2.0_WOC2.0_N2700_F270_R2|U_WPB_L56_DOC3.0_WOC1.0_N3600_F360_R4|U_WPB_L56_DOC4.0_WOC1.0_N2700_F270_R3,final structured retention evaluation
10,2,2,37,0.2,24,Facility Location,uniform observed subset,24,18,16.0,8.0,0.9375,0.875,1.0,0.875,S_WPA_L36_DOC1.5_WOC1.0_N3600_F360_R2|U_WPB_L56_DOC2.0_WOC1.0_N2700_F270_R3|U_WPA_L36_DOC3.0_WOC1.0_N3600_F360_R4|S_WPA_L36_DOC1.0_WOC1.0_N2700_F270_R1|S_WPB_L56_DOC1.0_WOC2.0_N2700_F270_R4|S_WPB_L56_DOC0.5_WOC1.0_N2700_F270_R3|S_WPB_L56_DOC1.0_WOC2.0_N2700_F270_R3|S_WPA_L36_DOC1.5_WOC1.0_N1800_F180_R2|S_WPA_L36_DOC2.0_WOC1.0_N1800_F180_R2|S_WPB_L56_DOC1.5_WOC1.0_N3600_F360_R1|U_WPA_L36_DOC3.0_WOC1.0_N3600_F360_R2|U_WPA_L36_DOC3.0_WOC1.0_N3600_F360_R1|S_WPB_L56_DOC1.5_WOC1.0_N2700_F270_R1|S_WPB_L56_DOC1.0_WOC2.0_N2700_F270_R2|U_WPB_L56_DOC4.0_WOC2.0_N2700_F270_R2|S_WPB_L56_DOC0.5_WOC1.0_N3600_F360_R1|S_WPA_L36_DOC6.0_WOC1.0_N2700_F270_R2|S_WPA_L36_DOC1.0_WOC1.0_N1800_F180_R2|S_WPA_L36_DOC3.0_WOC1.0_N1800_F180_R3|U_WPB_L56_DOC6.0_WOC1.0_N2700_F270_R3|U_WPB_L56_DOC3.0_WOC1.0_N1800_F180_R1|S_WPB_L56_DOC0.5_WOC1.0_N2700_F270_R1|U_WPB_L56_DOC4.0_WOC2.0_N2700_F270_R1|S_WPB_L56_DOC1.5_WOC1.0_N1800_F180_R3,final structured retention evaluation
10,2,2,37,0.2,24,MRDS,uniform observed subset,24,14,16.0,8.0,0.9375,0.875,1.0,0.875,S_WPA_L36_DOC1.0_WOC1.0_N3600_F360_R4|S_WPB_L56_DOC1.5_WOC1.0_N3600_F360_R1|S_WPA_L36_DOC2.0_WOC1.0_N1800_F180_R2|U_WPA_L36_DOC3.0_WOC1.0_N3600_F360_R1|U_WPA_L36_DOC3.0_WOC1.0_N3600_F360_R2|S_WPB_L56_DOC0.5_WOC1.0_N3600_F360_R1|S_WPB_L56_DOC1.5_WOC1.0_N3600_F360_R4|S_WPB_L56_DOC1.0_WOC2.0_N2700_F270_R2|U_WPA_L36_DOC3.0_WOC1.0_N3600_F360_R4|S_WPB_L56_DOC1.0_WOC2.0_N2700_F270_R3|S_WPA_L36_DOC1.0_WOC1.0_N1800_F180_R1|U_WPB_L56_DOC4.0_WOC2.0_N2700_F270_R4|S_WPA_L36_DOC1.0_WOC1.0_N1800_F180_R2|S_WPA_L36_DOC0.5_WOC1.0_N3600_F360_R4|S_WPA_L36_DOC1.0_WOC1.0_N3600_F360_R3|S_WPA_L36_DOC6.0_WOC1.0_N2700_F270_R3|U_WPA_L36_DOC4.0_WOC2.0_N2700_F270_R4|S_WPA_L36_DOC0.5_WOC2.0_N2700_F270_R4|S_WPA_L36_DOC0.5_WOC2.0_N2700_F270_R3|S_WPA_L36_DOC0.5_WOC1.0_N2700_F270_R2|S_WPA_L36_DOC0.5_WOC2.0_N2700_F270_R1|U_WPB_L56_DOC2.0_WOC1.0_N2700_F270_R3|U_WPB_L56_DOC2.0_WOC1.0_N2700_F270_R2|U_WPB_L56_DOC2.0_WOC1.0_N2700_F270_R4,final structured retention evaluation
10,2,2,37,0.2,24,W2-k-medoids,uniform observed subset,24,21,16.0,8.0,0.9375,0.875,1.0,0.875,S_WPA_L36_DOC0.5_WOC1.0_N2700_F270_R3|S_WPA_L36_DOC1.0_WOC1.0_N1800_F180_R2|S_WPA_L36_DOC1.0_WOC1.0_N2700_F270_R4|S_WPA_L36_DOC1.5_WOC1.0_N1800_F180_R3|S_WPA_L36_DOC1.5_WOC1.0_N3600_F360_R2|S_WPA_L36_DOC2.0_WOC1.0_N1800_F180_R2|S_WPA_L36_DOC3.0_WOC1.0_N1800_F180_R3|S_WPA_L36_DOC6.0_WOC1.0_N2700_F270_R2|S_WPB_L56_DOC0.5_WOC1.0_N1800_F180_R2|S_WPB_L56_DOC0.5_WOC1.0_N2700_F270_R1|S_WPB_L56_DOC0.5_WOC1.0_N2700_F270_R3|S_WPB_L56_DOC0.5_WOC1.0_N3600_F360_R1|S_WPB_L56_DOC1.0_WOC2.0_N2700_F270_R2|S_WPB_L56_DOC1.0_WOC2.0_N2700_F270_R3|S_WPB_L56_DOC1.5_WOC1.0_N2700_F270_R1|S_WPB_L56_DOC1.5_WOC1.0_N3600_F360_R1|U_WPA_L36_DOC2.0_WOC1.0_N3600_F360_R3|U_WPA_L36_DOC3.0_WOC1.0_N3600_F360_R1|U_WPA_L36_DOC3.0_WOC1.0_N3600_F360_R2|U_WPB_L56_DOC2.0_WOC2.0_N2700_F270_R2|U_WPB_L56_DOC3.0_WOC1.0_N1800_F180_R1|U_WPB_L56_DOC4.0_WOC1.0_N2700_F270_R2|U_WPB_L56_DOC4.0_WOC2.0_N2700_F270_R2|U_WPB_L56_DOC6.0_WOC1.0_N2700_F270_R3,final structured retention evaluation
11,2,3,37,0.2,24,Facility Location,uniform observed subset,24,19,15.0,9.0,1.0,1.0,1.0,1.0,S_WPA_L36_DOC1.5_WOC2.0_N2700_F270_R2|U_WPB_L56_DOC3.0_WOC1.0_N3600_F360_R3|S_WPB_L56_DOC1.0_WOC2.0_N2700_F270_R4|S_WPA_L36_DOC1.0_WOC1.0_N2700_F270_R2|U_WPA_L36_DOC2.0_WOC2.0_N2700_F270_R2|S_WPB_L56_DOC0.5_WOC1.0_N2700_F270_R3|S_WPA_L36_DOC2.0_WOC1.0_N1800_F180_R2|S_WPB_L56_DOC1.0_WOC2.0_N2700_F270_R3|S_WPB_L56_DOC1.5_WOC1.0_N3600_F360_R1|U_WPA_L36_DOC3.0_WOC1.0_N3600_F360_R2|U_WPA_L36_DOC3.0_WOC1.0_N3600_F360_R1|S_WPB_L56_DOC1.5_WOC1.0_N2700_F270_R1|S_WPB_L56_DOC1.0_WOC2.0_N2700_F270_R2|U_WPB_L56_DOC4.0_WOC2.0_N2700_F270_R2|U_WPB_L56_DOC2.0_WOC1.0_N1800_F180_R1|S_WPA_L36_DOC3.0_WOC1.0_N1800_F180_R3|U_WPA_L36_DOC4.0_WOC2.0_N2700_F270_R1|S_WPA_L36_DOC0.5_WOC2.0_N2700_F270_R2|S_WPA_L36_DOC2.0_WOC1.0_N2700_F270_R3|S_WPB_L56_DOC1.0_WOC1.0_N1800_F180_R3|S_WPB_L56_DOC0.5_WOC1.0_N2700_F270_R1|S_WPA_L36_DOC0.5_WOC1.0_N2700_F270_R2|U_WPB_L56_DOC6.0_WOC1.0_N2700_F270_R3|U_WPB_L56_DOC4.0_WOC2.0_N2700_F270_R1,final structured retention evaluation
11,2,3,37,0.2,24,MRDS,uniform observed subset,24,14,17.0,7.0,1.0,1.0,1.0,1.0,S_WPA_L36_DOC1.0_WOC2.0_N2700_F270_R4|S_WPB_L56_DOC1.5_WOC1.0_N3600_F360_R1|S_WPA_L36_DOC2.0_WOC1.0_N1800_F180_R2|U_WPA_L36_DOC3.0_WOC1.0_N3600_F360_R1|U_WPA_L36_DOC3.0_WOC1.0_N3600_F360_R2|S_WPB_L56_DOC1.0_WOC2.0_N2700_F270_R3|S_WPB_L56_DOC1.5_WOC1.0_N3600_F360_R4|S_WPB_L56_DOC1.0_WOC2.0_N2700_F270_R2|U_WPB_L56_DOC3.0_WOC1.0_N3600_F360_R3|S_WPB_L56_DOC1.5_WOC1.0_N1800_F180_R3|S_WPB_L56_DOC1.0_WOC1.0_N1800_F180_R4|S_WPA_L36_DOC1.5_WOC2.0_N2700_F270_R4|S_WPA_L36_DOC0.5_WOC2.0_N2700_F270_R4|S_WPA_L36_DOC0.5_WOC1.0_N2700_F270_R3|S_WPA_L36_DOC0.5_WOC1.0_N2700_F270_R2|S_WPA_L36_DOC1.5_WOC2.0_N2700_F270_R3|U_WPB_L56_DOC2.0_WOC1.0_N2700_F270_R4|U_WPB_L56_DOC2.0_WOC1.0_N2700_F270_R2|S_WPA_L36_DOC1.0_WOC2.0_N2700_F270_R1|S_WPA_L36_DOC1.5_WOC2.0_N2700_F270_R1|S_WPA_L36_DOC6.0_WOC1.0_N2700_F270_R3|U_WPB_L56_DOC2.0_WOC1.0_N2700_F270_R3|U_WPB_L56_DOC2.0_WOC1.0_N3600_F360_R3|S_WPA_L36_DOC1.5_WOC2.0_N2700_F270_R2,final structured retention evaluation
11,2,3,37,0.2,24,W2-k-medoids,uniform observed subset,24,19,15.0,9.0,1.0,1.0,1.0,1.0,S_WPA_L36_DOC0.5_WOC1.0_N2700_F270_R2|S_WPA_L36_DOC0.5_WOC2.0_N2700_F270_R2|S_WPA_L36_DOC1.5_WOC2.0_N2700_F270_R2|S_WPA_L36_DOC2.0_WOC1.0_N1800_F180_R2|S_WPA_L36_DOC3.0_WOC1.0_N1800_F180_R3|S_WPA_L36_DOC6.0_WOC1.0_N2700_F270_R2|S_WPA_L36_DOC6.0_WOC1.0_N2700_F270_R4|S_WPB_L56_DOC0.5_WOC1.0_N2700_F270_R1|S_WPB_L56_DOC0.5_WOC1.0_N2700_F270_R4|S_WPB_L56_DOC0.5_WOC2.0_N2700_F270_R3|S_WPB_L56_DOC1.0_WOC1.0_N1800_F180_R3|S_WPB_L56_DOC1.0_WOC2.0_N2700_F270_R2|S_WPB_L56_DOC1.0_WOC2.0_N2700_F270_R3|S_WPB_L56_DOC1.5_WOC1.0_N2700_F270_R1|S_WPB_L56_DOC1.5_WOC1.0_N3600_F360_R1|U_WPA_L36_DOC2.0_WOC2.0_N2700_F270_R2|U_WPA_L36_DOC3.0_WOC1.0_N3600_F360_R1|U_WPA_L36_DOC3.0_WOC1.0_N3600_F360_R2|U_WPA_L36_DOC4.0_WOC2.0_N2700_F270_R1|U_WPB_L56_DOC2.0_WOC1.0_N1800_F180_R1|U_WPB_L56_DOC3.0_WOC1.0_N3600_F360_R4|U_WPB_L56_DOC4.0_WOC2.0_N2700_F270_R1|U_WPB_L56_DOC4.0_WOC2.0_N2700_F270_R3|U_WPB_L56_DOC6.0_WOC1.0_N2700_F270_R3,final structured retention evaluation
12,3,0,53,0.2,24,Facility Location,uniform observed subset,24,18,14.0,10.0,1.0,1.0,1.0,1.0,S_WPA_L36_DOC1.5_WOC2.0_N2700_F270_R3|U_WPA_L36_DOC3.0_WOC1.0_N3600_F360_R4|S_WPB_L56_DOC0.5_WOC2.0_N2700_F270_R3|S_WPA_L36_DOC1.0_WOC1.0_N2700_F270_R1|U_WPB_L56_DOC3.0_WOC1.0_N3600_F360_R3|S_WPB_L56_DOC0.5_WOC1.0_N2700_F270_R3|S_WPA_L36_DOC0.5_WOC1.0_N3600_F360_R4|S_WPA_L36_DOC2.0_WOC1.0_N1800_F180_R2|S_WPB_L56_DOC1.5_WOC1.0_N3600_F360_R1|U_WPA_L36_DOC3.0_WOC1.0_N3600_F360_R1|U_WPA_L36_DOC3.0_WOC1.0_N3600_F360_R2|S_WPB_L56_DOC1.5_WOC1.0_N2700_F270_R1|U_WPB_L56_DOC4.0_WOC2.0_N2700_F270_R2|S_WPA_L36_DOC3.0_WOC1.0_N1800_F180_R3|U_WPB_L56_DOC2.0_WOC1.0_N2700_F270_R3|S_WPA_L36_DOC2.0_WOC1.0_N1800_F180_R1|U_WPB_L56_DOC6.0_WOC1.0_N2700_F270_R3|S_WPB_L56_DOC0.5_WOC1.0_N2700_F270_R1|U_WPA_L36_DOC2.0_WOC2.0_N2700_F270_R2|S_WPB_L56_DOC1.0_WOC1.0_N1800_F180_R3|S_WPA_L36_DOC1.0_WOC1.0_N2700_F270_R4|S_WPA_L36_DOC4.0_WOC1.0_N2700_F270_R2|U_WPB_L56_DOC4.0_WOC1.0_N2700_F270_R3|U_WPB_L56_DOC4.0_WOC2.0_N2700_F270_R1,final structured retention evaluation
12,3,0,53,0.2,24,MRDS,uniform observed subset,24,16,17.0,7.0,1.0,1.0,1.0,1.0,U_WPA_L36_DOC2.0_WOC2.0_N2700_F270_R1|S_WPB_L56_DOC1.5_WOC1.0_N3600_F360_R1|S_WPA_L36_DOC2.0_WOC1.0_N1800_F180_R2|U_WPA_L36_DOC3.0_WOC1.0_N3600_F360_R1|U_WPA_L36_DOC3.0_WOC1.0_N3600_F360_R2|S_WPB_L56_DOC1.5_WOC1.0_N3600_F360_R4|S_WPA_L36_DOC0.5_WOC1.0_N3600_F360_R2|S_WPA_L36_DOC1.5_WOC2.0_N2700_F270_R2|S_WPA_L36_DOC1.0_WOC1.0_N1800_F180_R4|U_WPB_L56_DOC2.0_WOC1.0_N2700_F270_R2|S_WPA_L36_DOC6.0_WOC1.0_N2700_F270_R3|S_WPA_L36_DOC1.5_WOC2.0_N2700_F270_R3|S_WPA_L36_DOC1.5_WOC1.0_N3600_F360_R4|S_WPB_L56_DOC0.5_WOC2.0_N2700_F270_R3|S_WPA_L36_DOC1.5_WOC2.0_N2700_F270_R1|S_WPA_L36_DOC0.5_WOC1.0_N2700_F270_R3|S_WPB_L56_DOC1.0_WOC1.0_N2700_F270_R1|S_WPA_L36_DOC1.0_WOC2.0_N2700_F270_R1|S_WPB_L56_DOC1.0_WOC1.0_N1800_F180_R1|S_WPA_L36_DOC0.5_WOC1.0_N3600_F360_R4|U_WPB_L56_DOC2.0_WOC1.0_N2700_F270_R3|U_WPB_L56_DOC3.0_WOC1.0_N3600_F360_R1|U_WPB_L56_DOC2.0_WOC1.0_N2700_F270_R4|S_WPA_L36_DOC1.5_WOC2.0_N2700_F270_R4,final structured retention evaluation
12,3,0,53,0.2,24,W2-k-medoids,uniform observed subset,24,19,14.0,10.0,1.0,1.0,1.0,1.0,S_WPA_L36_DOC0.5_WOC1.0_N2700_F270_R3|S_WPA_L36_DOC0.5_WOC1.0_N3600_F360_R4|S_WPA_L36_DOC1.0_WOC1.0_N2700_F270_R4|S_WPA_L36_DOC1.5_WOC2.0_N2700_F270_R2|S_WPA_L36_DOC2.0_WOC1.0_N1800_F180_R1|S_WPA_L36_DOC2.0_WOC1.0_N1800_F180_R2|S_WPA_L36_DOC3.0_WOC1.0_N1800_F180_R3|S_WPA_L36_DOC4.0_WOC1.0_N2700_F270_R2|S_WPB_L56_DOC0.5_WOC1.0_N2700_F270_R1|S_WPB_L56_DOC0.5_WOC1.0_N2700_F270_R4|S_WPB_L56_DOC0.5_WOC2.0_N2700_F270_R3|S_WPB_L56_DOC1.0_WOC1.0_N1800_F180_R3|S_WPB_L56_DOC1.5_WOC1.0_N2700_F270_R1|S_WPB_L56_DOC1.5_WOC1.0_N3600_F360_R1|U_WPA_L36_DOC2.0_WOC1.0_N3600_F360_R3|U_WPA_L36_DOC2.0_WOC2.0_N2700_F270_R2|U_WPA_L36_DOC3.0_WOC1.0_N3600_F360_R1|U_WPA_L36_DOC3.0_WOC1.0_N3600_F360_R2|U_WPB_L56_DOC3.0_WOC1.0_N3600_F360_R4|U_WPB_L56_DOC4.0_WOC1.0_N2700_F270_R1|U_WPB_L56_DOC4.0_WOC1.0_N2700_F270_R3|U_WPB_L56_DOC4.0_WOC2.0_N2700_F270_R1|U_WPB_L56_DOC4.0_WOC2.0_N2700_F270_R3|U_WPB_L56_DOC6.0_WOC1.0_N2700_F270_R3,final structured retention evaluation
13,3,1,53,0.2,24,Facility Location,uniform observed subset,24,19,13.0,11.0,0.9166666666666667,0.8333333333333334,1.0,0.8333333333333334,S_WPA_L36_DOC1.0_WOC2.0_N2700_F270_R4|U_WPB_L56_DOC3.0_WOC1.0_N3600_F360_R3|S_WPB_L56_DOC1.0_WOC2.0_N2700_F270_R4|U_WPA_L36_DOC3.0_WOC1.0_N3600_F360_R4|S_WPB_L56_DOC1.0_WOC1.0_N2700_F270_R1|S_WPB_L56_DOC1.0_WOC2.0_N2700_F270_R3|S_WPB_L56_DOC0.5_WOC1.0_N2700_F270_R1|S_WPB_L56_DOC1.0_WOC2.0_N2700_F270_R2|U_WPA_L36_DOC3.0_WOC1.0_N3600_F360_R2|U_WPA_L36_DOC3.0_WOC1.0_N3600_F360_R1|S_WPB_L56_DOC1.5_WOC1.0_N2700_F270_R1|S_WPA_L36_DOC1.5_WOC1.0_N1800_F180_R3|S_WPB_L56_DOC0.5_WOC1.0_N3600_F360_R1|U_WPB_L56_DOC4.0_WOC2.0_N2700_F270_R2|U_WPB_L56_DOC2.0_WOC1.0_N2700_F270_R3|S_WPA_L36_DOC1.0_WOC1.0_N3600_F360_R4|S_WPA_L36_DOC2.0_WOC1.0_N2700_F270_R4|S_WPA_L36_DOC3.0_WOC1.0_N1800_F180_R3|S_WPA_L36_DOC0.5_WOC1.0_N2700_F270_R1|U_WPB_L56_DOC3.0_WOC1.0_N1800_F180_R1|U_WPB_L56_DOC4.0_WOC2.0_N2700_F270_R1|U_WPA_L36_DOC4.0_WOC2.0_N2700_F270_R1|U_WPB_L56_DOC4.0_WOC1.0_N2700_F270_R3|U_WPA_L36_DOC2.0_WOC1.0_N3600_F360_R4,final structured retention evaluation
13,3,1,53,0.2,24,MRDS,uniform observed subset,24,14,15.0,9.0,0.7916666666666667,0.8333333333333334,0.75,0.75,S_WPB_L56_DOC0.5_WOC2.0_N2700_F270_R3|S_WPB_L56_DOC1.0_WOC2.0_N2700_F270_R2|U_WPA_L36_DOC3.0_WOC1.0_N3600_F360_R1|U_WPA_L36_DOC3.0_WOC1.0_N3600_F360_R2|S_WPB_L56_DOC0.5_WOC1.0_N3600_F360_R1|S_WPB_L56_DOC1.5_WOC1.0_N2700_F270_R2|U_WPB_L56_DOC2.0_WOC1.0_N2700_F270_R1|S_WPB_L56_DOC1.0_WOC2.0_N2700_F270_R3|U_WPB_L56_DOC4.0_WOC2.0_N2700_F270_R2|U_WPA_L36_DOC3.0_WOC1.0_N3600_F360_R4|S_WPB_L56_DOC1.5_WOC1.0_N1800_F180_R4|S_WPA_L36_DOC0.5_WOC2.0_N2700_F270_R3|S_WPB_L56_DOC1.5_WOC1.0_N1800_F180_R3|U_WPB_L56_DOC2.0_WOC1.0_N3600_F360_R4|S_WPA_L36_DOC1.0_WOC2.0_N2700_F270_R1|S_WPA_L36_DOC1.0_WOC2.0_N2700_F270_R2|S_WPA_L36_DOC0.5_WOC2.0_N2700_F270_R4|U_WPA_L36_DOC4.0_WOC2.0_N2700_F270_R4|S_WPA_L36_DOC1.0_WOC2.0_N2700_F270_R4|U_WPB_L56_DOC2.0_WOC1.0_N2700_F270_R2|U_WPB_L56_DOC2.0_WOC1.0_N2700_F270_R4|S_WPA_L36_DOC0.5_WOC1.0_N3600_F360_R4|S_WPA_L36_DOC1.0_WOC2.0_N2700_F270_R3|S_WPB_L56_DOC1.0_WOC1.0_N1800_F180_R3,final structured retention evaluation
13,3,1,53,0.2,24,W2-k-medoids,uniform observed subset,24,19,14.0,10.0,0.9166666666666667,0.8333333333333334,1.0,0.8333333333333334,S_WPA_L36_DOC0.5_WOC1.0_N2700_F270_R3|S_WPA_L36_DOC0.5_WOC2.0_N2700_F270_R1|S_WPA_L36_DOC1.0_WOC1.0_N3600_F360_R4|S_WPA_L36_DOC1.5_WOC1.0_N1800_F180_R4|S_WPA_L36_DOC2.0_WOC1.0_N2700_F270_R4|S_WPA_L36_DOC3.0_WOC1.0_N1800_F180_R4|S_WPB_L56_DOC0.5_WOC1.0_N2700_F270_R1|S_WPB_L56_DOC0.5_WOC1.0_N3600_F360_R1|S_WPB_L56_DOC0.5_WOC1.0_N3600_F360_R2|S_WPB_L56_DOC0.5_WOC2.0_N2700_F270_R3|S_WPB_L56_DOC1.0_WOC1.0_N2700_F270_R4|S_WPB_L56_DOC1.0_WOC2.0_N2700_F270_R2|S_WPB_L56_DOC1.0_WOC2.0_N2700_F270_R3|S_WPB_L56_DOC1.5_WOC1.0_N2700_F270_R1|U_WPA_L36_DOC2.0_WOC1.0_N3600_F360_R3|U_WPA_L36_DOC3.0_WOC1.0_N3600_F360_R1|U_WPA_L36_DOC3.0_WOC1.0_N3600_F360_R2|U_WPA_L36_DOC4.0_WOC2.0_N2700_F270_R3|U_WPB_L56_DOC3.0_WOC1.0_N1800_F180_R1|U_WPB_L56_DOC3.0_WOC1.0_N3600_F360_R4|U_WPB_L56_DOC4.0_WOC1.0_N2700_F270_R1|U_WPB_L56_DOC4.0_WOC1.0_N2700_F270_R3|U_WPB_L56_DOC4.0_WOC2.0_N2700_F270_R1|U_WPB_L56_DOC4.0_WOC2.0_N2700_F270_R3,final structured retention evaluation
14,3,2,53,0.2,24,Facility Location,uniform observed subset,24,18,15.0,9.0,1.0,1.0,1.0,1.0,S_WPA_L36_DOC1.5_WOC2.0_N2700_F270_R3|U_WPA_L36_DOC3.0_WOC1.0_N3600_F360_R4|S_WPB_L56_DOC1.0_WOC2.0_N2700_F270_R4|U_WPB_L56_DOC2.0_WOC1.0_N2700_F270_R3|S_WPA_L36_DOC1.0_WOC1.0_N2700_F270_R1|S_WPB_L56_DOC0.5_WOC1.0_N2700_F270_R1|S_WPB_L56_DOC1.0_WOC2.0_N2700_F270_R3|S_WPA_L36_DOC2.0_WOC1.0_N1800_F180_R2|S_WPA_L36_DOC2.0_WOC1.0_N1800_F180_R4|S_WPB_L56_DOC1.5_WOC1.0_N3600_F360_R1|U_WPA_L36_DOC3.0_WOC1.0_N3600_F360_R2|U_WPA_L36_DOC3.0_WOC1.0_N3600_F360_R1|S_WPB_L56_DOC1.0_WOC2.0_N2700_F270_R2|S_WPB_L56_DOC0.5_WOC1.0_N3600_F360_R1|S_WPA_L36_DOC2.0_WOC1.0_N2700_F270_R4|S_WPA_L36_DOC3.0_WOC1.0_N1800_F180_R3|U_WPB_L56_DOC2.0_WOC1.0_N1800_F180_R1|U_WPB_L56_DOC6.0_WOC1.0_N2700_F270_R3|U_WPB_L56_DOC2.0_WOC1.0_N3600_F360_R2|S_WPA_L36_DOC1.5_WOC1.0_N1800_F180_R1|U_WPA_L36_DOC2.0_WOC2.0_N2700_F270_R2|S_WPA_L36_DOC1.0_WOC1.0_N3600_F360_R3|U_WPA_L36_DOC4.0_WOC2.0_N2700_F270_R3|S_WPB_L56_DOC0.5_WOC1.0_N2700_F270_R3,final structured retention evaluation
14,3,2,53,0.2,24,MRDS,uniform observed subset,24,11,17.0,7.0,0.9821428571428572,1.0,0.9642857142857143,0.9642857142857143,U_WPB_L56_DOC2.0_WOC1.0_N2700_F270_R4|S_WPB_L56_DOC1.5_WOC1.0_N3600_F360_R1|S_WPA_L36_DOC2.0_WOC1.0_N1800_F180_R2|U_WPA_L36_DOC3.0_WOC1.0_N3600_F360_R1|U_WPA_L36_DOC3.0_WOC1.0_N3600_F360_R2|S_WPB_L56_DOC0.5_WOC1.0_N3600_F360_R1|S_WPB_L56_DOC1.0_WOC2.0_N2700_F270_R2|S_WPB_L56_DOC0.5_WOC1.0_N3600_F360_R3|S_WPB_L56_DOC1.0_WOC2.0_N2700_F270_R4|S_WPB_L56_DOC1.0_WOC2.0_N2700_F270_R3|S_WPA_L36_DOC1.5_WOC2.0_N2700_F270_R2|U_WPB_L56_DOC2.0_WOC1.0_N2700_F270_R2|S_WPA_L36_DOC0.5_WOC2.0_N2700_F270_R4|S_WPA_L36_DOC0.5_WOC2.0_N2700_F270_R3|S_WPA_L36_DOC1.5_WOC2.0_N2700_F270_R4|U_WPA_L36_DOC2.0_WOC2.0_N2700_F270_R4|S_WPA_L36_DOC1.0_WOC2.0_N2700_F270_R1|U_WPA_L36_DOC3.0_WOC1.0_N3600_F360_R4|S_WPA_L36_DOC1.5_WOC1.0_N3600_F360_R4|S_WPA_L36_DOC1.5_WOC1.0_N3600_F360_R2|S_WPA_L36_DOC0.5_WOC2.0_N2700_F270_R2|S_WPA_L36_DOC1.5_WOC2.0_N2700_F270_R1|U_WPA_L36_DOC2.0_WOC2.0_N2700_F270_R1|S_WPA_L36_DOC1.5_WOC2.0_N2700_F270_R3,final structured retention evaluation
14,3,2,53,0.2,24,W2-k-medoids,uniform observed subset,24,21,16.0,8.0,1.0,1.0,1.0,1.0,S_WPA_L36_DOC0.5_WOC1.0_N2700_F270_R3|S_WPA_L36_DOC1.0_WOC1.0_N2700_F270_R4|S_WPA_L36_DOC1.5_WOC1.0_N1800_F180_R1|S_WPA_L36_DOC1.5_WOC1.0_N3600_F360_R2|S_WPA_L36_DOC1.5_WOC2.0_N2700_F270_R2|S_WPA_L36_DOC2.0_WOC1.0_N1800_F180_R1|S_WPA_L36_DOC2.0_WOC1.0_N1800_F180_R2|S_WPA_L36_DOC2.0_WOC1.0_N2700_F270_R4|S_WPA_L36_DOC3.0_WOC1.0_N1800_F180_R4|S_WPB_L56_DOC0.5_WOC1.0_N2700_F270_R1|S_WPB_L56_DOC0.5_WOC1.0_N3600_F360_R1|S_WPB_L56_DOC1.0_WOC2.0_N2700_F270_R2|S_WPB_L56_DOC1.0_WOC2.0_N2700_F270_R3|S_WPB_L56_DOC1.5_WOC1.0_N1800_F180_R3|S_WPB_L56_DOC1.5_WOC1.0_N3600_F360_R1|S_WPB_L56_DOC1.5_WOC2.0_N2700_F270_R3|U_WPA_L36_DOC2.0_WOC1.0_N3600_F360_R3|U_WPA_L36_DOC2.0_WOC2.0_N2700_F270_R2|U_WPA_L36_DOC3.0_WOC1.0_N3600_F360_R1|U_WPA_L36_DOC3.0_WOC1.0_N3600_F360_R2|U_WPA_L36_DOC4.0_WOC2.0_N2700_F270_R3|U_WPB_L56_DOC2.0_WOC1.0_N1800_F180_R1|U_WPB_L56_DOC2.0_WOC1.0_N3600_F360_R2|U_WPB_L56_DOC2.0_WOC2.0_N2700_F270_R4,final structured retention evaluation
15,3,3,53,0.2,24,Facility Location,uniform observed subset,24,19,16.0,8.0,0.8854166666666667,0.8125,0.9583333333333334,0.8125,S_WPA_L36_DOC1.5_WOC2.0_N2700_F270_R3|U_WPB_L56_DOC2.0_WOC2.0_N2700_F270_R2|S_WPA_L36_DOC1.0_WOC1.0_N2700_F270_R1|S_WPB_L56_DOC1.0_WOC2.0_N2700_F270_R4|U_WPA_L36_DOC2.0_WOC2.0_N2700_F270_R2|S_WPB_L56_DOC0.5_WOC1.0_N3600_F360_R1|S_WPA_L36_DOC2.0_WOC1.0_N1800_F180_R2|S_WPB_L56_DOC1.5_WOC1.0_N3600_F360_R1|S_WPB_L56_DOC1.5_WOC1.0_N2700_F270_R1|S_WPA_L36_DOC0.5_WOC2.0_N2700_F270_R2|S_WPB_L56_DOC1.0_WOC2.0_N2700_F270_R2|U_WPB_L56_DOC4.0_WOC2.0_N2700_F270_R2|S_WPB_L56_DOC1.0_WOC2.0_N2700_F270_R3|U_WPB_L56_DOC2.0_WOC1.0_N1800_F180_R1|S_WPA_L36_DOC1.5_WOC1.0_N1800_F180_R2|S_WPA_L36_DOC6.0_WOC1.0_N2700_F270_R2|U_WPA_L36_DOC4.0_WOC2.0_N2700_F270_R1|S_WPA_L36_DOC0.5_WOC1.0_N3600_F360_R4|U_WPB_L56_DOC6.0_WOC1.0_N2700_F270_R3|S_WPB_L56_DOC1.0_WOC1.0_N1800_F180_R3|U_WPB_L56_DOC4.0_WOC2.0_N2700_F270_R1|S_WPA_L36_DOC1.0_WOC1.0_N2700_F270_R4|U_WPB_L56_DOC4.0_WOC1.0_N2700_F270_R3|S_WPB_L56_DOC1.5_WOC1.0_N3600_F360_R4,final structured retention evaluation
15,3,3,53,0.2,24,MRDS,uniform observed subset,24,15,18.0,6.0,0.65625,0.3125,1.0,0.3125,U_WPB_L56_DOC4.0_WOC1.0_N2700_F270_R1|S_WPB_L56_DOC1.5_WOC1.0_N3600_F360_R1|S_WPA_L36_DOC2.0_WOC1.0_N1800_F180_R2|S_WPB_L56_DOC1.0_WOC2.0_N2700_F270_R3|S_WPB_L56_DOC1.5_WOC1.0_N3600_F360_R4|S_WPB_L56_DOC1.0_WOC2.0_N2700_F270_R2|S_WPB_L56_DOC0.5_WOC1.0_N3600_F360_R1|U_WPB_L56_DOC4.0_WOC2.0_N2700_F270_R1|S_WPA_L36_DOC0.5_WOC2.0_N2700_F270_R2|S_WPA_L36_DOC1.5_WOC2.0_N2700_F270_R1|S_WPB_L56_DOC1.0_WOC1.0_N2700_F270_R1|U_WPA_L36_DOC4.0_WOC2.0_N2700_F270_R4|S_WPA_L36_DOC0.5_WOC2.0_N2700_F270_R1|S_WPA_L36_DOC0.5_WOC1.0_N3600_F360_R4|S_WPA_L36_DOC1.5_WOC1.0_N3600_F360_R4|S_WPA_L36_DOC1.5_WOC2.0_N2700_F270_R2|S_WPA_L36_DOC1.0_WOC1.0_N2700_F270_R1|S_WPA_L36_DOC0.5_WOC2.0_N2700_F270_R3|S_WPA_L36_DOC1.5_WOC2.0_N2700_F270_R4|U_WPB_L56_DOC2.0_WOC2.0_N2700_F270_R4|U_WPA_L36_DOC2.0_WOC2.0_N2700_F270_R4|S_WPA_L36_DOC1.5_WOC2.0_N2700_F270_R3|S_WPA_L36_DOC1.5_WOC1.0_N3600_F360_R2|U_WPB_L56_DOC4.0_WOC1.0_N2700_F270_R2,final structured retention evaluation
15,3,3,53,0.2,24,W2-k-medoids,uniform observed subset,24,19,15.0,9.0,0.8854166666666667,0.8125,0.9583333333333334,0.8125,S_WPA_L36_DOC0.5_WOC2.0_N2700_F270_R1|S_WPA_L36_DOC1.0_WOC1.0_N3600_F360_R4|S_WPA_L36_DOC1.5_WOC1.0_N1800_F180_R3|S_WPA_L36_DOC2.0_WOC1.0_N1800_F180_R1|S_WPA_L36_DOC2.0_WOC1.0_N1800_F180_R2|S_WPA_L36_DOC2.0_WOC1.0_N2700_F270_R3|S_WPB_L56_DOC0.5_WOC1.0_N3600_F360_R1|S_WPB_L56_DOC0.5_WOC1.0_N3600_F360_R2|S_WPB_L56_DOC0.5_WOC2.0_N2700_F270_R3|S_WPB_L56_DOC1.0_WOC1.0_N1800_F180_R3|S_WPB_L56_DOC1.0_WOC1.0_N2700_F270_R4|S_WPB_L56_DOC1.0_WOC2.0_N2700_F270_R2|S_WPB_L56_DOC1.0_WOC2.0_N2700_F270_R3|S_WPB_L56_DOC1.5_WOC1.0_N2700_F270_R1|S_WPB_L56_DOC1.5_WOC1.0_N3600_F360_R1|U_WPA_L36_DOC2.0_WOC2.0_N2700_F270_R2|U_WPA_L36_DOC4.0_WOC2.0_N2700_F270_R3|U_WPB_L56_DOC2.0_WOC1.0_N1800_F180_R1|U_WPB_L56_DOC3.0_WOC1.0_N3600_F360_R1|U_WPB_L56_DOC4.0_WOC1.0_N2700_F270_R1|U_WPB_L56_DOC4.0_WOC1.0_N2700_F270_R3|U_WPB_L56_DOC4.0_WOC2.0_N2700_F270_R1|U_WPB_L56_DOC4.0_WOC2.0_N2700_F270_R3|U_WPB_L56_DOC6.0_WOC1.0_N2700_F270_R1,final structured retention evaluation
16,4,0,71,0.2,24,Facility Location,uniform observed subset,24,17,15.0,9.0,1.0,1.0,1.0,1.0,S_WPA_L36_DOC1.5_WOC2.0_N2700_F270_R3|U_WPB_L56_DOC3.0_WOC1.0_N3600_F360_R3|S_WPB_L56_DOC1.0_WOC2.0_N2700_F270_R4|U_WPA_L36_DOC3.0_WOC1.0_N3600_F360_R4|S_WPA_L36_DOC1.0_WOC1.0_N2700_F270_R1|S_WPB_L56_DOC0.5_WOC1.0_N2700_F270_R3|S_WPB_L56_DOC1.0_WOC2.0_N2700_F270_R3|S_WPA_L36_DOC2.0_WOC1.0_N1800_F180_R4|S_WPA_L36_DOC2.0_WOC1.0_N1800_F180_R2|S_WPB_L56_DOC1.5_WOC1.0_N3600_F360_R1|U_WPA_L36_DOC3.0_WOC1.0_N3600_F360_R2|U_WPA_L36_DOC3.0_WOC1.0_N3600_F360_R1|S_WPB_L56_DOC1.0_WOC2.0_N2700_F270_R2|S_WPB_L56_DOC0.5_WOC1.0_N3600_F360_R1|U_WPB_L56_DOC4.0_WOC2.0_N2700_F270_R2|U_WPB_L56_DOC2.0_WOC1.0_N2700_F270_R3|S_WPA_L36_DOC2.0_WOC1.0_N2700_F270_R4|S_WPA_L36_DOC3.0_WOC1.0_N1800_F180_R3|U_WPB_L56_DOC2.0_WOC1.0_N1800_F180_R1|U_WPB_L56_DOC6.0_WOC1.0_N2700_F270_R3|S_WPA_L36_DOC1.5_WOC1.0_N1800_F180_R4|S_WPB_L56_DOC0.5_WOC1.0_N2700_F270_R1|U_WPB_L56_DOC4.0_WOC2.0_N2700_F270_R1|S_WPA_L36_DOC0.5_WOC2.0_N2700_F270_R1,final structured retention evaluation
16,4,0,71,0.2,24,MRDS,uniform observed subset,24,15,18.0,6.0,1.0,1.0,1.0,1.0,S_WPA_L36_DOC0.5_WOC2.0_N2700_F270_R3|S_WPB_L56_DOC1.5_WOC1.0_N3600_F360_R1|S_WPA_L36_DOC2.0_WOC1.0_N1800_F180_R2|U_WPA_L36_DOC3.0_WOC1.0_N3600_F360_R1|U_WPA_L36_DOC3.0_WOC1.0_N3600_F360_R2|S_WPB_L56_DOC0.5_WOC1.0_N3600_F360_R1|S_WPB_L56_DOC1.0_WOC2.0_N2700_F270_R2|S_WPB_L56_DOC1.0_WOC2.0_N2700_F270_R4|S_WPB_L56_DOC1.0_WOC2.0_N2700_F270_R3|U_WPB_L56_DOC2.0_WOC1.0_N3600_F360_R1|S_WPA_L36_DOC1.0_WOC1.0_N1800_F180_R2|S_WPA_L36_DOC0.5_WOC2.0_N2700_F270_R4|U_WPB_L56_DOC4.0_WOC2.0_N2700_F270_R3|U_WPB_L56_DOC2.0_WOC1.0_N2700_F270_R4|S_WPA_L36_DOC1.5_WOC2.0_N2700_F270_R2|S_WPA_L36_DOC0.5_WOC1.0_N2700_F270_R3|S_WPA_L36_DOC1.0_WOC2.0_N2700_F270_R1|S_WPA_L36_DOC1.5_WOC2.0_N2700_F270_R4|S_WPA_L36_DOC1.5_WOC2.0_N2700_F270_R3|S_WPA_L36_DOC0.5_WOC2.0_N2700_F270_R2|U_WPB_L56_DOC3.0_WOC1.0_N3600_F360_R1|S_WPA_L36_DOC1.5_WOC2.0_N2700_F270_R1|S_WPA_L36_DOC1.5_WOC1.0_N3600_F360_R4|S_WPA_L36_DOC0.5_WOC2.0_N2700_F270_R1,final structured retention evaluation
16,4,0,71,0.2,24,W2-k-medoids,uniform observed subset,24,20,15.0,9.0,1.0,1.0,1.0,1.0,S_WPA_L36_DOC0.5_WOC1.0_N2700_F270_R3|S_WPA_L36_DOC1.5_WOC1.0_N1800_F180_R4|S_WPA_L36_DOC1.5_WOC2.0_N2700_F270_R2|S_WPA_L36_DOC2.0_WOC1.0_N1800_F180_R1|S_WPA_L36_DOC2.0_WOC1.0_N1800_F180_R2|S_WPA_L36_DOC2.0_WOC1.0_N2700_F270_R4|S_WPA_L36_DOC3.0_WOC1.0_N1800_F180_R3|S_WPB_L56_DOC0.5_WOC1.0_N2700_F270_R3|S_WPB_L56_DOC0.5_WOC1.0_N3600_F360_R1|S_WPB_L56_DOC1.0_WOC1.0_N2700_F270_R4|S_WPB_L56_DOC1.0_WOC2.0_N2700_F270_R2|S_WPB_L56_DOC1.0_WOC2.0_N2700_F270_R3|S_WPB_L56_DOC1.5_WOC1.0_N1800_F180_R3|S_WPB_L56_DOC1.5_WOC1.0_N3600_F360_R1|S_WPB_L56_DOC1.5_WOC2.0_N2700_F270_R3|U_WPA_L36_DOC2.0_WOC1.0_N3600_F360_R3|U_WPA_L36_DOC3.0_WOC1.0_N3600_F360_R1|U_WPA_L36_DOC3.0_WOC1.0_N3600_F360_R2|U_WPB_L56_DOC2.0_WOC1.0_N1800_F180_R1|U_WPB_L56_DOC3.0_WOC1.0_N3600_F360_R4|U_WPB_L56_DOC4.0_WOC1.0_N2700_F270_R1|U_WPB_L56_DOC4.0_WOC2.0_N2700_F270_R1|U_WPB_L56_DOC4.0_WOC2.0_N2700_F270_R3|U_WPB_L56_DOC6.0_WOC1.0_N2700_F270_R3,final structured retention evaluation
17,4,1,71,0.2,24,Facility Location,uniform observed subset,24,20,14.0,10.0,0.9821428571428572,1.0,0.9642857142857143,0.9642857142857143,S_WPA_L36_DOC1.5_WOC1.0_N3600_F360_R4|U_WPB_L56_DOC3.0_WOC1.0_N3600_F360_R3|S_WPB_L56_DOC1.0_WOC1.0_N2700_F270_R1|S_WPB_L56_DOC0.5_WOC2.0_N2700_F270_R3|U_WPA_L36_DOC2.0_WOC2.0_N2700_F270_R2|S_WPB_L56_DOC0.5_WOC1.0_N2700_F270_R3|S_WPA_L36_DOC0.5_WOC2.0_N2700_F270_R1|S_WPB_L56_DOC0.5_WOC1.0_N3600_F360_R1|S_WPA_L36_DOC2.0_WOC1.0_N1800_F180_R2|U_WPA_L36_DOC3.0_WOC1.0_N3600_F360_R2|U_WPA_L36_DOC3.0_WOC1.0_N3600_F360_R1|S_WPB_L56_DOC1.5_WOC1.0_N2700_F270_R1|U_WPB_L56_DOC2.0_WOC1.0_N2700_F270_R3|U_WPB_L56_DOC4.0_WOC2.0_N2700_F270_R2|S_WPA_L36_DOC1.5_WOC1.0_N1800_F180_R3|S_WPA_L36_DOC6.0_WOC1.0_N2700_F270_R2|S_WPA_L36_DOC0.5_WOC1.0_N2700_F270_R1|S_WPB_L56_DOC1.0_WOC1.0_N1800_F180_R3|U_WPA_L36_DOC4.0_WOC2.0_N2700_F270_R1|U_WPB_L56_DOC4.0_WOC2.0_N2700_F270_R1|U_WPB_L56_DOC4.0_WOC1.0_N2700_F270_R3|S_WPB_L56_DOC0.5_WOC1.0_N3600_F360_R2|U_WPB_L56_DOC2.0_WOC2.0_N2700_F270_R3|S_WPA_L36_DOC2.0_WOC1.0_N1800_F180_R1,final structured retention evaluation
17,4,1,71,0.2,24,MRDS,uniform observed subset,24,16,16.0,8.0,0.9285714285714286,1.0,0.8571428571428571,0.8571428571428571,U_WPA_L36_DOC2.0_WOC2.0_N2700_F270_R4|S_WPA_L36_DOC2.0_WOC1.0_N1800_F180_R2|U_WPA_L36_DOC3.0_WOC1.0_N3600_F360_R1|U_WPA_L36_DOC3.0_WOC1.0_N3600_F360_R2|S_WPB_L56_DOC1.5_WOC1.0_N2700_F270_R2|S_WPB_L56_DOC0.5_WOC1.0_N3600_F360_R1|S_WPA_L36_DOC1.5_WOC1.0_N3600_F360_R1|S_WPB_L56_DOC1.0_WOC1.0_N3600_F360_R1|S_WPA_L36_DOC0.5_WOC1.0_N3600_F360_R4|S_WPA_L36_DOC0.5_WOC2.0_N2700_F270_R3|U_WPB_L56_DOC4.0_WOC2.0_N2700_F270_R1|S_WPB_L56_DOC0.5_WOC1.0_N1800_F180_R1|S_WPA_L36_DOC1.5_WOC1.0_N3600_F360_R4|S_WPB_L56_DOC1.0_WOC1.0_N2700_F270_R2|S_WPA_L36_DOC0.5_WOC2.0_N2700_F270_R1|S_WPA_L36_DOC0.5_WOC2.0_N2700_F270_R4|S_WPA_L36_DOC1.0_WOC1.0_N3600_F360_R3|S_WPA_L36_DOC0.5_WOC2.0_N2700_F270_R2|U_WPA_L36_DOC2.0_WOC2.0_N2700_F270_R1|U_WPB_L56_DOC2.0_WOC1.0_N2700_F270_R3|U_WPB_L56_DOC2.0_WOC1.0_N2700_F270_R4|U_WPB_L56_DOC2.0_WOC1.0_N3600_F360_R3|S_WPA_L36_DOC6.0_WOC1.0_N2700_F270_R3|S_WPA_L36_DOC1.5_WOC1.0_N3600_F360_R2,final structured retention evaluation
17,4,1,71,0.2,24,W2-k-medoids,uniform observed subset,24,20,15.0,9.0,0.9821428571428572,1.0,0.9642857142857143,0.9642857142857143,S_WPA_L36_DOC0.5_WOC1.0_N2700_F270_R3|S_WPA_L36_DOC0.5_WOC2.0_N2700_F270_R1|S_WPA_L36_DOC1.0_WOC1.0_N3600_F360_R4|S_WPA_L36_DOC1.5_WOC1.0_N1800_F180_R3|S_WPA_L36_DOC2.0_WOC1.0_N1800_F180_R1|S_WPA_L36_DOC2.0_WOC1.0_N1800_F180_R2|S_WPA_L36_DOC4.0_WOC1.0_N2700_F270_R2|S_WPB_L56_DOC0.5_WOC1.0_N2700_F270_R1|S_WPB_L56_DOC0.5_WOC1.0_N3600_F360_R1|S_WPB_L56_DOC0.5_WOC1.0_N3600_F360_R2|S_WPB_L56_DOC1.0_WOC1.0_N1800_F180_R3|S_WPB_L56_DOC1.0_WOC1.0_N2700_F270_R4|S_WPB_L56_DOC1.5_WOC1.0_N1800_F180_R3|S_WPB_L56_DOC1.5_WOC1.0_N2700_F270_R1|S_WPB_L56_DOC1.5_WOC2.0_N2700_F270_R3|U_WPA_L36_DOC2.0_WOC2.0_N2700_F270_R2|U_WPA_L36_DOC3.0_WOC1.0_N3600_F360_R1|U_WPA_L36_DOC3.0_WOC1.0_N3600_F360_R2|U_WPA_L36_DOC4.0_WOC2.0_N2700_F270_R3|U_WPB_L56_DOC2.0_WOC2.0_N2700_F270_R3|U_WPB_L56_DOC3.0_WOC1.0_N3600_F360_R4|U_WPB_L56_DOC4.0_WOC1.0_N2700_F270_R1|U_WPB_L56_DOC4.0_WOC1.0_N2700_F270_R3|U_WPB_L56_DOC4.0_WOC2.0_N2700_F270_R1,final structured retention evaluation
18,4,2,71,0.2,24,Facility Location,uniform observed subset,24,18,15.0,9.0,0.875,0.75,1.0,0.75,S_WPA_L36_DOC1.5_WOC2.0_N2700_F270_R2|U_WPB_L56_DOC2.0_WOC1.0_N2700_F270_R2|S_WPA_L36_DOC1.0_WOC1.0_N2700_F270_R1|S_WPB_L56_DOC1.0_WOC2.0_N2700_F270_R4|U_WPA_L36_DOC2.0_WOC2.0_N2700_F270_R2|S_WPB_L56_DOC0.5_WOC1.0_N2700_F270_R3|S_WPA_L36_DOC2.0_WOC1.0_N1800_F180_R2|S_WPB_L56_DOC1.5_WOC1.0_N3600_F360_R1|S_WPB_L56_DOC1.0_WOC2.0_N2700_F270_R3|S_WPB_L56_DOC1.5_WOC1.0_N2700_F270_R1|S_WPB_L56_DOC1.0_WOC2.0_N2700_F270_R2|U_WPB_L56_DOC4.0_WOC2.0_N2700_F270_R3|U_WPA_L36_DOC2.0_WOC1.0_N3600_F360_R4|S_WPA_L36_DOC0.5_WOC1.0_N3600_F360_R4|S_WPA_L36_DOC2.0_WOC1.0_N2700_F270_R3|S_WPA_L36_DOC3.0_WOC1.0_N1800_F180_R3|U_WPB_L56_DOC4.0_WOC2.0_N2700_F270_R1|U_WPB_L56_DOC6.0_WOC1.0_N2700_F270_R3|U_WPB_L56_DOC3.0_WOC1.0_N1800_F180_R1|S_WPB_L56_DOC0.5_WOC1.0_N2700_F270_R1|U_WPB_L56_DOC2.0_WOC1.0_N3600_F360_R3|S_WPA_L36_DOC1.0_WOC1.0_N2700_F270_R4|S_WPA_L36_DOC2.0_WOC1.0_N1800_F180_R3|U_WPA_L36_DOC4.0_WOC2.0_N2700_F270_R1,final structured retention evaluation
18,4,2,71,0.2,24,MRDS,uniform observed subset,24,16,18.0,6.0,0.84375,0.6875,1.0,0.6875,U_WPA_L36_DOC4.0_WOC2.0_N2700_F270_R4|S_WPB_L56_DOC1.5_WOC1.0_N3600_F360_R1|S_WPA_L36_DOC2.0_WOC1.0_N1800_F180_R2|S_WPB_L56_DOC1.0_WOC2.0_N2700_F270_R3|S_WPB_L56_DOC1.5_WOC1.0_N3600_F360_R4|S_WPB_L56_DOC1.0_WOC2.0_N2700_F270_R2|S_WPB_L56_DOC1.0_WOC2.0_N2700_F270_R4|U_WPB_L56_DOC2.0_WOC1.0_N2700_F270_R4|S_WPA_L36_DOC1.0_WOC2.0_N2700_F270_R1|S_WPB_L56_DOC1.0_WOC1.0_N2700_F270_R1|U_WPB_L56_DOC2.0_WOC2.0_N2700_F270_R4|U_WPA_L36_DOC2.0_WOC2.0_N2700_F270_R3|S_WPA_L36_DOC6.0_WOC1.0_N2700_F270_R3|S_WPB_L56_DOC1.0_WOC1.0_N2700_F270_R2|S_WPA_L36_DOC2.0_WOC1.0_N2700_F270_R2|S_WPA_L36_DOC1.5_WOC2.0_N2700_F270_R2|S_WPA_L36_DOC1.5_WOC2.0_N2700_F270_R1|S_WPB_L56_DOC1.0_WOC1.0_N3600_F360_R1|S_WPA_L36_DOC1.0_WOC1.0_N3600_F360_R3|U_WPB_L56_DOC2.0_WOC1.0_N2700_F270_R3|U_WPB_L56_DOC2.0_WOC1.0_N2700_F270_R2|S_WPA_L36_DOC0.5_WOC1.0_N3600_F360_R4|S_WPB_L56_DOC1.0_WOC1.0_N1800_F180_R3|S_WPA_L36_DOC1.5_WOC2.0_N2700_F270_R3,final structured retention evaluation
18,4,2,71,0.2,24,W2-k-medoids,uniform observed subset,24,19,16.0,8.0,0.875,0.75,1.0,0.75,S_WPA_L36_DOC0.5_WOC1.0_N2700_F270_R3|S_WPA_L36_DOC0.5_WOC1.0_N3600_F360_R4|S_WPA_L36_DOC1.0_WOC1.0_N2700_F270_R4|S_WPA_L36_DOC1.5_WOC2.0_N2700_F270_R2|S_WPA_L36_DOC2.0_WOC1.0_N1800_F180_R2|S_WPA_L36_DOC2.0_WOC1.0_N1800_F180_R3|S_WPA_L36_DOC3.0_WOC1.0_N1800_F180_R3|S_WPA_L36_DOC6.0_WOC1.0_N2700_F270_R2|S_WPB_L56_DOC0.5_WOC1.0_N2700_F270_R1|S_WPB_L56_DOC0.5_WOC1.0_N2700_F270_R4|S_WPB_L56_DOC1.0_WOC1.0_N1800_F180_R3|S_WPB_L56_DOC1.0_WOC2.0_N2700_F270_R2|S_WPB_L56_DOC1.0_WOC2.0_N2700_F270_R3|S_WPB_L56_DOC1.0_WOC2.0_N2700_F270_R4|S_WPB_L56_DOC1.5_WOC1.0_N2700_F270_R1|S_WPB_L56_DOC1.5_WOC1.0_N3600_F360_R1|U_WPA_L36_DOC2.0_WOC1.0_N3600_F360_R4|U_WPA_L36_DOC2.0_WOC2.0_N2700_F270_R2|U_WPA_L36_DOC4.0_WOC2.0_N2700_F270_R1|U_WPB_L56_DOC2.0_WOC1.0_N3600_F360_R3|U_WPB_L56_DOC3.0_WOC1.0_N1800_F180_R1|U_WPB_L56_DOC4.0_WOC2.0_N2700_F270_R1|U_WPB_L56_DOC4.0_WOC2.0_N2700_F270_R3|U_WPB_L56_DOC6.0_WOC1.0_N2700_F270_R3,final structured retention evaluation
19,4,3,71,0.2,24,Facility Location,uniform observed subset,24,21,14.0,10.0,0.9583333333333333,0.9166666666666666,1.0,0.9166666666666666,S_WPA_L36_DOC1.5_WOC2.0_N2700_F270_R3|U_WPA_L36_DOC3.0_WOC1.0_N3600_F360_R4|U_WPB_L56_DOC2.0_WOC2.0_N2700_F270_R4|S_WPB_L56_DOC0.5_WOC2.0_N2700_F270_R3|S_WPA_L36_DOC1.0_WOC1.0_N2700_F270_R2|S_WPB_L56_DOC1.0_WOC2.0_N2700_F270_R3|S_WPB_L56_DOC1.5_WOC1.0_N3600_F360_R1|S_WPB_L56_DOC1.0_WOC2.0_N2700_F270_R2|U_WPA_L36_DOC3.0_WOC1.0_N3600_F360_R2|U_WPA_L36_DOC3.0_WOC1.0_N3600_F360_R1|S_WPB_L56_DOC1.5_WOC1.0_N2700_F270_R1|S_WPA_L36_DOC0.5_WOC1.0_N3600_F360_R4|S_WPB_L56_DOC0.5_WOC1.0_N3600_F360_R1|S_WPA_L36_DOC1.5_WOC1.0_N1800_F180_R4|U_WPB_L56_DOC2.0_WOC1.0_N1800_F180_R1|U_WPB_L56_DOC4.0_WOC1.0_N2700_F270_R3|S_WPA_L36_DOC3.0_WOC1.0_N1800_F180_R3|S_WPA_L36_DOC2.0_WOC1.0_N2700_F270_R4|U_WPA_L36_DOC4.0_WOC2.0_N2700_F270_R1|S_WPA_L36_DOC0.5_WOC2.0_N2700_F270_R2|U_WPA_L36_DOC2.0_WOC2.0_N2700_F270_R3|U_WPB_L56_DOC6.0_WOC1.0_N2700_F270_R3|S_WPB_L56_DOC1.0_WOC1.0_N1800_F180_R3|U_WPB_L56_DOC3.0_WOC1.0_N3600_F360_R1,final structured retention evaluation
19,4,3,71,0.2,24,MRDS,uniform observed subset,24,12,18.0,6.0,0.9226190476190477,0.9166666666666666,0.9285714285714286,0.9166666666666666,U_WPB_L56_DOC3.0_WOC1.0_N3600_F360_R1|S_WPB_L56_DOC1.5_WOC1.0_N3600_F360_R1|S_WPB_L56_DOC1.0_WOC2.0_N2700_F270_R2|U_WPA_L36_DOC3.0_WOC1.0_N3600_F360_R1|U_WPA_L36_DOC3.0_WOC1.0_N3600_F360_R2|S_WPB_L56_DOC1.5_WOC1.0_N3600_F360_R4|S_WPB_L56_DOC1.0_WOC2.0_N2700_F270_R3|U_WPB_L56_DOC3.0_WOC1.0_N3600_F360_R4|S_WPB_L56_DOC0.5_WOC1.0_N3600_F360_R1|S_WPA_L36_DOC1.5_WOC1.0_N3600_F360_R2|S_WPA_L36_DOC1.0_WOC1.0_N3600_F360_R2|S_WPA_L36_DOC0.5_WOC1.0_N3600_F360_R4|U_WPA_L36_DOC2.0_WOC2.0_N2700_F270_R2|S_WPA_L36_DOC1.0_WOC2.0_N2700_F270_R3|S_WPA_L36_DOC0.5_WOC2.0_N2700_F270_R1|S_WPA_L36_DOC0.5_WOC2.0_N2700_F270_R3|S_WPA_L36_DOC0.5_WOC2.0_N2700_F270_R4|S_WPA_L36_DOC1.5_WOC2.0_N2700_F270_R1|U_WPA_L36_DOC2.0_WOC2.0_N2700_F270_R1|S_WPA_L36_DOC1.5_WOC2.0_N2700_F270_R4|S_WPA_L36_DOC1.5_WOC2.0_N2700_F270_R3|S_WPA_L36_DOC1.0_WOC2.0_N2700_F270_R1|S_WPA_L36_DOC1.5_WOC2.0_N2700_F270_R2|S_WPA_L36_DOC1.5_WOC1.0_N3600_F360_R4,final structured retention evaluation
19,4,3,71,0.2,24,W2-k-medoids,uniform observed subset,24,20,15.0,9.0,0.9583333333333333,0.9166666666666666,1.0,0.9166666666666666,S_WPA_L36_DOC0.5_WOC2.0_N2700_F270_R1|S_WPA_L36_DOC1.0_WOC1.0_N2700_F270_R4|S_WPA_L36_DOC1.0_WOC1.0_N3600_F360_R4|S_WPA_L36_DOC1.5_WOC1.0_N1800_F180_R1|S_WPA_L36_DOC1.5_WOC2.0_N2700_F270_R2|S_WPA_L36_DOC2.0_WOC1.0_N2700_F270_R4|S_WPA_L36_DOC3.0_WOC1.0_N1800_F180_R3|S_WPB_L56_DOC0.5_WOC1.0_N3600_F360_R1|S_WPB_L56_DOC0.5_WOC1.0_N3600_F360_R2|S_WPB_L56_DOC0.5_WOC2.0_N2700_F270_R3|S_WPB_L56_DOC1.0_WOC1.0_N1800_F180_R3|S_WPB_L56_DOC1.0_WOC2.0_N2700_F270_R2|S_WPB_L56_DOC1.0_WOC2.0_N2700_F270_R3|S_WPB_L56_DOC1.5_WOC1.0_N2700_F270_R1|S_WPB_L56_DOC1.5_WOC1.0_N3600_F360_R1|U_WPA_L36_DOC2.0_WOC1.0_N3600_F360_R3|U_WPA_L36_DOC2.0_WOC2.0_N2700_F270_R3|U_WPA_L36_DOC3.0_WOC1.0_N3600_F360_R1|U_WPA_L36_DOC3.0_WOC1.0_N3600_F360_R2|U_WPB_L56_DOC2.0_WOC1.0_N1800_F180_R1|U_WPB_L56_DOC3.0_WOC1.0_N3600_F360_R3|U_WPB_L56_DOC4.0_WOC1.0_N2700_F270_R2|U_WPB_L56_DOC4.0_WOC1.0_N2700_F270_R3|U_WPB_L56_DOC6.0_WOC1.0_N2700_F270_R1,final structured retention evaluation
0,0,0,11,0.3,36,Facility Location,uniform observed subset,36,24,23.0,13.0,1.0,1.0,1.0,1.0,S_WPA_L36_DOC1.5_WOC2.0_N2700_F270_R1|U_WPA_L36_DOC3.0_WOC1.0_N3600_F360_R4|U_WPB_L56_DOC2.0_WOC2.0_N2700_F270_R2|S_WPA_L36_DOC1.0_WOC1.0_N2700_F270_R1|S_WPB_L56_DOC0.5_WOC2.0_N2700_F270_R2|S_WPB_L56_DOC0.5_WOC1.0_N2700_F270_R3|S_WPA_L36_DOC2.0_WOC1.0_N1800_F180_R2|S_WPB_L56_DOC1.5_WOC1.0_N3600_F360_R1|U_WPA_L36_DOC3.0_WOC1.0_N3600_F360_R1|U_WPA_L36_DOC3.0_WOC1.0_N3600_F360_R2|S_WPB_L56_DOC1.5_WOC1.0_N2700_F270_R1|S_WPA_L36_DOC0.5_WOC1.0_N3600_F360_R4|U_WPB_L56_DOC4.0_WOC2.0_N2700_F270_R2|U_WPB_L56_DOC2.0_WOC1.0_N1800_F180_R1|S_WPA_L36_DOC2.0_WOC1.0_N2700_F270_R3|S_WPA_L36_DOC3.0_WOC1.0_N1800_F180_R3|U_WPB_L56_DOC6.0_WOC1.0_N2700_F270_R3|S_WPB_L56_DOC0.5_WOC1.0_N2700_F270_R1|S_WPB_L56_DOC1.0_WOC1.0_N1800_F180_R3|S_WPA_L36_DOC0.5_WOC2.0_N2700_F270_R2|U_WPB_L56_DOC2.0_WOC1.0_N3600_F360_R3|U_WPB_L56_DOC4.0_WOC1.0_N2700_F270_R1|U_WPB_L56_DOC4.0_WOC1.0_N2700_F270_R3|S_WPA_L36_DOC1.0_WOC1.0_N2700_F270_R4|S_WPB_L56_DOC0.5_WOC1.0_N1800_F180_R2|U_WPB_L56_DOC4.0_WOC2.0_N2700_F270_R1|S_WPB_L56_DOC1.5_WOC1.0_N3600_F360_R4|U_WPA_L36_DOC2.0_WOC1.0_N3600_F360_R4|S_WPA_L36_DOC1.0_WOC1.0_N3600_F360_R1|S_WPB_L56_DOC1.5_WOC1.0_N2700_F270_R3|S_WPA_L36_DOC2.0_WOC1.0_N1800_F180_R3|S_WPA_L36_DOC2.0_WOC1.0_N2700_F270_R1|S_WPB_L56_DOC1.0_WOC1.0_N2700_F270_R2|U_WPA_L36_DOC2.0_WOC1.0_N3600_F360_R1|S_WPA_L36_DOC3.0_WOC1.0_N1800_F180_R2|S_WPB_L56_DOC1.5_WOC2.0_N2700_F270_R2,final structured retention evaluation
0,0,0,11,0.3,36,MRDS,uniform observed subset,36,18,25.0,11.0,1.0,1.0,1.0,1.0,S_WPA_L36_DOC1.5_WOC2.0_N2700_F270_R4|S_WPB_L56_DOC1.5_WOC1.0_N3600_F360_R1|S_WPA_L36_DOC2.0_WOC1.0_N1800_F180_R2|U_WPA_L36_DOC3.0_WOC1.0_N3600_F360_R1|U_WPA_L36_DOC3.0_WOC1.0_N3600_F360_R2|S_WPB_L56_DOC1.5_WOC1.0_N3600_F360_R4|S_WPA_L36_DOC2.0_WOC1.0_N2700_F270_R2|U_WPB_L56_DOC4.0_WOC2.0_N2700_F270_R3|U_WPA_L36_DOC3.0_WOC1.0_N3600_F360_R3|S_WPB_L56_DOC0.5_WOC2.0_N2700_F270_R1|S_WPA_L36_DOC1.5_WOC2.0_N2700_F270_R1|U_WPB_L56_DOC4.0_WOC1.0_N2700_F270_R1|S_WPB_L56_DOC1.0_WOC1.0_N2700_F270_R1|S_WPA_L36_DOC1.0_WOC2.0_N2700_F270_R1|S_WPA_L36_DOC0.5_WOC2.0_N2700_F270_R3|U_WPA_L36_DOC3.0_WOC1.0_N3600_F360_R4|S_WPA_L36_DOC0.5_WOC2.0_N2700_F270_R1|S_WPA_L36_DOC3.0_WOC1.0_N1800_F180_R1|S_WPA_L36_DOC0.5_WOC2.0_N2700_F270_R2|S_WPA_L36_DOC1.5_WOC2.0_N2700_F270_R3|S_WPA_L36_DOC6.0_WOC1.0_N2700_F270_R3|S_WPA_L36_DOC0.5_WOC2.0_N2700_F270_R4|U_WPB_L56_DOC2.0_WOC1.0_N2700_F270_R3|U_WPB_L56_DOC2.0_WOC1.0_N2700_F270_R2|S_WPA_L36_DOC1.0_WOC2.0_N2700_F270_R3|S_WPA_L36_DOC1.0_WOC2.0_N2700_F270_R2|S_WPA_L36_DOC1.0_WOC2.0_N2700_F270_R4|S_WPA_L36_DOC1.0_WOC1.0_N3600_F360_R4|U_WPB_L56_DOC2.0_WOC1.0_N2700_F270_R4|U_WPB_L56_DOC2.0_WOC1.0_N3600_F360_R1|S_WPA_L36_DOC1.0_WOC1.0_N3600_F360_R3|S_WPA_L36_DOC1.5_WOC2.0_N2700_F270_R2|U_WPB_L56_DOC2.0_WOC1.0_N3600_F360_R3|S_WPA_L36_DOC1.5_WOC1.0_N3600_F360_R4|S_WPA_L36_DOC0.5_WOC1.0_N3600_F360_R4|S_WPA_L36_DOC1.0_WOC1.0_N3600_F360_R2,final structured retention evaluation
0,0,0,11,0.3,36,W2-k-medoids,uniform observed subset,36,23,21.0,15.0,1.0,1.0,1.0,1.0,S_WPA_L36_DOC0.5_WOC2.0_N2700_F270_R1|S_WPA_L36_DOC1.0_WOC1.0_N3600_F360_R1|S_WPA_L36_DOC1.0_WOC1.0_N3600_F360_R4|S_WPA_L36_DOC1.5_WOC2.0_N2700_F270_R2|S_WPA_L36_DOC2.0_WOC1.0_N1800_F180_R2|S_WPA_L36_DOC2.0_WOC1.0_N1800_F180_R3|S_WPA_L36_DOC2.0_WOC1.0_N2700_F270_R1|S_WPA_L36_DOC3.0_WOC1.0_N1800_F180_R2|S_WPA_L36_DOC3.0_WOC1.0_N1800_F180_R4|S_WPA_L36_DOC6.0_WOC1.0_N2700_F270_R2|S_WPA_L36_DOC6.0_WOC1.0_N2700_F270_R4|S_WPB_L56_DOC0.5_WOC1.0_N1800_F180_R4|S_WPB_L56_DOC0.5_WOC1.0_N2700_F270_R1|S_WPB_L56_DOC0.5_WOC1.0_N2700_F270_R4|S_WPB_L56_DOC1.0_WOC1.0_N1800_F180_R3|S_WPB_L56_DOC1.0_WOC1.0_N2700_F270_R2|S_WPB_L56_DOC1.5_WOC1.0_N2700_F270_R1|S_WPB_L56_DOC1.5_WOC1.0_N2700_F270_R3|S_WPB_L56_DOC1.5_WOC1.0_N3600_F360_R1|S_WPB_L56_DOC1.5_WOC1.0_N3600_F360_R4|S_WPB_L56_DOC1.5_WOC2.0_N2700_F270_R3|U_WPA_L36_DOC2.0_WOC1.0_N3600_F360_R2|U_WPA_L36_DOC2.0_WOC1.0_N3600_F360_R3|U_WPA_L36_DOC3.0_WOC1.0_N3600_F360_R1|U_WPA_L36_DOC3.0_WOC1.0_N3600_F360_R2|U_WPA_L36_DOC3.0_WOC1.0_N3600_F360_R3|U_WPB_L56_DOC2.0_WOC1.0_N1800_F180_R1|U_WPB_L56_DOC2.0_WOC1.0_N2700_F270_R3|U_WPB_L56_DOC2.0_WOC1.0_N3600_F360_R2|U_WPB_L56_DOC2.0_WOC2.0_N2700_F270_R2|U_WPB_L56_DOC4.0_WOC1.0_N2700_F270_R1|U_WPB_L56_DOC4.0_WOC1.0_N2700_F270_R3|U_WPB_L56_DOC4.0_WOC2.0_N2700_F270_R1|U_WPB_L56_DOC4.0_WOC2.0_N2700_F270_R3|U_WPB_L56_DOC6.0_WOC1.0_N2700_F270_R2|U_WPB_L56_DOC6.0_WOC1.0_N2700_F270_R3,final structured retention evaluation
1,0,1,11,0.3,36,Facility Location,uniform observed subset,36,24,22.0,14.0,0.9642857142857143,1.0,0.9285714285714286,0.9285714285714286,S_WPA_L36_DOC1.5_WOC2.0_N2700_F270_R2|U_WPB_L56_DOC3.0_WOC1.0_N3600_F360_R3|U_WPA_L36_DOC3.0_WOC1.0_N3600_F360_R4|S_WPB_L56_DOC1.0_WOC2.0_N2700_F270_R4|S_WPA_L36_DOC1.0_WOC1.0_N2700_F270_R1|S_WPB_L56_DOC1.0_WOC2.0_N2700_F270_R3|S_WPA_L36_DOC2.0_WOC1.0_N1800_F180_R2|S_WPB_L56_DOC1.5_WOC1.0_N3600_F360_R1|U_WPA_L36_DOC3.0_WOC1.0_N3600_F360_R2|U_WPA_L36_DOC3.0_WOC1.0_N3600_F360_R1|S_WPB_L56_DOC1.5_WOC1.0_N2700_F270_R1|S_WPB_L56_DOC1.0_WOC2.0_N2700_F270_R2|S_WPB_L56_DOC0.5_WOC1.0_N3600_F360_R1|S_WPA_L36_DOC2.0_WOC1.0_N1800_F180_R4|U_WPB_L56_DOC4.0_WOC2.0_N2700_F270_R2|U_WPA_L36_DOC4.0_WOC2.0_N2700_F270_R1|S_WPA_L36_DOC0.5_WOC1.0_N3600_F360_R4|S_WPA_L36_DOC1.5_WOC1.0_N1800_F180_R3|U_WPA_L36_DOC2.0_WOC2.0_N2700_F270_R2|U_WPB_L56_DOC2.0_WOC1.0_N1800_F180_R2|U_WPB_L56_DOC6.0_WOC1.0_N2700_F270_R3|S_WPA_L36_DOC4.0_WOC1.0_N2700_F270_R2|U_WPB_L56_DOC4.0_WOC2.0_N2700_F270_R1|S_WPA_L36_DOC1.0_WOC1.0_N2700_F270_R4|U_WPA_L36_DOC2.0_WOC1.0_N3600_F360_R4|S_WPA_L36_DOC0.5_WOC1.0_N2700_F270_R3|S_WPB_L56_DOC0.5_WOC1.0_N3600_F360_R2|S_WPB_L56_DOC1.5_WOC1.0_N3600_F360_R4|S_WPB_L56_DOC1.5_WOC1.0_N2700_F270_R3|U_WPB_L56_DOC2.0_WOC1.0_N3600_F360_R3|S_WPB_L56_DOC1.5_WOC1.0_N1800_F180_R3|S_WPB_L56_DOC1.0_WOC2.0_N2700_F270_R1|U_WPB_L56_DOC2.0_WOC1.0_N1800_F180_R3|S_WPA_L36_DOC1.0_WOC1.0_N1800_F180_R2|U_WPB_L56_DOC2.0_WOC1.0_N2700_F270_R2|S_WPB_L56_DOC1.0_WOC1.0_N2700_F270_R2,final structured retention evaluation
1,0,1,11,0.3,36,MRDS,uniform observed subset,36,18,26.0,10.0,0.9464285714285714,1.0,0.8928571428571429,0.8928571428571429,S_WPA_L36_DOC1.5_WOC2.0_N2700_F270_R2|S_WPB_L56_DOC1.5_WOC1.0_N3600_F360_R1|S_WPA_L36_DOC2.0_WOC1.0_N1800_F180_R2|U_WPA_L36_DOC3.0_WOC1.0_N3600_F360_R1|U_WPA_L36_DOC3.0_WOC1.0_N3600_F360_R2|S_WPB_L56_DOC0.5_WOC1.0_N3600_F360_R1|S_WPB_L56_DOC1.5_WOC1.0_N3600_F360_R4|S_WPB_L56_DOC1.0_WOC2.0_N2700_F270_R2|S_WPB_L56_DOC1.0_WOC2.0_N2700_F270_R3|U_WPB_L56_DOC4.0_WOC2.0_N2700_F270_R2|U_WPA_L36_DOC2.0_WOC1.0_N3600_F360_R3|S_WPA_L36_DOC1.0_WOC1.0_N1800_F180_R4|S_WPA_L36_DOC1.5_WOC2.0_N2700_F270_R1|U_WPA_L36_DOC4.0_WOC2.0_N2700_F270_R4|S_WPB_L56_DOC1.0_WOC1.0_N2700_F270_R2|S_WPA_L36_DOC6.0_WOC1.0_N2700_F270_R3|S_WPA_L36_DOC1.0_WOC1.0_N2700_F270_R1|S_WPB_L56_DOC1.0_WOC1.0_N2700_F270_R1|U_WPB_L56_DOC2.0_WOC1.0_N2700_F270_R3|S_WPA_L36_DOC1.5_WOC2.0_N2700_F270_R4|S_WPA_L36_DOC1.0_WOC1.0_N1800_F180_R3|S_WPA_L36_DOC0.5_WOC1.0_N3600_F360_R3|S_WPA_L36_DOC1.0_WOC2.0_N2700_F270_R4|S_WPA_L36_DOC0.5_WOC1.0_N3600_F360_R4|S_WPB_L56_DOC0.5_WOC1.0_N3600_F360_R2|U_WPB_L56_DOC2.0_WOC1.0_N2700_F270_R4|S_WPA_L36_DOC1.5_WOC2.0_N2700_F270_R3|U_WPA_L36_DOC2.0_WOC2.0_N2700_F270_R1|S_WPA_L36_DOC1.5_WOC1.0_N3600_F360_R2|S_WPA_L36_DOC1.5_WOC1.0_N3600_F360_R1|U_WPA_L36_DOC2.0_WOC2.0_N2700_F270_R4|S_WPA_L36_DOC1.5_WOC1.0_N3600_F360_R3|S_WPA_L36_DOC1.0_WOC2.0_N2700_F270_R1|U_WPB_L56_DOC2.0_WOC1.0_N2700_F270_R2|S_WPA_L36_DOC1.5_WOC1.0_N3600_F360_R4|S_WPA_L36_DOC1.0_WOC2.0_N2700_F270_R3,final structured retention evaluation
1,0,1,11,0.3,36,W2-k-medoids,uniform observed subset,36,24,21.0,15.0,0.9642857142857143,1.0,0.9285714285714286,0.9285714285714286,S_WPA_L36_DOC0.5_WOC1.0_N2700_F270_R3|S_WPA_L36_DOC0.5_WOC1.0_N3600_F360_R3|S_WPA_L36_DOC1.5_WOC1.0_N1800_F180_R3|S_WPA_L36_DOC1.5_WOC1.0_N3600_F360_R2|S_WPA_L36_DOC1.5_WOC2.0_N2700_F270_R2|S_WPA_L36_DOC2.0_WOC1.0_N1800_F180_R1|S_WPA_L36_DOC2.0_WOC1.0_N1800_F180_R2|S_WPA_L36_DOC4.0_WOC1.0_N2700_F270_R2|S_WPA_L36_DOC6.0_WOC1.0_N2700_F270_R4|S_WPB_L56_DOC0.5_WOC1.0_N3600_F360_R1|S_WPB_L56_DOC0.5_WOC1.0_N3600_F360_R2|S_WPB_L56_DOC1.0_WOC1.0_N2700_F270_R4|S_WPB_L56_DOC1.0_WOC2.0_N2700_F270_R1|S_WPB_L56_DOC1.0_WOC2.0_N2700_F270_R2|S_WPB_L56_DOC1.0_WOC2.0_N2700_F270_R3|S_WPB_L56_DOC1.5_WOC1.0_N1800_F180_R3|S_WPB_L56_DOC1.5_WOC1.0_N2700_F270_R1|S_WPB_L56_DOC1.5_WOC1.0_N2700_F270_R3|S_WPB_L56_DOC1.5_WOC1.0_N3600_F360_R1|S_WPB_L56_DOC1.5_WOC1.0_N3600_F360_R4|S_WPB_L56_DOC1.5_WOC2.0_N2700_F270_R3|U_WPA_L36_DOC2.0_WOC1.0_N3600_F360_R4|U_WPA_L36_DOC2.0_WOC2.0_N2700_F270_R2|U_WPA_L36_DOC3.0_WOC1.0_N3600_F360_R1|U_WPA_L36_DOC3.0_WOC1.0_N3600_F360_R2|U_WPA_L36_DOC3.0_WOC1.0_N3600_F360_R3|U_WPA_L36_DOC4.0_WOC2.0_N2700_F270_R3|U_WPA_L36_DOC4.0_WOC2.0_N2700_F270_R4|U_WPB_L56_DOC2.0_WOC1.0_N1800_F180_R2|U_WPB_L56_DOC2.0_WOC1.0_N1800_F180_R3|U_WPB_L56_DOC2.0_WOC1.0_N2700_F270_R3|U_WPB_L56_DOC3.0_WOC1.0_N3600_F360_R4|U_WPB_L56_DOC4.0_WOC2.0_N2700_F270_R1|U_WPB_L56_DOC4.0_WOC2.0_N2700_F270_R3|U_WPB_L56_DOC6.0_WOC1.0_N2700_F270_R2|U_WPB_L56_DOC6.0_WOC1.0_N2700_F270_R3,final structured retention evaluation
2,0,2,11,0.3,36,Facility Location,uniform observed subset,36,25,25.0,11.0,0.84375,0.6875,1.0,0.6875,S_WPA_L36_DOC1.5_WOC2.0_N2700_F270_R3|U_WPB_L56_DOC2.0_WOC1.0_N2700_F270_R2|S_WPB_L56_DOC1.0_WOC2.0_N2700_F270_R4|S_WPA_L36_DOC6.0_WOC1.0_N2700_F270_R2|U_WPA_L36_DOC2.0_WOC2.0_N2700_F270_R2|S_WPB_L56_DOC0.5_WOC1.0_N2700_F270_R3|S_WPB_L56_DOC0.5_WOC1.0_N3600_F360_R1|S_WPB_L56_DOC1.0_WOC2.0_N2700_F270_R2|S_WPB_L56_DOC1.5_WOC1.0_N3600_F360_R1|S_WPB_L56_DOC1.5_WOC1.0_N2700_F270_R1|U_WPB_L56_DOC4.0_WOC2.0_N2700_F270_R2|S_WPA_L36_DOC6.0_WOC1.0_N2700_F270_R4|S_WPA_L36_DOC1.5_WOC1.0_N1800_F180_R4|S_WPA_L36_DOC0.5_WOC2.0_N2700_F270_R1|S_WPB_L56_DOC1.0_WOC2.0_N2700_F270_R3|U_WPB_L56_DOC2.0_WOC1.0_N1800_F180_R1|S_WPA_L36_DOC3.0_WOC1.0_N1800_F180_R3|S_WPA_L36_DOC0.5_WOC1.0_N3600_F360_R4|U_WPB_L56_DOC2.0_WOC2.0_N2700_F270_R2|S_WPA_L36_DOC0.5_WOC1.0_N2700_F270_R1|U_WPB_L56_DOC4.0_WOC2.0_N2700_F270_R1|S_WPB_L56_DOC1.0_WOC1.0_N1800_F180_R2|U_WPB_L56_DOC4.0_WOC1.0_N2700_F270_R3|S_WPB_L56_DOC0.5_WOC1.0_N1800_F180_R2|U_WPA_L36_DOC4.0_WOC2.0_N2700_F270_R1|S_WPA_L36_DOC2.0_WOC1.0_N2700_F270_R1|U_WPB_L56_DOC3.0_WOC1.0_N3600_F360_R1|S_WPA_L36_DOC1.0_WOC1.0_N3600_F360_R1|S_WPB_L56_DOC1.5_WOC1.0_N3600_F360_R4|S_WPB_L56_DOC0.5_WOC1.0_N3600_F360_R2|S_WPB_L56_DOC0.5_WOC1.0_N2700_F270_R1|S_WPB_L56_DOC1.5_WOC1.0_N2700_F270_R3|S_WPB_L56_DOC1.0_WOC2.0_N2700_F270_R1|S_WPA_L36_DOC1.0_WOC1.0_N1800_F180_R2|U_WPB_L56_DOC4.0_WOC1.0_N2700_F270_R1|U_WPA_L36_DOC4.0_WOC2.0_N2700_F270_R2,final structured retention evaluation
2,0,2,11,0.3,36,MRDS,uniform observed subset,36,17,28.0,8.0,0.78125,0.5625,1.0,0.5625,S_WPA_L36_DOC0.5_WOC2.0_N2700_F270_R1|S_WPB_L56_DOC1.5_WOC1.0_N3600_F360_R1|S_WPB_L56_DOC1.0_WOC2.0_N2700_F270_R2|S_WPB_L56_DOC1.0_WOC2.0_N2700_F270_R3|S_WPB_L56_DOC1.5_WOC1.0_N3600_F360_R4|U_WPB_L56_DOC4.0_WOC2.0_N2700_F270_R2|S_WPA_L36_DOC1.0_WOC1.0_N1800_F180_R2|S_WPB_L56_DOC0.5_WOC1.0_N3600_F360_R1|S_WPB_L56_DOC0.5_WOC1.0_N1800_F180_R1|S_WPA_L36_DOC1.5_WOC1.0_N1800_F180_R1|S_WPB_L56_DOC1.0_WOC1.0_N1800_F180_R3|S_WPA_L36_DOC1.5_WOC2.0_N2700_F270_R1|U_WPB_L56_DOC2.0_WOC1.0_N2700_F270_R3|S_WPA_L36_DOC0.5_WOC2.0_N2700_F270_R2|S_WPA_L36_DOC0.5_WOC2.0_N2700_F270_R4|S_WPA_L36_DOC6.0_WOC1.0_N2700_F270_R3|S_WPA_L36_DOC1.0_WOC2.0_N2700_F270_R3|U_WPB_L56_DOC2.0_WOC1.0_N2700_F270_R2|U_WPB_L56_DOC4.0_WOC2.0_N2700_F270_R3|U_WPB_L56_DOC3.0_WOC1.0_N3600_F360_R4|S_WPA_L36_DOC1.0_WOC1.0_N3600_F360_R3|S_WPA_L36_DOC0.5_WOC2.0_N2700_F270_R3|S_WPA_L36_DOC1.0_WOC2.0_N2700_F270_R1|S_WPA_L36_DOC0.5_WOC1.0_N3600_F360_R4|S_WPB_L56_DOC1.0_WOC1.0_N1800_F180_R2|U_WPB_L56_DOC2.0_WOC1.0_N2700_F270_R4|U_WPB_L56_DOC2.0_WOC2.0_N2700_F270_R4|U_WPB_L56_DOC2.0_WOC1.0_N2700_F270_R1|S_WPB_L56_DOC1.0_WOC1.0_N1800_F180_R1|S_WPB_L56_DOC1.5_WOC1.0_N3600_F360_R2|S_WPA_L36_DOC1.0_WOC1.0_N3600_F360_R2|S_WPA_L36_DOC1.0_WOC2.0_N2700_F270_R4|S_WPA_L36_DOC1.5_WOC2.0_N2700_F270_R2|S_WPA_L36_DOC1.5_WOC2.0_N2700_F270_R4|S_WPA_L36_DOC1.5_WOC2.0_N2700_F270_R3|S_WPA_L36_DOC1.0_WOC1.0_N3600_F360_R4,final structured retention evaluation
2,0,2,11,0.3,36,W2-k-medoids,uniform observed subset,36,24,25.0,11.0,0.875,0.75,1.0,0.75,S_WPA_L36_DOC0.5_WOC1.0_N2700_F270_R3|S_WPA_L36_DOC0.5_WOC2.0_N2700_F270_R1|S_WPA_L36_DOC1.0_WOC1.0_N1800_F180_R2|S_WPA_L36_DOC1.0_WOC1.0_N3600_F360_R1|S_WPA_L36_DOC1.0_WOC1.0_N3600_F360_R4|S_WPA_L36_DOC1.5_WOC1.0_N1800_F180_R3|S_WPA_L36_DOC1.5_WOC2.0_N2700_F270_R3|S_WPA_L36_DOC2.0_WOC1.0_N2700_F270_R1|S_WPA_L36_DOC3.0_WOC1.0_N1800_F180_R2|S_WPA_L36_DOC3.0_WOC1.0_N1800_F180_R4|S_WPA_L36_DOC6.0_WOC1.0_N2700_F270_R2|S_WPA_L36_DOC6.0_WOC1.0_N2700_F270_R4|S_WPB_L56_DOC0.5_WOC1.0_N1800_F180_R2|S_WPB_L56_DOC0.5_WOC1.0_N2700_F270_R1|S_WPB_L56_DOC0.5_WOC1.0_N2700_F270_R4|S_WPB_L56_DOC0.5_WOC1.0_N3600_F360_R1|S_WPB_L56_DOC0.5_WOC1.0_N3600_F360_R2|S_WPB_L56_DOC1.0_WOC1.0_N1800_F180_R2|S_WPB_L56_DOC1.0_WOC2.0_N2700_F270_R1|S_WPB_L56_DOC1.0_WOC2.0_N2700_F270_R2|S_WPB_L56_DOC1.0_WOC2.0_N2700_F270_R3|S_WPB_L56_DOC1.5_WOC1.0_N2700_F270_R1|S_WPB_L56_DOC1.5_WOC1.0_N2700_F270_R3|S_WPB_L56_DOC1.5_WOC1.0_N3600_F360_R1|S_WPB_L56_DOC1.5_WOC1.0_N3600_F360_R4|U_WPA_L36_DOC2.0_WOC2.0_N2700_F270_R2|U_WPA_L36_DOC4.0_WOC2.0_N2700_F270_R2|U_WPA_L36_DOC4.0_WOC2.0_N2700_F270_R4|U_WPB_L56_DOC2.0_WOC1.0_N1800_F180_R1|U_WPB_L56_DOC2.0_WOC1.0_N2700_F270_R3|U_WPB_L56_DOC2.0_WOC2.0_N2700_F270_R2|U_WPB_L56_DOC3.0_WOC1.0_N3600_F360_R1|U_WPB_L56_DOC4.0_WOC1.0_N2700_F270_R1|U_WPB_L56_DOC4.0_WOC1.0_N2700_F270_R3|U_WPB_L56_DOC4.0_WOC2.0_N2700_F270_R1|U_WPB_L56_DOC4.0_WOC2.0_N2700_F270_R3,final structured retention evaluation
3,0,3,11,0.3,36,Facility Location,uniform observed subset,36,27,22.0,14.0,0.875,0.75,1.0,0.75,S_WPA_L36_DOC1.5_WOC1.0_N3600_F360_R4|U_WPB_L56_DOC3.0_WOC1.0_N3600_F360_R3|U_WPA_L36_DOC3.0_WOC1.0_N3600_F360_R4|S_WPA_L36_DOC1.0_WOC1.0_N2700_F270_R1|S_WPB_L56_DOC1.0_WOC2.0_N2700_F270_R4|S_WPB_L56_DOC1.0_WOC2.0_N2700_F270_R3|S_WPB_L56_DOC0.5_WOC1.0_N2700_F270_R3|S_WPA_L36_DOC2.0_WOC1.0_N1800_F180_R2|U_WPA_L36_DOC3.0_WOC1.0_N3600_F360_R2|U_WPA_L36_DOC3.0_WOC1.0_N3600_F360_R1|S_WPA_L36_DOC1.5_WOC1.0_N1800_F180_R2|U_WPA_L36_DOC4.0_WOC2.0_N2700_F270_R1|S_WPB_L56_DOC1.0_WOC2.0_N2700_F270_R2|S_WPB_L56_DOC0.5_WOC1.0_N3600_F360_R1|S_WPA_L36_DOC1.0_WOC1.0_N1800_F180_R3|S_WPA_L36_DOC3.0_WOC1.0_N1800_F180_R3|U_WPB_L56_DOC3.0_WOC1.0_N1800_F180_R1|U_WPB_L56_DOC4.0_WOC1.0_N2700_F270_R3|S_WPA_L36_DOC2.0_WOC1.0_N2700_F270_R4|U_WPA_L36_DOC2.0_WOC2.0_N2700_F270_R3|U_WPB_L56_DOC6.0_WOC1.0_N2700_F270_R3|U_WPB_L56_DOC6.0_WOC1.0_N2700_F270_R2|U_WPA_L36_DOC2.0_WOC1.0_N3600_F360_R4|S_WPB_L56_DOC0.5_WOC1.0_N1800_F180_R2|S_WPA_L36_DOC1.0_WOC1.0_N3600_F360_R1|S_WPA_L36_DOC0.5_WOC1.0_N2700_F270_R3|S_WPB_L56_DOC1.0_WOC1.0_N1800_F180_R2|S_WPB_L56_DOC0.5_WOC1.0_N2700_F270_R1|S_WPB_L56_DOC1.0_WOC1.0_N2700_F270_R4|S_WPB_L56_DOC1.0_WOC1.0_N3600_F360_R1|U_WPB_L56_DOC4.0_WOC1.0_N2700_F270_R1|U_WPB_L56_DOC2.0_WOC1.0_N3600_F360_R3|U_WPB_L56_DOC2.0_WOC2.0_N2700_F270_R2|S_WPA_L36_DOC0.5_WOC2.0_N2700_F270_R1|S_WPA_L36_DOC2.0_WOC1.0_N1800_F180_R1|S_WPA_L36_DOC3.0_WOC1.0_N1800_F180_R2,final structured retention evaluation
3,0,3,11,0.3,36,MRDS,uniform observed subset,36,21,23.0,13.0,0.8452380952380952,0.8333333333333334,0.8571428571428571,0.8333333333333334,S_WPA_L36_DOC0.5_WOC1.0_N2700_F270_R1|S_WPA_L36_DOC2.0_WOC1.0_N1800_F180_R2|U_WPA_L36_DOC3.0_WOC1.0_N3600_F360_R1|U_WPA_L36_DOC3.0_WOC1.0_N3600_F360_R2|S_WPB_L56_DOC0.5_WOC1.0_N3600_F360_R1|U_WPA_L36_DOC3.0_WOC1.0_N3600_F360_R4|S_WPA_L36_DOC1.0_WOC1.0_N1800_F180_R2|S_WPB_L56_DOC1.0_WOC2.0_N2700_F270_R2|S_WPB_L56_DOC1.0_WOC2.0_N2700_F270_R3|U_WPB_L56_DOC4.0_WOC1.0_N2700_F270_R1|S_WPA_L36_DOC2.0_WOC1.0_N1800_F180_R4|S_WPB_L56_DOC0.5_WOC1.0_N2700_F270_R2|S_WPB_L56_DOC1.5_WOC1.0_N1800_F180_R3|S_WPA_L36_DOC0.5_WOC2.0_N2700_F270_R4|S_WPA_L36_DOC3.0_WOC1.0_N1800_F180_R2|U_WPB_L56_DOC6.0_WOC1.0_N2700_F270_R3|U_WPA_L36_DOC2.0_WOC2.0_N2700_F270_R1|S_WPA_L36_DOC0.5_WOC1.0_N2700_F270_R2|S_WPA_L36_DOC0.5_WOC2.0_N2700_F270_R3|S_WPA_L36_DOC1.0_WOC1.0_N1800_F180_R3|S_WPB_L56_DOC0.5_WOC1.0_N1800_F180_R2|S_WPB_L56_DOC1.5_WOC1.0_N1800_F180_R4|S_WPB_L56_DOC1.0_WOC1.0_N3600_F360_R1|U_WPB_L56_DOC3.0_WOC1.0_N3600_F360_R2|S_WPA_L36_DOC1.5_WOC1.0_N3600_F360_R1|S_WPA_L36_DOC1.5_WOC1.0_N3600_F360_R2|S_WPA_L36_DOC1.0_WOC1.0_N3600_F360_R3|S_WPA_L36_DOC1.5_WOC1.0_N3600_F360_R4|U_WPA_L36_DOC2.0_WOC2.0_N2700_F270_R3|U_WPB_L56_DOC2.0_WOC2.0_N2700_F270_R4|U_WPA_L36_DOC4.0_WOC2.0_N2700_F270_R1|U_WPA_L36_DOC2.0_WOC2.0_N2700_F270_R4|S_WPA_L36_DOC0.5_WOC2.0_N2700_F270_R1|U_WPA_L36_DOC4.0_WOC2.0_N2700_F270_R4|U_WPB_L56_DOC3.0_WOC1.0_N3600_F360_R1|S_WPA_L36_DOC1.5_WOC1.0_N1800_F180_R2,final structured retention evaluation
3,0,3,11,0.3,36,W2-k-medoids,uniform observed subset,36,25,21.0,15.0,0.875,0.75,1.0,0.75,S_WPA_L36_DOC0.5_WOC1.0_N2700_F270_R3|S_WPA_L36_DOC0.5_WOC2.0_N2700_F270_R1|S_WPA_L36_DOC1.0_WOC1.0_N2700_F270_R2|S_WPA_L36_DOC1.0_WOC1.0_N3600_F360_R1|S_WPA_L36_DOC1.5_WOC1.0_N1800_F180_R1|S_WPA_L36_DOC1.5_WOC1.0_N3600_F360_R2|S_WPA_L36_DOC2.0_WOC1.0_N1800_F180_R1|S_WPA_L36_DOC2.0_WOC1.0_N1800_F180_R2|S_WPA_L36_DOC2.0_WOC1.0_N2700_F270_R1|S_WPA_L36_DOC2.0_WOC1.0_N2700_F270_R3|S_WPA_L36_DOC3.0_WOC1.0_N1800_F180_R4|S_WPB_L56_DOC0.5_WOC1.0_N2700_F270_R1|S_WPB_L56_DOC0.5_WOC1.0_N2700_F270_R4|S_WPB_L56_DOC0.5_WOC1.0_N3600_F360_R1|S_WPB_L56_DOC0.5_WOC1.0_N3600_F360_R2|S_WPB_L56_DOC1.0_WOC1.0_N1800_F180_R2|S_WPB_L56_DOC1.0_WOC1.0_N2700_F270_R4|S_WPB_L56_DOC1.0_WOC2.0_N2700_F270_R2|S_WPB_L56_DOC1.0_WOC2.0_N2700_F270_R3|S_WPB_L56_DOC1.5_WOC1.0_N1800_F180_R3|S_WPB_L56_DOC1.5_WOC2.0_N2700_F270_R3|U_WPA_L36_DOC2.0_WOC1.0_N3600_F360_R1|U_WPA_L36_DOC2.0_WOC1.0_N3600_F360_R4|U_WPA_L36_DOC2.0_WOC2.0_N2700_F270_R3|U_WPA_L36_DOC3.0_WOC1.0_N3600_F360_R1|U_WPA_L36_DOC3.0_WOC1.0_N3600_F360_R2|U_WPA_L36_DOC3.0_WOC1.0_N3600_F360_R3|U_WPA_L36_DOC4.0_WOC2.0_N2700_F270_R2|U_WPA_L36_DOC4.0_WOC2.0_N2700_F270_R4|U_WPB_L56_DOC2.0_WOC2.0_N2700_F270_R2|U_WPB_L56_DOC3.0_WOC1.0_N1800_F180_R1|U_WPB_L56_DOC3.0_WOC1.0_N3600_F360_R4|U_WPB_L56_DOC4.0_WOC1.0_N2700_F270_R1|U_WPB_L56_DOC4.0_WOC1.0_N2700_F270_R3|U_WPB_L56_DOC6.0_WOC1.0_N2700_F270_R2|U_WPB_L56_DOC6.0_WOC1.0_N2700_F270_R3,final structured retention evaluation
4,1,0,23,0.3,36,Facility Location,uniform observed subset,36,24,24.0,12.0,0.8095238095238095,0.8333333333333334,0.7857142857142857,0.7857142857142857,S_WPA_L36_DOC1.5_WOC1.0_N3600_F360_R4|U_WPB_L56_DOC3.0_WOC1.0_N3600_F360_R3|S_WPB_L56_DOC1.0_WOC2.0_N2700_F270_R4|S_WPB_L56_DOC1.0_WOC1.0_N2700_F270_R2|U_WPA_L36_DOC2.0_WOC2.0_N2700_F270_R2|S_WPB_L56_DOC1.0_WOC2.0_N2700_F270_R3|U_WPB_L56_DOC4.0_WOC2.0_N2700_F270_R4|S_WPB_L56_DOC1.0_WOC2.0_N2700_F270_R2|S_WPB_L56_DOC1.5_WOC1.0_N3600_F360_R1|S_WPB_L56_DOC1.5_WOC1.0_N2700_F270_R1|S_WPB_L56_DOC0.5_WOC1.0_N2700_F270_R3|S_WPA_L36_DOC2.0_WOC1.0_N1800_F180_R2|S_WPA_L36_DOC1.5_WOC1.0_N1800_F180_R4|S_WPA_L36_DOC0.5_WOC2.0_N2700_F270_R1|S_WPB_L56_DOC0.5_WOC1.0_N3600_F360_R1|U_WPB_L56_DOC2.0_WOC1.0_N1800_F180_R1|U_WPB_L56_DOC4.0_WOC2.0_N2700_F270_R1|S_WPA_L36_DOC3.0_WOC1.0_N1800_F180_R3|U_WPA_L36_DOC4.0_WOC2.0_N2700_F270_R1|U_WPB_L56_DOC6.0_WOC1.0_N2700_F270_R1|U_WPB_L56_DOC4.0_WOC1.0_N2700_F270_R3|S_WPB_L56_DOC1.0_WOC1.0_N1800_F180_R3|S_WPA_L36_DOC2.0_WOC1.0_N1800_F180_R1|S_WPA_L36_DOC0.5_WOC1.0_N2700_F270_R3|S_WPA_L36_DOC1.0_WOC1.0_N3600_F360_R1|S_WPA_L36_DOC1.0_WOC1.0_N3600_F360_R4|U_WPB_L56_DOC2.0_WOC1.0_N3600_F360_R3|U_WPB_L56_DOC6.0_WOC1.0_N2700_F270_R2|S_WPB_L56_DOC1.5_WOC1.0_N3600_F360_R4|U_WPB_L56_DOC4.0_WOC1.0_N2700_F270_R1|S_WPB_L56_DOC1.0_WOC1.0_N3600_F360_R1|S_WPB_L56_DOC1.5_WOC1.0_N2700_F270_R3|S_WPB_L56_DOC0.5_WOC1.0_N2700_F270_R1|S_WPB_L56_DOC1.0_WOC2.0_N2700_F270_R1|S_WPB_L56_DOC1.5_WOC1.0_N1800_F180_R3|U_WPB_L56_DOC4.0_WOC2.0_N2700_F270_R2,final structured retention evaluation
4,1,0,23,0.3,36,MRDS,uniform observed subset,36,21,24.0,12.0,0.7023809523809523,0.8333333333333334,0.5714285714285714,0.5714285714285714,S_WPA_L36_DOC0.5_WOC1.0_N3600_F360_R4|S_WPB_L56_DOC1.5_WOC1.0_N3600_F360_R1|S_WPA_L36_DOC2.0_WOC1.0_N1800_F180_R2|S_WPB_L56_DOC1.0_WOC2.0_N2700_F270_R3|S_WPB_L56_DOC1.5_WOC1.0_N3600_F360_R4|S_WPB_L56_DOC1.0_WOC2.0_N2700_F270_R2|U_WPB_L56_DOC4.0_WOC2.0_N2700_F270_R1|S_WPB_L56_DOC0.5_WOC1.0_N3600_F360_R1|S_WPA_L36_DOC1.5_WOC1.0_N1800_F180_R1|U_WPA_L36_DOC4.0_WOC2.0_N2700_F270_R3|S_WPA_L36_DOC1.0_WOC1.0_N1800_F180_R1|S_WPA_L36_DOC1.0_WOC1.0_N1800_F180_R2|U_WPB_L56_DOC2.0_WOC1.0_N1800_F180_R2|U_WPA_L36_DOC2.0_WOC2.0_N2700_F270_R1|S_WPA_L36_DOC1.0_WOC2.0_N2700_F270_R1|S_WPA_L36_DOC0.5_WOC2.0_N2700_F270_R4|S_WPA_L36_DOC1.0_WOC1.0_N1800_F180_R3|U_WPB_L56_DOC4.0_WOC1.0_N2700_F270_R2|S_WPA_L36_DOC1.0_WOC2.0_N2700_F270_R2|S_WPA_L36_DOC1.5_WOC1.0_N3600_F360_R4|U_WPB_L56_DOC2.0_WOC1.0_N3600_F360_R4|S_WPA_L36_DOC0.5_WOC2.0_N2700_F270_R2|U_WPB_L56_DOC2.0_WOC1.0_N3600_F360_R3|U_WPA_L36_DOC4.0_WOC2.0_N2700_F270_R4|S_WPA_L36_DOC1.5_WOC1.0_N3600_F360_R3|U_WPA_L36_DOC2.0_WOC2.0_N2700_F270_R4|S_WPA_L36_DOC1.0_WOC1.0_N3600_F360_R4|S_WPB_L56_DOC1.0_WOC1.0_N3600_F360_R1|S_WPB_L56_DOC0.5_WOC1.0_N3600_F360_R2|S_WPB_L56_DOC1.5_WOC1.0_N3600_F360_R2|U_WPB_L56_DOC2.0_WOC2.0_N2700_F270_R1|S_WPA_L36_DOC1.5_WOC1.0_N3600_F360_R2|U_WPB_L56_DOC3.0_WOC1.0_N3600_F360_R4|U_WPB_L56_DOC4.0_WOC1.0_N2700_F270_R1|S_WPA_L36_DOC0.5_WOC2.0_N2700_F270_R3|S_WPB_L56_DOC1.0_WOC1.0_N1800_F180_R1,final structured retention evaluation
4,1,0,23,0.3,36,W2-k-medoids,uniform observed subset,36,24,24.0,12.0,0.8809523809523809,0.8333333333333334,0.9285714285714286,0.8333333333333334,S_WPA_L36_DOC0.5_WOC1.0_N2700_F270_R3|S_WPA_L36_DOC0.5_WOC2.0_N2700_F270_R3|S_WPA_L36_DOC1.0_WOC1.0_N3600_F360_R1|S_WPA_L36_DOC1.0_WOC1.0_N3600_F360_R4|S_WPA_L36_DOC1.0_WOC2.0_N2700_F270_R4|S_WPA_L36_DOC1.5_WOC1.0_N1800_F180_R1|S_WPA_L36_DOC2.0_WOC1.0_N1800_F180_R1|S_WPA_L36_DOC2.0_WOC1.0_N1800_F180_R2|S_WPA_L36_DOC3.0_WOC1.0_N1800_F180_R4|S_WPB_L56_DOC0.5_WOC1.0_N2700_F270_R1|S_WPB_L56_DOC0.5_WOC1.0_N2700_F270_R4|S_WPB_L56_DOC0.5_WOC1.0_N3600_F360_R1|S_WPB_L56_DOC0.5_WOC1.0_N3600_F360_R2|S_WPB_L56_DOC1.0_WOC1.0_N1800_F180_R3|S_WPB_L56_DOC1.0_WOC1.0_N2700_F270_R4|S_WPB_L56_DOC1.0_WOC2.0_N2700_F270_R1|S_WPB_L56_DOC1.0_WOC2.0_N2700_F270_R2|S_WPB_L56_DOC1.0_WOC2.0_N2700_F270_R3|S_WPB_L56_DOC1.5_WOC1.0_N1800_F180_R3|S_WPB_L56_DOC1.5_WOC1.0_N2700_F270_R1|S_WPB_L56_DOC1.5_WOC1.0_N2700_F270_R3|S_WPB_L56_DOC1.5_WOC1.0_N3600_F360_R1|S_WPB_L56_DOC1.5_WOC1.0_N3600_F360_R4|S_WPB_L56_DOC1.5_WOC2.0_N2700_F270_R3|U_WPA_L36_DOC2.0_WOC2.0_N2700_F270_R2|U_WPA_L36_DOC4.0_WOC2.0_N2700_F270_R2|U_WPA_L36_DOC4.0_WOC2.0_N2700_F270_R4|U_WPB_L56_DOC2.0_WOC1.0_N1800_F180_R1|U_WPB_L56_DOC2.0_WOC2.0_N2700_F270_R3|U_WPB_L56_DOC3.0_WOC1.0_N3600_F360_R4|U_WPB_L56_DOC4.0_WOC1.0_N2700_F270_R1|U_WPB_L56_DOC4.0_WOC1.0_N2700_F270_R3|U_WPB_L56_DOC4.0_WOC2.0_N2700_F270_R1|U_WPB_L56_DOC4.0_WOC2.0_N2700_F270_R2|U_WPB_L56_DOC6.0_WOC1.0_N2700_F270_R2|U_WPB_L56_DOC6.0_WOC1.0_N2700_F270_R3,final structured retention evaluation
5,1,1,23,0.3,36,Facility Location,uniform observed subset,36,23,22.0,14.0,1.0,1.0,1.0,1.0,S_WPA_L36_DOC1.5_WOC2.0_N2700_F270_R1|U_WPA_L36_DOC3.0_WOC1.0_N3600_F360_R4|S_WPB_L56_DOC1.0_WOC2.0_N2700_F270_R4|U_WPB_L56_DOC3.0_WOC1.0_N3600_F360_R3|S_WPA_L36_DOC1.0_WOC1.0_N2700_F270_R1|S_WPB_L56_DOC0.5_WOC1.0_N2700_F270_R3|S_WPB_L56_DOC1.0_WOC2.0_N2700_F270_R3|S_WPB_L56_DOC1.0_WOC2.0_N2700_F270_R2|U_WPA_L36_DOC3.0_WOC1.0_N3600_F360_R2|U_WPA_L36_DOC3.0_WOC1.0_N3600_F360_R1|S_WPB_L56_DOC1.5_WOC1.0_N2700_F270_R1|S_WPB_L56_DOC0.5_WOC1.0_N3600_F360_R1|S_WPA_L36_DOC0.5_WOC1.0_N3600_F360_R4|U_WPB_L56_DOC4.0_WOC2.0_N2700_F270_R2|S_WPA_L36_DOC3.0_WOC1.0_N1800_F180_R3|U_WPB_L56_DOC2.0_WOC1.0_N1800_F180_R1|S_WPA_L36_DOC6.0_WOC1.0_N2700_F270_R2|U_WPB_L56_DOC6.0_WOC1.0_N2700_F270_R3|U_WPA_L36_DOC2.0_WOC2.0_N2700_F270_R3|S_WPB_L56_DOC0.5_WOC1.0_N2700_F270_R1|S_WPA_L36_DOC1.0_WOC1.0_N1800_F180_R2|U_WPB_L56_DOC4.0_WOC2.0_N2700_F270_R1|S_WPB_L56_DOC1.0_WOC1.0_N2700_F270_R1|S_WPA_L36_DOC1.0_WOC1.0_N3600_F360_R1|U_WPA_L36_DOC2.0_WOC1.0_N3600_F360_R4|S_WPA_L36_DOC2.0_WOC1.0_N2700_F270_R1|S_WPB_L56_DOC1.0_WOC1.0_N3600_F360_R1|U_WPB_L56_DOC2.0_WOC1.0_N1800_F180_R3|U_WPB_L56_DOC3.0_WOC1.0_N3600_F360_R4|S_WPB_L56_DOC1.5_WOC1.0_N2700_F270_R3|U_WPB_L56_DOC2.0_WOC1.0_N2700_F270_R3|S_WPB_L56_DOC0.5_WOC1.0_N1800_F180_R4|S_WPB_L56_DOC1.0_WOC2.0_N2700_F270_R1|S_WPA_L36_DOC2.0_WOC1.0_N2700_F270_R2|S_WPA_L36_DOC6.0_WOC1.0_N2700_F270_R4|U_WPB_L56_DOC4.0_WOC2.0_N2700_F270_R3,final structured retention evaluation
5,1,1,23,0.3,36,MRDS,uniform observed subset,36,20,24.0,12.0,1.0,1.0,1.0,1.0,S_WPB_L56_DOC1.0_WOC1.0_N2700_F270_R1|S_WPB_L56_DOC1.0_WOC2.0_N2700_F270_R2|U_WPA_L36_DOC3.0_WOC1.0_N3600_F360_R1|U_WPA_L36_DOC3.0_WOC1.0_N3600_F360_R2|S_WPB_L56_DOC0.5_WOC1.0_N3600_F360_R1|S_WPB_L56_DOC1.5_WOC1.0_N2700_F270_R2|U_WPB_L56_DOC4.0_WOC2.0_N2700_F270_R2|S_WPB_L56_DOC1.0_WOC2.0_N2700_F270_R3|U_WPA_L36_DOC3.0_WOC1.0_N3600_F360_R4|S_WPB_L56_DOC0.5_WOC1.0_N2700_F270_R2|S_WPA_L36_DOC1.0_WOC1.0_N1800_F180_R2|S_WPA_L36_DOC1.0_WOC2.0_N2700_F270_R1|S_WPA_L36_DOC1.5_WOC2.0_N2700_F270_R4|S_WPA_L36_DOC1.0_WOC2.0_N2700_F270_R3|S_WPA_L36_DOC1.0_WOC1.0_N1800_F180_R4|S_WPB_L56_DOC0.5_WOC1.0_N1800_F180_R2|U_WPA_L36_DOC2.0_WOC2.0_N2700_F270_R1|U_WPA_L36_DOC2.0_WOC2.0_N2700_F270_R4|U_WPB_L56_DOC2.0_WOC1.0_N2700_F270_R3|S_WPA_L36_DOC2.0_WOC1.0_N2700_F270_R2|S_WPB_L56_DOC1.0_WOC2.0_N2700_F270_R4|S_WPA_L36_DOC1.5_WOC1.0_N3600_F360_R2|S_WPA_L36_DOC1.5_WOC1.0_N3600_F360_R1|U_WPB_L56_DOC2.0_WOC1.0_N2700_F270_R2|S_WPA_L36_DOC1.0_WOC1.0_N3600_F360_R3|U_WPA_L36_DOC2.0_WOC2.0_N2700_F270_R2|S_WPA_L36_DOC1.5_WOC1.0_N3600_F360_R4|U_WPB_L56_DOC2.0_WOC1.0_N2700_F270_R4|S_WPA_L36_DOC1.5_WOC2.0_N2700_F270_R2|S_WPA_L36_DOC1.5_WOC2.0_N2700_F270_R3|U_WPB_L56_DOC3.0_WOC1.0_N3600_F360_R1|S_WPA_L36_DOC6.0_WOC1.0_N2700_F270_R3|S_WPA_L36_DOC1.5_WOC2.0_N2700_F270_R1|U_WPB_L56_DOC2.0_WOC1.0_N3600_F360_R1|S_WPB_L56_DOC0.5_WOC1.0_N3600_F360_R3|S_WPA_L36_DOC0.5_WOC1.0_N3600_F360_R4,final structured retention evaluation
5,1,1,23,0.3,36,W2-k-medoids,uniform observed subset,36,22,22.0,14.0,1.0,1.0,1.0,1.0,S_WPA_L36_DOC0.5_WOC1.0_N3600_F360_R4|S_WPA_L36_DOC1.0_WOC1.0_N1800_F180_R2|S_WPA_L36_DOC1.0_WOC1.0_N3600_F360_R1|S_WPA_L36_DOC1.5_WOC1.0_N3600_F360_R2|S_WPA_L36_DOC1.5_WOC2.0_N2700_F270_R1|S_WPA_L36_DOC2.0_WOC1.0_N2700_F270_R1|S_WPA_L36_DOC3.0_WOC1.0_N1800_F180_R2|S_WPA_L36_DOC3.0_WOC1.0_N1800_F180_R3|S_WPA_L36_DOC6.0_WOC1.0_N2700_F270_R2|S_WPA_L36_DOC6.0_WOC1.0_N2700_F270_R4|S_WPB_L56_DOC0.5_WOC1.0_N1800_F180_R4|S_WPB_L56_DOC0.5_WOC1.0_N2700_F270_R1|S_WPB_L56_DOC0.5_WOC1.0_N2700_F270_R3|S_WPB_L56_DOC0.5_WOC1.0_N3600_F360_R1|S_WPB_L56_DOC0.5_WOC1.0_N3600_F360_R2|S_WPB_L56_DOC1.0_WOC1.0_N2700_F270_R4|S_WPB_L56_DOC1.0_WOC2.0_N2700_F270_R1|S_WPB_L56_DOC1.0_WOC2.0_N2700_F270_R2|S_WPB_L56_DOC1.0_WOC2.0_N2700_F270_R3|S_WPB_L56_DOC1.0_WOC2.0_N2700_F270_R4|S_WPB_L56_DOC1.5_WOC1.0_N2700_F270_R1|S_WPB_L56_DOC1.5_WOC1.0_N2700_F270_R3|U_WPA_L36_DOC2.0_WOC1.0_N3600_F360_R2|U_WPA_L36_DOC2.0_WOC1.0_N3600_F360_R3|U_WPA_L36_DOC2.0_WOC2.0_N2700_F270_R3|U_WPA_L36_DOC3.0_WOC1.0_N3600_F360_R1|U_WPA_L36_DOC3.0_WOC1.0_N3600_F360_R2|U_WPA_L36_DOC3.0_WOC1.0_N3600_F360_R3|U_WPB_L56_DOC2.0_WOC1.0_N1800_F180_R1|U_WPB_L56_DOC2.0_WOC1.0_N1800_F180_R3|U_WPB_L56_DOC2.0_WOC1.0_N2700_F270_R3|U_WPB_L56_DOC3.0_WOC1.0_N3600_F360_R4|U_WPB_L56_DOC4.0_WOC2.0_N2700_F270_R1|U_WPB_L56_DOC4.0_WOC2.0_N2700_F270_R3|U_WPB_L56_DOC6.0_WOC1.0_N2700_F270_R2|U_WPB_L56_DOC6.0_WOC1.0_N2700_F270_R3,final structured retention evaluation
6,1,2,23,0.3,36,Facility Location,uniform observed subset,36,23,22.0,14.0,0.8988095238095238,0.8333333333333334,0.9642857142857143,0.8333333333333334,S_WPA_L36_DOC1.5_WOC2.0_N2700_F270_R2|U_WPB_L56_DOC3.0_WOC1.0_N3600_F360_R3|S_WPA_L36_DOC1.0_WOC1.0_N2700_F270_R1|S_WPB_L56_DOC1.0_WOC2.0_N2700_F270_R4|U_WPA_L36_DOC2.0_WOC1.0_N3600_F360_R3|U_WPB_L56_DOC4.0_WOC2.0_N2700_F270_R4|S_WPB_L56_DOC1.0_WOC2.0_N2700_F270_R3|S_WPA_L36_DOC2.0_WOC1.0_N1800_F180_R2|S_WPB_L56_DOC1.5_WOC1.0_N3600_F360_R1|U_WPA_L36_DOC3.0_WOC1.0_N3600_F360_R2|U_WPA_L36_DOC3.0_WOC1.0_N3600_F360_R1|S_WPB_L56_DOC1.0_WOC2.0_N2700_F270_R2|S_WPB_L56_DOC0.5_WOC1.0_N3600_F360_R1|S_WPA_L36_DOC1.5_WOC1.0_N1800_F180_R2|S_WPA_L36_DOC0.5_WOC1.0_N3600_F360_R4|S_WPA_L36_DOC6.0_WOC1.0_N2700_F270_R2|U_WPB_L56_DOC4.0_WOC2.0_N2700_F270_R1|U_WPB_L56_DOC4.0_WOC1.0_N2700_F270_R1|S_WPB_L56_DOC1.5_WOC1.0_N1800_F180_R3|U_WPB_L56_DOC6.0_WOC1.0_N2700_F270_R3|S_WPA_L36_DOC0.5_WOC2.0_N2700_F270_R2|S_WPA_L36_DOC1.0_WOC1.0_N2700_F270_R4|U_WPB_L56_DOC4.0_WOC1.0_N2700_F270_R3|S_WPB_L56_DOC1.5_WOC1.0_N3600_F360_R4|U_WPA_L36_DOC4.0_WOC2.0_N2700_F270_R3|S_WPB_L56_DOC1.0_WOC1.0_N1800_F180_R3|S_WPA_L36_DOC1.0_WOC1.0_N3600_F360_R1|S_WPA_L36_DOC0.5_WOC1.0_N2700_F270_R3|S_WPA_L36_DOC2.0_WOC1.0_N2700_F270_R1|S_WPB_L56_DOC1.0_WOC2.0_N2700_F270_R1|U_WPB_L56_DOC6.0_WOC1.0_N2700_F270_R2|U_WPB_L56_DOC3.0_WOC1.0_N3600_F360_R4|S_WPA_L36_DOC2.0_WOC1.0_N1800_F180_R3|U_WPA_L36_DOC2.0_WOC1.0_N3600_F360_R2|U_WPA_L36_DOC3.0_WOC1.0_N3600_F360_R3|S_WPB_L56_DOC1.0_WOC1.0_N2700_F270_R4,final structured retention evaluation
6,1,2,23,0.3,36,MRDS,uniform observed subset,36,21,24.0,12.0,0.8809523809523809,0.8333333333333334,0.9285714285714286,0.8333333333333334,S_WPA_L36_DOC6.0_WOC1.0_N2700_F270_R3|S_WPB_L56_DOC1.5_WOC1.0_N3600_F360_R1|S_WPA_L36_DOC2.0_WOC1.0_N1800_F180_R2|U_WPA_L36_DOC3.0_WOC1.0_N3600_F360_R1|U_WPA_L36_DOC3.0_WOC1.0_N3600_F360_R2|S_WPB_L56_DOC0.5_WOC1.0_N3600_F360_R1|S_WPB_L56_DOC1.0_WOC2.0_N2700_F270_R2|S_WPB_L56_DOC1.0_WOC2.0_N2700_F270_R3|U_WPB_L56_DOC4.0_WOC2.0_N2700_F270_R3|U_WPA_L36_DOC2.0_WOC1.0_N3600_F360_R2|S_WPB_L56_DOC1.5_WOC1.0_N1800_F180_R4|S_WPB_L56_DOC1.0_WOC1.0_N2700_F270_R2|U_WPA_L36_DOC4.0_WOC2.0_N2700_F270_R4|U_WPB_L56_DOC2.0_WOC1.0_N2700_F270_R1|S_WPA_L36_DOC2.0_WOC1.0_N2700_F270_R2|S_WPA_L36_DOC0.5_WOC2.0_N2700_F270_R2|S_WPA_L36_DOC1.5_WOC2.0_N2700_F270_R4|S_WPA_L36_DOC1.5_WOC2.0_N2700_F270_R2|S_WPA_L36_DOC0.5_WOC2.0_N2700_F270_R3|S_WPB_L56_DOC0.5_WOC1.0_N1800_F180_R2|S_WPA_L36_DOC0.5_WOC2.0_N2700_F270_R4|U_WPB_L56_DOC2.0_WOC1.0_N2700_F270_R4|S_WPA_L36_DOC0.5_WOC1.0_N3600_F360_R4|S_WPA_L36_DOC1.5_WOC2.0_N2700_F270_R1|U_WPA_L36_DOC4.0_WOC2.0_N2700_F270_R1|U_WPB_L56_DOC2.0_WOC1.0_N2700_F270_R3|U_WPB_L56_DOC4.0_WOC1.0_N2700_F270_R1|S_WPA_L36_DOC1.0_WOC1.0_N3600_F360_R3|S_WPA_L36_DOC1.0_WOC1.0_N3600_F360_R2|S_WPB_L56_DOC1.5_WOC1.0_N3600_F360_R2|U_WPB_L56_DOC2.0_WOC1.0_N3600_F360_R1|S_WPA_L36_DOC1.0_WOC1.0_N3600_F360_R4|S_WPA_L36_DOC0.5_WOC2.0_N2700_F270_R1|S_WPA_L36_DOC1.5_WOC2.0_N2700_F270_R3|U_WPB_L56_DOC2.0_WOC1.0_N2700_F270_R2|S_WPA_L36_DOC0.5_WOC1.0_N2700_F270_R2,final structured retention evaluation
6,1,2,23,0.3,36,W2-k-medoids,uniform observed subset,36,25,22.0,14.0,0.8988095238095238,0.8333333333333334,0.9642857142857143,0.8333333333333334,S_WPA_L36_DOC0.5_WOC1.0_N2700_F270_R3|S_WPA_L36_DOC0.5_WOC1.0_N3600_F360_R4|S_WPA_L36_DOC0.5_WOC2.0_N2700_F270_R1|S_WPA_L36_DOC1.0_WOC1.0_N3600_F360_R1|S_WPA_L36_DOC1.5_WOC1.0_N1800_F180_R3|S_WPA_L36_DOC1.5_WOC2.0_N2700_F270_R3|S_WPA_L36_DOC2.0_WOC1.0_N1800_F180_R2|S_WPA_L36_DOC2.0_WOC1.0_N1800_F180_R3|S_WPA_L36_DOC2.0_WOC1.0_N2700_F270_R4|S_WPA_L36_DOC6.0_WOC1.0_N2700_F270_R2|S_WPA_L36_DOC6.0_WOC1.0_N2700_F270_R4|S_WPB_L56_DOC0.5_WOC1.0_N3600_F360_R1|S_WPB_L56_DOC1.0_WOC1.0_N1800_F180_R3|S_WPB_L56_DOC1.0_WOC1.0_N2700_F270_R4|S_WPB_L56_DOC1.0_WOC2.0_N2700_F270_R1|S_WPB_L56_DOC1.0_WOC2.0_N2700_F270_R2|S_WPB_L56_DOC1.0_WOC2.0_N2700_F270_R3|S_WPB_L56_DOC1.0_WOC2.0_N2700_F270_R4|S_WPB_L56_DOC1.5_WOC1.0_N1800_F180_R3|S_WPB_L56_DOC1.5_WOC1.0_N3600_F360_R1|S_WPB_L56_DOC1.5_WOC1.0_N3600_F360_R4|S_WPB_L56_DOC1.5_WOC2.0_N2700_F270_R2|U_WPA_L36_DOC2.0_WOC1.0_N3600_F360_R2|U_WPA_L36_DOC2.0_WOC1.0_N3600_F360_R3|U_WPA_L36_DOC3.0_WOC1.0_N3600_F360_R1|U_WPA_L36_DOC3.0_WOC1.0_N3600_F360_R2|U_WPA_L36_DOC3.0_WOC1.0_N3600_F360_R3|U_WPA_L36_DOC4.0_WOC2.0_N2700_F270_R3|U_WPB_L56_DOC2.0_WOC1.0_N2700_F270_R3|U_WPB_L56_DOC2.0_WOC2.0_N2700_F270_R2|U_WPB_L56_DOC3.0_WOC1.0_N3600_F360_R4|U_WPB_L56_DOC4.0_WOC1.0_N2700_F270_R1|U_WPB_L56_DOC4.0_WOC1.0_N2700_F270_R3|U_WPB_L56_DOC4.0_WOC2.0_N2700_F270_R1|U_WPB_L56_DOC4.0_WOC2.0_N2700_F270_R2|U_WPB_L56_DOC6.0_WOC1.0_N2700_F270_R3,final structured retention evaluation
7,1,3,23,0.3,36,Facility Location,uniform observed subset,36,26,23.0,13.0,1.0,1.0,1.0,1.0,S_WPA_L36_DOC1.5_WOC2.0_N2700_F270_R3|U_WPA_L36_DOC3.0_WOC1.0_N3600_F360_R4|S_WPB_L56_DOC0.5_WOC2.0_N2700_F270_R3|U_WPB_L56_DOC2.0_WOC1.0_N2700_F270_R3|S_WPA_L36_DOC1.0_WOC1.0_N2700_F270_R1|S_WPB_L56_DOC0.5_WOC1.0_N2700_F270_R3|S_WPA_L36_DOC2.0_WOC1.0_N1800_F180_R4|S_WPA_L36_DOC2.0_WOC1.0_N1800_F180_R2|S_WPB_L56_DOC1.5_WOC1.0_N3600_F360_R1|U_WPA_L36_DOC3.0_WOC1.0_N3600_F360_R1|U_WPA_L36_DOC3.0_WOC1.0_N3600_F360_R2|S_WPB_L56_DOC1.5_WOC1.0_N2700_F270_R1|S_WPA_L36_DOC6.0_WOC1.0_N2700_F270_R2|S_WPA_L36_DOC3.0_WOC1.0_N1800_F180_R3|U_WPB_L56_DOC4.0_WOC1.0_N2700_F270_R3|U_WPB_L56_DOC2.0_WOC1.0_N1800_F180_R1|S_WPB_L56_DOC1.0_WOC1.0_N1800_F180_R1|S_WPA_L36_DOC0.5_WOC2.0_N2700_F270_R1|U_WPA_L36_DOC2.0_WOC2.0_N2700_F270_R2|S_WPA_L36_DOC1.5_WOC1.0_N1800_F180_R4|U_WPA_L36_DOC4.0_WOC2.0_N2700_F270_R1|S_WPA_L36_DOC6.0_WOC1.0_N2700_F270_R4|S_WPB_L56_DOC0.5_WOC1.0_N2700_F270_R2|U_WPA_L36_DOC2.0_WOC1.0_N3600_F360_R4|S_WPA_L36_DOC0.5_WOC1.0_N2700_F270_R3|U_WPB_L56_DOC2.0_WOC2.0_N2700_F270_R2|S_WPB_L56_DOC1.5_WOC1.0_N3600_F360_R4|S_WPB_L56_DOC1.5_WOC1.0_N2700_F270_R3|S_WPA_L36_DOC2.0_WOC1.0_N2700_F270_R1|S_WPB_L56_DOC1.0_WOC1.0_N3600_F360_R1|S_WPA_L36_DOC1.5_WOC1.0_N3600_F360_R1|U_WPA_L36_DOC2.0_WOC1.0_N3600_F360_R1|U_WPB_L56_DOC4.0_WOC1.0_N2700_F270_R1|S_WPA_L36_DOC1.0_WOC1.0_N1800_F180_R2|S_WPB_L56_DOC1.5_WOC1.0_N1800_F180_R3|U_WPA_L36_DOC2.0_WOC1.0_N3600_F360_R2,final structured retention evaluation
7,1,3,23,0.3,36,MRDS,uniform observed subset,36,16,26.0,10.0,1.0,1.0,1.0,1.0,S_WPA_L36_DOC1.5_WOC2.0_N2700_F270_R1|S_WPB_L56_DOC1.5_WOC1.0_N3600_F360_R1|S_WPA_L36_DOC2.0_WOC1.0_N1800_F180_R2|U_WPA_L36_DOC3.0_WOC1.0_N3600_F360_R1|U_WPA_L36_DOC3.0_WOC1.0_N3600_F360_R2|S_WPB_L56_DOC1.5_WOC1.0_N3600_F360_R4|U_WPA_L36_DOC3.0_WOC1.0_N3600_F360_R4|S_WPA_L36_DOC0.5_WOC2.0_N2700_F270_R4|S_WPA_L36_DOC2.0_WOC1.0_N2700_F270_R2|S_WPB_L56_DOC0.5_WOC1.0_N1800_F180_R1|U_WPA_L36_DOC2.0_WOC2.0_N2700_F270_R1|S_WPA_L36_DOC6.0_WOC1.0_N2700_F270_R3|S_WPA_L36_DOC0.5_WOC1.0_N2700_F270_R3|U_WPB_L56_DOC4.0_WOC1.0_N2700_F270_R1|S_WPA_L36_DOC1.0_WOC2.0_N2700_F270_R1|S_WPA_L36_DOC0.5_WOC1.0_N2700_F270_R2|S_WPA_L36_DOC1.5_WOC2.0_N2700_F270_R2|S_WPA_L36_DOC1.0_WOC1.0_N1800_F180_R2|S_WPB_L56_DOC0.5_WOC1.0_N1800_F180_R2|S_WPA_L36_DOC0.5_WOC2.0_N2700_F270_R2|S_WPA_L36_DOC1.0_WOC2.0_N2700_F270_R4|S_WPA_L36_DOC1.5_WOC1.0_N3600_F360_R3|U_WPB_L56_DOC2.0_WOC1.0_N2700_F270_R3|U_WPA_L36_DOC2.0_WOC2.0_N2700_F270_R2|U_WPB_L56_DOC2.0_WOC1.0_N2700_F270_R4|S_WPA_L36_DOC1.0_WOC2.0_N2700_F270_R3|S_WPA_L36_DOC1.0_WOC2.0_N2700_F270_R2|U_WPA_L36_DOC2.0_WOC2.0_N2700_F270_R4|U_WPB_L56_DOC2.0_WOC1.0_N2700_F270_R2|S_WPA_L36_DOC1.5_WOC2.0_N2700_F270_R4|S_WPA_L36_DOC0.5_WOC2.0_N2700_F270_R1|S_WPA_L36_DOC0.5_WOC2.0_N2700_F270_R3|S_WPA_L36_DOC1.5_WOC2.0_N2700_F270_R3|S_WPA_L36_DOC1.5_WOC1.0_N3600_F360_R4|S_WPB_L56_DOC1.0_WOC1.0_N1800_F180_R1|S_WPA_L36_DOC1.5_WOC1.0_N3600_F360_R2,final structured retention evaluation
7,1,3,23,0.3,36,W2-k-medoids,uniform observed subset,36,25,22.0,14.0,1.0,1.0,1.0,1.0,S_WPA_L36_DOC0.5_WOC1.0_N2700_F270_R3|S_WPA_L36_DOC0.5_WOC2.0_N2700_F270_R1|S_WPA_L36_DOC1.0_WOC1.0_N2700_F270_R1|S_WPA_L36_DOC1.5_WOC1.0_N1800_F180_R1|S_WPA_L36_DOC1.5_WOC1.0_N3600_F360_R1|S_WPA_L36_DOC1.5_WOC2.0_N2700_F270_R3|S_WPA_L36_DOC2.0_WOC1.0_N1800_F180_R1|S_WPA_L36_DOC2.0_WOC1.0_N1800_F180_R2|S_WPA_L36_DOC2.0_WOC1.0_N2700_F270_R1|S_WPA_L36_DOC3.0_WOC1.0_N1800_F180_R3|S_WPA_L36_DOC6.0_WOC1.0_N2700_F270_R2|S_WPA_L36_DOC6.0_WOC1.0_N2700_F270_R4|S_WPB_L56_DOC0.5_WOC1.0_N2700_F270_R2|S_WPB_L56_DOC0.5_WOC1.0_N2700_F270_R3|S_WPB_L56_DOC0.5_WOC2.0_N2700_F270_R3|S_WPB_L56_DOC1.0_WOC1.0_N1800_F180_R3|S_WPB_L56_DOC1.0_WOC1.0_N3600_F360_R1|S_WPB_L56_DOC1.5_WOC1.0_N1800_F180_R3|S_WPB_L56_DOC1.5_WOC1.0_N2700_F270_R1|S_WPB_L56_DOC1.5_WOC1.0_N2700_F270_R3|S_WPB_L56_DOC1.5_WOC1.0_N3600_F360_R1|S_WPB_L56_DOC1.5_WOC1.0_N3600_F360_R4|U_WPA_L36_DOC2.0_WOC1.0_N3600_F360_R1|U_WPA_L36_DOC2.0_WOC1.0_N3600_F360_R2|U_WPA_L36_DOC2.0_WOC1.0_N3600_F360_R3|U_WPA_L36_DOC2.0_WOC2.0_N2700_F270_R2|U_WPA_L36_DOC3.0_WOC1.0_N3600_F360_R1|U_WPA_L36_DOC3.0_WOC1.0_N3600_F360_R2|U_WPA_L36_DOC3.0_WOC1.0_N3600_F360_R3|U_WPA_L36_DOC4.0_WOC2.0_N2700_F270_R2|U_WPA_L36_DOC4.0_WOC2.0_N2700_F270_R4|U_WPB_L56_DOC2.0_WOC1.0_N1800_F180_R1|U_WPB_L56_DOC2.0_WOC1.0_N2700_F270_R3|U_WPB_L56_DOC2.0_WOC2.0_N2700_F270_R2|U_WPB_L56_DOC4.0_WOC1.0_N2700_F270_R1|U_WPB_L56_DOC4.0_WOC1.0_N2700_F270_R3,final structured retention evaluation
8,2,0,37,0.3,36,Facility Location,uniform observed subset,36,25,20.0,16.0,0.875,0.75,1.0,0.75,S_WPA_L36_DOC1.5_WOC2.0_N2700_F270_R3|U_WPB_L56_DOC3.0_WOC1.0_N3600_F360_R3|S_WPB_L56_DOC0.5_WOC2.0_N2700_F270_R3|U_WPA_L36_DOC2.0_WOC2.0_N2700_F270_R2|S_WPB_L56_DOC1.0_WOC1.0_N2700_F270_R1|S_WPA_L36_DOC2.0_WOC1.0_N1800_F180_R3|S_WPA_L36_DOC2.0_WOC1.0_N1800_F180_R2|S_WPB_L56_DOC0.5_WOC1.0_N3600_F360_R1|U_WPB_L56_DOC4.0_WOC2.0_N2700_F270_R4|S_WPA_L36_DOC6.0_WOC1.0_N2700_F270_R2|U_WPA_L36_DOC2.0_WOC1.0_N3600_F360_R4|U_WPB_L56_DOC2.0_WOC1.0_N1800_F180_R1|S_WPA_L36_DOC3.0_WOC1.0_N1800_F180_R3|U_WPB_L56_DOC4.0_WOC2.0_N2700_F270_R1|S_WPB_L56_DOC1.0_WOC1.0_N1800_F180_R3|S_WPA_L36_DOC1.5_WOC1.0_N1800_F180_R1|S_WPA_L36_DOC0.5_WOC1.0_N2700_F270_R3|U_WPB_L56_DOC6.0_WOC1.0_N2700_F270_R3|U_WPB_L56_DOC4.0_WOC1.0_N2700_F270_R1|U_WPB_L56_DOC4.0_WOC1.0_N2700_F270_R3|S_WPA_L36_DOC1.5_WOC1.0_N3600_F360_R3|S_WPB_L56_DOC0.5_WOC1.0_N3600_F360_R2|S_WPA_L36_DOC2.0_WOC1.0_N2700_F270_R1|S_WPA_L36_DOC6.0_WOC1.0_N2700_F270_R4|S_WPB_L56_DOC1.5_WOC2.0_N2700_F270_R4|U_WPB_L56_DOC2.0_WOC1.0_N3600_F360_R3|U_WPB_L56_DOC6.0_WOC1.0_N2700_F270_R2|S_WPA_L36_DOC1.0_WOC1.0_N1800_F180_R2|U_WPA_L36_DOC2.0_WOC1.0_N3600_F360_R1|U_WPA_L36_DOC2.0_WOC1.0_N3600_F360_R2|S_WPB_L56_DOC0.5_WOC1.0_N1800_F180_R2|U_WPB_L56_DOC4.0_WOC2.0_N2700_F270_R2|S_WPA_L36_DOC0.5_WOC1.0_N3600_F360_R3|S_WPB_L56_DOC1.5_WOC2.0_N2700_F270_R2|U_WPB_L56_DOC2.0_WOC1.0_N1800_F180_R3|U_WPB_L56_DOC2.0_WOC2.0_N2700_F270_R2,final structured retention evaluation
8,2,0,37,0.3,36,MRDS,uniform observed subset,36,22,25.0,11.0,0.9166666666666667,0.8333333333333334,1.0,0.8333333333333334,S_WPA_L36_DOC1.0_WOC1.0_N1800_F180_R2|S_WPA_L36_DOC2.0_WOC1.0_N1800_F180_R2|S_WPB_L56_DOC0.5_WOC1.0_N3600_F360_R1|U_WPB_L56_DOC4.0_WOC2.0_N2700_F270_R1|U_WPA_L36_DOC2.0_WOC1.0_N3600_F360_R4|S_WPA_L36_DOC1.0_WOC1.0_N1800_F180_R4|S_WPA_L36_DOC6.0_WOC1.0_N2700_F270_R3|U_WPB_L56_DOC4.0_WOC2.0_N2700_F270_R3|S_WPB_L56_DOC1.5_WOC1.0_N1800_F180_R3|S_WPA_L36_DOC1.5_WOC1.0_N3600_F360_R3|U_WPB_L56_DOC2.0_WOC2.0_N2700_F270_R4|S_WPA_L36_DOC0.5_WOC1.0_N3600_F360_R4|S_WPA_L36_DOC2.0_WOC1.0_N1800_F180_R3|U_WPA_L36_DOC2.0_WOC2.0_N2700_F270_R1|S_WPB_L56_DOC1.0_WOC1.0_N2700_F270_R1|S_WPA_L36_DOC1.5_WOC2.0_N2700_F270_R2|S_WPA_L36_DOC1.5_WOC2.0_N2700_F270_R1|S_WPA_L36_DOC1.0_WOC2.0_N2700_F270_R1|S_WPA_L36_DOC2.0_WOC1.0_N2700_F270_R2|S_WPB_L56_DOC0.5_WOC2.0_N2700_F270_R4|U_WPB_L56_DOC3.0_WOC1.0_N3600_F360_R3|S_WPB_L56_DOC1.0_WOC1.0_N1800_F180_R3|S_WPA_L36_DOC1.0_WOC1.0_N1800_F180_R3|S_WPB_L56_DOC1.0_WOC1.0_N2700_F270_R2|U_WPB_L56_DOC4.0_WOC1.0_N2700_F270_R4|S_WPB_L56_DOC1.0_WOC1.0_N3600_F360_R3|S_WPB_L56_DOC0.5_WOC2.0_N2700_F270_R3|S_WPA_L36_DOC1.5_WOC1.0_N3600_F360_R4|U_WPB_L56_DOC4.0_WOC1.0_N2700_F270_R1|U_WPA_L36_DOC2.0_WOC2.0_N2700_F270_R4|U_WPB_L56_DOC2.0_WOC2.0_N2700_F270_R1|S_WPA_L36_DOC1.5_WOC1.0_N3600_F360_R2|U_WPB_L56_DOC2.0_WOC1.0_N3600_F360_R3|S_WPA_L36_DOC1.5_WOC2.0_N2700_F270_R4|S_WPB_L56_DOC1.0_WOC1.0_N3600_F360_R1|S_WPA_L36_DOC3.0_WOC1.0_N1800_F180_R2,final structured retention evaluation
8,2,0,37,0.3,36,W2-k-medoids,uniform observed subset,36,23,21.0,15.0,0.9166666666666667,0.8333333333333334,1.0,0.8333333333333334,S_WPA_L36_DOC0.5_WOC1.0_N2700_F270_R3|S_WPA_L36_DOC0.5_WOC1.0_N3600_F360_R3|S_WPA_L36_DOC1.5_WOC1.0_N1800_F180_R3|S_WPA_L36_DOC1.5_WOC1.0_N3600_F360_R2|S_WPA_L36_DOC1.5_WOC2.0_N2700_F270_R2|S_WPA_L36_DOC2.0_WOC1.0_N1800_F180_R1|S_WPA_L36_DOC2.0_WOC1.0_N1800_F180_R2|S_WPA_L36_DOC2.0_WOC1.0_N2700_F270_R1|S_WPA_L36_DOC3.0_WOC1.0_N1800_F180_R2|S_WPA_L36_DOC3.0_WOC1.0_N1800_F180_R3|S_WPA_L36_DOC3.0_WOC1.0_N1800_F180_R4|S_WPA_L36_DOC4.0_WOC1.0_N2700_F270_R3|S_WPA_L36_DOC6.0_WOC1.0_N2700_F270_R2|S_WPA_L36_DOC6.0_WOC1.0_N2700_F270_R4|S_WPB_L56_DOC0.5_WOC1.0_N3600_F360_R1|S_WPB_L56_DOC0.5_WOC1.0_N3600_F360_R2|S_WPB_L56_DOC1.0_WOC1.0_N1800_F180_R3|S_WPB_L56_DOC1.0_WOC1.0_N2700_F270_R2|S_WPB_L56_DOC1.5_WOC1.0_N1800_F180_R3|S_WPB_L56_DOC1.5_WOC2.0_N2700_F270_R2|S_WPB_L56_DOC1.5_WOC2.0_N2700_F270_R3|U_WPA_L36_DOC2.0_WOC1.0_N3600_F360_R1|U_WPA_L36_DOC2.0_WOC1.0_N3600_F360_R2|U_WPA_L36_DOC2.0_WOC1.0_N3600_F360_R3|U_WPA_L36_DOC2.0_WOC2.0_N2700_F270_R2|U_WPB_L56_DOC2.0_WOC1.0_N1800_F180_R1|U_WPB_L56_DOC2.0_WOC1.0_N1800_F180_R3|U_WPB_L56_DOC2.0_WOC2.0_N2700_F270_R2|U_WPB_L56_DOC3.0_WOC1.0_N3600_F360_R4|U_WPB_L56_DOC4.0_WOC1.0_N2700_F270_R1|U_WPB_L56_DOC4.0_WOC1.0_N2700_F270_R3|U_WPB_L56_DOC4.0_WOC2.0_N2700_F270_R1|U_WPB_L56_DOC4.0_WOC2.0_N2700_F270_R2|U_WPB_L56_DOC4.0_WOC2.0_N2700_F270_R3|U_WPB_L56_DOC6.0_WOC1.0_N2700_F270_R2|U_WPB_L56_DOC6.0_WOC1.0_N2700_F270_R3,final structured retention evaluation
9,2,1,37,0.3,36,Facility Location,uniform observed subset,36,25,22.0,14.0,0.9285714285714286,1.0,0.8571428571428571,0.8571428571428571,S_WPA_L36_DOC1.5_WOC2.0_N2700_F270_R2|U_WPB_L56_DOC3.0_WOC1.0_N3600_F360_R1|S_WPB_L56_DOC1.0_WOC2.0_N2700_F270_R4|U_WPA_L36_DOC3.0_WOC1.0_N3600_F360_R4|S_WPB_L56_DOC1.0_WOC1.0_N2700_F270_R4|S_WPB_L56_DOC0.5_WOC1.0_N2700_F270_R3|S_WPB_L56_DOC1.0_WOC2.0_N2700_F270_R3|S_WPB_L56_DOC1.5_WOC1.0_N3600_F360_R1|S_WPB_L56_DOC1.0_WOC2.0_N2700_F270_R2|U_WPA_L36_DOC3.0_WOC1.0_N3600_F360_R2|U_WPA_L36_DOC3.0_WOC1.0_N3600_F360_R1|S_WPB_L56_DOC1.5_WOC1.0_N2700_F270_R1|U_WPB_L56_DOC2.0_WOC1.0_N2700_F270_R3|S_WPB_L56_DOC0.5_WOC1.0_N3600_F360_R1|S_WPA_L36_DOC0.5_WOC1.0_N3600_F360_R4|S_WPA_L36_DOC1.5_WOC1.0_N1800_F180_R3|U_WPB_L56_DOC4.0_WOC1.0_N2700_F270_R3|S_WPA_L36_DOC1.0_WOC1.0_N3600_F360_R1|U_WPA_L36_DOC2.0_WOC2.0_N2700_F270_R2|S_WPA_L36_DOC0.5_WOC2.0_N2700_F270_R1|U_WPA_L36_DOC4.0_WOC2.0_N2700_F270_R1|S_WPB_L56_DOC1.0_WOC1.0_N1800_F180_R3|U_WPA_L36_DOC2.0_WOC1.0_N3600_F360_R4|U_WPB_L56_DOC2.0_WOC2.0_N2700_F270_R2|S_WPB_L56_DOC0.5_WOC1.0_N2700_F270_R2|S_WPB_L56_DOC1.0_WOC1.0_N3600_F360_R1|S_WPB_L56_DOC1.5_WOC1.0_N3600_F360_R4|S_WPB_L56_DOC0.5_WOC1.0_N1800_F180_R4|S_WPB_L56_DOC1.5_WOC1.0_N2700_F270_R3|U_WPB_L56_DOC2.0_WOC1.0_N1800_F180_R2|U_WPB_L56_DOC4.0_WOC1.0_N2700_F270_R2|S_WPB_L56_DOC1.0_WOC2.0_N2700_F270_R1|U_WPA_L36_DOC2.0_WOC1.0_N3600_F360_R1|S_WPA_L36_DOC1.0_WOC1.0_N2700_F270_R1|S_WPA_L36_DOC1.0_WOC1.0_N1800_F180_R2|U_WPA_L36_DOC4.0_WOC2.0_N2700_F270_R2,final structured retention evaluation
9,2,1,37,0.3,36,MRDS,uniform observed subset,36,15,27.0,9.0,0.8392857142857143,1.0,0.6785714285714286,0.6785714285714286,S_WPA_L36_DOC1.5_WOC1.0_N3600_F360_R2|S_WPB_L56_DOC1.5_WOC1.0_N3600_F360_R1|S_WPB_L56_DOC1.0_WOC2.0_N2700_F270_R2|U_WPA_L36_DOC3.0_WOC1.0_N3600_F360_R1|U_WPA_L36_DOC3.0_WOC1.0_N3600_F360_R2|S_WPB_L56_DOC0.5_WOC1.0_N3600_F360_R1|S_WPB_L56_DOC1.5_WOC1.0_N3600_F360_R4|U_WPA_L36_DOC2.0_WOC1.0_N3600_F360_R3|S_WPB_L56_DOC1.0_WOC2.0_N2700_F270_R3|S_WPA_L36_DOC1.0_WOC2.0_N2700_F270_R1|S_WPA_L36_DOC1.5_WOC1.0_N3600_F360_R3|S_WPB_L56_DOC1.0_WOC2.0_N2700_F270_R4|S_WPA_L36_DOC1.0_WOC1.0_N3600_F360_R3|U_WPA_L36_DOC2.0_WOC2.0_N2700_F270_R4|S_WPA_L36_DOC0.5_WOC2.0_N2700_F270_R4|S_WPA_L36_DOC1.5_WOC2.0_N2700_F270_R3|S_WPA_L36_DOC0.5_WOC2.0_N2700_F270_R2|U_WPA_L36_DOC2.0_WOC2.0_N2700_F270_R1|S_WPA_L36_DOC0.5_WOC2.0_N2700_F270_R1|U_WPB_L56_DOC2.0_WOC1.0_N2700_F270_R2|S_WPA_L36_DOC1.5_WOC2.0_N2700_F270_R2|S_WPA_L36_DOC1.5_WOC2.0_N2700_F270_R4|U_WPB_L56_DOC2.0_WOC1.0_N2700_F270_R4|S_WPB_L56_DOC1.5_WOC1.0_N3600_F360_R2|S_WPA_L36_DOC0.5_WOC1.0_N3600_F360_R4|S_WPA_L36_DOC1.0_WOC1.0_N3600_F360_R2|S_WPA_L36_DOC1.5_WOC1.0_N3600_F360_R4|U_WPB_L56_DOC2.0_WOC1.0_N2700_F270_R1|S_WPA_L36_DOC1.5_WOC2.0_N2700_F270_R1|S_WPA_L36_DOC0.5_WOC2.0_N2700_F270_R3|S_WPA_L36_DOC1.0_WOC1.0_N3600_F360_R4|U_WPA_L36_DOC2.0_WOC2.0_N2700_F270_R2|S_WPB_L56_DOC1.0_WOC1.0_N3600_F360_R1|S_WPB_L56_DOC0.5_WOC1.0_N1800_F180_R2|S_WPA_L36_DOC1.0_WOC2.0_N2700_F270_R4|S_WPA_L36_DOC1.0_WOC2.0_N2700_F270_R3,final structured retention evaluation
9,2,1,37,0.3,36,W2-k-medoids,uniform observed subset,36,23,22.0,14.0,0.9285714285714286,1.0,0.8571428571428571,0.8571428571428571,S_WPA_L36_DOC0.5_WOC2.0_N2700_F270_R3|S_WPA_L36_DOC1.0_WOC1.0_N1800_F180_R2|S_WPA_L36_DOC1.0_WOC1.0_N2700_F270_R1|S_WPA_L36_DOC1.0_WOC1.0_N3600_F360_R1|S_WPA_L36_DOC1.0_WOC1.0_N3600_F360_R4|S_WPA_L36_DOC1.5_WOC1.0_N1800_F180_R3|S_WPA_L36_DOC1.5_WOC2.0_N2700_F270_R2|S_WPB_L56_DOC0.5_WOC1.0_N1800_F180_R4|S_WPB_L56_DOC0.5_WOC1.0_N2700_F270_R2|S_WPB_L56_DOC0.5_WOC1.0_N2700_F270_R4|S_WPB_L56_DOC0.5_WOC1.0_N3600_F360_R1|S_WPB_L56_DOC0.5_WOC1.0_N3600_F360_R2|S_WPB_L56_DOC1.0_WOC1.0_N1800_F180_R2|S_WPB_L56_DOC1.0_WOC1.0_N2700_F270_R3|S_WPB_L56_DOC1.0_WOC2.0_N2700_F270_R1|S_WPB_L56_DOC1.0_WOC2.0_N2700_F270_R2|S_WPB_L56_DOC1.0_WOC2.0_N2700_F270_R3|S_WPB_L56_DOC1.0_WOC2.0_N2700_F270_R4|S_WPB_L56_DOC1.5_WOC1.0_N2700_F270_R1|S_WPB_L56_DOC1.5_WOC1.0_N2700_F270_R3|S_WPB_L56_DOC1.5_WOC1.0_N3600_F360_R1|S_WPB_L56_DOC1.5_WOC1.0_N3600_F360_R4|U_WPA_L36_DOC2.0_WOC1.0_N3600_F360_R1|U_WPA_L36_DOC2.0_WOC1.0_N3600_F360_R4|U_WPA_L36_DOC2.0_WOC2.0_N2700_F270_R2|U_WPA_L36_DOC3.0_WOC1.0_N3600_F360_R1|U_WPA_L36_DOC3.0_WOC1.0_N3600_F360_R2|U_WPA_L36_DOC3.0_WOC1.0_N3600_F360_R4|U_WPA_L36_DOC4.0_WOC2.0_N2700_F270_R3|U_WPA_L36_DOC4.0_WOC2.0_N2700_F270_R4|U_WPB_L56_DOC2.0_WOC1.0_N1800_F180_R2|U_WPB_L56_DOC2.0_WOC1.0_N2700_F270_R2|U_WPB_L56_DOC2.0_WOC2.0_N2700_F270_R2|U_WPB_L56_DOC3.0_WOC1.0_N3600_F360_R4|U_WPB_L56_DOC4.0_WOC1.0_N2700_F270_R2|U_WPB_L56_DOC4.0_WOC1.0_N2700_F270_R3,final structured retention evaluation
10,2,2,37,0.3,36,Facility Location,uniform observed subset,36,26,24.0,12.0,0.9375,0.875,1.0,0.875,S_WPA_L36_DOC1.5_WOC1.0_N3600_F360_R2|U_WPB_L56_DOC2.0_WOC1.0_N2700_F270_R3|U_WPA_L36_DOC3.0_WOC1.0_N3600_F360_R4|S_WPA_L36_DOC1.0_WOC1.0_N2700_F270_R1|S_WPB_L56_DOC1.0_WOC2.0_N2700_F270_R4|S_WPB_L56_DOC0.5_WOC1.0_N2700_F270_R3|S_WPB_L56_DOC1.0_WOC2.0_N2700_F270_R3|S_WPA_L36_DOC1.5_WOC1.0_N1800_F180_R2|S_WPA_L36_DOC2.0_WOC1.0_N1800_F180_R2|S_WPB_L56_DOC1.5_WOC1.0_N3600_F360_R1|U_WPA_L36_DOC3.0_WOC1.0_N3600_F360_R2|U_WPA_L36_DOC3.0_WOC1.0_N3600_F360_R1|S_WPB_L56_DOC1.5_WOC1.0_N2700_F270_R1|S_WPB_L56_DOC1.0_WOC2.0_N2700_F270_R2|U_WPB_L56_DOC4.0_WOC2.0_N2700_F270_R2|S_WPB_L56_DOC0.5_WOC1.0_N3600_F360_R1|S_WPA_L36_DOC6.0_WOC1.0_N2700_F270_R2|S_WPA_L36_DOC1.0_WOC1.0_N1800_F180_R2|S_WPA_L36_DOC3.0_WOC1.0_N1800_F180_R3|U_WPB_L56_DOC6.0_WOC1.0_N2700_F270_R3|U_WPB_L56_DOC3.0_WOC1.0_N1800_F180_R1|S_WPB_L56_DOC0.5_WOC1.0_N2700_F270_R1|U_WPB_L56_DOC4.0_WOC2.0_N2700_F270_R1|S_WPB_L56_DOC1.5_WOC1.0_N1800_F180_R3|U_WPB_L56_DOC4.0_WOC1.0_N2700_F270_R3|U_WPB_L56_DOC2.0_WOC2.0_N2700_F270_R3|S_WPA_L36_DOC1.0_WOC1.0_N2700_F270_R4|U_WPA_L36_DOC2.0_WOC1.0_N3600_F360_R4|U_WPA_L36_DOC4.0_WOC2.0_N2700_F270_R3|S_WPA_L36_DOC0.5_WOC1.0_N2700_F270_R2|S_WPB_L56_DOC1.5_WOC1.0_N3600_F360_R4|S_WPB_L56_DOC1.5_WOC1.0_N2700_F270_R3|S_WPA_L36_DOC1.0_WOC1.0_N3600_F360_R1|S_WPA_L36_DOC2.0_WOC1.0_N2700_F270_R1|S_WPB_L56_DOC1.0_WOC2.0_N2700_F270_R1|S_WPA_L36_DOC0.5_WOC2.0_N2700_F270_R1,final structured retention evaluation
10,2,2,37,0.3,36,MRDS,uniform observed subset,36,18,26.0,10.0,0.9375,0.875,1.0,0.875,S_WPA_L36_DOC1.0_WOC1.0_N3600_F360_R4|S_WPB_L56_DOC1.5_WOC1.0_N3600_F360_R1|S_WPA_L36_DOC2.0_WOC1.0_N1800_F180_R2|U_WPA_L36_DOC3.0_WOC1.0_N3600_F360_R1|U_WPA_L36_DOC3.0_WOC1.0_N3600_F360_R2|S_WPB_L56_DOC0.5_WOC1.0_N3600_F360_R1|S_WPB_L56_DOC1.5_WOC1.0_N3600_F360_R4|S_WPB_L56_DOC1.0_WOC2.0_N2700_F270_R2|U_WPA_L36_DOC3.0_WOC1.0_N3600_F360_R4|S_WPB_L56_DOC1.0_WOC2.0_N2700_F270_R3|S_WPA_L36_DOC2.0_WOC1.0_N2700_F270_R2|U_WPB_L56_DOC4.0_WOC2.0_N2700_F270_R2|S_WPA_L36_DOC1.0_WOC1.0_N1800_F180_R1|S_WPA_L36_DOC1.0_WOC1.0_N1800_F180_R2|S_WPA_L36_DOC1.5_WOC1.0_N3600_F360_R2|S_WPA_L36_DOC0.5_WOC1.0_N2700_F270_R3|U_WPA_L36_DOC4.0_WOC2.0_N2700_F270_R4|S_WPA_L36_DOC0.5_WOC2.0_N2700_F270_R3|S_WPA_L36_DOC0.5_WOC1.0_N2700_F270_R2|S_WPA_L36_DOC1.0_WOC1.0_N1800_F180_R4|S_WPA_L36_DOC6.0_WOC1.0_N2700_F270_R3|U_WPB_L56_DOC4.0_WOC1.0_N2700_F270_R1|U_WPA_L36_DOC4.0_WOC2.0_N2700_F270_R2|S_WPA_L36_DOC0.5_WOC1.0_N3600_F360_R2|S_WPA_L36_DOC0.5_WOC1.0_N3600_F360_R4|S_WPA_L36_DOC3.0_WOC1.0_N1800_F180_R2|S_WPA_L36_DOC0.5_WOC2.0_N2700_F270_R2|S_WPA_L36_DOC0.5_WOC2.0_N2700_F270_R4|S_WPA_L36_DOC1.5_WOC1.0_N3600_F360_R4|U_WPB_L56_DOC2.0_WOC1.0_N2700_F270_R2|U_WPB_L56_DOC2.0_WOC1.0_N2700_F270_R4|S_WPA_L36_DOC1.5_WOC1.0_N3600_F360_R1|U_WPB_L56_DOC2.0_WOC1.0_N2700_F270_R3|S_WPA_L36_DOC1.0_WOC1.0_N3600_F360_R3|S_WPA_L36_DOC0.5_WOC2.0_N2700_F270_R1|S_WPA_L36_DOC1.5_WOC1.0_N3600_F360_R3,final structured retention evaluation
10,2,2,37,0.3,36,W2-k-medoids,uniform observed subset,36,23,24.0,12.0,0.9375,0.875,1.0,0.875,S_WPA_L36_DOC0.5_WOC1.0_N2700_F270_R3|S_WPA_L36_DOC0.5_WOC2.0_N2700_F270_R1|S_WPA_L36_DOC1.0_WOC1.0_N3600_F360_R1|S_WPA_L36_DOC1.0_WOC1.0_N3600_F360_R4|S_WPA_L36_DOC1.5_WOC1.0_N1800_F180_R3|S_WPA_L36_DOC2.0_WOC1.0_N1800_F180_R1|S_WPA_L36_DOC2.0_WOC1.0_N1800_F180_R2|S_WPA_L36_DOC2.0_WOC1.0_N2700_F270_R4|S_WPA_L36_DOC3.0_WOC1.0_N1800_F180_R4|S_WPA_L36_DOC6.0_WOC1.0_N2700_F270_R2|S_WPA_L36_DOC6.0_WOC1.0_N2700_F270_R4|S_WPB_L56_DOC0.5_WOC1.0_N2700_F270_R1|S_WPB_L56_DOC0.5_WOC1.0_N2700_F270_R4|S_WPB_L56_DOC0.5_WOC1.0_N3600_F360_R1|S_WPB_L56_DOC0.5_WOC1.0_N3600_F360_R4|S_WPB_L56_DOC1.0_WOC1.0_N2700_F270_R2|S_WPB_L56_DOC1.0_WOC2.0_N2700_F270_R1|S_WPB_L56_DOC1.0_WOC2.0_N2700_F270_R2|S_WPB_L56_DOC1.0_WOC2.0_N2700_F270_R3|S_WPB_L56_DOC1.5_WOC1.0_N1800_F180_R3|S_WPB_L56_DOC1.5_WOC1.0_N2700_F270_R1|S_WPB_L56_DOC1.5_WOC1.0_N2700_F270_R3|S_WPB_L56_DOC1.5_WOC1.0_N3600_F360_R1|S_WPB_L56_DOC1.5_WOC1.0_N3600_F360_R4|U_WPA_L36_DOC2.0_WOC1.0_N3600_F360_R3|U_WPA_L36_DOC3.0_WOC1.0_N3600_F360_R1|U_WPA_L36_DOC3.0_WOC1.0_N3600_F360_R2|U_WPA_L36_DOC3.0_WOC1.0_N3600_F360_R3|U_WPA_L36_DOC4.0_WOC2.0_N2700_F270_R3|U_WPB_L56_DOC2.0_WOC2.0_N2700_F270_R2|U_WPB_L56_DOC3.0_WOC1.0_N1800_F180_R1|U_WPB_L56_DOC4.0_WOC1.0_N2700_F270_R1|U_WPB_L56_DOC4.0_WOC1.0_N2700_F270_R3|U_WPB_L56_DOC4.0_WOC2.0_N2700_F270_R1|U_WPB_L56_DOC6.0_WOC1.0_N2700_F270_R2|U_WPB_L56_DOC6.0_WOC1.0_N2700_F270_R3,final structured retention evaluation
11,2,3,37,0.3,36,Facility Location,uniform observed subset,36,25,24.0,12.0,1.0,1.0,1.0,1.0,S_WPA_L36_DOC1.5_WOC2.0_N2700_F270_R2|U_WPB_L56_DOC3.0_WOC1.0_N3600_F360_R3|S_WPB_L56_DOC1.0_WOC2.0_N2700_F270_R4|S_WPA_L36_DOC1.0_WOC1.0_N2700_F270_R2|U_WPA_L36_DOC2.0_WOC2.0_N2700_F270_R2|S_WPB_L56_DOC0.5_WOC1.0_N2700_F270_R3|S_WPA_L36_DOC2.0_WOC1.0_N1800_F180_R2|S_WPB_L56_DOC1.0_WOC2.0_N2700_F270_R3|S_WPB_L56_DOC1.5_WOC1.0_N3600_F360_R1|U_WPA_L36_DOC3.0_WOC1.0_N3600_F360_R2|U_WPA_L36_DOC3.0_WOC1.0_N3600_F360_R1|S_WPB_L56_DOC1.5_WOC1.0_N2700_F270_R1|S_WPB_L56_DOC1.0_WOC2.0_N2700_F270_R2|U_WPB_L56_DOC4.0_WOC2.0_N2700_F270_R2|U_WPB_L56_DOC2.0_WOC1.0_N1800_F180_R1|S_WPA_L36_DOC3.0_WOC1.0_N1800_F180_R3|U_WPA_L36_DOC4.0_WOC2.0_N2700_F270_R1|S_WPA_L36_DOC0.5_WOC2.0_N2700_F270_R2|S_WPA_L36_DOC2.0_WOC1.0_N2700_F270_R3|S_WPB_L56_DOC1.0_WOC1.0_N1800_F180_R3|S_WPB_L56_DOC0.5_WOC1.0_N2700_F270_R1|S_WPA_L36_DOC0.5_WOC1.0_N2700_F270_R2|U_WPB_L56_DOC6.0_WOC1.0_N2700_F270_R3|U_WPB_L56_DOC4.0_WOC2.0_N2700_F270_R1|S_WPA_L36_DOC6.0_WOC1.0_N2700_F270_R4|U_WPA_L36_DOC3.0_WOC1.0_N3600_F360_R3|S_WPA_L36_DOC1.0_WOC1.0_N3600_F360_R1|S_WPB_L56_DOC1.5_WOC1.0_N3600_F360_R4|S_WPA_L36_DOC2.0_WOC1.0_N1800_F180_R3|S_WPB_L56_DOC1.5_WOC1.0_N2700_F270_R3|U_WPB_L56_DOC2.0_WOC1.0_N3600_F360_R3|U_WPB_L56_DOC2.0_WOC1.0_N2700_F270_R3|S_WPB_L56_DOC1.0_WOC2.0_N2700_F270_R1|S_WPB_L56_DOC1.5_WOC1.0_N1800_F180_R3|S_WPA_L36_DOC2.0_WOC1.0_N2700_F270_R4|S_WPB_L56_DOC1.0_WOC1.0_N3600_F360_R1,final structured retention evaluation
11,2,3,37,0.3,36,MRDS,uniform observed subset,36,19,25.0,11.0,1.0,1.0,1.0,1.0,S_WPA_L36_DOC0.5_WOC2.0_N2700_F270_R4|S_WPB_L56_DOC1.5_WOC1.0_N3600_F360_R1|S_WPA_L36_DOC2.0_WOC1.0_N1800_F180_R2|U_WPA_L36_DOC3.0_WOC1.0_N3600_F360_R1|U_WPA_L36_DOC3.0_WOC1.0_N3600_F360_R2|S_WPB_L56_DOC1.0_WOC2.0_N2700_F270_R3|S_WPB_L56_DOC1.5_WOC1.0_N3600_F360_R4|S_WPB_L56_DOC1.0_WOC2.0_N2700_F270_R2|U_WPB_L56_DOC4.0_WOC2.0_N2700_F270_R2|S_WPB_L56_DOC0.5_WOC1.0_N2700_F270_R2|S_WPA_L36_DOC1.0_WOC2.0_N2700_F270_R3|S_WPA_L36_DOC0.5_WOC2.0_N2700_F270_R1|S_WPA_L36_DOC1.0_WOC2.0_N2700_F270_R1|S_WPA_L36_DOC0.5_WOC1.0_N2700_F270_R2|S_WPA_L36_DOC1.0_WOC1.0_N2700_F270_R1|U_WPB_L56_DOC2.0_WOC1.0_N3600_F360_R3|U_WPB_L56_DOC2.0_WOC1.0_N1800_F180_R2|U_WPA_L36_DOC2.0_WOC2.0_N2700_F270_R4|S_WPA_L36_DOC2.0_WOC1.0_N2700_F270_R2|S_WPB_L56_DOC0.5_WOC2.0_N2700_F270_R4|S_WPA_L36_DOC6.0_WOC1.0_N2700_F270_R3|U_WPA_L36_DOC2.0_WOC2.0_N2700_F270_R1|S_WPA_L36_DOC1.0_WOC1.0_N3600_F360_R3|S_WPA_L36_DOC1.5_WOC2.0_N2700_F270_R4|S_WPA_L36_DOC1.0_WOC2.0_N2700_F270_R4|U_WPB_L56_DOC2.0_WOC1.0_N2700_F270_R4|S_WPA_L36_DOC1.5_WOC2.0_N2700_F270_R1|S_WPA_L36_DOC1.5_WOC2.0_N2700_F270_R3|S_WPA_L36_DOC0.5_WOC2.0_N2700_F270_R2|S_WPA_L36_DOC1.5_WOC2.0_N2700_F270_R2|U_WPB_L56_DOC2.0_WOC1.0_N2700_F270_R2|U_WPB_L56_DOC2.0_WOC1.0_N2700_F270_R3|U_WPB_L56_DOC2.0_WOC1.0_N2700_F270_R1|S_WPA_L36_DOC1.0_WOC1.0_N3600_F360_R2|S_WPB_L56_DOC0.5_WOC2.0_N2700_F270_R3|S_WPA_L36_DOC0.5_WOC2.0_N2700_F270_R3,final structured retention evaluation
11,2,3,37,0.3,36,W2-k-medoids,uniform observed subset,36,24,24.0,12.0,1.0,1.0,1.0,1.0,S_WPA_L36_DOC0.5_WOC1.0_N2700_F270_R2|S_WPA_L36_DOC0.5_WOC2.0_N2700_F270_R1|S_WPA_L36_DOC1.0_WOC1.0_N3600_F360_R1|S_WPA_L36_DOC1.0_WOC1.0_N3600_F360_R2|S_WPA_L36_DOC1.5_WOC2.0_N2700_F270_R2|S_WPA_L36_DOC2.0_WOC1.0_N1800_F180_R2|S_WPA_L36_DOC2.0_WOC1.0_N1800_F180_R3|S_WPA_L36_DOC2.0_WOC1.0_N2700_F270_R1|S_WPA_L36_DOC3.0_WOC1.0_N1800_F180_R2|S_WPA_L36_DOC3.0_WOC1.0_N1800_F180_R4|S_WPA_L36_DOC6.0_WOC1.0_N2700_F270_R2|S_WPA_L36_DOC6.0_WOC1.0_N2700_F270_R4|S_WPB_L56_DOC0.5_WOC1.0_N2700_F270_R1|S_WPB_L56_DOC0.5_WOC1.0_N2700_F270_R3|S_WPB_L56_DOC1.0_WOC1.0_N1800_F180_R3|S_WPB_L56_DOC1.0_WOC1.0_N3600_F360_R1|S_WPB_L56_DOC1.0_WOC2.0_N2700_F270_R2|S_WPB_L56_DOC1.0_WOC2.0_N2700_F270_R3|S_WPB_L56_DOC1.5_WOC1.0_N1800_F180_R3|S_WPB_L56_DOC1.5_WOC1.0_N2700_F270_R1|S_WPB_L56_DOC1.5_WOC1.0_N2700_F270_R3|S_WPB_L56_DOC1.5_WOC1.0_N3600_F360_R1|S_WPB_L56_DOC1.5_WOC1.0_N3600_F360_R4|S_WPB_L56_DOC1.5_WOC2.0_N2700_F270_R3|U_WPA_L36_DOC2.0_WOC2.0_N2700_F270_R3|U_WPA_L36_DOC3.0_WOC1.0_N3600_F360_R1|U_WPA_L36_DOC3.0_WOC1.0_N3600_F360_R2|U_WPA_L36_DOC3.0_WOC1.0_N3600_F360_R3|U_WPA_L36_DOC4.0_WOC2.0_N2700_F270_R2|U_WPA_L36_DOC4.0_WOC2.0_N2700_F270_R4|U_WPB_L56_DOC2.0_WOC1.0_N1800_F180_R1|U_WPB_L56_DOC2.0_WOC1.0_N2700_F270_R3|U_WPB_L56_DOC3.0_WOC1.0_N3600_F360_R4|U_WPB_L56_DOC4.0_WOC2.0_N2700_F270_R1|U_WPB_L56_DOC4.0_WOC2.0_N2700_F270_R3|U_WPB_L56_DOC6.0_WOC1.0_N2700_F270_R3,final structured retention evaluation
12,3,0,53,0.3,36,Facility Location,uniform observed subset,36,25,21.0,15.0,1.0,1.0,1.0,1.0,S_WPA_L36_DOC1.5_WOC2.0_N2700_F270_R3|U_WPA_L36_DOC3.0_WOC1.0_N3600_F360_R4|S_WPB_L56_DOC0.5_WOC2.0_N2700_F270_R3|S_WPA_L36_DOC1.0_WOC1.0_N2700_F270_R1|U_WPB_L56_DOC3.0_WOC1.0_N3600_F360_R3|S_WPB_L56_DOC0.5_WOC1.0_N2700_F270_R3|S_WPA_L36_DOC0.5_WOC1.0_N3600_F360_R4|S_WPA_L36_DOC2.0_WOC1.0_N1800_F180_R2|S_WPB_L56_DOC1.5_WOC1.0_N3600_F360_R1|U_WPA_L36_DOC3.0_WOC1.0_N3600_F360_R1|U_WPA_L36_DOC3.0_WOC1.0_N3600_F360_R2|S_WPB_L56_DOC1.5_WOC1.0_N2700_F270_R1|U_WPB_L56_DOC4.0_WOC2.0_N2700_F270_R2|S_WPA_L36_DOC3.0_WOC1.0_N1800_F180_R3|U_WPB_L56_DOC2.0_WOC1.0_N2700_F270_R3|S_WPA_L36_DOC2.0_WOC1.0_N1800_F180_R1|U_WPB_L56_DOC6.0_WOC1.0_N2700_F270_R3|S_WPB_L56_DOC0.5_WOC1.0_N2700_F270_R1|U_WPA_L36_DOC2.0_WOC2.0_N2700_F270_R2|S_WPB_L56_DOC1.0_WOC1.0_N1800_F180_R3|S_WPA_L36_DOC1.0_WOC1.0_N2700_F270_R4|S_WPA_L36_DOC4.0_WOC1.0_N2700_F270_R2|U_WPB_L56_DOC4.0_WOC1.0_N2700_F270_R3|U_WPB_L56_DOC4.0_WOC2.0_N2700_F270_R1|S_WPA_L36_DOC0.5_WOC1.0_N2700_F270_R3|S_WPB_L56_DOC1.5_WOC1.0_N3600_F360_R4|U_WPA_L36_DOC2.0_WOC1.0_N3600_F360_R4|S_WPB_L56_DOC1.5_WOC1.0_N2700_F270_R3|S_WPB_L56_DOC1.5_WOC2.0_N2700_F270_R3|U_WPB_L56_DOC2.0_WOC1.0_N3600_F360_R3|S_WPB_L56_DOC1.0_WOC1.0_N3600_F360_R3|U_WPB_L56_DOC4.0_WOC1.0_N2700_F270_R1|U_WPB_L56_DOC2.0_WOC1.0_N1800_F180_R2|S_WPB_L56_DOC1.0_WOC1.0_N2700_F270_R2|U_WPA_L36_DOC2.0_WOC1.0_N3600_F360_R1|S_WPA_L36_DOC3.0_WOC1.0_N1800_F180_R2,final structured retention evaluation
12,3,0,53,0.3,36,MRDS,uniform observed subset,36,18,27.0,9.0,1.0,1.0,1.0,1.0,U_WPA_L36_DOC3.0_WOC1.0_N3600_F360_R4|S_WPB_L56_DOC1.5_WOC1.0_N3600_F360_R1|S_WPA_L36_DOC2.0_WOC1.0_N1800_F180_R2|U_WPA_L36_DOC3.0_WOC1.0_N3600_F360_R1|U_WPA_L36_DOC3.0_WOC1.0_N3600_F360_R2|S_WPB_L56_DOC1.5_WOC1.0_N3600_F360_R4|S_WPB_L56_DOC0.5_WOC1.0_N2700_F270_R2|S_WPA_L36_DOC1.5_WOC2.0_N2700_F270_R1|S_WPB_L56_DOC1.0_WOC1.0_N2700_F270_R1|U_WPB_L56_DOC2.0_WOC1.0_N2700_F270_R2|S_WPA_L36_DOC6.0_WOC1.0_N2700_F270_R3|S_WPA_L36_DOC1.5_WOC2.0_N2700_F270_R3|S_WPA_L36_DOC1.5_WOC1.0_N3600_F360_R1|S_WPA_L36_DOC1.5_WOC1.0_N3600_F360_R3|S_WPA_L36_DOC1.0_WOC2.0_N2700_F270_R1|S_WPA_L36_DOC1.0_WOC1.0_N1800_F180_R4|S_WPB_L56_DOC1.0_WOC1.0_N2700_F270_R2|S_WPA_L36_DOC0.5_WOC1.0_N2700_F270_R2|S_WPB_L56_DOC1.0_WOC1.0_N1800_F180_R1|S_WPA_L36_DOC0.5_WOC1.0_N3600_F360_R3|U_WPB_L56_DOC2.0_WOC1.0_N2700_F270_R3|U_WPA_L36_DOC2.0_WOC2.0_N2700_F270_R3|U_WPB_L56_DOC2.0_WOC1.0_N2700_F270_R4|S_WPA_L36_DOC1.5_WOC1.0_N3600_F360_R4|S_WPA_L36_DOC1.0_WOC2.0_N2700_F270_R3|S_WPA_L36_DOC1.0_WOC1.0_N1800_F180_R3|S_WPA_L36_DOC1.0_WOC2.0_N2700_F270_R4|U_WPA_L36_DOC2.0_WOC2.0_N2700_F270_R1|S_WPA_L36_DOC1.0_WOC2.0_N2700_F270_R2|S_WPA_L36_DOC1.5_WOC1.0_N3600_F360_R2|S_WPA_L36_DOC1.5_WOC2.0_N2700_F270_R4|S_WPA_L36_DOC1.5_WOC2.0_N2700_F270_R2|S_WPA_L36_DOC4.0_WOC1.0_N2700_F270_R3|S_WPB_L56_DOC0.5_WOC2.0_N2700_F270_R3|S_WPA_L36_DOC0.5_WOC1.0_N3600_F360_R4|U_WPB_L56_DOC3.0_WOC1.0_N3600_F360_R1,final structured retention evaluation
12,3,0,53,0.3,36,W2-k-medoids,uniform observed subset,36,24,22.0,14.0,1.0,1.0,1.0,1.0,S_WPA_L36_DOC0.5_WOC1.0_N2700_F270_R3|S_WPA_L36_DOC0.5_WOC1.0_N3600_F360_R3|S_WPA_L36_DOC1.5_WOC1.0_N3600_F360_R2|S_WPA_L36_DOC1.5_WOC2.0_N2700_F270_R2|S_WPA_L36_DOC2.0_WOC1.0_N1800_F180_R1|S_WPA_L36_DOC2.0_WOC1.0_N1800_F180_R2|S_WPA_L36_DOC3.0_WOC1.0_N1800_F180_R2|S_WPA_L36_DOC3.0_WOC1.0_N1800_F180_R4|S_WPA_L36_DOC4.0_WOC1.0_N2700_F270_R2|S_WPA_L36_DOC6.0_WOC1.0_N2700_F270_R4|S_WPB_L56_DOC0.5_WOC1.0_N1800_F180_R2|S_WPB_L56_DOC0.5_WOC1.0_N2700_F270_R1|S_WPB_L56_DOC0.5_WOC1.0_N2700_F270_R3|S_WPB_L56_DOC0.5_WOC1.0_N2700_F270_R4|S_WPB_L56_DOC1.0_WOC1.0_N1800_F180_R3|S_WPB_L56_DOC1.0_WOC1.0_N2700_F270_R4|S_WPB_L56_DOC1.0_WOC1.0_N3600_F360_R3|S_WPB_L56_DOC1.5_WOC1.0_N2700_F270_R1|S_WPB_L56_DOC1.5_WOC1.0_N2700_F270_R3|S_WPB_L56_DOC1.5_WOC1.0_N3600_F360_R1|S_WPB_L56_DOC1.5_WOC1.0_N3600_F360_R4|S_WPB_L56_DOC1.5_WOC2.0_N2700_F270_R3|U_WPA_L36_DOC2.0_WOC1.0_N3600_F360_R1|U_WPA_L36_DOC2.0_WOC1.0_N3600_F360_R4|U_WPA_L36_DOC2.0_WOC2.0_N2700_F270_R2|U_WPA_L36_DOC3.0_WOC1.0_N3600_F360_R1|U_WPA_L36_DOC3.0_WOC1.0_N3600_F360_R2|U_WPA_L36_DOC3.0_WOC1.0_N3600_F360_R3|U_WPB_L56_DOC2.0_WOC1.0_N1800_F180_R2|U_WPB_L56_DOC3.0_WOC1.0_N3600_F360_R4|U_WPB_L56_DOC4.0_WOC1.0_N2700_F270_R1|U_WPB_L56_DOC4.0_WOC1.0_N2700_F270_R3|U_WPB_L56_DOC4.0_WOC2.0_N2700_F270_R1|U_WPB_L56_DOC4.0_WOC2.0_N2700_F270_R3|U_WPB_L56_DOC6.0_WOC1.0_N2700_F270_R2|U_WPB_L56_DOC6.0_WOC1.0_N2700_F270_R3,final structured retention evaluation
13,3,1,53,0.3,36,Facility Location,uniform observed subset,36,25,22.0,14.0,0.9166666666666667,0.8333333333333334,1.0,0.8333333333333334,S_WPA_L36_DOC1.0_WOC2.0_N2700_F270_R4|U_WPB_L56_DOC3.0_WOC1.0_N3600_F360_R3|S_WPB_L56_DOC1.0_WOC2.0_N2700_F270_R4|U_WPA_L36_DOC3.0_WOC1.0_N3600_F360_R4|S_WPB_L56_DOC1.0_WOC1.0_N2700_F270_R1|S_WPB_L56_DOC1.0_WOC2.0_N2700_F270_R3|S_WPB_L56_DOC0.5_WOC1.0_N2700_F270_R1|S_WPB_L56_DOC1.0_WOC2.0_N2700_F270_R2|U_WPA_L36_DOC3.0_WOC1.0_N3600_F360_R2|U_WPA_L36_DOC3.0_WOC1.0_N3600_F360_R1|S_WPB_L56_DOC1.5_WOC1.0_N2700_F270_R1|S_WPA_L36_DOC1.5_WOC1.0_N1800_F180_R3|S_WPB_L56_DOC0.5_WOC1.0_N3600_F360_R1|U_WPB_L56_DOC4.0_WOC2.0_N2700_F270_R2|U_WPB_L56_DOC2.0_WOC1.0_N2700_F270_R3|S_WPA_L36_DOC1.0_WOC1.0_N3600_F360_R4|S_WPA_L36_DOC2.0_WOC1.0_N2700_F270_R4|S_WPA_L36_DOC3.0_WOC1.0_N1800_F180_R3|S_WPA_L36_DOC0.5_WOC1.0_N2700_F270_R1|U_WPB_L56_DOC3.0_WOC1.0_N1800_F180_R1|U_WPB_L56_DOC4.0_WOC2.0_N2700_F270_R1|U_WPA_L36_DOC4.0_WOC2.0_N2700_F270_R1|U_WPB_L56_DOC4.0_WOC1.0_N2700_F270_R3|U_WPA_L36_DOC2.0_WOC1.0_N3600_F360_R4|S_WPB_L56_DOC1.5_WOC1.0_N1800_F180_R3|U_WPB_L56_DOC2.0_WOC2.0_N2700_F270_R3|S_WPA_L36_DOC1.0_WOC1.0_N3600_F360_R1|S_WPB_L56_DOC1.0_WOC1.0_N1800_F180_R3|S_WPB_L56_DOC0.5_WOC1.0_N2700_F270_R3|S_WPA_L36_DOC0.5_WOC2.0_N2700_F270_R1|U_WPB_L56_DOC2.0_WOC1.0_N3600_F360_R3|S_WPB_L56_DOC0.5_WOC1.0_N3600_F360_R2|S_WPA_L36_DOC4.0_WOC1.0_N2700_F270_R4|U_WPB_L56_DOC4.0_WOC1.0_N2700_F270_R1|S_WPB_L56_DOC1.5_WOC1.0_N2700_F270_R3|S_WPA_L36_DOC4.0_WOC1.0_N2700_F270_R2,final structured retention evaluation
13,3,1,53,0.3,36,MRDS,uniform observed subset,36,18,25.0,11.0,0.8809523809523809,0.8333333333333334,0.9285714285714286,0.8333333333333334,S_WPA_L36_DOC1.0_WOC2.0_N2700_F270_R1|S_WPB_L56_DOC1.0_WOC2.0_N2700_F270_R2|U_WPA_L36_DOC3.0_WOC1.0_N3600_F360_R1|U_WPA_L36_DOC3.0_WOC1.0_N3600_F360_R2|S_WPB_L56_DOC0.5_WOC1.0_N3600_F360_R1|S_WPB_L56_DOC1.5_WOC1.0_N2700_F270_R2|S_WPB_L56_DOC0.5_WOC1.0_N3600_F360_R2|S_WPB_L56_DOC1.0_WOC2.0_N2700_F270_R3|U_WPB_L56_DOC4.0_WOC2.0_N2700_F270_R1|S_WPA_L36_DOC3.0_WOC1.0_N1800_F180_R3|S_WPB_L56_DOC1.5_WOC1.0_N1800_F180_R4|S_WPA_L36_DOC0.5_WOC2.0_N2700_F270_R3|S_WPB_L56_DOC1.0_WOC2.0_N2700_F270_R4|U_WPB_L56_DOC3.0_WOC1.0_N3600_F360_R3|S_WPB_L56_DOC1.0_WOC1.0_N2700_F270_R2|U_WPB_L56_DOC2.0_WOC1.0_N2700_F270_R4|S_WPA_L36_DOC0.5_WOC1.0_N2700_F270_R2|S_WPA_L36_DOC0.5_WOC2.0_N2700_F270_R2|U_WPB_L56_DOC2.0_WOC2.0_N2700_F270_R2|U_WPB_L56_DOC2.0_WOC2.0_N2700_F270_R4|S_WPB_L56_DOC1.0_WOC1.0_N1800_F180_R1|S_WPB_L56_DOC1.0_WOC1.0_N1800_F180_R3|S_WPA_L36_DOC1.0_WOC1.0_N3600_F360_R3|S_WPB_L56_DOC1.0_WOC1.0_N3600_F360_R4|S_WPB_L56_DOC1.0_WOC1.0_N3600_F360_R1|U_WPB_L56_DOC2.0_WOC1.0_N3600_F360_R1|S_WPB_L56_DOC1.0_WOC1.0_N3600_F360_R2|S_WPA_L36_DOC1.0_WOC2.0_N2700_F270_R4|U_WPB_L56_DOC2.0_WOC1.0_N2700_F270_R3|S_WPA_L36_DOC0.5_WOC2.0_N2700_F270_R4|U_WPA_L36_DOC3.0_WOC1.0_N3600_F360_R4|S_WPA_L36_DOC1.0_WOC2.0_N2700_F270_R2|U_WPB_L56_DOC2.0_WOC1.0_N2700_F270_R2|S_WPA_L36_DOC1.0_WOC1.0_N3600_F360_R2|S_WPA_L36_DOC1.0_WOC2.0_N2700_F270_R3|S_WPA_L36_DOC0.5_WOC2.0_N2700_F270_R1,final structured retention evaluation
13,3,1,53,0.3,36,W2-k-medoids,uniform observed subset,36,26,22.0,14.0,0.875,0.75,1.0,0.75,S_WPA_L36_DOC0.5_WOC1.0_N2700_F270_R3|S_WPA_L36_DOC0.5_WOC1.0_N3600_F360_R4|S_WPA_L36_DOC0.5_WOC2.0_N2700_F270_R1|S_WPA_L36_DOC1.0_WOC1.0_N3600_F360_R1|S_WPA_L36_DOC1.0_WOC2.0_N2700_F270_R4|S_WPA_L36_DOC1.5_WOC1.0_N1800_F180_R4|S_WPA_L36_DOC2.0_WOC1.0_N2700_F270_R4|S_WPA_L36_DOC3.0_WOC1.0_N1800_F180_R4|S_WPA_L36_DOC4.0_WOC1.0_N2700_F270_R2|S_WPA_L36_DOC4.0_WOC1.0_N2700_F270_R4|S_WPB_L56_DOC0.5_WOC1.0_N2700_F270_R2|S_WPB_L56_DOC0.5_WOC1.0_N2700_F270_R4|S_WPB_L56_DOC0.5_WOC1.0_N3600_F360_R1|S_WPB_L56_DOC0.5_WOC1.0_N3600_F360_R2|S_WPB_L56_DOC1.0_WOC1.0_N1800_F180_R3|S_WPB_L56_DOC1.0_WOC1.0_N2700_F270_R2|S_WPB_L56_DOC1.0_WOC2.0_N2700_F270_R2|S_WPB_L56_DOC1.0_WOC2.0_N2700_F270_R3|S_WPB_L56_DOC1.5_WOC1.0_N1800_F180_R3|S_WPB_L56_DOC1.5_WOC1.0_N2700_F270_R1|S_WPB_L56_DOC1.5_WOC1.0_N2700_F270_R3|S_WPB_L56_DOC1.5_WOC2.0_N2700_F270_R3|U_WPA_L36_DOC2.0_WOC1.0_N3600_F360_R1|U_WPA_L36_DOC2.0_WOC1.0_N3600_F360_R4|U_WPA_L36_DOC3.0_WOC1.0_N3600_F360_R1|U_WPA_L36_DOC3.0_WOC1.0_N3600_F360_R2|U_WPA_L36_DOC3.0_WOC1.0_N3600_F360_R3|U_WPA_L36_DOC4.0_WOC2.0_N2700_F270_R3|U_WPB_L56_DOC2.0_WOC1.0_N2700_F270_R3|U_WPB_L56_DOC2.0_WOC2.0_N2700_F270_R2|U_WPB_L56_DOC3.0_WOC1.0_N1800_F180_R1|U_WPB_L56_DOC3.0_WOC1.0_N3600_F360_R4|U_WPB_L56_DOC4.0_WOC1.0_N2700_F270_R1|U_WPB_L56_DOC4.0_WOC1.0_N2700_F270_R3|U_WPB_L56_DOC4.0_WOC2.0_N2700_F270_R1|U_WPB_L56_DOC4.0_WOC2.0_N2700_F270_R3,final structured retention evaluation
14,3,2,53,0.3,36,Facility Location,uniform observed subset,36,24,23.0,13.0,1.0,1.0,1.0,1.0,S_WPA_L36_DOC1.5_WOC2.0_N2700_F270_R3|U_WPA_L36_DOC3.0_WOC1.0_N3600_F360_R4|S_WPB_L56_DOC1.0_WOC2.0_N2700_F270_R4|U_WPB_L56_DOC2.0_WOC1.0_N2700_F270_R3|S_WPA_L36_DOC1.0_WOC1.0_N2700_F270_R1|S_WPB_L56_DOC0.5_WOC1.0_N2700_F270_R1|S_WPB_L56_DOC1.0_WOC2.0_N2700_F270_R3|S_WPA_L36_DOC2.0_WOC1.0_N1800_F180_R2|S_WPA_L36_DOC2.0_WOC1.0_N1800_F180_R4|S_WPB_L56_DOC1.5_WOC1.0_N3600_F360_R1|U_WPA_L36_DOC3.0_WOC1.0_N3600_F360_R2|U_WPA_L36_DOC3.0_WOC1.0_N3600_F360_R1|S_WPB_L56_DOC1.0_WOC2.0_N2700_F270_R2|S_WPB_L56_DOC0.5_WOC1.0_N3600_F360_R1|S_WPA_L36_DOC2.0_WOC1.0_N2700_F270_R4|S_WPA_L36_DOC3.0_WOC1.0_N1800_F180_R3|U_WPB_L56_DOC2.0_WOC1.0_N1800_F180_R1|U_WPB_L56_DOC6.0_WOC1.0_N2700_F270_R3|U_WPB_L56_DOC2.0_WOC1.0_N3600_F360_R2|S_WPA_L36_DOC1.5_WOC1.0_N1800_F180_R1|U_WPA_L36_DOC2.0_WOC2.0_N2700_F270_R2|S_WPA_L36_DOC1.0_WOC1.0_N3600_F360_R3|U_WPA_L36_DOC4.0_WOC2.0_N2700_F270_R3|S_WPB_L56_DOC0.5_WOC1.0_N2700_F270_R3|S_WPB_L56_DOC0.5_WOC1.0_N1800_F180_R2|S_WPA_L36_DOC0.5_WOC1.0_N2700_F270_R2|U_WPA_L36_DOC2.0_WOC1.0_N3600_F360_R4|S_WPA_L36_DOC1.0_WOC1.0_N3600_F360_R1|U_WPB_L56_DOC6.0_WOC1.0_N2700_F270_R2|U_WPB_L56_DOC2.0_WOC2.0_N2700_F270_R2|U_WPB_L56_DOC2.0_WOC1.0_N1800_F180_R3|S_WPB_L56_DOC1.5_WOC1.0_N3600_F360_R4|S_WPA_L36_DOC0.5_WOC2.0_N2700_F270_R1|S_WPB_L56_DOC1.0_WOC2.0_N2700_F270_R1|S_WPA_L36_DOC1.0_WOC1.0_N2700_F270_R4|S_WPA_L36_DOC6.0_WOC1.0_N2700_F270_R2,final structured retention evaluation
14,3,2,53,0.3,36,MRDS,uniform observed subset,36,18,26.0,10.0,0.9821428571428572,1.0,0.9642857142857143,0.9642857142857143,S_WPA_L36_DOC1.5_WOC1.0_N3600_F360_R4|S_WPB_L56_DOC1.5_WOC1.0_N3600_F360_R1|S_WPA_L36_DOC2.0_WOC1.0_N1800_F180_R2|U_WPA_L36_DOC3.0_WOC1.0_N3600_F360_R1|U_WPA_L36_DOC3.0_WOC1.0_N3600_F360_R2|S_WPB_L56_DOC0.5_WOC1.0_N3600_F360_R1|S_WPB_L56_DOC1.0_WOC2.0_N2700_F270_R2|S_WPB_L56_DOC0.5_WOC1.0_N2700_F270_R2|S_WPA_L36_DOC1.0_WOC2.0_N2700_F270_R3|S_WPB_L56_DOC1.0_WOC2.0_N2700_F270_R3|S_WPA_L36_DOC0.5_WOC1.0_N2700_F270_R3|U_WPB_L56_DOC2.0_WOC1.0_N2700_F270_R3|S_WPA_L36_DOC0.5_WOC2.0_N2700_F270_R3|S_WPA_L36_DOC6.0_WOC1.0_N2700_F270_R3|S_WPA_L36_DOC1.5_WOC2.0_N2700_F270_R1|S_WPA_L36_DOC0.5_WOC1.0_N2700_F270_R2|S_WPA_L36_DOC0.5_WOC2.0_N2700_F270_R4|U_WPA_L36_DOC3.0_WOC1.0_N3600_F360_R4|S_WPA_L36_DOC1.0_WOC2.0_N2700_F270_R4|S_WPA_L36_DOC2.0_WOC1.0_N2700_F270_R2|S_WPA_L36_DOC1.0_WOC1.0_N1800_F180_R3|S_WPA_L36_DOC1.0_WOC2.0_N2700_F270_R1|U_WPA_L36_DOC2.0_WOC2.0_N2700_F270_R1|S_WPA_L36_DOC1.5_WOC2.0_N2700_F270_R2|S_WPA_L36_DOC1.0_WOC1.0_N3600_F360_R3|S_WPA_L36_DOC1.5_WOC2.0_N2700_F270_R3|U_WPA_L36_DOC2.0_WOC2.0_N2700_F270_R4|U_WPB_L56_DOC2.0_WOC1.0_N2700_F270_R4|U_WPA_L36_DOC2.0_WOC2.0_N2700_F270_R2|S_WPA_L36_DOC1.5_WOC2.0_N2700_F270_R4|U_WPB_L56_DOC2.0_WOC1.0_N3600_F360_R1|U_WPB_L56_DOC2.0_WOC1.0_N3600_F360_R3|S_WPA_L36_DOC1.5_WOC1.0_N3600_F360_R3|S_WPA_L36_DOC0.5_WOC2.0_N2700_F270_R2|S_WPA_L36_DOC0.5_WOC2.0_N2700_F270_R1|S_WPA_L36_DOC1.5_WOC1.0_N3600_F360_R2,final structured retention evaluation
14,3,2,53,0.3,36,W2-k-medoids,uniform observed subset,36,26,22.0,14.0,1.0,1.0,1.0,1.0,S_WPA_L36_DOC0.5_WOC1.0_N2700_F270_R3|S_WPA_L36_DOC0.5_WOC2.0_N2700_F270_R1|S_WPA_L36_DOC1.0_WOC1.0_N2700_F270_R4|S_WPA_L36_DOC1.0_WOC1.0_N3600_F360_R1|S_WPA_L36_DOC1.5_WOC1.0_N1800_F180_R1|S_WPA_L36_DOC1.5_WOC1.0_N3600_F360_R2|S_WPA_L36_DOC1.5_WOC2.0_N2700_F270_R3|S_WPA_L36_DOC2.0_WOC1.0_N1800_F180_R1|S_WPA_L36_DOC2.0_WOC1.0_N1800_F180_R2|S_WPA_L36_DOC2.0_WOC1.0_N2700_F270_R1|S_WPA_L36_DOC3.0_WOC1.0_N1800_F180_R4|S_WPA_L36_DOC6.0_WOC1.0_N2700_F270_R2|S_WPB_L56_DOC0.5_WOC1.0_N2700_F270_R1|S_WPB_L56_DOC0.5_WOC1.0_N2700_F270_R3|S_WPB_L56_DOC0.5_WOC1.0_N3600_F360_R1|S_WPB_L56_DOC0.5_WOC1.0_N3600_F360_R4|S_WPB_L56_DOC1.0_WOC2.0_N2700_F270_R2|S_WPB_L56_DOC1.0_WOC2.0_N2700_F270_R3|S_WPB_L56_DOC1.5_WOC1.0_N1800_F180_R3|S_WPB_L56_DOC1.5_WOC1.0_N3600_F360_R1|S_WPB_L56_DOC1.5_WOC1.0_N3600_F360_R4|S_WPB_L56_DOC1.5_WOC2.0_N2700_F270_R3|U_WPA_L36_DOC2.0_WOC1.0_N3600_F360_R2|U_WPA_L36_DOC2.0_WOC1.0_N3600_F360_R3|U_WPA_L36_DOC2.0_WOC2.0_N2700_F270_R2|U_WPA_L36_DOC3.0_WOC1.0_N3600_F360_R1|U_WPA_L36_DOC3.0_WOC1.0_N3600_F360_R2|U_WPA_L36_DOC4.0_WOC2.0_N2700_F270_R2|U_WPA_L36_DOC4.0_WOC2.0_N2700_F270_R4|U_WPB_L56_DOC2.0_WOC1.0_N1800_F180_R1|U_WPB_L56_DOC2.0_WOC1.0_N1800_F180_R4|U_WPB_L56_DOC2.0_WOC1.0_N2700_F270_R3|U_WPB_L56_DOC2.0_WOC1.0_N3600_F360_R2|U_WPB_L56_DOC2.0_WOC2.0_N2700_F270_R2|U_WPB_L56_DOC6.0_WOC1.0_N2700_F270_R2|U_WPB_L56_DOC6.0_WOC1.0_N2700_F270_R3,final structured retention evaluation
15,3,3,53,0.3,36,Facility Location,uniform observed subset,36,24,24.0,12.0,0.8854166666666667,0.8125,0.9583333333333334,0.8125,S_WPA_L36_DOC1.5_WOC2.0_N2700_F270_R3|U_WPB_L56_DOC2.0_WOC2.0_N2700_F270_R2|S_WPA_L36_DOC1.0_WOC1.0_N2700_F270_R1|S_WPB_L56_DOC1.0_WOC2.0_N2700_F270_R4|U_WPA_L36_DOC2.0_WOC2.0_N2700_F270_R2|S_WPB_L56_DOC0.5_WOC1.0_N3600_F360_R1|S_WPA_L36_DOC2.0_WOC1.0_N1800_F180_R2|S_WPB_L56_DOC1.5_WOC1.0_N3600_F360_R1|S_WPB_L56_DOC1.5_WOC1.0_N2700_F270_R1|S_WPA_L36_DOC0.5_WOC2.0_N2700_F270_R2|S_WPB_L56_DOC1.0_WOC2.0_N2700_F270_R2|U_WPB_L56_DOC4.0_WOC2.0_N2700_F270_R2|S_WPB_L56_DOC1.0_WOC2.0_N2700_F270_R3|U_WPB_L56_DOC2.0_WOC1.0_N1800_F180_R1|S_WPA_L36_DOC1.5_WOC1.0_N1800_F180_R2|S_WPA_L36_DOC6.0_WOC1.0_N2700_F270_R2|U_WPA_L36_DOC4.0_WOC2.0_N2700_F270_R1|S_WPA_L36_DOC0.5_WOC1.0_N3600_F360_R4|U_WPB_L56_DOC6.0_WOC1.0_N2700_F270_R3|S_WPB_L56_DOC1.0_WOC1.0_N1800_F180_R3|U_WPB_L56_DOC4.0_WOC2.0_N2700_F270_R1|S_WPA_L36_DOC1.0_WOC1.0_N2700_F270_R4|U_WPB_L56_DOC4.0_WOC1.0_N2700_F270_R3|S_WPB_L56_DOC1.5_WOC1.0_N3600_F360_R4|U_WPB_L56_DOC3.0_WOC1.0_N3600_F360_R1|S_WPB_L56_DOC1.5_WOC1.0_N2700_F270_R3|S_WPA_L36_DOC1.0_WOC1.0_N3600_F360_R1|S_WPA_L36_DOC2.0_WOC1.0_N2700_F270_R1|S_WPB_L56_DOC0.5_WOC1.0_N3600_F360_R2|S_WPB_L56_DOC1.0_WOC2.0_N2700_F270_R1|U_WPB_L56_DOC4.0_WOC1.0_N2700_F270_R2|S_WPA_L36_DOC2.0_WOC1.0_N1800_F180_R1|S_WPB_L56_DOC1.5_WOC1.0_N1800_F180_R3|S_WPB_L56_DOC1.0_WOC1.0_N2700_F270_R2|U_WPB_L56_DOC6.0_WOC1.0_N2700_F270_R2|U_WPA_L36_DOC4.0_WOC2.0_N2700_F270_R2,final structured retention evaluation
15,3,3,53,0.3,36,MRDS,uniform observed subset,36,20,28.0,8.0,0.75,0.5,1.0,0.5,S_WPA_L36_DOC1.5_WOC2.0_N2700_F270_R1|S_WPB_L56_DOC1.5_WOC1.0_N3600_F360_R1|S_WPA_L36_DOC2.0_WOC1.0_N1800_F180_R2|S_WPB_L56_DOC1.0_WOC2.0_N2700_F270_R3|S_WPB_L56_DOC1.5_WOC1.0_N2700_F270_R1|S_WPB_L56_DOC1.0_WOC2.0_N2700_F270_R2|S_WPB_L56_DOC0.5_WOC1.0_N3600_F360_R1|U_WPB_L56_DOC4.0_WOC2.0_N2700_F270_R2|S_WPA_L36_DOC1.0_WOC1.0_N1800_F180_R3|S_WPA_L36_DOC1.0_WOC1.0_N1800_F180_R2|S_WPB_L56_DOC1.0_WOC1.0_N2700_F270_R1|S_WPA_L36_DOC1.5_WOC2.0_N2700_F270_R2|S_WPB_L56_DOC1.5_WOC1.0_N1800_F180_R3|S_WPA_L36_DOC1.0_WOC1.0_N3600_F360_R2|S_WPA_L36_DOC1.5_WOC1.0_N3600_F360_R4|S_WPA_L36_DOC0.5_WOC2.0_N2700_F270_R4|S_WPA_L36_DOC1.0_WOC1.0_N1800_F180_R4|S_WPA_L36_DOC0.5_WOC1.0_N3600_F360_R4|S_WPB_L56_DOC1.5_WOC1.0_N3600_F360_R2|U_WPB_L56_DOC2.0_WOC2.0_N2700_F270_R4|S_WPA_L36_DOC1.5_WOC2.0_N2700_F270_R4|S_WPA_L36_DOC0.5_WOC2.0_N2700_F270_R2|S_WPA_L36_DOC1.5_WOC1.0_N3600_F360_R2|U_WPB_L56_DOC4.0_WOC2.0_N2700_F270_R3|S_WPA_L36_DOC1.0_WOC1.0_N3600_F360_R4|U_WPB_L56_DOC3.0_WOC1.0_N3600_F360_R4|U_WPA_L36_DOC4.0_WOC2.0_N2700_F270_R4|S_WPA_L36_DOC6.0_WOC1.0_N2700_F270_R3|S_WPA_L36_DOC1.5_WOC1.0_N3600_F360_R3|S_WPA_L36_DOC0.5_WOC2.0_N2700_F270_R1|S_WPA_L36_DOC0.5_WOC2.0_N2700_F270_R3|U_WPB_L56_DOC4.0_WOC1.0_N2700_F270_R1|U_WPB_L56_DOC2.0_WOC2.0_N2700_F270_R2|S_WPA_L36_DOC1.5_WOC2.0_N2700_F270_R3|U_WPA_L36_DOC2.0_WOC2.0_N2700_F270_R4|S_WPA_L36_DOC1.0_WOC1.0_N3600_F360_R3,final structured retention evaluation
15,3,3,53,0.3,36,W2-k-medoids,uniform observed subset,36,23,23.0,13.0,0.8958333333333333,0.875,0.9166666666666666,0.875,S_WPA_L36_DOC0.5_WOC2.0_N2700_F270_R1|S_WPA_L36_DOC1.0_WOC1.0_N2700_F270_R1|S_WPA_L36_DOC1.0_WOC1.0_N3600_F360_R1|S_WPA_L36_DOC1.0_WOC1.0_N3600_F360_R4|S_WPA_L36_DOC1.5_WOC1.0_N1800_F180_R3|S_WPA_L36_DOC1.5_WOC2.0_N2700_F270_R3|S_WPA_L36_DOC2.0_WOC1.0_N1800_F180_R1|S_WPA_L36_DOC2.0_WOC1.0_N1800_F180_R2|S_WPA_L36_DOC2.0_WOC1.0_N2700_F270_R4|S_WPA_L36_DOC6.0_WOC1.0_N2700_F270_R2|S_WPA_L36_DOC6.0_WOC1.0_N2700_F270_R4|S_WPB_L56_DOC0.5_WOC1.0_N3600_F360_R1|S_WPB_L56_DOC0.5_WOC1.0_N3600_F360_R2|S_WPB_L56_DOC0.5_WOC2.0_N2700_F270_R3|S_WPB_L56_DOC1.0_WOC1.0_N1800_F180_R2|S_WPB_L56_DOC1.0_WOC1.0_N2700_F270_R2|S_WPB_L56_DOC1.0_WOC2.0_N2700_F270_R1|S_WPB_L56_DOC1.0_WOC2.0_N2700_F270_R2|S_WPB_L56_DOC1.0_WOC2.0_N2700_F270_R3|S_WPB_L56_DOC1.5_WOC1.0_N2700_F270_R1|S_WPB_L56_DOC1.5_WOC1.0_N2700_F270_R3|S_WPB_L56_DOC1.5_WOC1.0_N3600_F360_R1|S_WPB_L56_DOC1.5_WOC1.0_N3600_F360_R4|U_WPA_L36_DOC2.0_WOC2.0_N2700_F270_R2|U_WPA_L36_DOC4.0_WOC2.0_N2700_F270_R3|U_WPA_L36_DOC4.0_WOC2.0_N2700_F270_R4|U_WPB_L56_DOC2.0_WOC1.0_N1800_F180_R1|U_WPB_L56_DOC2.0_WOC1.0_N1800_F180_R3|U_WPB_L56_DOC2.0_WOC2.0_N2700_F270_R3|U_WPB_L56_DOC3.0_WOC1.0_N3600_F360_R1|U_WPB_L56_DOC4.0_WOC1.0_N2700_F270_R2|U_WPB_L56_DOC4.0_WOC1.0_N2700_F270_R3|U_WPB_L56_DOC4.0_WOC2.0_N2700_F270_R1|U_WPB_L56_DOC4.0_WOC2.0_N2700_F270_R2|U_WPB_L56_DOC6.0_WOC1.0_N2700_F270_R2|U_WPB_L56_DOC6.0_WOC1.0_N2700_F270_R3,final structured retention evaluation
16,4,0,71,0.3,36,Facility Location,uniform observed subset,36,24,22.0,14.0,1.0,1.0,1.0,1.0,S_WPA_L36_DOC1.5_WOC2.0_N2700_F270_R3|U_WPB_L56_DOC3.0_WOC1.0_N3600_F360_R3|S_WPB_L56_DOC1.0_WOC2.0_N2700_F270_R4|U_WPA_L36_DOC3.0_WOC1.0_N3600_F360_R4|S_WPA_L36_DOC1.0_WOC1.0_N2700_F270_R1|S_WPB_L56_DOC0.5_WOC1.0_N2700_F270_R3|S_WPB_L56_DOC1.0_WOC2.0_N2700_F270_R3|S_WPA_L36_DOC2.0_WOC1.0_N1800_F180_R4|S_WPA_L36_DOC2.0_WOC1.0_N1800_F180_R2|S_WPB_L56_DOC1.5_WOC1.0_N3600_F360_R1|U_WPA_L36_DOC3.0_WOC1.0_N3600_F360_R2|U_WPA_L36_DOC3.0_WOC1.0_N3600_F360_R1|S_WPB_L56_DOC1.0_WOC2.0_N2700_F270_R2|S_WPB_L56_DOC0.5_WOC1.0_N3600_F360_R1|U_WPB_L56_DOC4.0_WOC2.0_N2700_F270_R2|U_WPB_L56_DOC2.0_WOC1.0_N2700_F270_R3|S_WPA_L36_DOC2.0_WOC1.0_N2700_F270_R4|S_WPA_L36_DOC3.0_WOC1.0_N1800_F180_R3|U_WPB_L56_DOC2.0_WOC1.0_N1800_F180_R1|U_WPB_L56_DOC6.0_WOC1.0_N2700_F270_R3|S_WPA_L36_DOC1.5_WOC1.0_N1800_F180_R4|S_WPB_L56_DOC0.5_WOC1.0_N2700_F270_R1|U_WPB_L56_DOC4.0_WOC2.0_N2700_F270_R1|S_WPA_L36_DOC0.5_WOC2.0_N2700_F270_R1|U_WPB_L56_DOC4.0_WOC1.0_N2700_F270_R3|S_WPB_L56_DOC1.5_WOC1.0_N1800_F180_R3|S_WPB_L56_DOC1.0_WOC1.0_N2700_F270_R1|U_WPA_L36_DOC2.0_WOC1.0_N3600_F360_R4|S_WPB_L56_DOC1.5_WOC1.0_N3600_F360_R4|U_WPB_L56_DOC2.0_WOC1.0_N1800_F180_R3|S_WPA_L36_DOC0.5_WOC1.0_N2700_F270_R3|U_WPB_L56_DOC3.0_WOC1.0_N3600_F360_R4|S_WPB_L56_DOC1.0_WOC2.0_N2700_F270_R1|S_WPA_L36_DOC6.0_WOC1.0_N2700_F270_R2|U_WPB_L56_DOC4.0_WOC2.0_N2700_F270_R3|S_WPA_L36_DOC1.5_WOC1.0_N3600_F360_R1,final structured retention evaluation
16,4,0,71,0.3,36,MRDS,uniform observed subset,36,19,25.0,11.0,1.0,1.0,1.0,1.0,U_WPB_L56_DOC2.0_WOC1.0_N2700_F270_R2|S_WPB_L56_DOC1.5_WOC1.0_N3600_F360_R1|S_WPA_L36_DOC2.0_WOC1.0_N1800_F180_R2|U_WPA_L36_DOC3.0_WOC1.0_N3600_F360_R1|U_WPA_L36_DOC3.0_WOC1.0_N3600_F360_R2|S_WPB_L56_DOC0.5_WOC1.0_N3600_F360_R1|S_WPB_L56_DOC1.0_WOC2.0_N2700_F270_R2|S_WPB_L56_DOC0.5_WOC1.0_N2700_F270_R2|S_WPB_L56_DOC1.0_WOC2.0_N2700_F270_R3|S_WPA_L36_DOC1.0_WOC2.0_N2700_F270_R4|S_WPA_L36_DOC1.5_WOC1.0_N3600_F360_R4|S_WPA_L36_DOC6.0_WOC1.0_N2700_F270_R3|U_WPB_L56_DOC4.0_WOC2.0_N2700_F270_R2|S_WPA_L36_DOC1.5_WOC1.0_N1800_F180_R4|S_WPA_L36_DOC1.0_WOC1.0_N1800_F180_R4|S_WPA_L36_DOC1.0_WOC1.0_N2700_F270_R1|S_WPA_L36_DOC1.0_WOC1.0_N1800_F180_R3|S_WPA_L36_DOC1.0_WOC2.0_N2700_F270_R1|U_WPB_L56_DOC2.0_WOC1.0_N1800_F180_R4|S_WPA_L36_DOC0.5_WOC2.0_N2700_F270_R1|U_WPB_L56_DOC3.0_WOC1.0_N3600_F360_R1|S_WPA_L36_DOC0.5_WOC2.0_N2700_F270_R3|S_WPA_L36_DOC1.0_WOC2.0_N2700_F270_R3|S_WPA_L36_DOC0.5_WOC2.0_N2700_F270_R4|S_WPA_L36_DOC0.5_WOC2.0_N2700_F270_R2|S_WPA_L36_DOC1.5_WOC2.0_N2700_F270_R2|S_WPA_L36_DOC1.5_WOC2.0_N2700_F270_R4|U_WPB_L56_DOC2.0_WOC1.0_N3600_F360_R3|S_WPA_L36_DOC1.5_WOC2.0_N2700_F270_R3|U_WPA_L36_DOC3.0_WOC1.0_N3600_F360_R4|U_WPB_L56_DOC2.0_WOC1.0_N3600_F360_R1|U_WPB_L56_DOC2.0_WOC1.0_N2700_F270_R1|S_WPA_L36_DOC1.5_WOC1.0_N3600_F360_R2|S_WPB_L56_DOC1.0_WOC2.0_N2700_F270_R4|S_WPA_L36_DOC1.5_WOC2.0_N2700_F270_R1|U_WPB_L56_DOC2.0_WOC1.0_N2700_F270_R3,final structured retention evaluation
16,4,0,71,0.3,36,W2-k-medoids,uniform observed subset,36,25,23.0,13.0,1.0,1.0,1.0,1.0,S_WPA_L36_DOC0.5_WOC1.0_N2700_F270_R3|S_WPA_L36_DOC0.5_WOC2.0_N2700_F270_R1|S_WPA_L36_DOC1.0_WOC1.0_N2700_F270_R4|S_WPA_L36_DOC1.5_WOC1.0_N1800_F180_R4|S_WPA_L36_DOC1.5_WOC1.0_N3600_F360_R2|S_WPA_L36_DOC1.5_WOC2.0_N2700_F270_R3|S_WPA_L36_DOC2.0_WOC1.0_N1800_F180_R1|S_WPA_L36_DOC2.0_WOC1.0_N1800_F180_R2|S_WPA_L36_DOC2.0_WOC1.0_N2700_F270_R1|S_WPA_L36_DOC3.0_WOC1.0_N1800_F180_R3|S_WPA_L36_DOC6.0_WOC1.0_N2700_F270_R2|S_WPB_L56_DOC0.5_WOC1.0_N2700_F270_R2|S_WPB_L56_DOC0.5_WOC1.0_N2700_F270_R4|S_WPB_L56_DOC0.5_WOC1.0_N3600_F360_R1|S_WPB_L56_DOC0.5_WOC1.0_N3600_F360_R4|S_WPB_L56_DOC1.0_WOC1.0_N2700_F270_R3|S_WPB_L56_DOC1.0_WOC2.0_N2700_F270_R1|S_WPB_L56_DOC1.0_WOC2.0_N2700_F270_R2|S_WPB_L56_DOC1.0_WOC2.0_N2700_F270_R3|S_WPB_L56_DOC1.5_WOC1.0_N1800_F180_R3|S_WPB_L56_DOC1.5_WOC1.0_N3600_F360_R1|S_WPB_L56_DOC1.5_WOC1.0_N3600_F360_R4|S_WPB_L56_DOC1.5_WOC2.0_N2700_F270_R3|U_WPA_L36_DOC2.0_WOC1.0_N3600_F360_R2|U_WPA_L36_DOC2.0_WOC1.0_N3600_F360_R3|U_WPA_L36_DOC3.0_WOC1.0_N3600_F360_R1|U_WPA_L36_DOC3.0_WOC1.0_N3600_F360_R2|U_WPB_L56_DOC2.0_WOC1.0_N1800_F180_R2|U_WPB_L56_DOC2.0_WOC1.0_N1800_F180_R3|U_WPB_L56_DOC3.0_WOC1.0_N1800_F180_R3|U_WPB_L56_DOC3.0_WOC1.0_N3600_F360_R4|U_WPB_L56_DOC4.0_WOC1.0_N2700_F270_R1|U_WPB_L56_DOC4.0_WOC1.0_N2700_F270_R3|U_WPB_L56_DOC4.0_WOC2.0_N2700_F270_R1|U_WPB_L56_DOC4.0_WOC2.0_N2700_F270_R3|U_WPB_L56_DOC6.0_WOC1.0_N2700_F270_R3,final structured retention evaluation
17,4,1,71,0.3,36,Facility Location,uniform observed subset,36,25,21.0,15.0,0.9821428571428572,1.0,0.9642857142857143,0.9642857142857143,S_WPA_L36_DOC1.5_WOC1.0_N3600_F360_R4|U_WPB_L56_DOC3.0_WOC1.0_N3600_F360_R3|S_WPB_L56_DOC1.0_WOC1.0_N2700_F270_R1|S_WPB_L56_DOC0.5_WOC2.0_N2700_F270_R3|U_WPA_L36_DOC2.0_WOC2.0_N2700_F270_R2|S_WPB_L56_DOC0.5_WOC1.0_N2700_F270_R3|S_WPA_L36_DOC0.5_WOC2.0_N2700_F270_R1|S_WPB_L56_DOC0.5_WOC1.0_N3600_F360_R1|S_WPA_L36_DOC2.0_WOC1.0_N1800_F180_R2|U_WPA_L36_DOC3.0_WOC1.0_N3600_F360_R2|U_WPA_L36_DOC3.0_WOC1.0_N3600_F360_R1|S_WPB_L56_DOC1.5_WOC1.0_N2700_F270_R1|U_WPB_L56_DOC2.0_WOC1.0_N2700_F270_R3|U_WPB_L56_DOC4.0_WOC2.0_N2700_F270_R2|S_WPA_L36_DOC1.5_WOC1.0_N1800_F180_R3|S_WPA_L36_DOC6.0_WOC1.0_N2700_F270_R2|S_WPA_L36_DOC0.5_WOC1.0_N2700_F270_R1|S_WPB_L56_DOC1.0_WOC1.0_N1800_F180_R3|U_WPA_L36_DOC4.0_WOC2.0_N2700_F270_R1|U_WPB_L56_DOC4.0_WOC2.0_N2700_F270_R1|U_WPB_L56_DOC4.0_WOC1.0_N2700_F270_R3|S_WPB_L56_DOC0.5_WOC1.0_N3600_F360_R2|U_WPB_L56_DOC2.0_WOC2.0_N2700_F270_R3|S_WPA_L36_DOC2.0_WOC1.0_N1800_F180_R1|U_WPA_L36_DOC3.0_WOC1.0_N3600_F360_R3|S_WPA_L36_DOC1.0_WOC1.0_N3600_F360_R1|S_WPA_L36_DOC1.0_WOC1.0_N3600_F360_R4|U_WPB_L56_DOC2.0_WOC1.0_N3600_F360_R3|S_WPA_L36_DOC6.0_WOC1.0_N2700_F270_R4|S_WPB_L56_DOC0.5_WOC1.0_N2700_F270_R2|S_WPB_L56_DOC1.5_WOC1.0_N2700_F270_R3|S_WPB_L56_DOC1.5_WOC2.0_N2700_F270_R3|U_WPB_L56_DOC2.0_WOC1.0_N1800_F180_R2|U_WPB_L56_DOC4.0_WOC1.0_N2700_F270_R1|S_WPB_L56_DOC0.5_WOC1.0_N1800_F180_R2|U_WPA_L36_DOC4.0_WOC2.0_N2700_F270_R2,final structured retention evaluation
17,4,1,71,0.3,36,MRDS,uniform observed subset,36,21,26.0,10.0,0.9107142857142857,1.0,0.8214285714285714,0.8214285714285714,S_WPA_L36_DOC0.5_WOC1.0_N2700_F270_R3|S_WPA_L36_DOC2.0_WOC1.0_N1800_F180_R2|U_WPA_L36_DOC3.0_WOC1.0_N3600_F360_R1|U_WPA_L36_DOC3.0_WOC1.0_N3600_F360_R2|S_WPB_L56_DOC1.5_WOC1.0_N2700_F270_R2|S_WPB_L56_DOC0.5_WOC1.0_N3600_F360_R1|U_WPB_L56_DOC2.0_WOC1.0_N2700_F270_R2|S_WPB_L56_DOC1.0_WOC1.0_N1800_F180_R3|S_WPA_L36_DOC0.5_WOC2.0_N2700_F270_R2|S_WPA_L36_DOC0.5_WOC2.0_N2700_F270_R3|U_WPB_L56_DOC4.0_WOC2.0_N2700_F270_R2|S_WPB_L56_DOC0.5_WOC1.0_N1800_F180_R1|S_WPA_L36_DOC1.5_WOC1.0_N3600_F360_R4|S_WPA_L36_DOC1.0_WOC1.0_N1800_F180_R4|S_WPB_L56_DOC1.5_WOC1.0_N1800_F180_R4|U_WPB_L56_DOC2.0_WOC1.0_N2700_F270_R4|S_WPA_L36_DOC1.0_WOC1.0_N1800_F180_R3|S_WPB_L56_DOC1.0_WOC1.0_N1800_F180_R1|U_WPA_L36_DOC2.0_WOC2.0_N2700_F270_R1|S_WPA_L36_DOC1.5_WOC1.0_N3600_F360_R3|U_WPB_L56_DOC2.0_WOC1.0_N3600_F360_R1|U_WPB_L56_DOC2.0_WOC1.0_N3600_F360_R4|S_WPA_L36_DOC0.5_WOC2.0_N2700_F270_R4|S_WPA_L36_DOC1.0_WOC1.0_N3600_F360_R2|S_WPB_L56_DOC1.0_WOC1.0_N3600_F360_R1|S_WPB_L56_DOC0.5_WOC2.0_N2700_F270_R3|S_WPA_L36_DOC0.5_WOC1.0_N3600_F360_R4|U_WPB_L56_DOC3.0_WOC1.0_N3600_F360_R1|U_WPA_L36_DOC2.0_WOC2.0_N2700_F270_R4|S_WPA_L36_DOC1.5_WOC1.0_N3600_F360_R2|S_WPA_L36_DOC1.0_WOC1.0_N3600_F360_R4|S_WPA_L36_DOC1.5_WOC1.0_N3600_F360_R1|S_WPA_L36_DOC1.0_WOC1.0_N3600_F360_R3|S_WPA_L36_DOC0.5_WOC2.0_N2700_F270_R1|S_WPA_L36_DOC0.5_WOC1.0_N2700_F270_R2|S_WPA_L36_DOC6.0_WOC1.0_N2700_F270_R3,final structured retention evaluation
17,4,1,71,0.3,36,W2-k-medoids,uniform observed subset,36,22,20.0,16.0,0.9404761904761905,0.9166666666666666,0.9642857142857143,0.9166666666666666,S_WPA_L36_DOC0.5_WOC1.0_N2700_F270_R3|S_WPA_L36_DOC0.5_WOC2.0_N2700_F270_R1|S_WPA_L36_DOC1.0_WOC1.0_N3600_F360_R1|S_WPA_L36_DOC1.0_WOC1.0_N3600_F360_R4|S_WPA_L36_DOC1.5_WOC1.0_N1800_F180_R3|S_WPA_L36_DOC2.0_WOC1.0_N1800_F180_R1|S_WPA_L36_DOC2.0_WOC1.0_N1800_F180_R2|S_WPA_L36_DOC6.0_WOC1.0_N2700_F270_R1|S_WPA_L36_DOC6.0_WOC1.0_N2700_F270_R2|S_WPA_L36_DOC6.0_WOC1.0_N2700_F270_R4|S_WPB_L56_DOC0.5_WOC1.0_N2700_F270_R2|S_WPB_L56_DOC0.5_WOC1.0_N2700_F270_R4|S_WPB_L56_DOC0.5_WOC1.0_N3600_F360_R1|S_WPB_L56_DOC0.5_WOC1.0_N3600_F360_R2|S_WPB_L56_DOC1.0_WOC1.0_N1800_F180_R3|S_WPB_L56_DOC1.0_WOC1.0_N2700_F270_R3|S_WPB_L56_DOC1.5_WOC1.0_N1800_F180_R3|S_WPB_L56_DOC1.5_WOC1.0_N2700_F270_R1|S_WPB_L56_DOC1.5_WOC1.0_N2700_F270_R3|S_WPB_L56_DOC1.5_WOC2.0_N2700_F270_R3|U_WPA_L36_DOC2.0_WOC2.0_N2700_F270_R3|U_WPA_L36_DOC3.0_WOC1.0_N3600_F360_R1|U_WPA_L36_DOC3.0_WOC1.0_N3600_F360_R2|U_WPA_L36_DOC3.0_WOC1.0_N3600_F360_R3|U_WPA_L36_DOC4.0_WOC2.0_N2700_F270_R2|U_WPA_L36_DOC4.0_WOC2.0_N2700_F270_R4|U_WPB_L56_DOC2.0_WOC1.0_N1800_F180_R2|U_WPB_L56_DOC2.0_WOC1.0_N2700_F270_R3|U_WPB_L56_DOC2.0_WOC1.0_N2700_F270_R4|U_WPB_L56_DOC2.0_WOC2.0_N2700_F270_R2|U_WPB_L56_DOC3.0_WOC1.0_N3600_F360_R4|U_WPB_L56_DOC4.0_WOC1.0_N2700_F270_R1|U_WPB_L56_DOC4.0_WOC1.0_N2700_F270_R3|U_WPB_L56_DOC4.0_WOC2.0_N2700_F270_R1|U_WPB_L56_DOC4.0_WOC2.0_N2700_F270_R2|U_WPB_L56_DOC4.0_WOC2.0_N2700_F270_R3,final structured retention evaluation
18,4,2,71,0.3,36,Facility Location,uniform observed subset,36,25,26.0,10.0,0.875,0.75,1.0,0.75,S_WPA_L36_DOC1.5_WOC2.0_N2700_F270_R2|U_WPB_L56_DOC2.0_WOC1.0_N2700_F270_R2|S_WPA_L36_DOC1.0_WOC1.0_N2700_F270_R1|S_WPB_L56_DOC1.0_WOC2.0_N2700_F270_R4|U_WPA_L36_DOC2.0_WOC2.0_N2700_F270_R2|S_WPB_L56_DOC0.5_WOC1.0_N2700_F270_R3|S_WPA_L36_DOC2.0_WOC1.0_N1800_F180_R2|S_WPB_L56_DOC1.5_WOC1.0_N3600_F360_R1|S_WPB_L56_DOC1.0_WOC2.0_N2700_F270_R3|S_WPB_L56_DOC1.5_WOC1.0_N2700_F270_R1|S_WPB_L56_DOC1.0_WOC2.0_N2700_F270_R2|U_WPB_L56_DOC4.0_WOC2.0_N2700_F270_R3|U_WPA_L36_DOC2.0_WOC1.0_N3600_F360_R4|S_WPA_L36_DOC0.5_WOC1.0_N3600_F360_R4|S_WPA_L36_DOC2.0_WOC1.0_N2700_F270_R3|S_WPA_L36_DOC3.0_WOC1.0_N1800_F180_R3|U_WPB_L56_DOC4.0_WOC2.0_N2700_F270_R1|U_WPB_L56_DOC6.0_WOC1.0_N2700_F270_R3|U_WPB_L56_DOC3.0_WOC1.0_N1800_F180_R1|S_WPB_L56_DOC0.5_WOC1.0_N2700_F270_R1|U_WPB_L56_DOC2.0_WOC1.0_N3600_F360_R3|S_WPA_L36_DOC1.0_WOC1.0_N2700_F270_R4|S_WPA_L36_DOC2.0_WOC1.0_N1800_F180_R3|U_WPA_L36_DOC4.0_WOC2.0_N2700_F270_R1|S_WPB_L56_DOC1.5_WOC1.0_N3600_F360_R4|S_WPB_L56_DOC1.0_WOC1.0_N1800_F180_R3|S_WPA_L36_DOC0.5_WOC1.0_N2700_F270_R1|S_WPB_L56_DOC1.5_WOC1.0_N2700_F270_R3|S_WPA_L36_DOC1.0_WOC1.0_N3600_F360_R1|S_WPB_L56_DOC1.0_WOC2.0_N2700_F270_R1|S_WPB_L56_DOC0.5_WOC1.0_N1800_F180_R4|S_WPA_L36_DOC2.0_WOC1.0_N2700_F270_R1|S_WPB_L56_DOC1.0_WOC1.0_N3600_F360_R3|S_WPA_L36_DOC4.0_WOC1.0_N2700_F270_R3|S_WPB_L56_DOC1.0_WOC1.0_N2700_F270_R2|U_WPB_L56_DOC6.0_WOC1.0_N2700_F270_R2,final structured retention evaluation
18,4,2,71,0.3,36,MRDS,uniform observed subset,36,21,26.0,10.0,0.875,0.75,1.0,0.75,S_WPA_L36_DOC1.5_WOC2.0_N2700_F270_R2|S_WPB_L56_DOC1.5_WOC1.0_N3600_F360_R1|S_WPA_L36_DOC2.0_WOC1.0_N1800_F180_R2|S_WPB_L56_DOC1.0_WOC2.0_N2700_F270_R3|S_WPB_L56_DOC1.5_WOC1.0_N3600_F360_R4|S_WPB_L56_DOC1.0_WOC2.0_N2700_F270_R2|S_WPB_L56_DOC0.5_WOC1.0_N2700_F270_R2|U_WPA_L36_DOC2.0_WOC2.0_N2700_F270_R1|S_WPA_L36_DOC1.0_WOC1.0_N2700_F270_R1|S_WPB_L56_DOC1.0_WOC1.0_N2700_F270_R1|U_WPB_L56_DOC4.0_WOC2.0_N2700_F270_R4|U_WPA_L36_DOC2.0_WOC1.0_N3600_F360_R3|S_WPA_L36_DOC6.0_WOC1.0_N2700_F270_R3|S_WPB_L56_DOC1.0_WOC1.0_N2700_F270_R2|S_WPA_L36_DOC2.0_WOC1.0_N2700_F270_R2|S_WPA_L36_DOC1.0_WOC2.0_N2700_F270_R4|S_WPA_L36_DOC1.0_WOC1.0_N3600_F360_R2|S_WPB_L56_DOC0.5_WOC2.0_N2700_F270_R3|S_WPA_L36_DOC1.0_WOC2.0_N2700_F270_R1|U_WPA_L36_DOC4.0_WOC2.0_N2700_F270_R2|S_WPA_L36_DOC1.5_WOC2.0_N2700_F270_R4|S_WPA_L36_DOC0.5_WOC1.0_N3600_F360_R4|U_WPB_L56_DOC2.0_WOC1.0_N2700_F270_R4|U_WPA_L36_DOC2.0_WOC2.0_N2700_F270_R4|U_WPA_L36_DOC4.0_WOC2.0_N2700_F270_R4|S_WPA_L36_DOC0.5_WOC1.0_N2700_F270_R2|S_WPA_L36_DOC1.5_WOC2.0_N2700_F270_R3|U_WPB_L56_DOC2.0_WOC2.0_N2700_F270_R1|U_WPB_L56_DOC2.0_WOC2.0_N2700_F270_R4|S_WPB_L56_DOC1.0_WOC1.0_N1800_F180_R3|S_WPB_L56_DOC1.0_WOC2.0_N2700_F270_R4|S_WPA_L36_DOC1.5_WOC2.0_N2700_F270_R1|S_WPB_L56_DOC1.0_WOC1.0_N1800_F180_R1|U_WPA_L36_DOC2.0_WOC2.0_N2700_F270_R2|S_WPA_L36_DOC1.0_WOC2.0_N2700_F270_R2|S_WPA_L36_DOC0.5_WOC1.0_N2700_F270_R3,final structured retention evaluation
18,4,2,71,0.3,36,W2-k-medoids,uniform observed subset,36,26,26.0,10.0,0.875,0.75,1.0,0.75,S_WPA_L36_DOC0.5_WOC1.0_N2700_F270_R3|S_WPA_L36_DOC0.5_WOC1.0_N3600_F360_R4|S_WPA_L36_DOC1.0_WOC1.0_N3600_F360_R1|S_WPA_L36_DOC1.5_WOC2.0_N2700_F270_R2|S_WPA_L36_DOC2.0_WOC1.0_N1800_F180_R2|S_WPA_L36_DOC2.0_WOC1.0_N1800_F180_R3|S_WPA_L36_DOC2.0_WOC1.0_N2700_F270_R1|S_WPA_L36_DOC3.0_WOC1.0_N1800_F180_R2|S_WPA_L36_DOC3.0_WOC1.0_N1800_F180_R4|S_WPA_L36_DOC4.0_WOC1.0_N2700_F270_R3|S_WPA_L36_DOC6.0_WOC1.0_N2700_F270_R2|S_WPA_L36_DOC6.0_WOC1.0_N2700_F270_R4|S_WPB_L56_DOC0.5_WOC1.0_N2700_F270_R1|S_WPB_L56_DOC0.5_WOC1.0_N2700_F270_R3|S_WPB_L56_DOC0.5_WOC2.0_N2700_F270_R3|S_WPB_L56_DOC1.0_WOC1.0_N1800_F180_R3|S_WPB_L56_DOC1.0_WOC1.0_N2700_F270_R2|S_WPB_L56_DOC1.0_WOC1.0_N3600_F360_R3|S_WPB_L56_DOC1.0_WOC2.0_N2700_F270_R1|S_WPB_L56_DOC1.0_WOC2.0_N2700_F270_R2|S_WPB_L56_DOC1.0_WOC2.0_N2700_F270_R3|S_WPB_L56_DOC1.5_WOC1.0_N2700_F270_R1|S_WPB_L56_DOC1.5_WOC1.0_N2700_F270_R3|S_WPB_L56_DOC1.5_WOC1.0_N3600_F360_R1|S_WPB_L56_DOC1.5_WOC1.0_N3600_F360_R4|S_WPB_L56_DOC1.5_WOC2.0_N2700_F270_R4|U_WPA_L36_DOC2.0_WOC1.0_N3600_F360_R4|U_WPA_L36_DOC2.0_WOC2.0_N2700_F270_R2|U_WPA_L36_DOC4.0_WOC2.0_N2700_F270_R3|U_WPA_L36_DOC4.0_WOC2.0_N2700_F270_R4|U_WPB_L56_DOC2.0_WOC1.0_N2700_F270_R3|U_WPB_L56_DOC2.0_WOC1.0_N3600_F360_R3|U_WPB_L56_DOC3.0_WOC1.0_N1800_F180_R1|U_WPB_L56_DOC4.0_WOC2.0_N2700_F270_R1|U_WPB_L56_DOC4.0_WOC2.0_N2700_F270_R3|U_WPB_L56_DOC6.0_WOC1.0_N2700_F270_R3,final structured retention evaluation
19,4,3,71,0.3,36,Facility Location,uniform observed subset,36,25,22.0,14.0,0.9583333333333333,0.9166666666666666,1.0,0.9166666666666666,S_WPA_L36_DOC1.5_WOC2.0_N2700_F270_R3|U_WPA_L36_DOC3.0_WOC1.0_N3600_F360_R4|U_WPB_L56_DOC2.0_WOC2.0_N2700_F270_R4|S_WPB_L56_DOC0.5_WOC2.0_N2700_F270_R3|S_WPA_L36_DOC1.0_WOC1.0_N2700_F270_R2|S_WPB_L56_DOC1.0_WOC2.0_N2700_F270_R3|S_WPB_L56_DOC1.5_WOC1.0_N3600_F360_R1|S_WPB_L56_DOC1.0_WOC2.0_N2700_F270_R2|U_WPA_L36_DOC3.0_WOC1.0_N3600_F360_R2|U_WPA_L36_DOC3.0_WOC1.0_N3600_F360_R1|S_WPB_L56_DOC1.5_WOC1.0_N2700_F270_R1|S_WPA_L36_DOC0.5_WOC1.0_N3600_F360_R4|S_WPB_L56_DOC0.5_WOC1.0_N3600_F360_R1|S_WPA_L36_DOC1.5_WOC1.0_N1800_F180_R4|U_WPB_L56_DOC2.0_WOC1.0_N1800_F180_R1|U_WPB_L56_DOC4.0_WOC1.0_N2700_F270_R3|S_WPA_L36_DOC3.0_WOC1.0_N1800_F180_R3|S_WPA_L36_DOC2.0_WOC1.0_N2700_F270_R4|U_WPA_L36_DOC4.0_WOC2.0_N2700_F270_R1|S_WPA_L36_DOC0.5_WOC2.0_N2700_F270_R2|U_WPA_L36_DOC2.0_WOC2.0_N2700_F270_R3|U_WPB_L56_DOC6.0_WOC1.0_N2700_F270_R3|S_WPB_L56_DOC1.0_WOC1.0_N1800_F180_R3|U_WPB_L56_DOC3.0_WOC1.0_N3600_F360_R1|S_WPB_L56_DOC0.5_WOC1.0_N3600_F360_R2|U_WPB_L56_DOC6.0_WOC1.0_N2700_F270_R2|U_WPA_L36_DOC2.0_WOC1.0_N3600_F360_R4|S_WPA_L36_DOC1.0_WOC1.0_N3600_F360_R1|S_WPB_L56_DOC1.5_WOC1.0_N3600_F360_R4|U_WPB_L56_DOC4.0_WOC1.0_N2700_F270_R1|S_WPB_L56_DOC1.0_WOC2.0_N2700_F270_R1|S_WPB_L56_DOC1.5_WOC1.0_N2700_F270_R3|S_WPA_L36_DOC1.0_WOC1.0_N2700_F270_R4|S_WPA_L36_DOC1.0_WOC1.0_N1800_F180_R2|U_WPA_L36_DOC2.0_WOC1.0_N3600_F360_R1|S_WPA_L36_DOC4.0_WOC1.0_N2700_F270_R2,final structured retention evaluation
19,4,3,71,0.3,36,MRDS,uniform observed subset,36,15,26.0,10.0,0.9107142857142857,1.0,0.8214285714285714,0.8214285714285714,U_WPA_L36_DOC2.0_WOC2.0_N2700_F270_R1|S_WPB_L56_DOC1.5_WOC1.0_N3600_F360_R1|S_WPB_L56_DOC1.0_WOC2.0_N2700_F270_R2|U_WPA_L36_DOC3.0_WOC1.0_N3600_F360_R1|U_WPA_L36_DOC3.0_WOC1.0_N3600_F360_R2|S_WPB_L56_DOC1.5_WOC1.0_N3600_F360_R4|S_WPB_L56_DOC1.0_WOC2.0_N2700_F270_R3|S_WPA_L36_DOC1.5_WOC2.0_N2700_F270_R3|S_WPB_L56_DOC0.5_WOC1.0_N3600_F360_R1|S_WPA_L36_DOC1.0_WOC1.0_N3600_F360_R2|S_WPA_L36_DOC1.5_WOC1.0_N3600_F360_R2|S_WPA_L36_DOC1.5_WOC1.0_N3600_F360_R3|U_WPA_L36_DOC3.0_WOC1.0_N3600_F360_R4|S_WPA_L36_DOC1.0_WOC2.0_N2700_F270_R3|S_WPA_L36_DOC0.5_WOC2.0_N2700_F270_R2|S_WPA_L36_DOC0.5_WOC2.0_N2700_F270_R3|S_WPA_L36_DOC0.5_WOC2.0_N2700_F270_R4|S_WPA_L36_DOC1.0_WOC2.0_N2700_F270_R1|U_WPB_L56_DOC4.0_WOC1.0_N2700_F270_R1|S_WPA_L36_DOC1.5_WOC2.0_N2700_F270_R4|S_WPA_L36_DOC1.0_WOC1.0_N3600_F360_R4|S_WPA_L36_DOC1.0_WOC1.0_N3600_F360_R3|S_WPA_L36_DOC0.5_WOC2.0_N2700_F270_R1|S_WPA_L36_DOC2.0_WOC1.0_N2700_F270_R2|S_WPA_L36_DOC1.5_WOC1.0_N3600_F360_R4|S_WPB_L56_DOC1.5_WOC1.0_N3600_F360_R2|S_WPA_L36_DOC1.5_WOC2.0_N2700_F270_R1|U_WPA_L36_DOC2.0_WOC2.0_N2700_F270_R4|U_WPB_L56_DOC2.0_WOC1.0_N1800_F180_R1|U_WPA_L36_DOC2.0_WOC2.0_N2700_F270_R2|S_WPA_L36_DOC1.0_WOC2.0_N2700_F270_R2|S_WPA_L36_DOC1.5_WOC2.0_N2700_F270_R2|U_WPA_L36_DOC4.0_WOC2.0_N2700_F270_R4|S_WPA_L36_DOC1.0_WOC2.0_N2700_F270_R4|S_WPA_L36_DOC0.5_WOC1.0_N3600_F360_R4|U_WPB_L56_DOC2.0_WOC1.0_N1800_F180_R2,final structured retention evaluation
19,4,3,71,0.3,36,W2-k-medoids,uniform observed subset,36,24,21.0,15.0,0.9583333333333333,0.9166666666666666,1.0,0.9166666666666666,S_WPA_L36_DOC0.5_WOC2.0_N2700_F270_R1|S_WPA_L36_DOC1.0_WOC1.0_N1800_F180_R2|S_WPA_L36_DOC1.0_WOC1.0_N2700_F270_R4|S_WPA_L36_DOC1.0_WOC1.0_N3600_F360_R1|S_WPA_L36_DOC1.0_WOC1.0_N3600_F360_R4|S_WPA_L36_DOC1.5_WOC1.0_N1800_F180_R1|S_WPA_L36_DOC1.5_WOC2.0_N2700_F270_R3|S_WPA_L36_DOC2.0_WOC1.0_N2700_F270_R4|S_WPA_L36_DOC3.0_WOC1.0_N1800_F180_R3|S_WPA_L36_DOC4.0_WOC1.0_N2700_F270_R2|S_WPB_L56_DOC0.5_WOC1.0_N3600_F360_R1|S_WPB_L56_DOC0.5_WOC1.0_N3600_F360_R2|S_WPB_L56_DOC0.5_WOC2.0_N2700_F270_R3|S_WPB_L56_DOC1.0_WOC1.0_N1800_F180_R3|S_WPB_L56_DOC1.0_WOC2.0_N2700_F270_R1|S_WPB_L56_DOC1.0_WOC2.0_N2700_F270_R2|S_WPB_L56_DOC1.0_WOC2.0_N2700_F270_R3|S_WPB_L56_DOC1.5_WOC1.0_N2700_F270_R1|S_WPB_L56_DOC1.5_WOC1.0_N2700_F270_R3|S_WPB_L56_DOC1.5_WOC1.0_N3600_F360_R1|S_WPB_L56_DOC1.5_WOC1.0_N3600_F360_R4|U_WPA_L36_DOC2.0_WOC1.0_N3600_F360_R2|U_WPA_L36_DOC2.0_WOC1.0_N3600_F360_R3|U_WPA_L36_DOC2.0_WOC2.0_N2700_F270_R3|U_WPA_L36_DOC3.0_WOC1.0_N3600_F360_R1|U_WPA_L36_DOC3.0_WOC1.0_N3600_F360_R2|U_WPA_L36_DOC3.0_WOC1.0_N3600_F360_R3|U_WPA_L36_DOC4.0_WOC2.0_N2700_F270_R2|U_WPA_L36_DOC4.0_WOC2.0_N2700_F270_R4|U_WPB_L56_DOC2.0_WOC1.0_N1800_F180_R1|U_WPB_L56_DOC2.0_WOC2.0_N2700_F270_R2|U_WPB_L56_DOC3.0_WOC1.0_N3600_F360_R1|U_WPB_L56_DOC4.0_WOC1.0_N2700_F270_R1|U_WPB_L56_DOC4.0_WOC1.0_N2700_F270_R3|U_WPB_L56_DOC6.0_WOC1.0_N2700_F270_R2|U_WPB_L56_DOC6.0_WOC1.0_N2700_F270_R3,final structured retention evaluation
0,0,0,11,0.4,48,Facility Location,uniform observed subset,48,27,30.0,18.0,1.0,1.0,1.0,1.0,S_WPA_L36_DOC1.5_WOC2.0_N2700_F270_R1|U_WPA_L36_DOC3.0_WOC1.0_N3600_F360_R4|U_WPB_L56_DOC2.0_WOC2.0_N2700_F270_R2|S_WPA_L36_DOC1.0_WOC1.0_N2700_F270_R1|S_WPB_L56_DOC0.5_WOC2.0_N2700_F270_R2|S_WPB_L56_DOC0.5_WOC1.0_N2700_F270_R3|S_WPA_L36_DOC2.0_WOC1.0_N1800_F180_R2|S_WPB_L56_DOC1.5_WOC1.0_N3600_F360_R1|U_WPA_L36_DOC3.0_WOC1.0_N3600_F360_R1|U_WPA_L36_DOC3.0_WOC1.0_N3600_F360_R2|S_WPB_L56_DOC1.5_WOC1.0_N2700_F270_R1|S_WPA_L36_DOC0.5_WOC1.0_N3600_F360_R4|U_WPB_L56_DOC4.0_WOC2.0_N2700_F270_R2|U_WPB_L56_DOC2.0_WOC1.0_N1800_F180_R1|S_WPA_L36_DOC2.0_WOC1.0_N2700_F270_R3|S_WPA_L36_DOC3.0_WOC1.0_N1800_F180_R3|U_WPB_L56_DOC6.0_WOC1.0_N2700_F270_R3|S_WPB_L56_DOC0.5_WOC1.0_N2700_F270_R1|S_WPB_L56_DOC1.0_WOC1.0_N1800_F180_R3|S_WPA_L36_DOC0.5_WOC2.0_N2700_F270_R2|U_WPB_L56_DOC2.0_WOC1.0_N3600_F360_R3|U_WPB_L56_DOC4.0_WOC1.0_N2700_F270_R1|U_WPB_L56_DOC4.0_WOC1.0_N2700_F270_R3|S_WPA_L36_DOC1.0_WOC1.0_N2700_F270_R4|S_WPB_L56_DOC0.5_WOC1.0_N1800_F180_R2|U_WPB_L56_DOC4.0_WOC2.0_N2700_F270_R1|S_WPB_L56_DOC1.5_WOC1.0_N3600_F360_R4|U_WPA_L36_DOC2.0_WOC1.0_N3600_F360_R4|S_WPA_L36_DOC1.0_WOC1.0_N3600_F360_R1|S_WPB_L56_DOC1.5_WOC1.0_N2700_F270_R3|S_WPA_L36_DOC2.0_WOC1.0_N1800_F180_R3|S_WPA_L36_DOC2.0_WOC1.0_N2700_F270_R1|S_WPB_L56_DOC1.0_WOC1.0_N2700_F270_R2|U_WPA_L36_DOC2.0_WOC1.0_N3600_F360_R1|S_WPA_L36_DOC3.0_WOC1.0_N1800_F180_R2|S_WPB_L56_DOC1.5_WOC2.0_N2700_F270_R2|U_WPA_L36_DOC2.0_WOC1.0_N3600_F360_R2|U_WPB_L56_DOC2.0_WOC1.0_N2700_F270_R3|U_WPB_L56_DOC6.0_WOC1.0_N2700_F270_R2|S_WPA_L36_DOC4.0_WOC1.0_N2700_F270_R2|S_WPB_L56_DOC0.5_WOC1.0_N2700_F270_R4|U_WPB_L56_DOC2.0_WOC1.0_N1800_F180_R3|S_WPB_L56_DOC1.5_WOC1.0_N2700_F270_R2|S_WPA_L36_DOC3.0_WOC1.0_N1800_F180_R4|S_WPB_L56_DOC1.5_WOC1.0_N2700_F270_R4|U_WPA_L36_DOC3.0_WOC1.0_N3600_F360_R3|S_WPA_L36_DOC6.0_WOC1.0_N2700_F270_R1|S_WPB_L56_DOC1.5_WOC2.0_N2700_F270_R1,final structured retention evaluation
0,0,0,11,0.4,48,MRDS,uniform observed subset,48,22,35.0,13.0,1.0,1.0,1.0,1.0,S_WPA_L36_DOC1.5_WOC2.0_N2700_F270_R3|S_WPB_L56_DOC1.5_WOC1.0_N3600_F360_R1|S_WPA_L36_DOC2.0_WOC1.0_N1800_F180_R2|U_WPA_L36_DOC3.0_WOC1.0_N3600_F360_R1|U_WPA_L36_DOC3.0_WOC1.0_N3600_F360_R2|S_WPB_L56_DOC1.5_WOC1.0_N2700_F270_R1|S_WPB_L56_DOC0.5_WOC1.0_N2700_F270_R2|U_WPB_L56_DOC4.0_WOC2.0_N2700_F270_R2|U_WPA_L36_DOC3.0_WOC1.0_N3600_F360_R3|S_WPA_L36_DOC0.5_WOC2.0_N2700_F270_R1|S_WPA_L36_DOC1.0_WOC2.0_N2700_F270_R4|S_WPA_L36_DOC1.5_WOC2.0_N2700_F270_R4|S_WPB_L56_DOC1.0_WOC1.0_N2700_F270_R1|S_WPA_L36_DOC1.5_WOC2.0_N2700_F270_R2|S_WPB_L56_DOC1.0_WOC1.0_N2700_F270_R3|U_WPB_L56_DOC2.0_WOC1.0_N3600_F360_R1|S_WPA_L36_DOC0.5_WOC2.0_N2700_F270_R3|S_WPB_L56_DOC0.5_WOC2.0_N2700_F270_R1|S_WPA_L36_DOC0.5_WOC2.0_N2700_F270_R2|U_WPB_L56_DOC2.0_WOC1.0_N2700_F270_R3|S_WPA_L36_DOC0.5_WOC2.0_N2700_F270_R4|S_WPB_L56_DOC1.0_WOC1.0_N2700_F270_R2|U_WPB_L56_DOC4.0_WOC1.0_N2700_F270_R1|S_WPA_L36_DOC1.0_WOC2.0_N2700_F270_R2|S_WPA_L36_DOC1.0_WOC2.0_N2700_F270_R3|S_WPA_L36_DOC1.5_WOC1.0_N3600_F360_R2|S_WPA_L36_DOC2.0_WOC1.0_N2700_F270_R2|S_WPA_L36_DOC0.5_WOC1.0_N3600_F360_R3|S_WPA_L36_DOC1.5_WOC1.0_N3600_F360_R4|U_WPB_L56_DOC2.0_WOC1.0_N3600_F360_R2|S_WPA_L36_DOC1.0_WOC1.0_N3600_F360_R3|S_WPA_L36_DOC4.0_WOC1.0_N2700_F270_R3|U_WPB_L56_DOC2.0_WOC1.0_N3600_F360_R3|S_WPA_L36_DOC1.0_WOC1.0_N3600_F360_R4|S_WPA_L36_DOC0.5_WOC1.0_N3600_F360_R4|S_WPA_L36_DOC1.5_WOC1.0_N3600_F360_R1|U_WPB_L56_DOC2.0_WOC2.0_N2700_F270_R1|S_WPA_L36_DOC6.0_WOC1.0_N2700_F270_R3|S_WPA_L36_DOC1.5_WOC1.0_N3600_F360_R3|S_WPB_L56_DOC1.0_WOC1.0_N1800_F180_R1|S_WPB_L56_DOC1.0_WOC1.0_N1800_F180_R2|U_WPB_L56_DOC2.0_WOC1.0_N2700_F270_R2|S_WPA_L36_DOC1.5_WOC2.0_N2700_F270_R1|U_WPA_L36_DOC3.0_WOC1.0_N3600_F360_R4|S_WPB_L56_DOC1.0_WOC1.0_N1800_F180_R3|S_WPA_L36_DOC1.0_WOC1.0_N3600_F360_R2|U_WPB_L56_DOC2.0_WOC1.0_N2700_F270_R4|S_WPA_L36_DOC1.0_WOC2.0_N2700_F270_R1,final structured retention evaluation
0,0,0,11,0.4,48,W2-k-medoids,uniform observed subset,48,25,28.0,20.0,1.0,1.0,1.0,1.0,S_WPA_L36_DOC0.5_WOC2.0_N2700_F270_R1|S_WPA_L36_DOC1.0_WOC1.0_N2700_F270_R2|S_WPA_L36_DOC1.0_WOC1.0_N3600_F360_R1|S_WPA_L36_DOC1.0_WOC1.0_N3600_F360_R4|S_WPA_L36_DOC1.5_WOC2.0_N2700_F270_R2|S_WPA_L36_DOC2.0_WOC1.0_N1800_F180_R2|S_WPA_L36_DOC2.0_WOC1.0_N1800_F180_R3|S_WPA_L36_DOC2.0_WOC1.0_N2700_F270_R1|S_WPA_L36_DOC3.0_WOC1.0_N1800_F180_R2|S_WPA_L36_DOC3.0_WOC1.0_N1800_F180_R3|S_WPA_L36_DOC3.0_WOC1.0_N1800_F180_R4|S_WPA_L36_DOC6.0_WOC1.0_N2700_F270_R1|S_WPA_L36_DOC6.0_WOC1.0_N2700_F270_R2|S_WPA_L36_DOC6.0_WOC1.0_N2700_F270_R4|S_WPB_L56_DOC0.5_WOC1.0_N1800_F180_R4|S_WPB_L56_DOC0.5_WOC1.0_N2700_F270_R1|S_WPB_L56_DOC0.5_WOC1.0_N2700_F270_R3|S_WPB_L56_DOC0.5_WOC1.0_N2700_F270_R4|S_WPB_L56_DOC1.0_WOC1.0_N1800_F180_R3|S_WPB_L56_DOC1.0_WOC1.0_N2700_F270_R2|S_WPB_L56_DOC1.5_WOC1.0_N2700_F270_R1|S_WPB_L56_DOC1.5_WOC1.0_N2700_F270_R2|S_WPB_L56_DOC1.5_WOC1.0_N2700_F270_R3|S_WPB_L56_DOC1.5_WOC1.0_N2700_F270_R4|S_WPB_L56_DOC1.5_WOC1.0_N3600_F360_R1|S_WPB_L56_DOC1.5_WOC1.0_N3600_F360_R4|S_WPB_L56_DOC1.5_WOC2.0_N2700_F270_R2|S_WPB_L56_DOC1.5_WOC2.0_N2700_F270_R3|U_WPA_L36_DOC2.0_WOC1.0_N3600_F360_R1|U_WPA_L36_DOC2.0_WOC1.0_N3600_F360_R2|U_WPA_L36_DOC2.0_WOC1.0_N3600_F360_R4|U_WPA_L36_DOC3.0_WOC1.0_N3600_F360_R1|U_WPA_L36_DOC3.0_WOC1.0_N3600_F360_R2|U_WPA_L36_DOC3.0_WOC1.0_N3600_F360_R3|U_WPA_L36_DOC3.0_WOC1.0_N3600_F360_R4|U_WPB_L56_DOC2.0_WOC1.0_N1800_F180_R2|U_WPB_L56_DOC2.0_WOC1.0_N1800_F180_R3|U_WPB_L56_DOC2.0_WOC1.0_N2700_F270_R3|U_WPB_L56_DOC2.0_WOC1.0_N3600_F360_R2|U_WPB_L56_DOC2.0_WOC2.0_N2700_F270_R2|U_WPB_L56_DOC3.0_WOC1.0_N1800_F180_R3|U_WPB_L56_DOC3.0_WOC1.0_N1800_F180_R4|U_WPB_L56_DOC4.0_WOC1.0_N2700_F270_R1|U_WPB_L56_DOC4.0_WOC1.0_N2700_F270_R3|U_WPB_L56_DOC4.0_WOC2.0_N2700_F270_R1|U_WPB_L56_DOC4.0_WOC2.0_N2700_F270_R3|U_WPB_L56_DOC6.0_WOC1.0_N2700_F270_R2|U_WPB_L56_DOC6.0_WOC1.0_N2700_F270_R3,final structured retention evaluation
1,0,1,11,0.4,48,Facility Location,uniform observed subset,48,26,28.0,20.0,0.9642857142857143,1.0,0.9285714285714286,0.9285714285714286,S_WPA_L36_DOC1.5_WOC2.0_N2700_F270_R2|U_WPB_L56_DOC3.0_WOC1.0_N3600_F360_R3|U_WPA_L36_DOC3.0_WOC1.0_N3600_F360_R4|S_WPB_L56_DOC1.0_WOC2.0_N2700_F270_R4|S_WPA_L36_DOC1.0_WOC1.0_N2700_F270_R1|S_WPB_L56_DOC1.0_WOC2.0_N2700_F270_R3|S_WPA_L36_DOC2.0_WOC1.0_N1800_F180_R2|S_WPB_L56_DOC1.5_WOC1.0_N3600_F360_R1|U_WPA_L36_DOC3.0_WOC1.0_N3600_F360_R2|U_WPA_L36_DOC3.0_WOC1.0_N3600_F360_R1|S_WPB_L56_DOC1.5_WOC1.0_N2700_F270_R1|S_WPB_L56_DOC1.0_WOC2.0_N2700_F270_R2|S_WPB_L56_DOC0.5_WOC1.0_N3600_F360_R1|S_WPA_L36_DOC2.0_WOC1.0_N1800_F180_R4|U_WPB_L56_DOC4.0_WOC2.0_N2700_F270_R2|U_WPA_L36_DOC4.0_WOC2.0_N2700_F270_R1|S_WPA_L36_DOC0.5_WOC1.0_N3600_F360_R4|S_WPA_L36_DOC1.5_WOC1.0_N1800_F180_R3|U_WPA_L36_DOC2.0_WOC2.0_N2700_F270_R2|U_WPB_L56_DOC2.0_WOC1.0_N1800_F180_R2|U_WPB_L56_DOC6.0_WOC1.0_N2700_F270_R3|S_WPA_L36_DOC4.0_WOC1.0_N2700_F270_R2|U_WPB_L56_DOC4.0_WOC2.0_N2700_F270_R1|S_WPA_L36_DOC1.0_WOC1.0_N2700_F270_R4|U_WPA_L36_DOC2.0_WOC1.0_N3600_F360_R4|S_WPA_L36_DOC0.5_WOC1.0_N2700_F270_R3|S_WPB_L56_DOC0.5_WOC1.0_N3600_F360_R2|S_WPB_L56_DOC1.5_WOC1.0_N3600_F360_R4|S_WPB_L56_DOC1.5_WOC1.0_N2700_F270_R3|U_WPB_L56_DOC2.0_WOC1.0_N3600_F360_R3|S_WPB_L56_DOC1.5_WOC1.0_N1800_F180_R3|S_WPB_L56_DOC1.0_WOC2.0_N2700_F270_R1|U_WPB_L56_DOC2.0_WOC1.0_N1800_F180_R3|S_WPA_L36_DOC1.0_WOC1.0_N1800_F180_R2|U_WPB_L56_DOC2.0_WOC1.0_N2700_F270_R2|S_WPB_L56_DOC1.0_WOC1.0_N2700_F270_R2|U_WPA_L36_DOC2.0_WOC1.0_N3600_F360_R1|U_WPB_L56_DOC4.0_WOC2.0_N2700_F270_R3|S_WPA_L36_DOC4.0_WOC1.0_N2700_F270_R3|U_WPB_L56_DOC6.0_WOC1.0_N2700_F270_R2|U_WPA_L36_DOC2.0_WOC1.0_N3600_F360_R2|S_WPB_L56_DOC1.5_WOC2.0_N2700_F270_R2|U_WPA_L36_DOC4.0_WOC2.0_N2700_F270_R2|S_WPB_L56_DOC1.5_WOC1.0_N2700_F270_R4|S_WPA_L36_DOC6.0_WOC1.0_N2700_F270_R1|S_WPB_L56_DOC1.5_WOC1.0_N2700_F270_R2|S_WPB_L56_DOC1.5_WOC2.0_N2700_F270_R1|U_WPA_L36_DOC3.0_WOC1.0_N3600_F360_R3,final structured retention evaluation
1,0,1,11,0.4,48,MRDS,uniform observed subset,48,24,33.0,15.0,0.9285714285714286,1.0,0.8571428571428571,0.8571428571428571,S_WPA_L36_DOC1.0_WOC2.0_N2700_F270_R2|S_WPB_L56_DOC1.5_WOC1.0_N3600_F360_R1|S_WPA_L36_DOC2.0_WOC1.0_N1800_F180_R2|U_WPA_L36_DOC3.0_WOC1.0_N3600_F360_R1|U_WPA_L36_DOC3.0_WOC1.0_N3600_F360_R2|S_WPB_L56_DOC0.5_WOC1.0_N3600_F360_R1|S_WPB_L56_DOC1.5_WOC1.0_N2700_F270_R1|S_WPB_L56_DOC1.0_WOC2.0_N2700_F270_R2|S_WPB_L56_DOC1.0_WOC2.0_N2700_F270_R3|U_WPB_L56_DOC4.0_WOC2.0_N2700_F270_R1|U_WPA_L36_DOC2.0_WOC1.0_N3600_F360_R4|S_WPA_L36_DOC1.0_WOC1.0_N1800_F180_R3|S_WPA_L36_DOC1.5_WOC1.0_N3600_F360_R4|U_WPA_L36_DOC2.0_WOC2.0_N2700_F270_R4|S_WPA_L36_DOC1.0_WOC1.0_N1800_F180_R4|S_WPB_L56_DOC1.0_WOC1.0_N2700_F270_R2|S_WPB_L56_DOC1.0_WOC1.0_N2700_F270_R1|S_WPA_L36_DOC0.5_WOC1.0_N2700_F270_R2|U_WPA_L36_DOC2.0_WOC2.0_N2700_F270_R1|S_WPA_L36_DOC4.0_WOC1.0_N2700_F270_R3|S_WPB_L56_DOC1.5_WOC1.0_N1800_F180_R2|S_WPB_L56_DOC1.5_WOC1.0_N1800_F180_R4|S_WPA_L36_DOC0.5_WOC1.0_N3600_F360_R3|S_WPB_L56_DOC1.5_WOC1.0_N1800_F180_R3|S_WPB_L56_DOC0.5_WOC2.0_N2700_F270_R3|S_WPA_L36_DOC1.5_WOC2.0_N2700_F270_R3|U_WPB_L56_DOC2.0_WOC1.0_N2700_F270_R4|U_WPB_L56_DOC2.0_WOC1.0_N3600_F360_R1|S_WPA_L36_DOC1.5_WOC1.0_N3600_F360_R1|S_WPA_L36_DOC1.5_WOC1.0_N3600_F360_R2|U_WPB_L56_DOC2.0_WOC1.0_N2700_F270_R1|S_WPA_L36_DOC1.5_WOC1.0_N3600_F360_R3|S_WPA_L36_DOC6.0_WOC1.0_N2700_F270_R3|U_WPB_L56_DOC2.0_WOC1.0_N3600_F360_R3|S_WPA_L36_DOC0.5_WOC1.0_N3600_F360_R4|S_WPA_L36_DOC1.0_WOC2.0_N2700_F270_R3|S_WPA_L36_DOC1.5_WOC2.0_N2700_F270_R4|S_WPB_L56_DOC1.0_WOC1.0_N3600_F360_R3|S_WPA_L36_DOC1.5_WOC2.0_N2700_F270_R1|S_WPA_L36_DOC1.0_WOC2.0_N2700_F270_R1|S_WPA_L36_DOC1.5_WOC2.0_N2700_F270_R2|U_WPA_L36_DOC4.0_WOC2.0_N2700_F270_R4|U_WPB_L56_DOC2.0_WOC1.0_N2700_F270_R3|S_WPA_L36_DOC0.5_WOC1.0_N2700_F270_R3|U_WPB_L56_DOC2.0_WOC1.0_N3600_F360_R2|U_WPB_L56_DOC2.0_WOC1.0_N3600_F360_R4|S_WPA_L36_DOC1.0_WOC2.0_N2700_F270_R4|U_WPA_L36_DOC3.0_WOC1.0_N3600_F360_R4,final structured retention evaluation
1,0,1,11,0.4,48,W2-k-medoids,uniform observed subset,48,25,28.0,20.0,0.9642857142857143,1.0,0.9285714285714286,0.9285714285714286,S_WPA_L36_DOC0.5_WOC1.0_N2700_F270_R3|S_WPA_L36_DOC0.5_WOC1.0_N3600_F360_R3|S_WPA_L36_DOC1.0_WOC1.0_N2700_F270_R2|S_WPA_L36_DOC1.5_WOC1.0_N1800_F180_R3|S_WPA_L36_DOC1.5_WOC1.0_N3600_F360_R2|S_WPA_L36_DOC1.5_WOC2.0_N2700_F270_R2|S_WPA_L36_DOC2.0_WOC1.0_N1800_F180_R1|S_WPA_L36_DOC2.0_WOC1.0_N1800_F180_R2|S_WPA_L36_DOC4.0_WOC1.0_N2700_F270_R3|S_WPA_L36_DOC6.0_WOC1.0_N2700_F270_R1|S_WPA_L36_DOC6.0_WOC1.0_N2700_F270_R2|S_WPA_L36_DOC6.0_WOC1.0_N2700_F270_R4|S_WPB_L56_DOC0.5_WOC1.0_N3600_F360_R1|S_WPB_L56_DOC0.5_WOC1.0_N3600_F360_R2|S_WPB_L56_DOC1.0_WOC1.0_N2700_F270_R2|S_WPB_L56_DOC1.0_WOC2.0_N2700_F270_R1|S_WPB_L56_DOC1.0_WOC2.0_N2700_F270_R2|S_WPB_L56_DOC1.0_WOC2.0_N2700_F270_R3|S_WPB_L56_DOC1.0_WOC2.0_N2700_F270_R4|S_WPB_L56_DOC1.5_WOC1.0_N1800_F180_R3|S_WPB_L56_DOC1.5_WOC1.0_N2700_F270_R1|S_WPB_L56_DOC1.5_WOC1.0_N2700_F270_R2|S_WPB_L56_DOC1.5_WOC1.0_N2700_F270_R3|S_WPB_L56_DOC1.5_WOC1.0_N2700_F270_R4|S_WPB_L56_DOC1.5_WOC1.0_N3600_F360_R1|S_WPB_L56_DOC1.5_WOC1.0_N3600_F360_R4|S_WPB_L56_DOC1.5_WOC2.0_N2700_F270_R1|S_WPB_L56_DOC1.5_WOC2.0_N2700_F270_R2|U_WPA_L36_DOC2.0_WOC1.0_N3600_F360_R1|U_WPA_L36_DOC2.0_WOC1.0_N3600_F360_R2|U_WPA_L36_DOC2.0_WOC1.0_N3600_F360_R3|U_WPA_L36_DOC2.0_WOC1.0_N3600_F360_R4|U_WPA_L36_DOC2.0_WOC2.0_N2700_F270_R2|U_WPA_L36_DOC3.0_WOC1.0_N3600_F360_R1|U_WPA_L36_DOC3.0_WOC1.0_N3600_F360_R2|U_WPA_L36_DOC3.0_WOC1.0_N3600_F360_R3|U_WPA_L36_DOC3.0_WOC1.0_N3600_F360_R4|U_WPA_L36_DOC4.0_WOC2.0_N2700_F270_R3|U_WPA_L36_DOC4.0_WOC2.0_N2700_F270_R4|U_WPB_L56_DOC2.0_WOC1.0_N1800_F180_R2|U_WPB_L56_DOC2.0_WOC1.0_N1800_F180_R3|U_WPB_L56_DOC2.0_WOC1.0_N2700_F270_R3|U_WPB_L56_DOC3.0_WOC1.0_N3600_F360_R4|U_WPB_L56_DOC4.0_WOC2.0_N2700_F270_R1|U_WPB_L56_DOC4.0_WOC2.0_N2700_F270_R2|U_WPB_L56_DOC4.0_WOC2.0_N2700_F270_R3|U_WPB_L56_DOC6.0_WOC1.0_N2700_F270_R2|U_WPB_L56_DOC6.0_WOC1.0_N2700_F270_R3,final structured retention evaluation
2,0,2,11,0.4,48,Facility Location,uniform observed subset,48,26,31.0,17.0,0.84375,0.6875,1.0,0.6875,S_WPA_L36_DOC1.5_WOC2.0_N2700_F270_R3|U_WPB_L56_DOC2.0_WOC1.0_N2700_F270_R2|S_WPB_L56_DOC1.0_WOC2.0_N2700_F270_R4|S_WPA_L36_DOC6.0_WOC1.0_N2700_F270_R2|U_WPA_L36_DOC2.0_WOC2.0_N2700_F270_R2|S_WPB_L56_DOC0.5_WOC1.0_N2700_F270_R3|S_WPB_L56_DOC0.5_WOC1.0_N3600_F360_R1|S_WPB_L56_DOC1.0_WOC2.0_N2700_F270_R2|S_WPB_L56_DOC1.5_WOC1.0_N3600_F360_R1|S_WPB_L56_DOC1.5_WOC1.0_N2700_F270_R1|U_WPB_L56_DOC4.0_WOC2.0_N2700_F270_R2|S_WPA_L36_DOC6.0_WOC1.0_N2700_F270_R4|S_WPA_L36_DOC1.5_WOC1.0_N1800_F180_R4|S_WPA_L36_DOC0.5_WOC2.0_N2700_F270_R1|S_WPB_L56_DOC1.0_WOC2.0_N2700_F270_R3|U_WPB_L56_DOC2.0_WOC1.0_N1800_F180_R1|S_WPA_L36_DOC3.0_WOC1.0_N1800_F180_R3|S_WPA_L36_DOC0.5_WOC1.0_N3600_F360_R4|U_WPB_L56_DOC2.0_WOC2.0_N2700_F270_R2|S_WPA_L36_DOC0.5_WOC1.0_N2700_F270_R1|U_WPB_L56_DOC4.0_WOC2.0_N2700_F270_R1|S_WPB_L56_DOC1.0_WOC1.0_N1800_F180_R2|U_WPB_L56_DOC4.0_WOC1.0_N2700_F270_R3|S_WPB_L56_DOC0.5_WOC1.0_N1800_F180_R2|U_WPA_L36_DOC4.0_WOC2.0_N2700_F270_R1|S_WPA_L36_DOC2.0_WOC1.0_N2700_F270_R1|U_WPB_L56_DOC3.0_WOC1.0_N3600_F360_R1|S_WPA_L36_DOC1.0_WOC1.0_N3600_F360_R1|S_WPB_L56_DOC1.5_WOC1.0_N3600_F360_R4|S_WPB_L56_DOC0.5_WOC1.0_N3600_F360_R2|S_WPB_L56_DOC0.5_WOC1.0_N2700_F270_R1|S_WPB_L56_DOC1.5_WOC1.0_N2700_F270_R3|S_WPB_L56_DOC1.0_WOC2.0_N2700_F270_R1|S_WPA_L36_DOC1.0_WOC1.0_N1800_F180_R2|U_WPB_L56_DOC4.0_WOC1.0_N2700_F270_R1|U_WPA_L36_DOC4.0_WOC2.0_N2700_F270_R2|S_WPA_L36_DOC6.0_WOC1.0_N2700_F270_R1|U_WPB_L56_DOC4.0_WOC2.0_N2700_F270_R3|S_WPA_L36_DOC3.0_WOC1.0_N1800_F180_R2|U_WPB_L56_DOC2.0_WOC1.0_N1800_F180_R3|S_WPA_L36_DOC3.0_WOC1.0_N1800_F180_R4|S_WPB_L56_DOC1.5_WOC1.0_N2700_F270_R2|U_WPB_L56_DOC3.0_WOC1.0_N1800_F180_R3|S_WPB_L56_DOC1.5_WOC1.0_N2700_F270_R4|U_WPA_L36_DOC2.0_WOC2.0_N2700_F270_R4|U_WPB_L56_DOC2.0_WOC1.0_N1800_F180_R2|U_WPB_L56_DOC3.0_WOC1.0_N1800_F180_R4|S_WPB_L56_DOC0.5_WOC1.0_N2700_F270_R4,final structured retention evaluation
2,0,2,11,0.4,48,MRDS,uniform observed subset,48,24,35.0,13.0,0.90625,0.8125,1.0,0.8125,S_WPA_L36_DOC0.5_WOC2.0_N2700_F270_R4|S_WPB_L56_DOC1.5_WOC1.0_N3600_F360_R1|S_WPB_L56_DOC1.0_WOC2.0_N2700_F270_R2|S_WPB_L56_DOC1.0_WOC2.0_N2700_F270_R3|S_WPB_L56_DOC1.5_WOC1.0_N2700_F270_R1|U_WPB_L56_DOC4.0_WOC2.0_N2700_F270_R1|S_WPA_L36_DOC1.0_WOC1.0_N1800_F180_R2|S_WPB_L56_DOC0.5_WOC1.0_N3600_F360_R1|S_WPB_L56_DOC0.5_WOC1.0_N3600_F360_R3|S_WPA_L36_DOC1.5_WOC1.0_N1800_F180_R1|S_WPB_L56_DOC1.0_WOC1.0_N1800_F180_R3|U_WPB_L56_DOC2.0_WOC2.0_N2700_F270_R4|S_WPA_L36_DOC1.5_WOC2.0_N2700_F270_R2|S_WPA_L36_DOC0.5_WOC2.0_N2700_F270_R3|S_WPA_L36_DOC0.5_WOC1.0_N2700_F270_R2|S_WPA_L36_DOC1.0_WOC1.0_N1800_F180_R3|S_WPA_L36_DOC1.0_WOC1.0_N3600_F360_R4|U_WPB_L56_DOC3.0_WOC1.0_N3600_F360_R3|U_WPB_L56_DOC3.0_WOC1.0_N3600_F360_R1|S_WPA_L36_DOC1.5_WOC2.0_N2700_F270_R1|S_WPA_L36_DOC0.5_WOC2.0_N2700_F270_R2|S_WPA_L36_DOC0.5_WOC1.0_N2700_F270_R3|S_WPA_L36_DOC1.0_WOC2.0_N2700_F270_R1|S_WPB_L56_DOC1.0_WOC1.0_N1800_F180_R1|S_WPA_L36_DOC0.5_WOC1.0_N3600_F360_R4|U_WPB_L56_DOC3.0_WOC1.0_N3600_F360_R4|U_WPB_L56_DOC2.0_WOC1.0_N2700_F270_R2|U_WPB_L56_DOC2.0_WOC1.0_N2700_F270_R1|S_WPB_L56_DOC1.0_WOC1.0_N3600_F360_R1|S_WPB_L56_DOC1.5_WOC1.0_N3600_F360_R2|S_WPA_L36_DOC1.0_WOC2.0_N2700_F270_R3|S_WPA_L36_DOC0.5_WOC2.0_N2700_F270_R1|U_WPA_L36_DOC4.0_WOC2.0_N2700_F270_R4|S_WPA_L36_DOC1.5_WOC2.0_N2700_F270_R4|S_WPA_L36_DOC1.0_WOC1.0_N3600_F360_R2|S_WPA_L36_DOC1.0_WOC1.0_N3600_F360_R3|S_WPA_L36_DOC0.5_WOC1.0_N3600_F360_R3|S_WPA_L36_DOC2.0_WOC1.0_N2700_F270_R2|S_WPA_L36_DOC6.0_WOC1.0_N2700_F270_R3|U_WPB_L56_DOC4.0_WOC1.0_N2700_F270_R1|U_WPB_L56_DOC2.0_WOC1.0_N2700_F270_R3|U_WPB_L56_DOC2.0_WOC1.0_N2700_F270_R4|S_WPB_L56_DOC1.0_WOC1.0_N1800_F180_R2|S_WPA_L36_DOC1.5_WOC2.0_N2700_F270_R3|S_WPA_L36_DOC1.0_WOC2.0_N2700_F270_R2|S_WPA_L36_DOC1.0_WOC2.0_N2700_F270_R4|U_WPB_L56_DOC2.0_WOC1.0_N1800_F180_R2|U_WPA_L36_DOC2.0_WOC2.0_N2700_F270_R4,final structured retention evaluation
2,0,2,11,0.4,48,W2-k-medoids,uniform observed subset,48,26,33.0,15.0,0.84375,0.6875,1.0,0.6875,S_WPA_L36_DOC0.5_WOC1.0_N2700_F270_R3|S_WPA_L36_DOC0.5_WOC2.0_N2700_F270_R3|S_WPA_L36_DOC1.0_WOC1.0_N1800_F180_R2|S_WPA_L36_DOC1.0_WOC1.0_N3600_F360_R1|S_WPA_L36_DOC1.0_WOC1.0_N3600_F360_R4|S_WPA_L36_DOC1.5_WOC1.0_N1800_F180_R3|S_WPA_L36_DOC1.5_WOC2.0_N2700_F270_R3|S_WPA_L36_DOC2.0_WOC1.0_N2700_F270_R1|S_WPA_L36_DOC2.0_WOC1.0_N2700_F270_R3|S_WPA_L36_DOC3.0_WOC1.0_N1800_F180_R2|S_WPA_L36_DOC3.0_WOC1.0_N1800_F180_R3|S_WPA_L36_DOC3.0_WOC1.0_N1800_F180_R4|S_WPA_L36_DOC4.0_WOC1.0_N2700_F270_R1|S_WPA_L36_DOC4.0_WOC1.0_N2700_F270_R2|S_WPA_L36_DOC4.0_WOC1.0_N2700_F270_R3|S_WPA_L36_DOC4.0_WOC1.0_N2700_F270_R4|S_WPA_L36_DOC6.0_WOC1.0_N2700_F270_R1|S_WPB_L56_DOC0.5_WOC1.0_N1800_F180_R2|S_WPB_L56_DOC0.5_WOC1.0_N2700_F270_R1|S_WPB_L56_DOC0.5_WOC1.0_N2700_F270_R3|S_WPB_L56_DOC0.5_WOC1.0_N2700_F270_R4|S_WPB_L56_DOC0.5_WOC1.0_N3600_F360_R1|S_WPB_L56_DOC0.5_WOC1.0_N3600_F360_R2|S_WPB_L56_DOC1.0_WOC1.0_N1800_F180_R2|S_WPB_L56_DOC1.0_WOC2.0_N2700_F270_R1|S_WPB_L56_DOC1.0_WOC2.0_N2700_F270_R2|S_WPB_L56_DOC1.0_WOC2.0_N2700_F270_R3|S_WPB_L56_DOC1.5_WOC1.0_N2700_F270_R1|S_WPB_L56_DOC1.5_WOC1.0_N2700_F270_R2|S_WPB_L56_DOC1.5_WOC1.0_N2700_F270_R3|S_WPB_L56_DOC1.5_WOC1.0_N2700_F270_R4|S_WPB_L56_DOC1.5_WOC1.0_N3600_F360_R1|S_WPB_L56_DOC1.5_WOC1.0_N3600_F360_R4|U_WPA_L36_DOC2.0_WOC2.0_N2700_F270_R2|U_WPA_L36_DOC4.0_WOC2.0_N2700_F270_R2|U_WPA_L36_DOC4.0_WOC2.0_N2700_F270_R4|U_WPB_L56_DOC2.0_WOC1.0_N1800_F180_R2|U_WPB_L56_DOC2.0_WOC1.0_N1800_F180_R3|U_WPB_L56_DOC2.0_WOC1.0_N2700_F270_R3|U_WPB_L56_DOC2.0_WOC2.0_N2700_F270_R2|U_WPB_L56_DOC3.0_WOC1.0_N1800_F180_R1|U_WPB_L56_DOC3.0_WOC1.0_N1800_F180_R4|U_WPB_L56_DOC3.0_WOC1.0_N3600_F360_R1|U_WPB_L56_DOC4.0_WOC1.0_N2700_F270_R1|U_WPB_L56_DOC4.0_WOC1.0_N2700_F270_R3|U_WPB_L56_DOC4.0_WOC2.0_N2700_F270_R1|U_WPB_L56_DOC4.0_WOC2.0_N2700_F270_R2|U_WPB_L56_DOC4.0_WOC2.0_N2700_F270_R3,final structured retention evaluation
3,0,3,11,0.4,48,Facility Location,uniform observed subset,48,28,29.0,19.0,0.875,0.75,1.0,0.75,S_WPA_L36_DOC1.5_WOC1.0_N3600_F360_R4|U_WPB_L56_DOC3.0_WOC1.0_N3600_F360_R3|U_WPA_L36_DOC3.0_WOC1.0_N3600_F360_R4|S_WPA_L36_DOC1.0_WOC1.0_N2700_F270_R1|S_WPB_L56_DOC1.0_WOC2.0_N2700_F270_R4|S_WPB_L56_DOC1.0_WOC2.0_N2700_F270_R3|S_WPB_L56_DOC0.5_WOC1.0_N2700_F270_R3|S_WPA_L36_DOC2.0_WOC1.0_N1800_F180_R2|U_WPA_L36_DOC3.0_WOC1.0_N3600_F360_R2|U_WPA_L36_DOC3.0_WOC1.0_N3600_F360_R1|S_WPA_L36_DOC1.5_WOC1.0_N1800_F180_R2|U_WPA_L36_DOC4.0_WOC2.0_N2700_F270_R1|S_WPB_L56_DOC1.0_WOC2.0_N2700_F270_R2|S_WPB_L56_DOC0.5_WOC1.0_N3600_F360_R1|S_WPA_L36_DOC1.0_WOC1.0_N1800_F180_R3|S_WPA_L36_DOC3.0_WOC1.0_N1800_F180_R3|U_WPB_L56_DOC3.0_WOC1.0_N1800_F180_R1|U_WPB_L56_DOC4.0_WOC1.0_N2700_F270_R3|S_WPA_L36_DOC2.0_WOC1.0_N2700_F270_R4|U_WPA_L36_DOC2.0_WOC2.0_N2700_F270_R3|U_WPB_L56_DOC6.0_WOC1.0_N2700_F270_R3|U_WPB_L56_DOC6.0_WOC1.0_N2700_F270_R2|U_WPA_L36_DOC2.0_WOC1.0_N3600_F360_R4|S_WPB_L56_DOC0.5_WOC1.0_N1800_F180_R2|S_WPA_L36_DOC1.0_WOC1.0_N3600_F360_R1|S_WPA_L36_DOC0.5_WOC1.0_N2700_F270_R3|S_WPB_L56_DOC1.0_WOC1.0_N1800_F180_R2|S_WPB_L56_DOC0.5_WOC1.0_N2700_F270_R1|S_WPB_L56_DOC1.0_WOC1.0_N2700_F270_R4|S_WPB_L56_DOC1.0_WOC1.0_N3600_F360_R1|U_WPB_L56_DOC4.0_WOC1.0_N2700_F270_R1|U_WPB_L56_DOC2.0_WOC1.0_N3600_F360_R3|U_WPB_L56_DOC2.0_WOC2.0_N2700_F270_R2|S_WPA_L36_DOC0.5_WOC2.0_N2700_F270_R1|S_WPA_L36_DOC2.0_WOC1.0_N1800_F180_R1|S_WPA_L36_DOC3.0_WOC1.0_N1800_F180_R2|U_WPA_L36_DOC2.0_WOC1.0_N3600_F360_R1|S_WPB_L56_DOC1.0_WOC2.0_N2700_F270_R1|U_WPB_L56_DOC3.0_WOC1.0_N1800_F180_R2|U_WPB_L56_DOC3.0_WOC1.0_N1800_F180_R4|U_WPA_L36_DOC4.0_WOC2.0_N2700_F270_R2|S_WPA_L36_DOC1.5_WOC1.0_N3600_F360_R2|S_WPA_L36_DOC3.0_WOC1.0_N1800_F180_R4|S_WPA_L36_DOC1.0_WOC1.0_N2700_F270_R4|U_WPA_L36_DOC2.0_WOC1.0_N3600_F360_R2|S_WPA_L36_DOC2.0_WOC1.0_N2700_F270_R3|S_WPB_L56_DOC0.5_WOC1.0_N2700_F270_R4|S_WPB_L56_DOC1.5_WOC2.0_N2700_F270_R2,final structured retention evaluation
3,0,3,11,0.4,48,MRDS,uniform observed subset,48,25,32.0,16.0,0.8630952380952381,0.8333333333333334,0.8928571428571429,0.8333333333333334,S_WPA_L36_DOC0.5_WOC1.0_N2700_F270_R1|S_WPA_L36_DOC2.0_WOC1.0_N1800_F180_R2|U_WPA_L36_DOC3.0_WOC1.0_N3600_F360_R1|U_WPA_L36_DOC3.0_WOC1.0_N3600_F360_R2|S_WPB_L56_DOC0.5_WOC1.0_N3600_F360_R1|U_WPA_L36_DOC2.0_WOC1.0_N3600_F360_R4|S_WPA_L36_DOC3.0_WOC1.0_N1800_F180_R1|S_WPB_L56_DOC1.0_WOC2.0_N2700_F270_R2|S_WPB_L56_DOC1.0_WOC2.0_N2700_F270_R3|U_WPB_L56_DOC4.0_WOC1.0_N2700_F270_R1|S_WPA_L36_DOC2.0_WOC1.0_N1800_F180_R4|S_WPB_L56_DOC1.5_WOC1.0_N1800_F180_R3|S_WPB_L56_DOC1.5_WOC1.0_N1800_F180_R1|S_WPA_L36_DOC1.0_WOC1.0_N2700_F270_R1|S_WPA_L36_DOC1.5_WOC1.0_N1800_F180_R1|U_WPB_L56_DOC4.0_WOC1.0_N2700_F270_R3|S_WPA_L36_DOC1.5_WOC1.0_N1800_F180_R2|U_WPA_L36_DOC4.0_WOC2.0_N2700_F270_R4|S_WPA_L36_DOC1.0_WOC1.0_N1800_F180_R4|S_WPA_L36_DOC0.5_WOC2.0_N2700_F270_R3|S_WPA_L36_DOC1.0_WOC1.0_N1800_F180_R3|S_WPB_L56_DOC0.5_WOC2.0_N2700_F270_R2|S_WPB_L56_DOC0.5_WOC2.0_N2700_F270_R3|U_WPB_L56_DOC3.0_WOC1.0_N3600_F360_R2|S_WPA_L36_DOC0.5_WOC1.0_N2700_F270_R2|S_WPA_L36_DOC1.0_WOC1.0_N3600_F360_R3|S_WPA_L36_DOC0.5_WOC2.0_N2700_F270_R4|S_WPA_L36_DOC0.5_WOC2.0_N2700_F270_R2|U_WPA_L36_DOC3.0_WOC1.0_N3600_F360_R4|U_WPA_L36_DOC2.0_WOC2.0_N2700_F270_R4|U_WPA_L36_DOC4.0_WOC2.0_N2700_F270_R2|S_WPA_L36_DOC1.5_WOC1.0_N3600_F360_R3|S_WPA_L36_DOC2.0_WOC1.0_N2700_F270_R2|U_WPB_L56_DOC2.0_WOC2.0_N2700_F270_R4|U_WPB_L56_DOC2.0_WOC2.0_N2700_F270_R2|S_WPB_L56_DOC1.0_WOC1.0_N1800_F180_R3|S_WPA_L36_DOC3.0_WOC1.0_N1800_F180_R2|S_WPA_L36_DOC1.5_WOC1.0_N3600_F360_R4|S_WPB_L56_DOC1.0_WOC1.0_N1800_F180_R1|U_WPB_L56_DOC4.0_WOC1.0_N2700_F270_R4|U_WPA_L36_DOC2.0_WOC2.0_N2700_F270_R1|S_WPB_L56_DOC1.0_WOC1.0_N3600_F360_R4|S_WPB_L56_DOC0.5_WOC1.0_N2700_F270_R2|S_WPB_L56_DOC1.0_WOC2.0_N2700_F270_R4|S_WPA_L36_DOC1.0_WOC1.0_N3600_F360_R2|S_WPA_L36_DOC0.5_WOC2.0_N2700_F270_R1|U_WPA_L36_DOC2.0_WOC2.0_N2700_F270_R3|U_WPB_L56_DOC3.0_WOC1.0_N1800_F180_R2,final structured retention evaluation
3,0,3,11,0.4,48,W2-k-medoids,uniform observed subset,48,27,29.0,19.0,0.9166666666666667,0.8333333333333334,1.0,0.8333333333333334,S_WPA_L36_DOC0.5_WOC1.0_N2700_F270_R3|S_WPA_L36_DOC0.5_WOC2.0_N2700_F270_R1|S_WPA_L36_DOC1.0_WOC1.0_N1800_F180_R2|S_WPA_L36_DOC1.0_WOC1.0_N2700_F270_R2|S_WPA_L36_DOC1.0_WOC1.0_N2700_F270_R4|S_WPA_L36_DOC1.0_WOC1.0_N3600_F360_R1|S_WPA_L36_DOC1.5_WOC1.0_N1800_F180_R3|S_WPA_L36_DOC1.5_WOC1.0_N3600_F360_R2|S_WPA_L36_DOC2.0_WOC1.0_N1800_F180_R2|S_WPA_L36_DOC2.0_WOC1.0_N1800_F180_R3|S_WPA_L36_DOC2.0_WOC1.0_N2700_F270_R1|S_WPA_L36_DOC2.0_WOC1.0_N2700_F270_R3|S_WPA_L36_DOC3.0_WOC1.0_N1800_F180_R2|S_WPA_L36_DOC3.0_WOC1.0_N1800_F180_R3|S_WPA_L36_DOC3.0_WOC1.0_N1800_F180_R4|S_WPB_L56_DOC0.5_WOC1.0_N1800_F180_R2|S_WPB_L56_DOC0.5_WOC1.0_N2700_F270_R1|S_WPB_L56_DOC0.5_WOC1.0_N2700_F270_R3|S_WPB_L56_DOC0.5_WOC1.0_N2700_F270_R4|S_WPB_L56_DOC0.5_WOC1.0_N3600_F360_R1|S_WPB_L56_DOC0.5_WOC1.0_N3600_F360_R2|S_WPB_L56_DOC0.5_WOC2.0_N2700_F270_R3|S_WPB_L56_DOC1.0_WOC1.0_N1800_F180_R2|S_WPB_L56_DOC1.0_WOC1.0_N2700_F270_R4|S_WPB_L56_DOC1.0_WOC2.0_N2700_F270_R1|S_WPB_L56_DOC1.0_WOC2.0_N2700_F270_R2|S_WPB_L56_DOC1.0_WOC2.0_N2700_F270_R3|S_WPB_L56_DOC1.5_WOC2.0_N2700_F270_R1|S_WPB_L56_DOC1.5_WOC2.0_N2700_F270_R2|U_WPA_L36_DOC2.0_WOC1.0_N3600_F360_R1|U_WPA_L36_DOC2.0_WOC1.0_N3600_F360_R2|U_WPA_L36_DOC2.0_WOC1.0_N3600_F360_R4|U_WPA_L36_DOC2.0_WOC2.0_N2700_F270_R3|U_WPA_L36_DOC3.0_WOC1.0_N3600_F360_R1|U_WPA_L36_DOC3.0_WOC1.0_N3600_F360_R2|U_WPA_L36_DOC3.0_WOC1.0_N3600_F360_R3|U_WPA_L36_DOC3.0_WOC1.0_N3600_F360_R4|U_WPA_L36_DOC4.0_WOC2.0_N2700_F270_R2|U_WPA_L36_DOC4.0_WOC2.0_N2700_F270_R4|U_WPB_L56_DOC2.0_WOC2.0_N2700_F270_R2|U_WPB_L56_DOC3.0_WOC1.0_N1800_F180_R2|U_WPB_L56_DOC3.0_WOC1.0_N1800_F180_R3|U_WPB_L56_DOC3.0_WOC1.0_N1800_F180_R4|U_WPB_L56_DOC3.0_WOC1.0_N3600_F360_R4|U_WPB_L56_DOC4.0_WOC1.0_N2700_F270_R1|U_WPB_L56_DOC4.0_WOC1.0_N2700_F270_R3|U_WPB_L56_DOC6.0_WOC1.0_N2700_F270_R2|U_WPB_L56_DOC6.0_WOC1.0_N2700_F270_R3,final structured retention evaluation
4,1,0,23,0.4,48,Facility Location,uniform observed subset,48,27,30.0,18.0,0.8988095238095238,0.8333333333333334,0.9642857142857143,0.8333333333333334,S_WPA_L36_DOC1.5_WOC1.0_N3600_F360_R4|U_WPB_L56_DOC3.0_WOC1.0_N3600_F360_R3|S_WPB_L56_DOC1.0_WOC2.0_N2700_F270_R4|S_WPB_L56_DOC1.0_WOC1.0_N2700_F270_R2|U_WPA_L36_DOC2.0_WOC2.0_N2700_F270_R2|S_WPB_L56_DOC1.0_WOC2.0_N2700_F270_R3|U_WPB_L56_DOC4.0_WOC2.0_N2700_F270_R4|S_WPB_L56_DOC1.0_WOC2.0_N2700_F270_R2|S_WPB_L56_DOC1.5_WOC1.0_N3600_F360_R1|S_WPB_L56_DOC1.5_WOC1.0_N2700_F270_R1|S_WPB_L56_DOC0.5_WOC1.0_N2700_F270_R3|S_WPA_L36_DOC2.0_WOC1.0_N1800_F180_R2|S_WPA_L36_DOC1.5_WOC1.0_N1800_F180_R4|S_WPA_L36_DOC0.5_WOC2.0_N2700_F270_R1|S_WPB_L56_DOC0.5_WOC1.0_N3600_F360_R1|U_WPB_L56_DOC2.0_WOC1.0_N1800_F180_R1|U_WPB_L56_DOC4.0_WOC2.0_N2700_F270_R1|S_WPA_L36_DOC3.0_WOC1.0_N1800_F180_R3|U_WPA_L36_DOC4.0_WOC2.0_N2700_F270_R1|U_WPB_L56_DOC6.0_WOC1.0_N2700_F270_R1|U_WPB_L56_DOC4.0_WOC1.0_N2700_F270_R3|S_WPB_L56_DOC1.0_WOC1.0_N1800_F180_R3|S_WPA_L36_DOC2.0_WOC1.0_N1800_F180_R1|S_WPA_L36_DOC0.5_WOC1.0_N2700_F270_R3|S_WPA_L36_DOC1.0_WOC1.0_N3600_F360_R1|S_WPA_L36_DOC1.0_WOC1.0_N3600_F360_R4|U_WPB_L56_DOC2.0_WOC1.0_N3600_F360_R3|U_WPB_L56_DOC6.0_WOC1.0_N2700_F270_R2|S_WPB_L56_DOC1.5_WOC1.0_N3600_F360_R4|U_WPB_L56_DOC4.0_WOC1.0_N2700_F270_R1|S_WPB_L56_DOC1.0_WOC1.0_N3600_F360_R1|S_WPB_L56_DOC1.5_WOC1.0_N2700_F270_R3|S_WPB_L56_DOC0.5_WOC1.0_N2700_F270_R1|S_WPB_L56_DOC1.0_WOC2.0_N2700_F270_R1|S_WPB_L56_DOC1.5_WOC1.0_N1800_F180_R3|U_WPB_L56_DOC4.0_WOC2.0_N2700_F270_R2|U_WPB_L56_DOC2.0_WOC2.0_N2700_F270_R2|U_WPA_L36_DOC4.0_WOC2.0_N2700_F270_R2|S_WPA_L36_DOC0.5_WOC1.0_N2700_F270_R4|S_WPA_L36_DOC3.0_WOC1.0_N1800_F180_R2|S_WPB_L56_DOC1.5_WOC2.0_N2700_F270_R2|U_WPB_L56_DOC2.0_WOC1.0_N1800_F180_R3|U_WPB_L56_DOC3.0_WOC1.0_N1800_F180_R3|S_WPB_L56_DOC1.5_WOC1.0_N2700_F270_R2|S_WPA_L36_DOC3.0_WOC1.0_N1800_F180_R4|S_WPB_L56_DOC1.5_WOC1.0_N2700_F270_R4|U_WPB_L56_DOC3.0_WOC1.0_N1800_F180_R4|U_WPB_L56_DOC6.0_WOC1.0_N2700_F270_R3,final structured retention evaluation
4,1,0,23,0.4,48,MRDS,uniform observed subset,48,24,35.0,13.0,0.8452380952380952,0.8333333333333334,0.8571428571428571,0.8333333333333334,S_WPB_L56_DOC1.0_WOC1.0_N1800_F180_R1|S_WPB_L56_DOC1.5_WOC1.0_N3600_F360_R1|S_WPA_L36_DOC2.0_WOC1.0_N1800_F180_R2|S_WPB_L56_DOC1.0_WOC2.0_N2700_F270_R3|S_WPB_L56_DOC1.5_WOC1.0_N2700_F270_R1|S_WPB_L56_DOC1.0_WOC2.0_N2700_F270_R2|U_WPB_L56_DOC4.0_WOC2.0_N2700_F270_R1|S_WPB_L56_DOC0.5_WOC1.0_N3600_F360_R1|S_WPA_L36_DOC3.0_WOC1.0_N1800_F180_R2|U_WPB_L56_DOC6.0_WOC1.0_N2700_F270_R3|S_WPA_L36_DOC3.0_WOC1.0_N1800_F180_R1|S_WPA_L36_DOC1.0_WOC1.0_N1800_F180_R3|U_WPB_L56_DOC2.0_WOC1.0_N1800_F180_R2|U_WPA_L36_DOC2.0_WOC2.0_N2700_F270_R1|S_WPA_L36_DOC0.5_WOC1.0_N2700_F270_R1|S_WPA_L36_DOC0.5_WOC2.0_N2700_F270_R4|S_WPA_L36_DOC1.0_WOC1.0_N1800_F180_R4|U_WPB_L56_DOC4.0_WOC2.0_N2700_F270_R4|S_WPA_L36_DOC0.5_WOC2.0_N2700_F270_R1|S_WPA_L36_DOC1.5_WOC1.0_N3600_F360_R4|S_WPA_L36_DOC1.5_WOC1.0_N3600_F360_R1|S_WPA_L36_DOC1.0_WOC1.0_N3600_F360_R3|U_WPB_L56_DOC2.0_WOC1.0_N3600_F360_R4|S_WPA_L36_DOC0.5_WOC1.0_N2700_F270_R2|S_WPA_L36_DOC1.0_WOC2.0_N2700_F270_R1|U_WPA_L36_DOC2.0_WOC2.0_N2700_F270_R4|S_WPA_L36_DOC1.0_WOC1.0_N3600_F360_R4|S_WPB_L56_DOC1.0_WOC1.0_N3600_F360_R1|S_WPB_L56_DOC1.0_WOC2.0_N2700_F270_R4|S_WPB_L56_DOC1.5_WOC1.0_N3600_F360_R2|U_WPB_L56_DOC2.0_WOC2.0_N2700_F270_R1|S_WPB_L56_DOC0.5_WOC1.0_N3600_F360_R2|U_WPB_L56_DOC3.0_WOC1.0_N3600_F360_R4|U_WPA_L36_DOC4.0_WOC2.0_N2700_F270_R4|S_WPA_L36_DOC0.5_WOC2.0_N2700_F270_R3|S_WPA_L36_DOC0.5_WOC1.0_N3600_F360_R4|U_WPB_L56_DOC2.0_WOC1.0_N3600_F360_R3|S_WPA_L36_DOC1.0_WOC2.0_N2700_F270_R2|S_WPA_L36_DOC1.0_WOC2.0_N2700_F270_R4|U_WPB_L56_DOC3.0_WOC1.0_N3600_F360_R1|S_WPA_L36_DOC1.5_WOC1.0_N1800_F180_R1|S_WPA_L36_DOC1.5_WOC1.0_N3600_F360_R2|S_WPA_L36_DOC1.0_WOC1.0_N3600_F360_R2|S_WPA_L36_DOC1.0_WOC1.0_N1800_F180_R2|S_WPA_L36_DOC0.5_WOC2.0_N2700_F270_R2|S_WPA_L36_DOC1.0_WOC2.0_N2700_F270_R3|U_WPB_L56_DOC2.0_WOC2.0_N2700_F270_R4|S_WPB_L56_DOC1.0_WOC1.0_N1800_F180_R3,final structured retention evaluation
4,1,0,23,0.4,48,W2-k-medoids,uniform observed subset,48,26,31.0,17.0,0.9166666666666667,0.8333333333333334,1.0,0.8333333333333334,S_WPA_L36_DOC0.5_WOC1.0_N2700_F270_R3|S_WPA_L36_DOC0.5_WOC1.0_N2700_F270_R4|S_WPA_L36_DOC0.5_WOC2.0_N2700_F270_R3|S_WPA_L36_DOC1.0_WOC1.0_N1800_F180_R2|S_WPA_L36_DOC1.0_WOC1.0_N3600_F360_R1|S_WPA_L36_DOC1.0_WOC1.0_N3600_F360_R4|S_WPA_L36_DOC1.0_WOC2.0_N2700_F270_R4|S_WPA_L36_DOC1.5_WOC1.0_N1800_F180_R3|S_WPA_L36_DOC2.0_WOC1.0_N1800_F180_R2|S_WPA_L36_DOC2.0_WOC1.0_N1800_F180_R3|S_WPA_L36_DOC3.0_WOC1.0_N1800_F180_R2|S_WPA_L36_DOC3.0_WOC1.0_N1800_F180_R3|S_WPA_L36_DOC3.0_WOC1.0_N1800_F180_R4|S_WPB_L56_DOC0.5_WOC1.0_N2700_F270_R1|S_WPB_L56_DOC0.5_WOC1.0_N2700_F270_R3|S_WPB_L56_DOC0.5_WOC1.0_N3600_F360_R1|S_WPB_L56_DOC0.5_WOC1.0_N3600_F360_R2|S_WPB_L56_DOC1.0_WOC1.0_N1800_F180_R3|S_WPB_L56_DOC1.0_WOC1.0_N2700_F270_R2|S_WPB_L56_DOC1.0_WOC2.0_N2700_F270_R1|S_WPB_L56_DOC1.0_WOC2.0_N2700_F270_R2|S_WPB_L56_DOC1.0_WOC2.0_N2700_F270_R3|S_WPB_L56_DOC1.5_WOC1.0_N1800_F180_R3|S_WPB_L56_DOC1.5_WOC1.0_N2700_F270_R1|S_WPB_L56_DOC1.5_WOC1.0_N2700_F270_R2|S_WPB_L56_DOC1.5_WOC1.0_N2700_F270_R3|S_WPB_L56_DOC1.5_WOC1.0_N2700_F270_R4|S_WPB_L56_DOC1.5_WOC1.0_N3600_F360_R1|S_WPB_L56_DOC1.5_WOC1.0_N3600_F360_R4|S_WPB_L56_DOC1.5_WOC2.0_N2700_F270_R2|S_WPB_L56_DOC1.5_WOC2.0_N2700_F270_R3|U_WPA_L36_DOC2.0_WOC2.0_N2700_F270_R2|U_WPA_L36_DOC4.0_WOC2.0_N2700_F270_R2|U_WPA_L36_DOC4.0_WOC2.0_N2700_F270_R4|U_WPB_L56_DOC2.0_WOC1.0_N1800_F180_R3|U_WPB_L56_DOC2.0_WOC2.0_N2700_F270_R2|U_WPB_L56_DOC3.0_WOC1.0_N1800_F180_R1|U_WPB_L56_DOC3.0_WOC1.0_N1800_F180_R2|U_WPB_L56_DOC3.0_WOC1.0_N1800_F180_R3|U_WPB_L56_DOC3.0_WOC1.0_N1800_F180_R4|U_WPB_L56_DOC3.0_WOC1.0_N3600_F360_R4|U_WPB_L56_DOC4.0_WOC1.0_N2700_F270_R1|U_WPB_L56_DOC4.0_WOC1.0_N2700_F270_R3|U_WPB_L56_DOC4.0_WOC2.0_N2700_F270_R1|U_WPB_L56_DOC4.0_WOC2.0_N2700_F270_R2|U_WPB_L56_DOC4.0_WOC2.0_N2700_F270_R3|U_WPB_L56_DOC6.0_WOC1.0_N2700_F270_R2|U_WPB_L56_DOC6.0_WOC1.0_N2700_F270_R3,final structured retention evaluation
5,1,1,23,0.4,48,Facility Location,uniform observed subset,48,25,30.0,18.0,1.0,1.0,1.0,1.0,S_WPA_L36_DOC1.5_WOC2.0_N2700_F270_R1|U_WPA_L36_DOC3.0_WOC1.0_N3600_F360_R4|S_WPB_L56_DOC1.0_WOC2.0_N2700_F270_R4|U_WPB_L56_DOC3.0_WOC1.0_N3600_F360_R3|S_WPA_L36_DOC1.0_WOC1.0_N2700_F270_R1|S_WPB_L56_DOC0.5_WOC1.0_N2700_F270_R3|S_WPB_L56_DOC1.0_WOC2.0_N2700_F270_R3|S_WPB_L56_DOC1.0_WOC2.0_N2700_F270_R2|U_WPA_L36_DOC3.0_WOC1.0_N3600_F360_R2|U_WPA_L36_DOC3.0_WOC1.0_N3600_F360_R1|S_WPB_L56_DOC1.5_WOC1.0_N2700_F270_R1|S_WPB_L56_DOC0.5_WOC1.0_N3600_F360_R1|S_WPA_L36_DOC0.5_WOC1.0_N3600_F360_R4|U_WPB_L56_DOC4.0_WOC2.0_N2700_F270_R2|S_WPA_L36_DOC3.0_WOC1.0_N1800_F180_R3|U_WPB_L56_DOC2.0_WOC1.0_N1800_F180_R1|S_WPA_L36_DOC6.0_WOC1.0_N2700_F270_R2|U_WPB_L56_DOC6.0_WOC1.0_N2700_F270_R3|U_WPA_L36_DOC2.0_WOC2.0_N2700_F270_R3|S_WPB_L56_DOC0.5_WOC1.0_N2700_F270_R1|S_WPA_L36_DOC1.0_WOC1.0_N1800_F180_R2|U_WPB_L56_DOC4.0_WOC2.0_N2700_F270_R1|S_WPB_L56_DOC1.0_WOC1.0_N2700_F270_R1|S_WPA_L36_DOC1.0_WOC1.0_N3600_F360_R1|U_WPA_L36_DOC2.0_WOC1.0_N3600_F360_R4|S_WPA_L36_DOC2.0_WOC1.0_N2700_F270_R1|S_WPB_L56_DOC1.0_WOC1.0_N3600_F360_R1|U_WPB_L56_DOC2.0_WOC1.0_N1800_F180_R3|U_WPB_L56_DOC3.0_WOC1.0_N3600_F360_R4|S_WPB_L56_DOC1.5_WOC1.0_N2700_F270_R3|U_WPB_L56_DOC2.0_WOC1.0_N2700_F270_R3|S_WPB_L56_DOC0.5_WOC1.0_N1800_F180_R4|S_WPB_L56_DOC1.0_WOC2.0_N2700_F270_R1|S_WPA_L36_DOC2.0_WOC1.0_N2700_F270_R2|S_WPA_L36_DOC6.0_WOC1.0_N2700_F270_R4|U_WPB_L56_DOC4.0_WOC2.0_N2700_F270_R3|U_WPA_L36_DOC2.0_WOC1.0_N3600_F360_R1|S_WPA_L36_DOC3.0_WOC1.0_N1800_F180_R2|U_WPB_L56_DOC6.0_WOC1.0_N2700_F270_R2|S_WPB_L56_DOC0.5_WOC1.0_N2700_F270_R4|U_WPA_L36_DOC2.0_WOC1.0_N3600_F360_R2|S_WPB_L56_DOC1.5_WOC2.0_N2700_F270_R2|S_WPA_L36_DOC6.0_WOC1.0_N2700_F270_R1|S_WPA_L36_DOC3.0_WOC1.0_N1800_F180_R4|S_WPB_L56_DOC1.5_WOC1.0_N2700_F270_R4|S_WPB_L56_DOC1.5_WOC1.0_N2700_F270_R2|U_WPB_L56_DOC3.0_WOC1.0_N1800_F180_R4|S_WPA_L36_DOC1.0_WOC1.0_N1800_F180_R4,final structured retention evaluation
5,1,1,23,0.4,48,MRDS,uniform observed subset,48,22,33.0,15.0,1.0,1.0,1.0,1.0,S_WPA_L36_DOC1.0_WOC1.0_N1800_F180_R3|S_WPB_L56_DOC1.0_WOC2.0_N2700_F270_R2|U_WPA_L36_DOC3.0_WOC1.0_N3600_F360_R1|U_WPA_L36_DOC3.0_WOC1.0_N3600_F360_R2|S_WPB_L56_DOC0.5_WOC1.0_N3600_F360_R1|S_WPB_L56_DOC1.5_WOC1.0_N2700_F270_R1|U_WPB_L56_DOC4.0_WOC2.0_N2700_F270_R1|S_WPB_L56_DOC1.0_WOC2.0_N2700_F270_R3|U_WPA_L36_DOC3.0_WOC1.0_N3600_F360_R3|S_WPB_L56_DOC0.5_WOC1.0_N2700_F270_R2|S_WPB_L56_DOC0.5_WOC1.0_N1800_F180_R2|S_WPA_L36_DOC1.0_WOC2.0_N2700_F270_R1|S_WPA_L36_DOC1.5_WOC1.0_N3600_F360_R4|S_WPA_L36_DOC1.0_WOC1.0_N1800_F180_R4|S_WPA_L36_DOC2.0_WOC1.0_N2700_F270_R2|S_WPA_L36_DOC1.0_WOC1.0_N3600_F360_R4|U_WPB_L56_DOC3.0_WOC1.0_N3600_F360_R3|U_WPB_L56_DOC2.0_WOC1.0_N2700_F270_R3|S_WPB_L56_DOC1.0_WOC1.0_N2700_F270_R1|S_WPB_L56_DOC0.5_WOC2.0_N2700_F270_R1|S_WPB_L56_DOC0.5_WOC1.0_N3600_F360_R3|S_WPA_L36_DOC1.5_WOC1.0_N3600_F360_R2|S_WPB_L56_DOC1.0_WOC1.0_N3600_F360_R3|U_WPB_L56_DOC2.0_WOC1.0_N2700_F270_R1|S_WPA_L36_DOC1.0_WOC1.0_N3600_F360_R3|U_WPA_L36_DOC3.0_WOC1.0_N3600_F360_R4|S_WPA_L36_DOC1.5_WOC1.0_N3600_F360_R1|U_WPB_L56_DOC2.0_WOC1.0_N3600_F360_R1|S_WPA_L36_DOC1.5_WOC2.0_N2700_F270_R1|U_WPA_L36_DOC2.0_WOC2.0_N2700_F270_R4|U_WPB_L56_DOC3.0_WOC1.0_N3600_F360_R1|S_WPA_L36_DOC6.0_WOC1.0_N2700_F270_R3|S_WPA_L36_DOC0.5_WOC1.0_N3600_F360_R4|U_WPB_L56_DOC2.0_WOC1.0_N2700_F270_R4|S_WPB_L56_DOC1.5_WOC1.0_N2700_F270_R4|S_WPA_L36_DOC1.0_WOC2.0_N2700_F270_R2|S_WPA_L36_DOC1.5_WOC2.0_N2700_F270_R3|S_WPA_L36_DOC1.0_WOC2.0_N2700_F270_R3|S_WPA_L36_DOC1.0_WOC1.0_N3600_F360_R2|U_WPA_L36_DOC2.0_WOC2.0_N2700_F270_R2|S_WPA_L36_DOC1.0_WOC2.0_N2700_F270_R4|S_WPA_L36_DOC1.5_WOC2.0_N2700_F270_R2|S_WPB_L56_DOC1.0_WOC1.0_N2700_F270_R2|S_WPB_L56_DOC1.0_WOC2.0_N2700_F270_R4|S_WPB_L56_DOC0.5_WOC2.0_N2700_F270_R4|U_WPA_L36_DOC2.0_WOC2.0_N2700_F270_R1|S_WPA_L36_DOC1.5_WOC2.0_N2700_F270_R4|U_WPB_L56_DOC2.0_WOC1.0_N2700_F270_R2,final structured retention evaluation
5,1,1,23,0.4,48,W2-k-medoids,uniform observed subset,48,24,30.0,18.0,1.0,1.0,1.0,1.0,S_WPA_L36_DOC1.0_WOC1.0_N1800_F180_R2|S_WPA_L36_DOC1.0_WOC1.0_N1800_F180_R4|S_WPA_L36_DOC1.0_WOC1.0_N2700_F270_R2|S_WPA_L36_DOC1.0_WOC1.0_N3600_F360_R1|S_WPA_L36_DOC1.0_WOC1.0_N3600_F360_R4|S_WPA_L36_DOC1.5_WOC2.0_N2700_F270_R3|S_WPA_L36_DOC2.0_WOC1.0_N2700_F270_R1|S_WPA_L36_DOC2.0_WOC1.0_N2700_F270_R3|S_WPA_L36_DOC3.0_WOC1.0_N1800_F180_R2|S_WPA_L36_DOC3.0_WOC1.0_N1800_F180_R3|S_WPA_L36_DOC3.0_WOC1.0_N1800_F180_R4|S_WPA_L36_DOC4.0_WOC1.0_N2700_F270_R2|S_WPA_L36_DOC4.0_WOC1.0_N2700_F270_R3|S_WPA_L36_DOC6.0_WOC1.0_N2700_F270_R1|S_WPA_L36_DOC6.0_WOC1.0_N2700_F270_R4|S_WPB_L56_DOC0.5_WOC1.0_N1800_F180_R4|S_WPB_L56_DOC0.5_WOC1.0_N2700_F270_R1|S_WPB_L56_DOC0.5_WOC1.0_N2700_F270_R3|S_WPB_L56_DOC0.5_WOC1.0_N2700_F270_R4|S_WPB_L56_DOC0.5_WOC1.0_N3600_F360_R1|S_WPB_L56_DOC0.5_WOC1.0_N3600_F360_R2|S_WPB_L56_DOC1.0_WOC1.0_N2700_F270_R3|S_WPB_L56_DOC1.0_WOC2.0_N2700_F270_R1|S_WPB_L56_DOC1.0_WOC2.0_N2700_F270_R2|S_WPB_L56_DOC1.0_WOC2.0_N2700_F270_R3|S_WPB_L56_DOC1.0_WOC2.0_N2700_F270_R4|S_WPB_L56_DOC1.5_WOC1.0_N2700_F270_R1|S_WPB_L56_DOC1.5_WOC1.0_N2700_F270_R3|S_WPB_L56_DOC1.5_WOC1.0_N2700_F270_R4|S_WPB_L56_DOC1.5_WOC2.0_N2700_F270_R4|U_WPA_L36_DOC2.0_WOC1.0_N3600_F360_R1|U_WPA_L36_DOC2.0_WOC1.0_N3600_F360_R2|U_WPA_L36_DOC2.0_WOC1.0_N3600_F360_R3|U_WPA_L36_DOC2.0_WOC2.0_N2700_F270_R3|U_WPA_L36_DOC3.0_WOC1.0_N3600_F360_R1|U_WPA_L36_DOC3.0_WOC1.0_N3600_F360_R2|U_WPA_L36_DOC3.0_WOC1.0_N3600_F360_R3|U_WPB_L56_DOC2.0_WOC1.0_N1800_F180_R2|U_WPB_L56_DOC2.0_WOC1.0_N1800_F180_R3|U_WPB_L56_DOC2.0_WOC1.0_N2700_F270_R3|U_WPB_L56_DOC3.0_WOC1.0_N1800_F180_R3|U_WPB_L56_DOC3.0_WOC1.0_N1800_F180_R4|U_WPB_L56_DOC3.0_WOC1.0_N3600_F360_R4|U_WPB_L56_DOC4.0_WOC2.0_N2700_F270_R1|U_WPB_L56_DOC4.0_WOC2.0_N2700_F270_R2|U_WPB_L56_DOC4.0_WOC2.0_N2700_F270_R3|U_WPB_L56_DOC6.0_WOC1.0_N2700_F270_R2|U_WPB_L56_DOC6.0_WOC1.0_N2700_F270_R3,final structured retention evaluation
6,1,2,23,0.4,48,Facility Location,uniform observed subset,48,27,27.0,21.0,0.8988095238095238,0.8333333333333334,0.9642857142857143,0.8333333333333334,S_WPA_L36_DOC1.5_WOC2.0_N2700_F270_R2|U_WPB_L56_DOC3.0_WOC1.0_N3600_F360_R3|S_WPA_L36_DOC1.0_WOC1.0_N2700_F270_R1|S_WPB_L56_DOC1.0_WOC2.0_N2700_F270_R4|U_WPA_L36_DOC2.0_WOC1.0_N3600_F360_R3|U_WPB_L56_DOC4.0_WOC2.0_N2700_F270_R4|S_WPB_L56_DOC1.0_WOC2.0_N2700_F270_R3|S_WPA_L36_DOC2.0_WOC1.0_N1800_F180_R2|S_WPB_L56_DOC1.5_WOC1.0_N3600_F360_R1|U_WPA_L36_DOC3.0_WOC1.0_N3600_F360_R2|U_WPA_L36_DOC3.0_WOC1.0_N3600_F360_R1|S_WPB_L56_DOC1.0_WOC2.0_N2700_F270_R2|S_WPB_L56_DOC0.5_WOC1.0_N3600_F360_R1|S_WPA_L36_DOC1.5_WOC1.0_N1800_F180_R2|S_WPA_L36_DOC0.5_WOC1.0_N3600_F360_R4|S_WPA_L36_DOC6.0_WOC1.0_N2700_F270_R2|U_WPB_L56_DOC4.0_WOC2.0_N2700_F270_R1|U_WPB_L56_DOC4.0_WOC1.0_N2700_F270_R1|S_WPB_L56_DOC1.5_WOC1.0_N1800_F180_R3|U_WPB_L56_DOC6.0_WOC1.0_N2700_F270_R3|S_WPA_L36_DOC0.5_WOC2.0_N2700_F270_R2|S_WPA_L36_DOC1.0_WOC1.0_N2700_F270_R4|U_WPB_L56_DOC4.0_WOC1.0_N2700_F270_R3|S_WPB_L56_DOC1.5_WOC1.0_N3600_F360_R4|U_WPA_L36_DOC4.0_WOC2.0_N2700_F270_R3|S_WPB_L56_DOC1.0_WOC1.0_N1800_F180_R3|S_WPA_L36_DOC1.0_WOC1.0_N3600_F360_R1|S_WPA_L36_DOC0.5_WOC1.0_N2700_F270_R3|S_WPA_L36_DOC2.0_WOC1.0_N2700_F270_R1|S_WPB_L56_DOC1.0_WOC2.0_N2700_F270_R1|U_WPB_L56_DOC6.0_WOC1.0_N2700_F270_R2|U_WPB_L56_DOC3.0_WOC1.0_N3600_F360_R4|S_WPA_L36_DOC2.0_WOC1.0_N1800_F180_R3|U_WPA_L36_DOC2.0_WOC1.0_N3600_F360_R2|U_WPA_L36_DOC3.0_WOC1.0_N3600_F360_R3|S_WPB_L56_DOC1.0_WOC1.0_N2700_F270_R4|U_WPB_L56_DOC2.0_WOC1.0_N2700_F270_R3|S_WPB_L56_DOC1.5_WOC2.0_N2700_F270_R2|U_WPB_L56_DOC4.0_WOC2.0_N2700_F270_R2|U_WPA_L36_DOC2.0_WOC1.0_N3600_F360_R1|S_WPA_L36_DOC6.0_WOC1.0_N2700_F270_R1|U_WPB_L56_DOC2.0_WOC2.0_N2700_F270_R2|S_WPB_L56_DOC1.5_WOC2.0_N2700_F270_R1|U_WPA_L36_DOC4.0_WOC2.0_N2700_F270_R1|S_WPB_L56_DOC0.5_WOC1.0_N3600_F360_R4|S_WPA_L36_DOC4.0_WOC1.0_N2700_F270_R3|U_WPA_L36_DOC3.0_WOC1.0_N3600_F360_R4|U_WPA_L36_DOC2.0_WOC1.0_N3600_F360_R4,final structured retention evaluation
6,1,2,23,0.4,48,MRDS,uniform observed subset,48,24,32.0,16.0,0.8809523809523809,0.8333333333333334,0.9285714285714286,0.8333333333333334,S_WPB_L56_DOC0.5_WOC2.0_N2700_F270_R4|S_WPB_L56_DOC1.5_WOC1.0_N3600_F360_R1|S_WPA_L36_DOC2.0_WOC1.0_N1800_F180_R2|U_WPA_L36_DOC3.0_WOC1.0_N3600_F360_R1|U_WPA_L36_DOC3.0_WOC1.0_N3600_F360_R2|S_WPB_L56_DOC0.5_WOC1.0_N3600_F360_R1|S_WPB_L56_DOC1.0_WOC2.0_N2700_F270_R2|S_WPB_L56_DOC1.0_WOC2.0_N2700_F270_R3|U_WPB_L56_DOC4.0_WOC2.0_N2700_F270_R3|U_WPA_L36_DOC2.0_WOC1.0_N3600_F360_R2|S_WPB_L56_DOC1.5_WOC1.0_N1800_F180_R4|S_WPB_L56_DOC1.0_WOC1.0_N2700_F270_R2|U_WPB_L56_DOC6.0_WOC1.0_N2700_F270_R3|S_WPA_L36_DOC1.0_WOC1.0_N3600_F360_R3|S_WPB_L56_DOC1.5_WOC1.0_N1800_F180_R2|S_WPA_L36_DOC0.5_WOC2.0_N2700_F270_R3|U_WPB_L56_DOC2.0_WOC1.0_N3600_F360_R3|S_WPA_L36_DOC0.5_WOC1.0_N2700_F270_R3|S_WPB_L56_DOC1.5_WOC1.0_N1800_F180_R3|S_WPA_L36_DOC0.5_WOC1.0_N3600_F360_R3|S_WPA_L36_DOC0.5_WOC1.0_N2700_F270_R1|U_WPB_L56_DOC2.0_WOC1.0_N2700_F270_R4|S_WPA_L36_DOC0.5_WOC1.0_N3600_F360_R4|U_WPA_L36_DOC4.0_WOC2.0_N2700_F270_R4|U_WPB_L56_DOC4.0_WOC2.0_N2700_F270_R4|S_WPA_L36_DOC0.5_WOC2.0_N2700_F270_R4|S_WPA_L36_DOC1.5_WOC2.0_N2700_F270_R2|S_WPB_L56_DOC1.5_WOC1.0_N3600_F360_R3|S_WPA_L36_DOC1.0_WOC1.0_N3600_F360_R4|S_WPB_L56_DOC1.5_WOC1.0_N3600_F360_R2|U_WPB_L56_DOC2.0_WOC1.0_N3600_F360_R1|S_WPA_L36_DOC1.0_WOC1.0_N3600_F360_R2|S_WPA_L36_DOC2.0_WOC1.0_N2700_F270_R2|U_WPB_L56_DOC2.0_WOC1.0_N2700_F270_R3|U_WPB_L56_DOC2.0_WOC1.0_N2700_F270_R2|S_WPA_L36_DOC6.0_WOC1.0_N2700_F270_R3|S_WPA_L36_DOC4.0_WOC1.0_N2700_F270_R3|U_WPB_L56_DOC2.0_WOC1.0_N3600_F360_R2|S_WPA_L36_DOC1.5_WOC2.0_N2700_F270_R3|S_WPA_L36_DOC0.5_WOC1.0_N2700_F270_R2|S_WPB_L56_DOC1.0_WOC1.0_N2700_F270_R1|U_WPB_L56_DOC4.0_WOC1.0_N2700_F270_R1|S_WPA_L36_DOC0.5_WOC2.0_N2700_F270_R1|S_WPA_L36_DOC0.5_WOC2.0_N2700_F270_R2|S_WPA_L36_DOC1.5_WOC2.0_N2700_F270_R1|U_WPB_L56_DOC2.0_WOC1.0_N2700_F270_R1|U_WPB_L56_DOC3.0_WOC1.0_N3600_F360_R2|S_WPA_L36_DOC1.5_WOC2.0_N2700_F270_R4,final structured retention evaluation
6,1,2,23,0.4,48,W2-k-medoids,uniform observed subset,48,28,28.0,20.0,0.8988095238095238,0.8333333333333334,0.9642857142857143,0.8333333333333334,S_WPA_L36_DOC0.5_WOC1.0_N2700_F270_R3|S_WPA_L36_DOC0.5_WOC1.0_N3600_F360_R4|S_WPA_L36_DOC0.5_WOC2.0_N2700_F270_R1|S_WPA_L36_DOC1.0_WOC1.0_N2700_F270_R2|S_WPA_L36_DOC1.0_WOC1.0_N3600_F360_R1|S_WPA_L36_DOC1.5_WOC1.0_N1800_F180_R3|S_WPA_L36_DOC1.5_WOC2.0_N2700_F270_R3|S_WPA_L36_DOC2.0_WOC1.0_N1800_F180_R2|S_WPA_L36_DOC2.0_WOC1.0_N1800_F180_R3|S_WPA_L36_DOC2.0_WOC1.0_N2700_F270_R3|S_WPA_L36_DOC2.0_WOC1.0_N2700_F270_R4|S_WPA_L36_DOC4.0_WOC1.0_N2700_F270_R2|S_WPA_L36_DOC4.0_WOC1.0_N2700_F270_R3|S_WPA_L36_DOC6.0_WOC1.0_N2700_F270_R1|S_WPA_L36_DOC6.0_WOC1.0_N2700_F270_R4|S_WPB_L56_DOC0.5_WOC1.0_N3600_F360_R1|S_WPB_L56_DOC0.5_WOC1.0_N3600_F360_R4|S_WPB_L56_DOC0.5_WOC2.0_N2700_F270_R2|S_WPB_L56_DOC1.0_WOC1.0_N1800_F180_R3|S_WPB_L56_DOC1.0_WOC1.0_N2700_F270_R4|S_WPB_L56_DOC1.0_WOC2.0_N2700_F270_R1|S_WPB_L56_DOC1.0_WOC2.0_N2700_F270_R2|S_WPB_L56_DOC1.0_WOC2.0_N2700_F270_R3|S_WPB_L56_DOC1.5_WOC1.0_N1800_F180_R3|S_WPB_L56_DOC1.5_WOC1.0_N3600_F360_R1|S_WPB_L56_DOC1.5_WOC1.0_N3600_F360_R4|S_WPB_L56_DOC1.5_WOC2.0_N2700_F270_R1|S_WPB_L56_DOC1.5_WOC2.0_N2700_F270_R2|U_WPA_L36_DOC2.0_WOC1.0_N3600_F360_R1|U_WPA_L36_DOC2.0_WOC1.0_N3600_F360_R2|U_WPA_L36_DOC2.0_WOC1.0_N3600_F360_R3|U_WPA_L36_DOC2.0_WOC1.0_N3600_F360_R4|U_WPA_L36_DOC3.0_WOC1.0_N3600_F360_R1|U_WPA_L36_DOC3.0_WOC1.0_N3600_F360_R2|U_WPA_L36_DOC3.0_WOC1.0_N3600_F360_R3|U_WPA_L36_DOC3.0_WOC1.0_N3600_F360_R4|U_WPA_L36_DOC4.0_WOC2.0_N2700_F270_R3|U_WPA_L36_DOC4.0_WOC2.0_N2700_F270_R4|U_WPB_L56_DOC2.0_WOC1.0_N2700_F270_R3|U_WPB_L56_DOC2.0_WOC2.0_N2700_F270_R2|U_WPB_L56_DOC3.0_WOC1.0_N3600_F360_R4|U_WPB_L56_DOC4.0_WOC1.0_N2700_F270_R1|U_WPB_L56_DOC4.0_WOC1.0_N2700_F270_R3|U_WPB_L56_DOC4.0_WOC2.0_N2700_F270_R1|U_WPB_L56_DOC4.0_WOC2.0_N2700_F270_R2|U_WPB_L56_DOC4.0_WOC2.0_N2700_F270_R3|U_WPB_L56_DOC6.0_WOC1.0_N2700_F270_R2|U_WPB_L56_DOC6.0_WOC1.0_N2700_F270_R3,final structured retention evaluation
7,1,3,23,0.4,48,Facility Location,uniform observed subset,48,27,29.0,19.0,1.0,1.0,1.0,1.0,S_WPA_L36_DOC1.5_WOC2.0_N2700_F270_R3|U_WPA_L36_DOC3.0_WOC1.0_N3600_F360_R4|S_WPB_L56_DOC0.5_WOC2.0_N2700_F270_R3|U_WPB_L56_DOC2.0_WOC1.0_N2700_F270_R3|S_WPA_L36_DOC1.0_WOC1.0_N2700_F270_R1|S_WPB_L56_DOC0.5_WOC1.0_N2700_F270_R3|S_WPA_L36_DOC2.0_WOC1.0_N1800_F180_R4|S_WPA_L36_DOC2.0_WOC1.0_N1800_F180_R2|S_WPB_L56_DOC1.5_WOC1.0_N3600_F360_R1|U_WPA_L36_DOC3.0_WOC1.0_N3600_F360_R1|U_WPA_L36_DOC3.0_WOC1.0_N3600_F360_R2|S_WPB_L56_DOC1.5_WOC1.0_N2700_F270_R1|S_WPA_L36_DOC6.0_WOC1.0_N2700_F270_R2|S_WPA_L36_DOC3.0_WOC1.0_N1800_F180_R3|U_WPB_L56_DOC4.0_WOC1.0_N2700_F270_R3|U_WPB_L56_DOC2.0_WOC1.0_N1800_F180_R1|S_WPB_L56_DOC1.0_WOC1.0_N1800_F180_R1|S_WPA_L36_DOC0.5_WOC2.0_N2700_F270_R1|U_WPA_L36_DOC2.0_WOC2.0_N2700_F270_R2|S_WPA_L36_DOC1.5_WOC1.0_N1800_F180_R4|U_WPA_L36_DOC4.0_WOC2.0_N2700_F270_R1|S_WPA_L36_DOC6.0_WOC1.0_N2700_F270_R4|S_WPB_L56_DOC0.5_WOC1.0_N2700_F270_R2|U_WPA_L36_DOC2.0_WOC1.0_N3600_F360_R4|S_WPA_L36_DOC0.5_WOC1.0_N2700_F270_R3|U_WPB_L56_DOC2.0_WOC2.0_N2700_F270_R2|S_WPB_L56_DOC1.5_WOC1.0_N3600_F360_R4|S_WPB_L56_DOC1.5_WOC1.0_N2700_F270_R3|S_WPA_L36_DOC2.0_WOC1.0_N2700_F270_R1|S_WPB_L56_DOC1.0_WOC1.0_N3600_F360_R1|S_WPA_L36_DOC1.5_WOC1.0_N3600_F360_R1|U_WPA_L36_DOC2.0_WOC1.0_N3600_F360_R1|U_WPB_L56_DOC4.0_WOC1.0_N2700_F270_R1|S_WPA_L36_DOC1.0_WOC1.0_N1800_F180_R2|S_WPB_L56_DOC1.5_WOC1.0_N1800_F180_R3|U_WPA_L36_DOC2.0_WOC1.0_N3600_F360_R2|U_WPB_L56_DOC2.0_WOC1.0_N1800_F180_R3|S_WPB_L56_DOC0.5_WOC1.0_N2700_F270_R4|S_WPA_L36_DOC3.0_WOC1.0_N1800_F180_R4|S_WPB_L56_DOC1.5_WOC1.0_N2700_F270_R4|U_WPA_L36_DOC3.0_WOC1.0_N3600_F360_R3|S_WPB_L56_DOC1.5_WOC1.0_N2700_F270_R2|S_WPA_L36_DOC6.0_WOC1.0_N2700_F270_R1|U_WPB_L56_DOC3.0_WOC1.0_N1800_F180_R3|U_WPA_L36_DOC4.0_WOC2.0_N2700_F270_R2|S_WPA_L36_DOC3.0_WOC1.0_N1800_F180_R2|U_WPB_L56_DOC3.0_WOC1.0_N1800_F180_R4|U_WPA_L36_DOC2.0_WOC1.0_N3600_F360_R3,final structured retention evaluation
7,1,3,23,0.4,48,MRDS,uniform observed subset,48,20,35.0,13.0,0.96875,0.9375,1.0,0.9375,S_WPA_L36_DOC1.5_WOC1.0_N3600_F360_R4|S_WPB_L56_DOC1.5_WOC1.0_N3600_F360_R1|S_WPA_L36_DOC2.0_WOC1.0_N1800_F180_R2|U_WPA_L36_DOC3.0_WOC1.0_N3600_F360_R1|U_WPA_L36_DOC3.0_WOC1.0_N3600_F360_R2|S_WPB_L56_DOC1.5_WOC1.0_N2700_F270_R1|U_WPA_L36_DOC2.0_WOC1.0_N3600_F360_R3|S_WPA_L36_DOC0.5_WOC1.0_N2700_F270_R3|S_WPA_L36_DOC1.0_WOC1.0_N1800_F180_R1|S_WPB_L56_DOC0.5_WOC1.0_N1800_F180_R1|U_WPB_L56_DOC2.0_WOC1.0_N1800_F180_R2|S_WPA_L36_DOC6.0_WOC1.0_N2700_F270_R3|S_WPA_L36_DOC1.0_WOC2.0_N2700_F270_R1|U_WPB_L56_DOC2.0_WOC1.0_N2700_F270_R3|S_WPA_L36_DOC1.0_WOC1.0_N2700_F270_R1|S_WPA_L36_DOC0.5_WOC1.0_N2700_F270_R2|S_WPA_L36_DOC0.5_WOC2.0_N2700_F270_R1|S_WPB_L56_DOC0.5_WOC1.0_N1800_F180_R2|S_WPA_L36_DOC1.0_WOC1.0_N1800_F180_R2|S_WPA_L36_DOC1.0_WOC1.0_N1800_F180_R3|S_WPA_L36_DOC0.5_WOC2.0_N2700_F270_R2|S_WPA_L36_DOC4.0_WOC1.0_N2700_F270_R3|U_WPB_L56_DOC2.0_WOC1.0_N2700_F270_R2|U_WPA_L36_DOC2.0_WOC2.0_N2700_F270_R1|S_WPA_L36_DOC1.0_WOC2.0_N2700_F270_R4|S_WPA_L36_DOC1.5_WOC2.0_N2700_F270_R1|S_WPA_L36_DOC1.5_WOC1.0_N3600_F360_R2|U_WPA_L36_DOC2.0_WOC2.0_N2700_F270_R4|U_WPA_L36_DOC2.0_WOC2.0_N2700_F270_R3|S_WPA_L36_DOC2.0_WOC1.0_N2700_F270_R2|S_WPA_L36_DOC0.5_WOC2.0_N2700_F270_R3|S_WPA_L36_DOC0.5_WOC2.0_N2700_F270_R4|S_WPA_L36_DOC1.5_WOC2.0_N2700_F270_R2|S_WPB_L56_DOC1.0_WOC1.0_N1800_F180_R4|S_WPB_L56_DOC1.0_WOC1.0_N1800_F180_R1|S_WPA_L36_DOC1.5_WOC1.0_N3600_F360_R3|S_WPA_L36_DOC1.5_WOC1.0_N3600_F360_R1|U_WPB_L56_DOC2.0_WOC1.0_N2700_F270_R1|S_WPB_L56_DOC1.0_WOC1.0_N1800_F180_R3|U_WPA_L36_DOC3.0_WOC1.0_N3600_F360_R4|S_WPB_L56_DOC1.0_WOC1.0_N1800_F180_R2|S_WPA_L36_DOC1.0_WOC2.0_N2700_F270_R3|S_WPA_L36_DOC1.5_WOC2.0_N2700_F270_R4|S_WPA_L36_DOC1.0_WOC2.0_N2700_F270_R2|S_WPA_L36_DOC1.0_WOC1.0_N1800_F180_R4|U_WPB_L56_DOC2.0_WOC1.0_N1800_F180_R1|S_WPA_L36_DOC1.5_WOC2.0_N2700_F270_R3|U_WPB_L56_DOC2.0_WOC1.0_N2700_F270_R4,final structured retention evaluation
7,1,3,23,0.4,48,W2-k-medoids,uniform observed subset,48,27,30.0,18.0,1.0,1.0,1.0,1.0,S_WPA_L36_DOC0.5_WOC1.0_N2700_F270_R3|S_WPA_L36_DOC0.5_WOC2.0_N2700_F270_R1|S_WPA_L36_DOC1.0_WOC1.0_N2700_F270_R1|S_WPA_L36_DOC1.5_WOC1.0_N1800_F180_R3|S_WPA_L36_DOC1.5_WOC1.0_N3600_F360_R1|S_WPA_L36_DOC1.5_WOC2.0_N2700_F270_R3|S_WPA_L36_DOC2.0_WOC1.0_N1800_F180_R1|S_WPA_L36_DOC2.0_WOC1.0_N1800_F180_R2|S_WPA_L36_DOC2.0_WOC1.0_N2700_F270_R1|S_WPA_L36_DOC2.0_WOC1.0_N2700_F270_R3|S_WPA_L36_DOC3.0_WOC1.0_N1800_F180_R2|S_WPA_L36_DOC3.0_WOC1.0_N1800_F180_R3|S_WPA_L36_DOC3.0_WOC1.0_N1800_F180_R4|S_WPA_L36_DOC4.0_WOC1.0_N2700_F270_R2|S_WPA_L36_DOC4.0_WOC1.0_N2700_F270_R3|S_WPA_L36_DOC6.0_WOC1.0_N2700_F270_R1|S_WPA_L36_DOC6.0_WOC1.0_N2700_F270_R4|S_WPB_L56_DOC0.5_WOC1.0_N2700_F270_R2|S_WPB_L56_DOC0.5_WOC1.0_N2700_F270_R3|S_WPB_L56_DOC0.5_WOC1.0_N2700_F270_R4|S_WPB_L56_DOC0.5_WOC2.0_N2700_F270_R3|S_WPB_L56_DOC1.0_WOC1.0_N1800_F180_R3|S_WPB_L56_DOC1.0_WOC1.0_N3600_F360_R1|S_WPB_L56_DOC1.5_WOC1.0_N1800_F180_R3|S_WPB_L56_DOC1.5_WOC1.0_N2700_F270_R1|S_WPB_L56_DOC1.5_WOC1.0_N2700_F270_R2|S_WPB_L56_DOC1.5_WOC1.0_N2700_F270_R3|S_WPB_L56_DOC1.5_WOC1.0_N2700_F270_R4|S_WPB_L56_DOC1.5_WOC1.0_N3600_F360_R1|S_WPB_L56_DOC1.5_WOC1.0_N3600_F360_R4|U_WPA_L36_DOC2.0_WOC1.0_N3600_F360_R1|U_WPA_L36_DOC2.0_WOC1.0_N3600_F360_R2|U_WPA_L36_DOC2.0_WOC1.0_N3600_F360_R3|U_WPA_L36_DOC2.0_WOC2.0_N2700_F270_R2|U_WPA_L36_DOC3.0_WOC1.0_N3600_F360_R1|U_WPA_L36_DOC3.0_WOC1.0_N3600_F360_R2|U_WPA_L36_DOC3.0_WOC1.0_N3600_F360_R3|U_WPA_L36_DOC3.0_WOC1.0_N3600_F360_R4|U_WPA_L36_DOC4.0_WOC2.0_N2700_F270_R2|U_WPA_L36_DOC4.0_WOC2.0_N2700_F270_R4|U_WPB_L56_DOC2.0_WOC1.0_N1800_F180_R2|U_WPB_L56_DOC2.0_WOC1.0_N1800_F180_R3|U_WPB_L56_DOC2.0_WOC1.0_N2700_F270_R2|U_WPB_L56_DOC2.0_WOC2.0_N2700_F270_R2|U_WPB_L56_DOC3.0_WOC1.0_N1800_F180_R3|U_WPB_L56_DOC3.0_WOC1.0_N1800_F180_R4|U_WPB_L56_DOC4.0_WOC1.0_N2700_F270_R1|U_WPB_L56_DOC4.0_WOC1.0_N2700_F270_R3,final structured retention evaluation
8,2,0,37,0.4,48,Facility Location,uniform observed subset,48,27,26.0,22.0,0.875,0.75,1.0,0.75,S_WPA_L36_DOC1.5_WOC2.0_N2700_F270_R3|U_WPB_L56_DOC3.0_WOC1.0_N3600_F360_R3|S_WPB_L56_DOC0.5_WOC2.0_N2700_F270_R3|U_WPA_L36_DOC2.0_WOC2.0_N2700_F270_R2|S_WPB_L56_DOC1.0_WOC1.0_N2700_F270_R1|S_WPA_L36_DOC2.0_WOC1.0_N1800_F180_R3|S_WPA_L36_DOC2.0_WOC1.0_N1800_F180_R2|S_WPB_L56_DOC0.5_WOC1.0_N3600_F360_R1|U_WPB_L56_DOC4.0_WOC2.0_N2700_F270_R4|S_WPA_L36_DOC6.0_WOC1.0_N2700_F270_R2|U_WPA_L36_DOC2.0_WOC1.0_N3600_F360_R4|U_WPB_L56_DOC2.0_WOC1.0_N1800_F180_R1|S_WPA_L36_DOC3.0_WOC1.0_N1800_F180_R3|U_WPB_L56_DOC4.0_WOC2.0_N2700_F270_R1|S_WPB_L56_DOC1.0_WOC1.0_N1800_F180_R3|S_WPA_L36_DOC1.5_WOC1.0_N1800_F180_R1|S_WPA_L36_DOC0.5_WOC1.0_N2700_F270_R3|U_WPB_L56_DOC6.0_WOC1.0_N2700_F270_R3|U_WPB_L56_DOC4.0_WOC1.0_N2700_F270_R1|U_WPB_L56_DOC4.0_WOC1.0_N2700_F270_R3|S_WPA_L36_DOC1.5_WOC1.0_N3600_F360_R3|S_WPB_L56_DOC0.5_WOC1.0_N3600_F360_R2|S_WPA_L36_DOC2.0_WOC1.0_N2700_F270_R1|S_WPA_L36_DOC6.0_WOC1.0_N2700_F270_R4|S_WPB_L56_DOC1.5_WOC2.0_N2700_F270_R4|U_WPB_L56_DOC2.0_WOC1.0_N3600_F360_R3|U_WPB_L56_DOC6.0_WOC1.0_N2700_F270_R2|S_WPA_L36_DOC1.0_WOC1.0_N1800_F180_R2|U_WPA_L36_DOC2.0_WOC1.0_N3600_F360_R1|U_WPA_L36_DOC2.0_WOC1.0_N3600_F360_R2|S_WPB_L56_DOC0.5_WOC1.0_N1800_F180_R2|U_WPB_L56_DOC4.0_WOC2.0_N2700_F270_R2|S_WPA_L36_DOC0.5_WOC1.0_N3600_F360_R3|S_WPB_L56_DOC1.5_WOC2.0_N2700_F270_R2|U_WPB_L56_DOC2.0_WOC1.0_N1800_F180_R3|U_WPB_L56_DOC2.0_WOC2.0_N2700_F270_R2|S_WPA_L36_DOC3.0_WOC1.0_N1800_F180_R4|S_WPA_L36_DOC3.0_WOC1.0_N1800_F180_R2|S_WPA_L36_DOC6.0_WOC1.0_N2700_F270_R1|U_WPB_L56_DOC3.0_WOC1.0_N1800_F180_R3|S_WPA_L36_DOC4.0_WOC1.0_N2700_F270_R3|U_WPB_L56_DOC3.0_WOC1.0_N1800_F180_R4|U_WPA_L36_DOC2.0_WOC1.0_N3600_F360_R3|U_WPA_L36_DOC2.0_WOC2.0_N2700_F270_R4|U_WPB_L56_DOC3.0_WOC1.0_N3600_F360_R2|U_WPB_L56_DOC2.0_WOC2.0_N2700_F270_R1|S_WPA_L36_DOC1.0_WOC1.0_N1800_F180_R4|S_WPA_L36_DOC2.0_WOC1.0_N2700_F270_R3,final structured retention evaluation
8,2,0,37,0.4,48,MRDS,uniform observed subset,48,26,34.0,14.0,0.9166666666666667,0.8333333333333334,1.0,0.8333333333333334,S_WPA_L36_DOC1.0_WOC2.0_N2700_F270_R4|S_WPA_L36_DOC2.0_WOC1.0_N1800_F180_R2|S_WPB_L56_DOC0.5_WOC1.0_N3600_F360_R1|U_WPB_L56_DOC4.0_WOC2.0_N2700_F270_R1|U_WPA_L36_DOC2.0_WOC1.0_N3600_F360_R4|S_WPA_L36_DOC1.0_WOC1.0_N1800_F180_R3|S_WPB_L56_DOC1.0_WOC1.0_N2700_F270_R1|U_WPB_L56_DOC4.0_WOC2.0_N2700_F270_R3|S_WPA_L36_DOC6.0_WOC1.0_N2700_F270_R3|S_WPB_L56_DOC1.5_WOC1.0_N1800_F180_R2|U_WPB_L56_DOC2.0_WOC2.0_N2700_F270_R2|S_WPA_L36_DOC0.5_WOC1.0_N3600_F360_R4|S_WPA_L36_DOC2.0_WOC1.0_N1800_F180_R3|U_WPA_L36_DOC2.0_WOC2.0_N2700_F270_R1|S_WPA_L36_DOC4.0_WOC1.0_N2700_F270_R2|S_WPA_L36_DOC1.5_WOC2.0_N2700_F270_R2|S_WPA_L36_DOC1.0_WOC2.0_N2700_F270_R3|S_WPB_L56_DOC0.5_WOC1.0_N1800_F180_R2|S_WPB_L56_DOC1.5_WOC1.0_N1800_F180_R4|S_WPB_L56_DOC0.5_WOC2.0_N2700_F270_R4|U_WPB_L56_DOC3.0_WOC1.0_N3600_F360_R3|S_WPB_L56_DOC1.0_WOC1.0_N1800_F180_R1|S_WPA_L36_DOC1.0_WOC1.0_N1800_F180_R2|S_WPA_L36_DOC1.0_WOC1.0_N1800_F180_R4|S_WPA_L36_DOC1.5_WOC2.0_N2700_F270_R1|S_WPB_L56_DOC0.5_WOC1.0_N3600_F360_R2|S_WPB_L56_DOC0.5_WOC2.0_N2700_F270_R3|S_WPA_L36_DOC1.5_WOC1.0_N3600_F360_R1|U_WPB_L56_DOC4.0_WOC1.0_N2700_F270_R1|U_WPB_L56_DOC2.0_WOC2.0_N2700_F270_R4|U_WPB_L56_DOC2.0_WOC2.0_N2700_F270_R1|S_WPA_L36_DOC1.5_WOC1.0_N3600_F360_R3|U_WPB_L56_DOC2.0_WOC1.0_N3600_F360_R2|S_WPA_L36_DOC1.5_WOC1.0_N3600_F360_R4|S_WPA_L36_DOC1.5_WOC1.0_N1800_F180_R1|S_WPA_L36_DOC3.0_WOC1.0_N1800_F180_R2|U_WPB_L56_DOC2.0_WOC1.0_N1800_F180_R4|S_WPA_L36_DOC0.5_WOC1.0_N2700_F270_R2|S_WPB_L56_DOC1.0_WOC1.0_N2700_F270_R2|S_WPA_L36_DOC1.5_WOC2.0_N2700_F270_R3|S_WPA_L36_DOC1.5_WOC1.0_N3600_F360_R2|S_WPA_L36_DOC1.5_WOC2.0_N2700_F270_R4|U_WPA_L36_DOC2.0_WOC2.0_N2700_F270_R2|U_WPA_L36_DOC2.0_WOC2.0_N2700_F270_R4|S_WPA_L36_DOC1.0_WOC2.0_N2700_F270_R1|S_WPA_L36_DOC2.0_WOC1.0_N2700_F270_R2|S_WPB_L56_DOC1.0_WOC1.0_N1800_F180_R3|U_WPB_L56_DOC2.0_WOC1.0_N1800_F180_R2,final structured retention evaluation
8,2,0,37,0.4,48,W2-k-medoids,uniform observed subset,48,26,27.0,21.0,0.875,0.75,1.0,0.75,S_WPA_L36_DOC0.5_WOC1.0_N2700_F270_R3|S_WPA_L36_DOC0.5_WOC1.0_N3600_F360_R3|S_WPA_L36_DOC1.0_WOC1.0_N1800_F180_R2|S_WPA_L36_DOC1.0_WOC1.0_N1800_F180_R4|S_WPA_L36_DOC1.5_WOC1.0_N1800_F180_R3|S_WPA_L36_DOC1.5_WOC1.0_N3600_F360_R2|S_WPA_L36_DOC1.5_WOC2.0_N2700_F270_R2|S_WPA_L36_DOC2.0_WOC1.0_N1800_F180_R2|S_WPA_L36_DOC2.0_WOC1.0_N1800_F180_R3|S_WPA_L36_DOC2.0_WOC1.0_N2700_F270_R1|S_WPA_L36_DOC2.0_WOC1.0_N2700_F270_R3|S_WPA_L36_DOC3.0_WOC1.0_N1800_F180_R2|S_WPA_L36_DOC3.0_WOC1.0_N1800_F180_R3|S_WPA_L36_DOC3.0_WOC1.0_N1800_F180_R4|S_WPA_L36_DOC4.0_WOC1.0_N2700_F270_R1|S_WPA_L36_DOC4.0_WOC1.0_N2700_F270_R2|S_WPA_L36_DOC4.0_WOC1.0_N2700_F270_R3|S_WPA_L36_DOC4.0_WOC1.0_N2700_F270_R4|S_WPA_L36_DOC6.0_WOC1.0_N2700_F270_R1|S_WPB_L56_DOC0.5_WOC1.0_N1800_F180_R2|S_WPB_L56_DOC0.5_WOC1.0_N3600_F360_R1|S_WPB_L56_DOC0.5_WOC1.0_N3600_F360_R2|S_WPB_L56_DOC0.5_WOC2.0_N2700_F270_R3|S_WPB_L56_DOC1.0_WOC1.0_N1800_F180_R3|S_WPB_L56_DOC1.0_WOC1.0_N2700_F270_R2|S_WPB_L56_DOC1.5_WOC2.0_N2700_F270_R2|S_WPB_L56_DOC1.5_WOC2.0_N2700_F270_R4|U_WPA_L36_DOC2.0_WOC1.0_N3600_F360_R1|U_WPA_L36_DOC2.0_WOC1.0_N3600_F360_R2|U_WPA_L36_DOC2.0_WOC1.0_N3600_F360_R3|U_WPA_L36_DOC2.0_WOC1.0_N3600_F360_R4|U_WPA_L36_DOC2.0_WOC2.0_N2700_F270_R2|U_WPA_L36_DOC2.0_WOC2.0_N2700_F270_R4|U_WPB_L56_DOC2.0_WOC1.0_N1800_F180_R1|U_WPB_L56_DOC2.0_WOC1.0_N1800_F180_R3|U_WPB_L56_DOC2.0_WOC2.0_N2700_F270_R2|U_WPB_L56_DOC3.0_WOC1.0_N1800_F180_R1|U_WPB_L56_DOC3.0_WOC1.0_N1800_F180_R3|U_WPB_L56_DOC3.0_WOC1.0_N1800_F180_R4|U_WPB_L56_DOC3.0_WOC1.0_N3600_F360_R2|U_WPB_L56_DOC3.0_WOC1.0_N3600_F360_R4|U_WPB_L56_DOC4.0_WOC1.0_N2700_F270_R2|U_WPB_L56_DOC4.0_WOC1.0_N2700_F270_R3|U_WPB_L56_DOC4.0_WOC2.0_N2700_F270_R1|U_WPB_L56_DOC4.0_WOC2.0_N2700_F270_R2|U_WPB_L56_DOC4.0_WOC2.0_N2700_F270_R3|U_WPB_L56_DOC6.0_WOC1.0_N2700_F270_R2|U_WPB_L56_DOC6.0_WOC1.0_N2700_F270_R3,final structured retention evaluation
9,2,1,37,0.4,48,Facility Location,uniform observed subset,48,27,28.0,20.0,0.875,1.0,0.75,0.75,S_WPA_L36_DOC1.5_WOC2.0_N2700_F270_R2|U_WPB_L56_DOC3.0_WOC1.0_N3600_F360_R1|S_WPB_L56_DOC1.0_WOC2.0_N2700_F270_R4|U_WPA_L36_DOC3.0_WOC1.0_N3600_F360_R4|S_WPB_L56_DOC1.0_WOC1.0_N2700_F270_R4|S_WPB_L56_DOC0.5_WOC1.0_N2700_F270_R3|S_WPB_L56_DOC1.0_WOC2.0_N2700_F270_R3|S_WPB_L56_DOC1.5_WOC1.0_N3600_F360_R1|S_WPB_L56_DOC1.0_WOC2.0_N2700_F270_R2|U_WPA_L36_DOC3.0_WOC1.0_N3600_F360_R2|U_WPA_L36_DOC3.0_WOC1.0_N3600_F360_R1|S_WPB_L56_DOC1.5_WOC1.0_N2700_F270_R1|U_WPB_L56_DOC2.0_WOC1.0_N2700_F270_R3|S_WPB_L56_DOC0.5_WOC1.0_N3600_F360_R1|S_WPA_L36_DOC0.5_WOC1.0_N3600_F360_R4|S_WPA_L36_DOC1.5_WOC1.0_N1800_F180_R3|U_WPB_L56_DOC4.0_WOC1.0_N2700_F270_R3|S_WPA_L36_DOC1.0_WOC1.0_N3600_F360_R1|U_WPA_L36_DOC2.0_WOC2.0_N2700_F270_R2|S_WPA_L36_DOC0.5_WOC2.0_N2700_F270_R1|U_WPA_L36_DOC4.0_WOC2.0_N2700_F270_R1|S_WPB_L56_DOC1.0_WOC1.0_N1800_F180_R3|U_WPA_L36_DOC2.0_WOC1.0_N3600_F360_R4|U_WPB_L56_DOC2.0_WOC2.0_N2700_F270_R2|S_WPB_L56_DOC0.5_WOC1.0_N2700_F270_R2|S_WPB_L56_DOC1.0_WOC1.0_N3600_F360_R1|S_WPB_L56_DOC1.5_WOC1.0_N3600_F360_R4|S_WPB_L56_DOC0.5_WOC1.0_N1800_F180_R4|S_WPB_L56_DOC1.5_WOC1.0_N2700_F270_R3|U_WPB_L56_DOC2.0_WOC1.0_N1800_F180_R2|U_WPB_L56_DOC4.0_WOC1.0_N2700_F270_R2|S_WPB_L56_DOC1.0_WOC2.0_N2700_F270_R1|U_WPA_L36_DOC2.0_WOC1.0_N3600_F360_R1|S_WPA_L36_DOC1.0_WOC1.0_N2700_F270_R1|S_WPA_L36_DOC1.0_WOC1.0_N1800_F180_R2|U_WPA_L36_DOC4.0_WOC2.0_N2700_F270_R2|U_WPA_L36_DOC2.0_WOC1.0_N3600_F360_R2|U_WPB_L56_DOC2.0_WOC1.0_N1800_F180_R3|S_WPB_L56_DOC1.5_WOC2.0_N2700_F270_R2|S_WPB_L56_DOC1.5_WOC1.0_N2700_F270_R2|U_WPA_L36_DOC3.0_WOC1.0_N3600_F360_R3|S_WPB_L56_DOC0.5_WOC1.0_N2700_F270_R4|S_WPA_L36_DOC1.0_WOC1.0_N3600_F360_R3|S_WPB_L56_DOC1.5_WOC1.0_N2700_F270_R4|U_WPA_L36_DOC2.0_WOC2.0_N2700_F270_R4|U_WPA_L36_DOC2.0_WOC1.0_N3600_F360_R3|S_WPB_L56_DOC1.5_WOC2.0_N2700_F270_R4|U_WPB_L56_DOC2.0_WOC1.0_N3600_F360_R3,final structured retention evaluation
9,2,1,37,0.4,48,MRDS,uniform observed subset,48,22,33.0,15.0,0.7857142857142857,1.0,0.5714285714285714,0.5714285714285714,S_WPA_L36_DOC1.5_WOC1.0_N3600_F360_R2|S_WPB_L56_DOC1.5_WOC1.0_N3600_F360_R1|S_WPB_L56_DOC1.0_WOC2.0_N2700_F270_R2|U_WPA_L36_DOC3.0_WOC1.0_N3600_F360_R1|U_WPA_L36_DOC3.0_WOC1.0_N3600_F360_R2|S_WPB_L56_DOC0.5_WOC1.0_N3600_F360_R1|S_WPB_L56_DOC1.5_WOC1.0_N3600_F360_R4|U_WPA_L36_DOC2.0_WOC1.0_N3600_F360_R3|S_WPB_L56_DOC1.0_WOC2.0_N2700_F270_R3|U_WPA_L36_DOC4.0_WOC2.0_N2700_F270_R4|S_WPB_L56_DOC0.5_WOC2.0_N2700_F270_R1|S_WPB_L56_DOC1.0_WOC2.0_N2700_F270_R4|S_WPA_L36_DOC0.5_WOC2.0_N2700_F270_R4|U_WPB_L56_DOC4.0_WOC1.0_N2700_F270_R1|S_WPA_L36_DOC1.0_WOC1.0_N1800_F180_R4|S_WPA_L36_DOC1.0_WOC2.0_N2700_F270_R1|S_WPA_L36_DOC1.0_WOC2.0_N2700_F270_R3|U_WPA_L36_DOC2.0_WOC2.0_N2700_F270_R1|S_WPA_L36_DOC0.5_WOC2.0_N2700_F270_R2|S_WPA_L36_DOC1.0_WOC2.0_N2700_F270_R2|S_WPA_L36_DOC1.5_WOC2.0_N2700_F270_R3|S_WPA_L36_DOC1.0_WOC1.0_N3600_F360_R3|U_WPB_L56_DOC2.0_WOC1.0_N2700_F270_R4|S_WPB_L56_DOC1.5_WOC1.0_N3600_F360_R2|S_WPA_L36_DOC0.5_WOC1.0_N3600_F360_R4|S_WPA_L36_DOC1.0_WOC1.0_N3600_F360_R2|S_WPA_L36_DOC1.5_WOC1.0_N3600_F360_R4|U_WPB_L56_DOC2.0_WOC1.0_N2700_F270_R2|S_WPA_L36_DOC1.5_WOC2.0_N2700_F270_R1|S_WPA_L36_DOC0.5_WOC2.0_N2700_F270_R1|S_WPA_L36_DOC1.0_WOC1.0_N3600_F360_R4|U_WPA_L36_DOC2.0_WOC2.0_N2700_F270_R2|S_WPB_L56_DOC1.0_WOC1.0_N3600_F360_R1|S_WPB_L56_DOC0.5_WOC1.0_N3600_F360_R2|S_WPA_L36_DOC1.5_WOC2.0_N2700_F270_R4|S_WPA_L36_DOC1.5_WOC1.0_N3600_F360_R3|U_WPB_L56_DOC2.0_WOC1.0_N2700_F270_R1|U_WPB_L56_DOC2.0_WOC1.0_N2700_F270_R3|U_WPA_L36_DOC2.0_WOC2.0_N2700_F270_R4|S_WPA_L36_DOC1.5_WOC1.0_N3600_F360_R1|U_WPB_L56_DOC2.0_WOC1.0_N3600_F360_R1|S_WPB_L56_DOC1.0_WOC1.0_N1800_F180_R3|S_WPB_L56_DOC0.5_WOC1.0_N1800_F180_R2|S_WPA_L36_DOC0.5_WOC2.0_N2700_F270_R3|U_WPA_L36_DOC3.0_WOC1.0_N3600_F360_R4|S_WPA_L36_DOC1.5_WOC2.0_N2700_F270_R2|U_WPB_L56_DOC2.0_WOC1.0_N1800_F180_R2|S_WPA_L36_DOC1.0_WOC2.0_N2700_F270_R4,final structured retention evaluation
9,2,1,37,0.4,48,W2-k-medoids,uniform observed subset,48,26,28.0,20.0,0.9047619047619048,0.9166666666666666,0.8928571428571429,0.8928571428571429,S_WPA_L36_DOC0.5_WOC2.0_N2700_F270_R3|S_WPA_L36_DOC1.0_WOC1.0_N1800_F180_R2|S_WPA_L36_DOC1.0_WOC1.0_N2700_F270_R2|S_WPA_L36_DOC1.0_WOC1.0_N2700_F270_R3|S_WPA_L36_DOC1.0_WOC1.0_N3600_F360_R1|S_WPA_L36_DOC1.0_WOC1.0_N3600_F360_R4|S_WPA_L36_DOC1.5_WOC1.0_N1800_F180_R3|S_WPA_L36_DOC1.5_WOC2.0_N2700_F270_R2|S_WPB_L56_DOC0.5_WOC1.0_N1800_F180_R4|S_WPB_L56_DOC0.5_WOC1.0_N2700_F270_R2|S_WPB_L56_DOC0.5_WOC1.0_N2700_F270_R3|S_WPB_L56_DOC0.5_WOC1.0_N2700_F270_R4|S_WPB_L56_DOC0.5_WOC1.0_N3600_F360_R1|S_WPB_L56_DOC0.5_WOC1.0_N3600_F360_R2|S_WPB_L56_DOC0.5_WOC2.0_N2700_F270_R3|S_WPB_L56_DOC1.0_WOC1.0_N1800_F180_R2|S_WPB_L56_DOC1.0_WOC1.0_N2700_F270_R3|S_WPB_L56_DOC1.0_WOC2.0_N2700_F270_R1|S_WPB_L56_DOC1.0_WOC2.0_N2700_F270_R2|S_WPB_L56_DOC1.0_WOC2.0_N2700_F270_R3|S_WPB_L56_DOC1.5_WOC1.0_N2700_F270_R1|S_WPB_L56_DOC1.5_WOC1.0_N2700_F270_R2|S_WPB_L56_DOC1.5_WOC1.0_N2700_F270_R3|S_WPB_L56_DOC1.5_WOC1.0_N2700_F270_R4|S_WPB_L56_DOC1.5_WOC1.0_N3600_F360_R1|S_WPB_L56_DOC1.5_WOC1.0_N3600_F360_R4|S_WPB_L56_DOC1.5_WOC2.0_N2700_F270_R2|S_WPB_L56_DOC1.5_WOC2.0_N2700_F270_R4|U_WPA_L36_DOC2.0_WOC1.0_N3600_F360_R1|U_WPA_L36_DOC2.0_WOC1.0_N3600_F360_R2|U_WPA_L36_DOC2.0_WOC1.0_N3600_F360_R3|U_WPA_L36_DOC2.0_WOC1.0_N3600_F360_R4|U_WPA_L36_DOC2.0_WOC2.0_N2700_F270_R2|U_WPA_L36_DOC3.0_WOC1.0_N3600_F360_R1|U_WPA_L36_DOC3.0_WOC1.0_N3600_F360_R2|U_WPA_L36_DOC3.0_WOC1.0_N3600_F360_R3|U_WPA_L36_DOC3.0_WOC1.0_N3600_F360_R4|U_WPA_L36_DOC4.0_WOC2.0_N2700_F270_R3|U_WPA_L36_DOC4.0_WOC2.0_N2700_F270_R4|U_WPB_L56_DOC2.0_WOC1.0_N1800_F180_R1|U_WPB_L56_DOC2.0_WOC1.0_N1800_F180_R3|U_WPB_L56_DOC2.0_WOC1.0_N2700_F270_R1|U_WPB_L56_DOC2.0_WOC1.0_N2700_F270_R2|U_WPB_L56_DOC2.0_WOC1.0_N3600_F360_R1|U_WPB_L56_DOC2.0_WOC2.0_N2700_F270_R2|U_WPB_L56_DOC3.0_WOC1.0_N3600_F360_R4|U_WPB_L56_DOC4.0_WOC1.0_N2700_F270_R2|U_WPB_L56_DOC4.0_WOC1.0_N2700_F270_R3,final structured retention evaluation
10,2,2,37,0.4,48,Facility Location,uniform observed subset,48,28,30.0,18.0,0.9375,0.875,1.0,0.875,S_WPA_L36_DOC1.5_WOC1.0_N3600_F360_R2|U_WPB_L56_DOC2.0_WOC1.0_N2700_F270_R3|U_WPA_L36_DOC3.0_WOC1.0_N3600_F360_R4|S_WPA_L36_DOC1.0_WOC1.0_N2700_F270_R1|S_WPB_L56_DOC1.0_WOC2.0_N2700_F270_R4|S_WPB_L56_DOC0.5_WOC1.0_N2700_F270_R3|S_WPB_L56_DOC1.0_WOC2.0_N2700_F270_R3|S_WPA_L36_DOC1.5_WOC1.0_N1800_F180_R2|S_WPA_L36_DOC2.0_WOC1.0_N1800_F180_R2|S_WPB_L56_DOC1.5_WOC1.0_N3600_F360_R1|U_WPA_L36_DOC3.0_WOC1.0_N3600_F360_R2|U_WPA_L36_DOC3.0_WOC1.0_N3600_F360_R1|S_WPB_L56_DOC1.5_WOC1.0_N2700_F270_R1|S_WPB_L56_DOC1.0_WOC2.0_N2700_F270_R2|U_WPB_L56_DOC4.0_WOC2.0_N2700_F270_R2|S_WPB_L56_DOC0.5_WOC1.0_N3600_F360_R1|S_WPA_L36_DOC6.0_WOC1.0_N2700_F270_R2|S_WPA_L36_DOC1.0_WOC1.0_N1800_F180_R2|S_WPA_L36_DOC3.0_WOC1.0_N1800_F180_R3|U_WPB_L56_DOC6.0_WOC1.0_N2700_F270_R3|U_WPB_L56_DOC3.0_WOC1.0_N1800_F180_R1|S_WPB_L56_DOC0.5_WOC1.0_N2700_F270_R1|U_WPB_L56_DOC4.0_WOC2.0_N2700_F270_R1|S_WPB_L56_DOC1.5_WOC1.0_N1800_F180_R3|U_WPB_L56_DOC4.0_WOC1.0_N2700_F270_R3|U_WPB_L56_DOC2.0_WOC2.0_N2700_F270_R3|S_WPA_L36_DOC1.0_WOC1.0_N2700_F270_R4|U_WPA_L36_DOC2.0_WOC1.0_N3600_F360_R4|U_WPA_L36_DOC4.0_WOC2.0_N2700_F270_R3|S_WPA_L36_DOC0.5_WOC1.0_N2700_F270_R2|S_WPB_L56_DOC1.5_WOC1.0_N3600_F360_R4|S_WPB_L56_DOC1.5_WOC1.0_N2700_F270_R3|S_WPA_L36_DOC1.0_WOC1.0_N3600_F360_R1|S_WPA_L36_DOC2.0_WOC1.0_N2700_F270_R1|S_WPB_L56_DOC1.0_WOC2.0_N2700_F270_R1|S_WPA_L36_DOC0.5_WOC2.0_N2700_F270_R1|S_WPA_L36_DOC0.5_WOC1.0_N3600_F360_R4|S_WPA_L36_DOC3.0_WOC1.0_N1800_F180_R2|U_WPB_L56_DOC4.0_WOC1.0_N2700_F270_R1|U_WPA_L36_DOC2.0_WOC1.0_N3600_F360_R1|S_WPB_L56_DOC1.0_WOC1.0_N2700_F270_R2|S_WPB_L56_DOC0.5_WOC1.0_N2700_F270_R4|U_WPA_L36_DOC2.0_WOC1.0_N3600_F360_R2|U_WPB_L56_DOC6.0_WOC1.0_N2700_F270_R2|U_WPB_L56_DOC3.0_WOC1.0_N1800_F180_R2|S_WPA_L36_DOC3.0_WOC1.0_N1800_F180_R4|S_WPA_L36_DOC2.0_WOC1.0_N1800_F180_R3|U_WPA_L36_DOC3.0_WOC1.0_N3600_F360_R3,final structured retention evaluation
10,2,2,37,0.4,48,MRDS,uniform observed subset,48,23,36.0,12.0,0.9375,0.875,1.0,0.875,S_WPA_L36_DOC0.5_WOC1.0_N2700_F270_R2|S_WPB_L56_DOC1.5_WOC1.0_N3600_F360_R1|S_WPA_L36_DOC2.0_WOC1.0_N1800_F180_R2|U_WPA_L36_DOC3.0_WOC1.0_N3600_F360_R1|U_WPA_L36_DOC3.0_WOC1.0_N3600_F360_R2|S_WPB_L56_DOC0.5_WOC1.0_N3600_F360_R1|S_WPB_L56_DOC1.5_WOC1.0_N2700_F270_R1|S_WPB_L56_DOC1.0_WOC2.0_N2700_F270_R2|U_WPA_L36_DOC2.0_WOC1.0_N3600_F360_R2|S_WPB_L56_DOC1.0_WOC2.0_N2700_F270_R3|S_WPA_L36_DOC1.0_WOC1.0_N1800_F180_R1|U_WPB_L56_DOC4.0_WOC2.0_N2700_F270_R1|S_WPA_L36_DOC1.0_WOC1.0_N1800_F180_R3|S_WPA_L36_DOC0.5_WOC1.0_N3600_F360_R4|S_WPA_L36_DOC1.5_WOC1.0_N3600_F360_R2|U_WPB_L56_DOC4.0_WOC1.0_N2700_F270_R1|S_WPA_L36_DOC6.0_WOC1.0_N2700_F270_R3|S_WPA_L36_DOC0.5_WOC2.0_N2700_F270_R3|S_WPB_L56_DOC1.0_WOC1.0_N2700_F270_R2|S_WPA_L36_DOC1.0_WOC1.0_N1800_F180_R4|S_WPB_L56_DOC1.0_WOC1.0_N2700_F270_R1|S_WPA_L36_DOC0.5_WOC1.0_N2700_F270_R3|U_WPB_L56_DOC4.0_WOC2.0_N2700_F270_R2|S_WPA_L36_DOC3.0_WOC1.0_N1800_F180_R1|S_WPA_L36_DOC1.0_WOC1.0_N1800_F180_R2|S_WPA_L36_DOC2.0_WOC1.0_N1800_F180_R3|S_WPA_L36_DOC0.5_WOC2.0_N2700_F270_R4|S_WPA_L36_DOC1.0_WOC1.0_N2700_F270_R1|S_WPA_L36_DOC1.0_WOC1.0_N3600_F360_R4|U_WPB_L56_DOC2.0_WOC1.0_N2700_F270_R2|S_WPA_L36_DOC1.0_WOC1.0_N3600_F360_R3|S_WPA_L36_DOC1.5_WOC1.0_N3600_F360_R3|S_WPA_L36_DOC0.5_WOC1.0_N2700_F270_R1|S_WPA_L36_DOC0.5_WOC2.0_N2700_F270_R1|S_WPA_L36_DOC2.0_WOC1.0_N2700_F270_R2|S_WPA_L36_DOC0.5_WOC2.0_N2700_F270_R2|S_WPA_L36_DOC1.5_WOC1.0_N3600_F360_R1|S_WPA_L36_DOC0.5_WOC1.0_N3600_F360_R2|U_WPA_L36_DOC3.0_WOC1.0_N3600_F360_R4|S_WPB_L56_DOC1.5_WOC1.0_N2700_F270_R4|S_WPA_L36_DOC1.0_WOC1.0_N3600_F360_R2|U_WPA_L36_DOC4.0_WOC2.0_N2700_F270_R4|U_WPB_L56_DOC2.0_WOC2.0_N2700_F270_R4|U_WPB_L56_DOC2.0_WOC1.0_N2700_F270_R4|S_WPA_L36_DOC3.0_WOC1.0_N1800_F180_R2|S_WPA_L36_DOC1.5_WOC1.0_N3600_F360_R4|S_WPB_L56_DOC1.5_WOC1.0_N3600_F360_R2|U_WPB_L56_DOC2.0_WOC1.0_N2700_F270_R3,final structured retention evaluation
10,2,2,37,0.4,48,W2-k-medoids,uniform observed subset,48,27,29.0,19.0,0.9375,0.875,1.0,0.875,S_WPA_L36_DOC0.5_WOC1.0_N2700_F270_R3|S_WPA_L36_DOC0.5_WOC1.0_N3600_F360_R4|S_WPA_L36_DOC0.5_WOC2.0_N2700_F270_R1|S_WPA_L36_DOC1.0_WOC1.0_N2700_F270_R1|S_WPA_L36_DOC1.0_WOC1.0_N3600_F360_R1|S_WPA_L36_DOC1.5_WOC1.0_N1800_F180_R3|S_WPA_L36_DOC1.5_WOC1.0_N3600_F360_R2|S_WPA_L36_DOC2.0_WOC1.0_N1800_F180_R1|S_WPA_L36_DOC2.0_WOC1.0_N1800_F180_R2|S_WPA_L36_DOC2.0_WOC1.0_N2700_F270_R4|S_WPA_L36_DOC3.0_WOC1.0_N1800_F180_R2|S_WPA_L36_DOC3.0_WOC1.0_N1800_F180_R3|S_WPA_L36_DOC3.0_WOC1.0_N1800_F180_R4|S_WPA_L36_DOC6.0_WOC1.0_N2700_F270_R2|S_WPA_L36_DOC6.0_WOC1.0_N2700_F270_R4|S_WPB_L56_DOC0.5_WOC1.0_N2700_F270_R1|S_WPB_L56_DOC0.5_WOC1.0_N2700_F270_R3|S_WPB_L56_DOC0.5_WOC1.0_N2700_F270_R4|S_WPB_L56_DOC0.5_WOC1.0_N3600_F360_R1|S_WPB_L56_DOC0.5_WOC1.0_N3600_F360_R4|S_WPB_L56_DOC1.0_WOC1.0_N2700_F270_R2|S_WPB_L56_DOC1.0_WOC2.0_N2700_F270_R1|S_WPB_L56_DOC1.0_WOC2.0_N2700_F270_R2|S_WPB_L56_DOC1.0_WOC2.0_N2700_F270_R3|S_WPB_L56_DOC1.5_WOC1.0_N1800_F180_R3|S_WPB_L56_DOC1.5_WOC1.0_N2700_F270_R1|S_WPB_L56_DOC1.5_WOC1.0_N2700_F270_R3|S_WPB_L56_DOC1.5_WOC1.0_N3600_F360_R1|S_WPB_L56_DOC1.5_WOC1.0_N3600_F360_R4|U_WPA_L36_DOC2.0_WOC1.0_N3600_F360_R1|U_WPA_L36_DOC2.0_WOC1.0_N3600_F360_R2|U_WPA_L36_DOC2.0_WOC1.0_N3600_F360_R4|U_WPA_L36_DOC3.0_WOC1.0_N3600_F360_R1|U_WPA_L36_DOC3.0_WOC1.0_N3600_F360_R2|U_WPA_L36_DOC3.0_WOC1.0_N3600_F360_R3|U_WPA_L36_DOC3.0_WOC1.0_N3600_F360_R4|U_WPA_L36_DOC4.0_WOC2.0_N2700_F270_R2|U_WPA_L36_DOC4.0_WOC2.0_N2700_F270_R4|U_WPB_L56_DOC2.0_WOC1.0_N2700_F270_R3|U_WPB_L56_DOC2.0_WOC2.0_N2700_F270_R2|U_WPB_L56_DOC3.0_WOC1.0_N1800_F180_R1|U_WPB_L56_DOC3.0_WOC1.0_N1800_F180_R2|U_WPB_L56_DOC4.0_WOC1.0_N2700_F270_R2|U_WPB_L56_DOC4.0_WOC1.0_N2700_F270_R3|U_WPB_L56_DOC4.0_WOC2.0_N2700_F270_R1|U_WPB_L56_DOC4.0_WOC2.0_N2700_F270_R3|U_WPB_L56_DOC6.0_WOC1.0_N2700_F270_R2|U_WPB_L56_DOC6.0_WOC1.0_N2700_F270_R3,final structured retention evaluation
11,2,3,37,0.4,48,Facility Location,uniform observed subset,48,27,32.0,16.0,1.0,1.0,1.0,1.0,S_WPA_L36_DOC1.5_WOC2.0_N2700_F270_R2|U_WPB_L56_DOC3.0_WOC1.0_N3600_F360_R3|S_WPB_L56_DOC1.0_WOC2.0_N2700_F270_R4|S_WPA_L36_DOC1.0_WOC1.0_N2700_F270_R2|U_WPA_L36_DOC2.0_WOC2.0_N2700_F270_R2|S_WPB_L56_DOC0.5_WOC1.0_N2700_F270_R3|S_WPA_L36_DOC2.0_WOC1.0_N1800_F180_R2|S_WPB_L56_DOC1.0_WOC2.0_N2700_F270_R3|S_WPB_L56_DOC1.5_WOC1.0_N3600_F360_R1|U_WPA_L36_DOC3.0_WOC1.0_N3600_F360_R2|U_WPA_L36_DOC3.0_WOC1.0_N3600_F360_R1|S_WPB_L56_DOC1.5_WOC1.0_N2700_F270_R1|S_WPB_L56_DOC1.0_WOC2.0_N2700_F270_R2|U_WPB_L56_DOC4.0_WOC2.0_N2700_F270_R2|U_WPB_L56_DOC2.0_WOC1.0_N1800_F180_R1|S_WPA_L36_DOC3.0_WOC1.0_N1800_F180_R3|U_WPA_L36_DOC4.0_WOC2.0_N2700_F270_R1|S_WPA_L36_DOC0.5_WOC2.0_N2700_F270_R2|S_WPA_L36_DOC2.0_WOC1.0_N2700_F270_R3|S_WPB_L56_DOC1.0_WOC1.0_N1800_F180_R3|S_WPB_L56_DOC0.5_WOC1.0_N2700_F270_R1|S_WPA_L36_DOC0.5_WOC1.0_N2700_F270_R2|U_WPB_L56_DOC6.0_WOC1.0_N2700_F270_R3|U_WPB_L56_DOC4.0_WOC2.0_N2700_F270_R1|S_WPA_L36_DOC6.0_WOC1.0_N2700_F270_R4|U_WPA_L36_DOC3.0_WOC1.0_N3600_F360_R3|S_WPA_L36_DOC1.0_WOC1.0_N3600_F360_R1|S_WPB_L56_DOC1.5_WOC1.0_N3600_F360_R4|S_WPA_L36_DOC2.0_WOC1.0_N1800_F180_R3|S_WPB_L56_DOC1.5_WOC1.0_N2700_F270_R3|U_WPB_L56_DOC2.0_WOC1.0_N3600_F360_R3|U_WPB_L56_DOC2.0_WOC1.0_N2700_F270_R3|S_WPB_L56_DOC1.0_WOC2.0_N2700_F270_R1|S_WPB_L56_DOC1.5_WOC1.0_N1800_F180_R3|S_WPA_L36_DOC2.0_WOC1.0_N2700_F270_R4|S_WPB_L56_DOC1.0_WOC1.0_N3600_F360_R1|U_WPB_L56_DOC4.0_WOC2.0_N2700_F270_R3|S_WPA_L36_DOC1.0_WOC1.0_N3600_F360_R2|S_WPB_L56_DOC0.5_WOC1.0_N2700_F270_R4|S_WPA_L36_DOC4.0_WOC1.0_N2700_F270_R2|S_WPA_L36_DOC3.0_WOC1.0_N1800_F180_R2|U_WPB_L56_DOC6.0_WOC1.0_N2700_F270_R2|U_WPB_L56_DOC2.0_WOC1.0_N1800_F180_R3|S_WPB_L56_DOC1.5_WOC2.0_N2700_F270_R2|U_WPA_L36_DOC4.0_WOC2.0_N2700_F270_R2|S_WPA_L36_DOC3.0_WOC1.0_N1800_F180_R4|S_WPB_L56_DOC1.5_WOC1.0_N2700_F270_R4|S_WPA_L36_DOC6.0_WOC1.0_N2700_F270_R1,final structured retention evaluation
11,2,3,37,0.4,48,MRDS,uniform observed subset,48,23,32.0,16.0,1.0,1.0,1.0,1.0,S_WPA_L36_DOC1.0_WOC2.0_N2700_F270_R2|S_WPB_L56_DOC1.5_WOC1.0_N3600_F360_R1|S_WPA_L36_DOC2.0_WOC1.0_N1800_F180_R2|U_WPA_L36_DOC3.0_WOC1.0_N3600_F360_R1|U_WPA_L36_DOC3.0_WOC1.0_N3600_F360_R2|S_WPB_L56_DOC1.0_WOC2.0_N2700_F270_R3|S_WPB_L56_DOC1.5_WOC1.0_N2700_F270_R1|S_WPB_L56_DOC1.0_WOC2.0_N2700_F270_R2|U_WPB_L56_DOC4.0_WOC2.0_N2700_F270_R1|S_WPB_L56_DOC0.5_WOC1.0_N2700_F270_R2|S_WPB_L56_DOC1.0_WOC1.0_N1800_F180_R2|S_WPA_L36_DOC0.5_WOC2.0_N2700_F270_R3|U_WPB_L56_DOC2.0_WOC1.0_N2700_F270_R3|S_WPA_L36_DOC1.0_WOC1.0_N2700_F270_R3|S_WPA_L36_DOC1.0_WOC1.0_N2700_F270_R1|U_WPB_L56_DOC2.0_WOC1.0_N3600_F360_R1|S_WPA_L36_DOC1.5_WOC2.0_N2700_F270_R4|S_WPA_L36_DOC1.5_WOC2.0_N2700_F270_R1|S_WPB_L56_DOC1.5_WOC1.0_N1800_F180_R3|S_WPB_L56_DOC1.5_WOC1.0_N1800_F180_R2|S_WPA_L36_DOC0.5_WOC1.0_N2700_F270_R2|U_WPA_L36_DOC2.0_WOC2.0_N2700_F270_R1|S_WPA_L36_DOC0.5_WOC2.0_N2700_F270_R2|S_WPB_L56_DOC1.0_WOC1.0_N1800_F180_R3|S_WPA_L36_DOC1.0_WOC2.0_N2700_F270_R4|U_WPB_L56_DOC2.0_WOC1.0_N2700_F270_R4|S_WPA_L36_DOC0.5_WOC2.0_N2700_F270_R4|S_WPA_L36_DOC1.0_WOC1.0_N3600_F360_R2|S_WPA_L36_DOC0.5_WOC2.0_N2700_F270_R1|S_WPA_L36_DOC1.5_WOC2.0_N2700_F270_R3|U_WPB_L56_DOC2.0_WOC1.0_N2700_F270_R2|U_WPA_L36_DOC2.0_WOC2.0_N2700_F270_R4|U_WPB_L56_DOC2.0_WOC1.0_N3600_F360_R4|S_WPB_L56_DOC0.5_WOC2.0_N2700_F270_R1|S_WPA_L36_DOC1.0_WOC1.0_N3600_F360_R3|S_WPA_L36_DOC6.0_WOC1.0_N2700_F270_R3|S_WPA_L36_DOC2.0_WOC1.0_N2700_F270_R2|S_WPA_L36_DOC1.0_WOC1.0_N3600_F360_R4|S_WPA_L36_DOC1.0_WOC2.0_N2700_F270_R1|S_WPA_L36_DOC0.5_WOC1.0_N2700_F270_R3|U_WPB_L56_DOC3.0_WOC1.0_N3600_F360_R3|U_WPB_L56_DOC3.0_WOC1.0_N3600_F360_R4|U_WPB_L56_DOC3.0_WOC1.0_N3600_F360_R1|U_WPB_L56_DOC2.0_WOC1.0_N2700_F270_R1|U_WPB_L56_DOC2.0_WOC1.0_N3600_F360_R3|S_WPA_L36_DOC1.0_WOC2.0_N2700_F270_R3|S_WPA_L36_DOC1.5_WOC2.0_N2700_F270_R2|U_WPB_L56_DOC2.0_WOC1.0_N1800_F180_R2,final structured retention evaluation
11,2,3,37,0.4,48,W2-k-medoids,uniform observed subset,48,27,32.0,16.0,1.0,1.0,1.0,1.0,S_WPA_L36_DOC0.5_WOC1.0_N2700_F270_R2|S_WPA_L36_DOC0.5_WOC2.0_N2700_F270_R1|S_WPA_L36_DOC1.0_WOC1.0_N2700_F270_R2|S_WPA_L36_DOC1.0_WOC1.0_N3600_F360_R1|S_WPA_L36_DOC1.0_WOC1.0_N3600_F360_R4|S_WPA_L36_DOC1.5_WOC2.0_N2700_F270_R2|S_WPA_L36_DOC2.0_WOC1.0_N1800_F180_R2|S_WPA_L36_DOC2.0_WOC1.0_N1800_F180_R3|S_WPA_L36_DOC2.0_WOC1.0_N2700_F270_R1|S_WPA_L36_DOC2.0_WOC1.0_N2700_F270_R3|S_WPA_L36_DOC3.0_WOC1.0_N1800_F180_R2|S_WPA_L36_DOC3.0_WOC1.0_N1800_F180_R3|S_WPA_L36_DOC3.0_WOC1.0_N1800_F180_R4|S_WPA_L36_DOC4.0_WOC1.0_N2700_F270_R2|S_WPA_L36_DOC6.0_WOC1.0_N2700_F270_R1|S_WPA_L36_DOC6.0_WOC1.0_N2700_F270_R4|S_WPB_L56_DOC0.5_WOC1.0_N2700_F270_R1|S_WPB_L56_DOC0.5_WOC1.0_N2700_F270_R3|S_WPB_L56_DOC0.5_WOC1.0_N2700_F270_R4|S_WPB_L56_DOC1.0_WOC1.0_N1800_F180_R3|S_WPB_L56_DOC1.0_WOC1.0_N3600_F360_R1|S_WPB_L56_DOC1.0_WOC2.0_N2700_F270_R1|S_WPB_L56_DOC1.0_WOC2.0_N2700_F270_R2|S_WPB_L56_DOC1.0_WOC2.0_N2700_F270_R3|S_WPB_L56_DOC1.5_WOC1.0_N1800_F180_R3|S_WPB_L56_DOC1.5_WOC1.0_N2700_F270_R1|S_WPB_L56_DOC1.5_WOC1.0_N2700_F270_R3|S_WPB_L56_DOC1.5_WOC1.0_N2700_F270_R4|S_WPB_L56_DOC1.5_WOC1.0_N3600_F360_R1|S_WPB_L56_DOC1.5_WOC1.0_N3600_F360_R4|S_WPB_L56_DOC1.5_WOC2.0_N2700_F270_R2|S_WPB_L56_DOC1.5_WOC2.0_N2700_F270_R3|U_WPA_L36_DOC2.0_WOC2.0_N2700_F270_R3|U_WPA_L36_DOC3.0_WOC1.0_N3600_F360_R1|U_WPA_L36_DOC3.0_WOC1.0_N3600_F360_R2|U_WPA_L36_DOC3.0_WOC1.0_N3600_F360_R3|U_WPA_L36_DOC4.0_WOC2.0_N2700_F270_R2|U_WPA_L36_DOC4.0_WOC2.0_N2700_F270_R4|U_WPB_L56_DOC2.0_WOC1.0_N1800_F180_R2|U_WPB_L56_DOC2.0_WOC1.0_N1800_F180_R3|U_WPB_L56_DOC2.0_WOC1.0_N2700_F270_R3|U_WPB_L56_DOC3.0_WOC1.0_N1800_F180_R3|U_WPB_L56_DOC3.0_WOC1.0_N1800_F180_R4|U_WPB_L56_DOC3.0_WOC1.0_N3600_F360_R4|U_WPB_L56_DOC4.0_WOC2.0_N2700_F270_R1|U_WPB_L56_DOC4.0_WOC2.0_N2700_F270_R3|U_WPB_L56_DOC6.0_WOC1.0_N2700_F270_R2|U_WPB_L56_DOC6.0_WOC1.0_N2700_F270_R3,final structured retention evaluation
12,3,0,53,0.4,48,Facility Location,uniform observed subset,48,26,28.0,20.0,1.0,1.0,1.0,1.0,S_WPA_L36_DOC1.5_WOC2.0_N2700_F270_R3|U_WPA_L36_DOC3.0_WOC1.0_N3600_F360_R4|S_WPB_L56_DOC0.5_WOC2.0_N2700_F270_R3|S_WPA_L36_DOC1.0_WOC1.0_N2700_F270_R1|U_WPB_L56_DOC3.0_WOC1.0_N3600_F360_R3|S_WPB_L56_DOC0.5_WOC1.0_N2700_F270_R3|S_WPA_L36_DOC0.5_WOC1.0_N3600_F360_R4|S_WPA_L36_DOC2.0_WOC1.0_N1800_F180_R2|S_WPB_L56_DOC1.5_WOC1.0_N3600_F360_R1|U_WPA_L36_DOC3.0_WOC1.0_N3600_F360_R1|U_WPA_L36_DOC3.0_WOC1.0_N3600_F360_R2|S_WPB_L56_DOC1.5_WOC1.0_N2700_F270_R1|U_WPB_L56_DOC4.0_WOC2.0_N2700_F270_R2|S_WPA_L36_DOC3.0_WOC1.0_N1800_F180_R3|U_WPB_L56_DOC2.0_WOC1.0_N2700_F270_R3|S_WPA_L36_DOC2.0_WOC1.0_N1800_F180_R1|U_WPB_L56_DOC6.0_WOC1.0_N2700_F270_R3|S_WPB_L56_DOC0.5_WOC1.0_N2700_F270_R1|U_WPA_L36_DOC2.0_WOC2.0_N2700_F270_R2|S_WPB_L56_DOC1.0_WOC1.0_N1800_F180_R3|S_WPA_L36_DOC1.0_WOC1.0_N2700_F270_R4|S_WPA_L36_DOC4.0_WOC1.0_N2700_F270_R2|U_WPB_L56_DOC4.0_WOC1.0_N2700_F270_R3|U_WPB_L56_DOC4.0_WOC2.0_N2700_F270_R1|S_WPA_L36_DOC0.5_WOC1.0_N2700_F270_R3|S_WPB_L56_DOC1.5_WOC1.0_N3600_F360_R4|U_WPA_L36_DOC2.0_WOC1.0_N3600_F360_R4|S_WPB_L56_DOC1.5_WOC1.0_N2700_F270_R3|S_WPB_L56_DOC1.5_WOC2.0_N2700_F270_R3|U_WPB_L56_DOC2.0_WOC1.0_N3600_F360_R3|S_WPB_L56_DOC1.0_WOC1.0_N3600_F360_R3|U_WPB_L56_DOC4.0_WOC1.0_N2700_F270_R1|U_WPB_L56_DOC2.0_WOC1.0_N1800_F180_R2|S_WPB_L56_DOC1.0_WOC1.0_N2700_F270_R2|U_WPA_L36_DOC2.0_WOC1.0_N3600_F360_R1|S_WPA_L36_DOC3.0_WOC1.0_N1800_F180_R2|U_WPB_L56_DOC4.0_WOC2.0_N2700_F270_R3|S_WPB_L56_DOC0.5_WOC1.0_N2700_F270_R4|S_WPA_L36_DOC4.0_WOC1.0_N2700_F270_R3|U_WPB_L56_DOC6.0_WOC1.0_N2700_F270_R2|U_WPA_L36_DOC2.0_WOC1.0_N3600_F360_R2|U_WPB_L56_DOC2.0_WOC1.0_N1800_F180_R3|S_WPB_L56_DOC1.5_WOC2.0_N2700_F270_R2|S_WPB_L56_DOC0.5_WOC1.0_N1800_F180_R4|S_WPB_L56_DOC1.5_WOC1.0_N2700_F270_R4|S_WPA_L36_DOC3.0_WOC1.0_N1800_F180_R4|S_WPB_L56_DOC1.5_WOC1.0_N2700_F270_R2|U_WPA_L36_DOC3.0_WOC1.0_N3600_F360_R3,final structured retention evaluation
12,3,0,53,0.4,48,MRDS,uniform observed subset,48,21,33.0,15.0,1.0,1.0,1.0,1.0,U_WPA_L36_DOC2.0_WOC2.0_N2700_F270_R1|S_WPB_L56_DOC1.5_WOC1.0_N3600_F360_R1|S_WPA_L36_DOC2.0_WOC1.0_N1800_F180_R2|U_WPA_L36_DOC3.0_WOC1.0_N3600_F360_R1|U_WPA_L36_DOC3.0_WOC1.0_N3600_F360_R2|S_WPB_L56_DOC1.5_WOC1.0_N2700_F270_R1|S_WPB_L56_DOC0.5_WOC1.0_N2700_F270_R1|S_WPA_L36_DOC1.0_WOC1.0_N1800_F180_R4|U_WPB_L56_DOC4.0_WOC2.0_N2700_F270_R4|S_WPA_L36_DOC0.5_WOC1.0_N2700_F270_R2|S_WPA_L36_DOC1.5_WOC2.0_N2700_F270_R1|S_WPA_L36_DOC1.5_WOC2.0_N2700_F270_R4|S_WPB_L56_DOC1.0_WOC1.0_N1800_F180_R1|S_WPA_L36_DOC1.5_WOC2.0_N2700_F270_R2|S_WPA_L36_DOC0.5_WOC1.0_N2700_F270_R3|S_WPB_L56_DOC1.0_WOC1.0_N2700_F270_R2|S_WPB_L56_DOC1.0_WOC1.0_N2700_F270_R1|S_WPB_L56_DOC1.5_WOC1.0_N3600_F360_R3|S_WPB_L56_DOC0.5_WOC1.0_N1800_F180_R2|S_WPA_L36_DOC6.0_WOC1.0_N2700_F270_R3|U_WPB_L56_DOC4.0_WOC2.0_N2700_F270_R2|U_WPB_L56_DOC2.0_WOC1.0_N2700_F270_R2|U_WPA_L36_DOC2.0_WOC2.0_N2700_F270_R2|S_WPA_L36_DOC1.0_WOC1.0_N1800_F180_R3|S_WPA_L36_DOC1.0_WOC1.0_N1800_F180_R2|S_WPA_L36_DOC0.5_WOC1.0_N3600_F360_R3|S_WPA_L36_DOC1.5_WOC2.0_N2700_F270_R3|U_WPA_L36_DOC3.0_WOC1.0_N3600_F360_R4|S_WPA_L36_DOC1.5_WOC1.0_N3600_F360_R2|S_WPA_L36_DOC0.5_WOC1.0_N3600_F360_R1|U_WPB_L56_DOC2.0_WOC1.0_N2700_F270_R1|S_WPA_L36_DOC1.0_WOC2.0_N2700_F270_R4|S_WPA_L36_DOC1.5_WOC1.0_N3600_F360_R3|S_WPB_L56_DOC0.5_WOC1.0_N2700_F270_R2|U_WPA_L36_DOC2.0_WOC2.0_N2700_F270_R4|U_WPB_L56_DOC3.0_WOC1.0_N3600_F360_R1|U_WPB_L56_DOC2.0_WOC1.0_N3600_F360_R3|S_WPA_L36_DOC0.5_WOC1.0_N3600_F360_R4|S_WPB_L56_DOC1.5_WOC1.0_N3600_F360_R2|S_WPA_L36_DOC1.5_WOC1.0_N3600_F360_R1|U_WPB_L56_DOC2.0_WOC1.0_N3600_F360_R1|S_WPA_L36_DOC1.5_WOC1.0_N3600_F360_R4|S_WPA_L36_DOC1.0_WOC2.0_N2700_F270_R3|S_WPA_L36_DOC1.0_WOC2.0_N2700_F270_R2|S_WPA_L36_DOC4.0_WOC1.0_N2700_F270_R3|U_WPB_L56_DOC2.0_WOC1.0_N2700_F270_R4|U_WPB_L56_DOC2.0_WOC1.0_N3600_F360_R2|S_WPA_L36_DOC1.0_WOC2.0_N2700_F270_R1,final structured retention evaluation
12,3,0,53,0.4,48,W2-k-medoids,uniform observed subset,48,26,29.0,19.0,1.0,1.0,1.0,1.0,S_WPA_L36_DOC0.5_WOC1.0_N2700_F270_R3|S_WPA_L36_DOC0.5_WOC1.0_N3600_F360_R3|S_WPA_L36_DOC1.0_WOC1.0_N1800_F180_R2|S_WPA_L36_DOC1.0_WOC1.0_N2700_F270_R2|S_WPA_L36_DOC1.5_WOC1.0_N3600_F360_R2|S_WPA_L36_DOC1.5_WOC2.0_N2700_F270_R2|S_WPA_L36_DOC2.0_WOC1.0_N1800_F180_R2|S_WPA_L36_DOC2.0_WOC1.0_N1800_F180_R3|S_WPA_L36_DOC3.0_WOC1.0_N1800_F180_R2|S_WPA_L36_DOC3.0_WOC1.0_N1800_F180_R3|S_WPA_L36_DOC3.0_WOC1.0_N1800_F180_R4|S_WPA_L36_DOC6.0_WOC1.0_N2700_F270_R1|S_WPA_L36_DOC6.0_WOC1.0_N2700_F270_R2|S_WPA_L36_DOC6.0_WOC1.0_N2700_F270_R4|S_WPB_L56_DOC0.5_WOC1.0_N1800_F180_R2|S_WPB_L56_DOC0.5_WOC1.0_N2700_F270_R1|S_WPB_L56_DOC0.5_WOC1.0_N2700_F270_R3|S_WPB_L56_DOC0.5_WOC1.0_N2700_F270_R4|S_WPB_L56_DOC1.0_WOC1.0_N1800_F180_R3|S_WPB_L56_DOC1.0_WOC1.0_N2700_F270_R4|S_WPB_L56_DOC1.0_WOC1.0_N3600_F360_R3|S_WPB_L56_DOC1.5_WOC1.0_N2700_F270_R1|S_WPB_L56_DOC1.5_WOC1.0_N2700_F270_R2|S_WPB_L56_DOC1.5_WOC1.0_N2700_F270_R3|S_WPB_L56_DOC1.5_WOC1.0_N2700_F270_R4|S_WPB_L56_DOC1.5_WOC1.0_N3600_F360_R1|S_WPB_L56_DOC1.5_WOC1.0_N3600_F360_R4|S_WPB_L56_DOC1.5_WOC2.0_N2700_F270_R2|S_WPB_L56_DOC1.5_WOC2.0_N2700_F270_R3|U_WPA_L36_DOC2.0_WOC1.0_N3600_F360_R1|U_WPA_L36_DOC2.0_WOC1.0_N3600_F360_R2|U_WPA_L36_DOC2.0_WOC1.0_N3600_F360_R4|U_WPA_L36_DOC2.0_WOC2.0_N2700_F270_R2|U_WPA_L36_DOC3.0_WOC1.0_N3600_F360_R1|U_WPA_L36_DOC3.0_WOC1.0_N3600_F360_R2|U_WPA_L36_DOC3.0_WOC1.0_N3600_F360_R3|U_WPA_L36_DOC3.0_WOC1.0_N3600_F360_R4|U_WPB_L56_DOC2.0_WOC1.0_N1800_F180_R2|U_WPB_L56_DOC2.0_WOC1.0_N1800_F180_R3|U_WPB_L56_DOC2.0_WOC1.0_N2700_F270_R3|U_WPB_L56_DOC3.0_WOC1.0_N3600_F360_R4|U_WPB_L56_DOC4.0_WOC1.0_N2700_F270_R1|U_WPB_L56_DOC4.0_WOC1.0_N2700_F270_R3|U_WPB_L56_DOC4.0_WOC2.0_N2700_F270_R1|U_WPB_L56_DOC4.0_WOC2.0_N2700_F270_R2|U_WPB_L56_DOC4.0_WOC2.0_N2700_F270_R4|U_WPB_L56_DOC6.0_WOC1.0_N2700_F270_R2|U_WPB_L56_DOC6.0_WOC1.0_N2700_F270_R3,final structured retention evaluation
13,3,1,53,0.4,48,Facility Location,uniform observed subset,48,25,29.0,19.0,0.875,0.75,1.0,0.75,S_WPA_L36_DOC1.0_WOC2.0_N2700_F270_R4|U_WPB_L56_DOC3.0_WOC1.0_N3600_F360_R3|S_WPB_L56_DOC1.0_WOC2.0_N2700_F270_R4|U_WPA_L36_DOC3.0_WOC1.0_N3600_F360_R4|S_WPB_L56_DOC1.0_WOC1.0_N2700_F270_R1|S_WPB_L56_DOC1.0_WOC2.0_N2700_F270_R3|S_WPB_L56_DOC0.5_WOC1.0_N2700_F270_R1|S_WPB_L56_DOC1.0_WOC2.0_N2700_F270_R2|U_WPA_L36_DOC3.0_WOC1.0_N3600_F360_R2|U_WPA_L36_DOC3.0_WOC1.0_N3600_F360_R1|S_WPB_L56_DOC1.5_WOC1.0_N2700_F270_R1|S_WPA_L36_DOC1.5_WOC1.0_N1800_F180_R3|S_WPB_L56_DOC0.5_WOC1.0_N3600_F360_R1|U_WPB_L56_DOC4.0_WOC2.0_N2700_F270_R2|U_WPB_L56_DOC2.0_WOC1.0_N2700_F270_R3|S_WPA_L36_DOC1.0_WOC1.0_N3600_F360_R4|S_WPA_L36_DOC2.0_WOC1.0_N2700_F270_R4|S_WPA_L36_DOC3.0_WOC1.0_N1800_F180_R3|S_WPA_L36_DOC0.5_WOC1.0_N2700_F270_R1|U_WPB_L56_DOC3.0_WOC1.0_N1800_F180_R1|U_WPB_L56_DOC4.0_WOC2.0_N2700_F270_R1|U_WPA_L36_DOC4.0_WOC2.0_N2700_F270_R1|U_WPB_L56_DOC4.0_WOC1.0_N2700_F270_R3|U_WPA_L36_DOC2.0_WOC1.0_N3600_F360_R4|S_WPB_L56_DOC1.5_WOC1.0_N1800_F180_R3|U_WPB_L56_DOC2.0_WOC2.0_N2700_F270_R3|S_WPA_L36_DOC1.0_WOC1.0_N3600_F360_R1|S_WPB_L56_DOC1.0_WOC1.0_N1800_F180_R3|S_WPB_L56_DOC0.5_WOC1.0_N2700_F270_R3|S_WPA_L36_DOC0.5_WOC2.0_N2700_F270_R1|U_WPB_L56_DOC2.0_WOC1.0_N3600_F360_R3|S_WPB_L56_DOC0.5_WOC1.0_N3600_F360_R2|S_WPA_L36_DOC4.0_WOC1.0_N2700_F270_R4|U_WPB_L56_DOC4.0_WOC1.0_N2700_F270_R1|S_WPB_L56_DOC1.5_WOC1.0_N2700_F270_R3|S_WPA_L36_DOC4.0_WOC1.0_N2700_F270_R2|U_WPA_L36_DOC2.0_WOC1.0_N3600_F360_R1|S_WPB_L56_DOC1.0_WOC2.0_N2700_F270_R1|S_WPA_L36_DOC3.0_WOC1.0_N1800_F180_R2|S_WPA_L36_DOC3.0_WOC1.0_N1800_F180_R1|U_WPB_L56_DOC3.0_WOC1.0_N1800_F180_R2|U_WPA_L36_DOC4.0_WOC2.0_N2700_F270_R2|S_WPB_L56_DOC0.5_WOC1.0_N2700_F270_R4|U_WPB_L56_DOC3.0_WOC1.0_N1800_F180_R4|U_WPA_L36_DOC2.0_WOC1.0_N3600_F360_R2|S_WPA_L36_DOC3.0_WOC1.0_N1800_F180_R4|S_WPA_L36_DOC2.0_WOC1.0_N2700_F270_R3|S_WPA_L36_DOC4.0_WOC1.0_N2700_F270_R1,final structured retention evaluation
13,3,1,53,0.4,48,MRDS,uniform observed subset,48,25,32.0,16.0,0.8809523809523809,0.8333333333333334,0.9285714285714286,0.8333333333333334,U_WPA_L36_DOC4.0_WOC2.0_N2700_F270_R3|S_WPB_L56_DOC1.0_WOC2.0_N2700_F270_R2|U_WPA_L36_DOC3.0_WOC1.0_N3600_F360_R1|U_WPA_L36_DOC3.0_WOC1.0_N3600_F360_R2|S_WPB_L56_DOC0.5_WOC1.0_N3600_F360_R1|S_WPB_L56_DOC1.5_WOC1.0_N2700_F270_R2|S_WPB_L56_DOC1.0_WOC1.0_N1800_F180_R1|S_WPB_L56_DOC1.0_WOC2.0_N2700_F270_R3|U_WPB_L56_DOC4.0_WOC2.0_N2700_F270_R1|S_WPA_L36_DOC3.0_WOC1.0_N1800_F180_R3|S_WPA_L36_DOC0.5_WOC2.0_N2700_F270_R3|S_WPB_L56_DOC1.5_WOC1.0_N1800_F180_R4|S_WPB_L56_DOC0.5_WOC1.0_N3600_F360_R3|U_WPB_L56_DOC2.0_WOC1.0_N2700_F270_R2|S_WPA_L36_DOC0.5_WOC2.0_N2700_F270_R4|S_WPA_L36_DOC1.0_WOC2.0_N2700_F270_R4|S_WPA_L36_DOC0.5_WOC1.0_N2700_F270_R3|S_WPA_L36_DOC0.5_WOC2.0_N2700_F270_R2|U_WPB_L56_DOC2.0_WOC2.0_N2700_F270_R4|S_WPA_L36_DOC0.5_WOC1.0_N2700_F270_R1|S_WPA_L36_DOC1.5_WOC1.0_N1800_F180_R1|S_WPA_L36_DOC0.5_WOC1.0_N3600_F360_R4|S_WPA_L36_DOC1.0_WOC2.0_N2700_F270_R2|S_WPB_L56_DOC1.0_WOC2.0_N2700_F270_R4|S_WPB_L56_DOC1.0_WOC1.0_N3600_F360_R1|U_WPB_L56_DOC2.0_WOC1.0_N3600_F360_R1|S_WPB_L56_DOC0.5_WOC1.0_N3600_F360_R2|U_WPB_L56_DOC2.0_WOC1.0_N2700_F270_R4|S_WPA_L36_DOC1.0_WOC2.0_N2700_F270_R1|S_WPA_L36_DOC0.5_WOC2.0_N2700_F270_R1|U_WPA_L36_DOC2.0_WOC1.0_N3600_F360_R1|U_WPA_L36_DOC4.0_WOC2.0_N2700_F270_R4|U_WPB_L56_DOC2.0_WOC1.0_N2700_F270_R3|S_WPA_L36_DOC1.0_WOC1.0_N3600_F360_R2|S_WPB_L56_DOC1.0_WOC1.0_N3600_F360_R3|S_WPA_L36_DOC2.0_WOC1.0_N2700_F270_R2|S_WPB_L56_DOC1.0_WOC1.0_N2700_F270_R1|S_WPA_L36_DOC0.5_WOC1.0_N2700_F270_R2|U_WPB_L56_DOC3.0_WOC1.0_N3600_F360_R1|S_WPA_L36_DOC4.0_WOC1.0_N2700_F270_R3|S_WPA_L36_DOC1.0_WOC1.0_N3600_F360_R3|S_WPB_L56_DOC0.5_WOC1.0_N1800_F180_R1|S_WPB_L56_DOC0.5_WOC1.0_N3600_F360_R4|U_WPB_L56_DOC2.0_WOC1.0_N2700_F270_R1|U_WPB_L56_DOC2.0_WOC2.0_N2700_F270_R2|U_WPB_L56_DOC3.0_WOC1.0_N3600_F360_R2|U_WPA_L36_DOC3.0_WOC1.0_N3600_F360_R4|S_WPA_L36_DOC1.0_WOC2.0_N2700_F270_R3,final structured retention evaluation
13,3,1,53,0.4,48,W2-k-medoids,uniform observed subset,48,26,29.0,19.0,0.9166666666666667,0.8333333333333334,1.0,0.8333333333333334,S_WPA_L36_DOC0.5_WOC1.0_N2700_F270_R3|S_WPA_L36_DOC0.5_WOC1.0_N2700_F270_R4|S_WPA_L36_DOC0.5_WOC2.0_N2700_F270_R1|S_WPA_L36_DOC1.0_WOC1.0_N3600_F360_R1|S_WPA_L36_DOC1.0_WOC1.0_N3600_F360_R4|S_WPA_L36_DOC1.0_WOC2.0_N2700_F270_R4|S_WPA_L36_DOC1.5_WOC1.0_N1800_F180_R3|S_WPA_L36_DOC2.0_WOC1.0_N2700_F270_R4|S_WPA_L36_DOC3.0_WOC1.0_N1800_F180_R1|S_WPA_L36_DOC3.0_WOC1.0_N1800_F180_R2|S_WPA_L36_DOC3.0_WOC1.0_N1800_F180_R3|S_WPA_L36_DOC3.0_WOC1.0_N1800_F180_R4|S_WPA_L36_DOC4.0_WOC1.0_N2700_F270_R1|S_WPA_L36_DOC4.0_WOC1.0_N2700_F270_R2|S_WPB_L56_DOC0.5_WOC1.0_N2700_F270_R2|S_WPB_L56_DOC0.5_WOC1.0_N2700_F270_R3|S_WPB_L56_DOC0.5_WOC1.0_N2700_F270_R4|S_WPB_L56_DOC0.5_WOC1.0_N3600_F360_R1|S_WPB_L56_DOC0.5_WOC1.0_N3600_F360_R2|S_WPB_L56_DOC0.5_WOC2.0_N2700_F270_R3|S_WPB_L56_DOC1.0_WOC1.0_N1800_F180_R3|S_WPB_L56_DOC1.0_WOC1.0_N2700_F270_R2|S_WPB_L56_DOC1.0_WOC2.0_N2700_F270_R1|S_WPB_L56_DOC1.0_WOC2.0_N2700_F270_R2|S_WPB_L56_DOC1.0_WOC2.0_N2700_F270_R3|S_WPB_L56_DOC1.5_WOC1.0_N1800_F180_R3|S_WPB_L56_DOC1.5_WOC1.0_N2700_F270_R1|S_WPB_L56_DOC1.5_WOC1.0_N2700_F270_R3|S_WPB_L56_DOC1.5_WOC2.0_N2700_F270_R4|U_WPA_L36_DOC2.0_WOC1.0_N3600_F360_R1|U_WPA_L36_DOC2.0_WOC1.0_N3600_F360_R2|U_WPA_L36_DOC2.0_WOC1.0_N3600_F360_R4|U_WPA_L36_DOC3.0_WOC1.0_N3600_F360_R1|U_WPA_L36_DOC3.0_WOC1.0_N3600_F360_R2|U_WPA_L36_DOC3.0_WOC1.0_N3600_F360_R3|U_WPA_L36_DOC4.0_WOC2.0_N2700_F270_R3|U_WPA_L36_DOC4.0_WOC2.0_N2700_F270_R4|U_WPB_L56_DOC2.0_WOC1.0_N2700_F270_R3|U_WPB_L56_DOC2.0_WOC2.0_N2700_F270_R2|U_WPB_L56_DOC3.0_WOC1.0_N1800_F180_R2|U_WPB_L56_DOC3.0_WOC1.0_N1800_F180_R3|U_WPB_L56_DOC3.0_WOC1.0_N1800_F180_R4|U_WPB_L56_DOC3.0_WOC1.0_N3600_F360_R4|U_WPB_L56_DOC4.0_WOC1.0_N2700_F270_R1|U_WPB_L56_DOC4.0_WOC1.0_N2700_F270_R3|U_WPB_L56_DOC4.0_WOC2.0_N2700_F270_R1|U_WPB_L56_DOC4.0_WOC2.0_N2700_F270_R2|U_WPB_L56_DOC4.0_WOC2.0_N2700_F270_R3,final structured retention evaluation
14,3,2,53,0.4,48,Facility Location,uniform observed subset,48,27,30.0,18.0,1.0,1.0,1.0,1.0,S_WPA_L36_DOC1.5_WOC2.0_N2700_F270_R3|U_WPA_L36_DOC3.0_WOC1.0_N3600_F360_R4|S_WPB_L56_DOC1.0_WOC2.0_N2700_F270_R4|U_WPB_L56_DOC2.0_WOC1.0_N2700_F270_R3|S_WPA_L36_DOC1.0_WOC1.0_N2700_F270_R1|S_WPB_L56_DOC0.5_WOC1.0_N2700_F270_R1|S_WPB_L56_DOC1.0_WOC2.0_N2700_F270_R3|S_WPA_L36_DOC2.0_WOC1.0_N1800_F180_R2|S_WPA_L36_DOC2.0_WOC1.0_N1800_F180_R4|S_WPB_L56_DOC1.5_WOC1.0_N3600_F360_R1|U_WPA_L36_DOC3.0_WOC1.0_N3600_F360_R2|U_WPA_L36_DOC3.0_WOC1.0_N3600_F360_R1|S_WPB_L56_DOC1.0_WOC2.0_N2700_F270_R2|S_WPB_L56_DOC0.5_WOC1.0_N3600_F360_R1|S_WPA_L36_DOC2.0_WOC1.0_N2700_F270_R4|S_WPA_L36_DOC3.0_WOC1.0_N1800_F180_R3|U_WPB_L56_DOC2.0_WOC1.0_N1800_F180_R1|U_WPB_L56_DOC6.0_WOC1.0_N2700_F270_R3|U_WPB_L56_DOC2.0_WOC1.0_N3600_F360_R2|S_WPA_L36_DOC1.5_WOC1.0_N1800_F180_R1|U_WPA_L36_DOC2.0_WOC2.0_N2700_F270_R2|S_WPA_L36_DOC1.0_WOC1.0_N3600_F360_R3|U_WPA_L36_DOC4.0_WOC2.0_N2700_F270_R3|S_WPB_L56_DOC0.5_WOC1.0_N2700_F270_R3|S_WPB_L56_DOC0.5_WOC1.0_N1800_F180_R2|S_WPA_L36_DOC0.5_WOC1.0_N2700_F270_R2|U_WPA_L36_DOC2.0_WOC1.0_N3600_F360_R4|S_WPA_L36_DOC1.0_WOC1.0_N3600_F360_R1|U_WPB_L56_DOC6.0_WOC1.0_N2700_F270_R2|U_WPB_L56_DOC2.0_WOC2.0_N2700_F270_R2|U_WPB_L56_DOC2.0_WOC1.0_N1800_F180_R3|S_WPB_L56_DOC1.5_WOC1.0_N3600_F360_R4|S_WPA_L36_DOC0.5_WOC2.0_N2700_F270_R1|S_WPB_L56_DOC1.0_WOC2.0_N2700_F270_R1|S_WPA_L36_DOC1.0_WOC1.0_N2700_F270_R4|S_WPA_L36_DOC6.0_WOC1.0_N2700_F270_R2|U_WPA_L36_DOC4.0_WOC2.0_N2700_F270_R4|S_WPA_L36_DOC1.0_WOC1.0_N1800_F180_R2|U_WPA_L36_DOC2.0_WOC1.0_N3600_F360_R1|S_WPB_L56_DOC0.5_WOC1.0_N2700_F270_R4|U_WPA_L36_DOC2.0_WOC1.0_N3600_F360_R2|S_WPB_L56_DOC1.5_WOC2.0_N2700_F270_R2|S_WPA_L36_DOC3.0_WOC1.0_N1800_F180_R2|S_WPA_L36_DOC3.0_WOC1.0_N1800_F180_R4|S_WPA_L36_DOC6.0_WOC1.0_N2700_F270_R1|U_WPB_L56_DOC3.0_WOC1.0_N1800_F180_R3|S_WPB_L56_DOC0.5_WOC1.0_N3600_F360_R4|U_WPA_L36_DOC3.0_WOC1.0_N3600_F360_R3,final structured retention evaluation
14,3,2,53,0.4,48,MRDS,uniform observed subset,48,20,32.0,16.0,0.9821428571428572,1.0,0.9642857142857143,0.9642857142857143,U_WPA_L36_DOC3.0_WOC1.0_N3600_F360_R3|S_WPB_L56_DOC1.5_WOC1.0_N3600_F360_R1|S_WPA_L36_DOC2.0_WOC1.0_N1800_F180_R2|U_WPA_L36_DOC3.0_WOC1.0_N3600_F360_R1|U_WPA_L36_DOC3.0_WOC1.0_N3600_F360_R2|S_WPB_L56_DOC0.5_WOC1.0_N3600_F360_R1|S_WPB_L56_DOC1.0_WOC2.0_N2700_F270_R2|S_WPB_L56_DOC0.5_WOC1.0_N2700_F270_R2|S_WPA_L36_DOC1.0_WOC1.0_N1800_F180_R4|S_WPB_L56_DOC1.0_WOC2.0_N2700_F270_R3|S_WPA_L36_DOC1.5_WOC2.0_N2700_F270_R3|S_WPA_L36_DOC1.5_WOC2.0_N2700_F270_R4|S_WPA_L36_DOC0.5_WOC2.0_N2700_F270_R3|S_WPA_L36_DOC6.0_WOC1.0_N2700_F270_R3|S_WPA_L36_DOC1.0_WOC2.0_N2700_F270_R1|S_WPA_L36_DOC0.5_WOC1.0_N2700_F270_R2|S_WPA_L36_DOC2.0_WOC1.0_N2700_F270_R2|U_WPA_L36_DOC3.0_WOC1.0_N3600_F360_R4|S_WPA_L36_DOC1.5_WOC1.0_N3600_F360_R2|S_WPA_L36_DOC0.5_WOC2.0_N2700_F270_R2|S_WPA_L36_DOC1.0_WOC1.0_N1800_F180_R2|S_WPA_L36_DOC0.5_WOC1.0_N2700_F270_R3|U_WPA_L36_DOC2.0_WOC2.0_N2700_F270_R1|S_WPA_L36_DOC1.0_WOC1.0_N1800_F180_R3|S_WPA_L36_DOC0.5_WOC2.0_N2700_F270_R1|U_WPA_L36_DOC2.0_WOC2.0_N2700_F270_R4|S_WPA_L36_DOC1.5_WOC1.0_N3600_F360_R1|S_WPA_L36_DOC1.0_WOC2.0_N2700_F270_R4|U_WPB_L56_DOC2.0_WOC1.0_N3600_F360_R2|S_WPA_L36_DOC1.5_WOC1.0_N3600_F360_R3|U_WPB_L56_DOC2.0_WOC1.0_N3600_F360_R1|U_WPB_L56_DOC2.0_WOC1.0_N3600_F360_R3|S_WPA_L36_DOC1.0_WOC1.0_N3600_F360_R3|S_WPA_L36_DOC1.0_WOC1.0_N3600_F360_R4|S_WPA_L36_DOC1.5_WOC2.0_N2700_F270_R2|S_WPA_L36_DOC1.0_WOC1.0_N3600_F360_R2|S_WPA_L36_DOC1.0_WOC2.0_N2700_F270_R3|U_WPA_L36_DOC4.0_WOC2.0_N2700_F270_R4|S_WPA_L36_DOC1.5_WOC2.0_N2700_F270_R1|U_WPA_L36_DOC2.0_WOC2.0_N2700_F270_R2|S_WPA_L36_DOC1.5_WOC1.0_N3600_F360_R4|U_WPB_L56_DOC2.0_WOC1.0_N2700_F270_R2|U_WPB_L56_DOC2.0_WOC1.0_N2700_F270_R1|U_WPB_L56_DOC2.0_WOC1.0_N1800_F180_R4|U_WPB_L56_DOC2.0_WOC1.0_N1800_F180_R2|S_WPA_L36_DOC0.5_WOC2.0_N2700_F270_R4|S_WPA_L36_DOC0.5_WOC1.0_N2700_F270_R1|U_WPB_L56_DOC2.0_WOC1.0_N2700_F270_R4,final structured retention evaluation
14,3,2,53,0.4,48,W2-k-medoids,uniform observed subset,48,27,29.0,19.0,1.0,1.0,1.0,1.0,S_WPA_L36_DOC0.5_WOC1.0_N2700_F270_R3|S_WPA_L36_DOC0.5_WOC2.0_N2700_F270_R1|S_WPA_L36_DOC1.0_WOC1.0_N2700_F270_R1|S_WPA_L36_DOC1.0_WOC1.0_N2700_F270_R4|S_WPA_L36_DOC1.0_WOC1.0_N3600_F360_R1|S_WPA_L36_DOC1.5_WOC1.0_N1800_F180_R3|S_WPA_L36_DOC1.5_WOC1.0_N3600_F360_R2|S_WPA_L36_DOC1.5_WOC2.0_N2700_F270_R3|S_WPA_L36_DOC2.0_WOC1.0_N1800_F180_R1|S_WPA_L36_DOC2.0_WOC1.0_N1800_F180_R2|S_WPA_L36_DOC2.0_WOC1.0_N2700_F270_R1|S_WPA_L36_DOC2.0_WOC1.0_N2700_F270_R3|S_WPA_L36_DOC3.0_WOC1.0_N1800_F180_R2|S_WPA_L36_DOC3.0_WOC1.0_N1800_F180_R3|S_WPA_L36_DOC3.0_WOC1.0_N1800_F180_R4|S_WPA_L36_DOC6.0_WOC1.0_N2700_F270_R1|S_WPB_L56_DOC0.5_WOC1.0_N2700_F270_R1|S_WPB_L56_DOC0.5_WOC1.0_N2700_F270_R3|S_WPB_L56_DOC0.5_WOC1.0_N2700_F270_R4|S_WPB_L56_DOC0.5_WOC1.0_N3600_F360_R1|S_WPB_L56_DOC0.5_WOC1.0_N3600_F360_R4|S_WPB_L56_DOC1.0_WOC2.0_N2700_F270_R1|S_WPB_L56_DOC1.0_WOC2.0_N2700_F270_R2|S_WPB_L56_DOC1.0_WOC2.0_N2700_F270_R3|S_WPB_L56_DOC1.5_WOC1.0_N1800_F180_R3|S_WPB_L56_DOC1.5_WOC1.0_N3600_F360_R1|S_WPB_L56_DOC1.5_WOC1.0_N3600_F360_R4|S_WPB_L56_DOC1.5_WOC2.0_N2700_F270_R2|S_WPB_L56_DOC1.5_WOC2.0_N2700_F270_R3|U_WPA_L36_DOC2.0_WOC1.0_N3600_F360_R1|U_WPA_L36_DOC2.0_WOC1.0_N3600_F360_R2|U_WPA_L36_DOC2.0_WOC1.0_N3600_F360_R3|U_WPA_L36_DOC2.0_WOC2.0_N2700_F270_R2|U_WPA_L36_DOC3.0_WOC1.0_N3600_F360_R1|U_WPA_L36_DOC3.0_WOC1.0_N3600_F360_R2|U_WPA_L36_DOC3.0_WOC1.0_N3600_F360_R3|U_WPA_L36_DOC3.0_WOC1.0_N3600_F360_R4|U_WPA_L36_DOC4.0_WOC2.0_N2700_F270_R2|U_WPA_L36_DOC4.0_WOC2.0_N2700_F270_R4|U_WPB_L56_DOC2.0_WOC1.0_N1800_F180_R2|U_WPB_L56_DOC2.0_WOC1.0_N1800_F180_R4|U_WPB_L56_DOC2.0_WOC1.0_N2700_F270_R3|U_WPB_L56_DOC2.0_WOC1.0_N3600_F360_R2|U_WPB_L56_DOC2.0_WOC2.0_N2700_F270_R2|U_WPB_L56_DOC3.0_WOC1.0_N1800_F180_R3|U_WPB_L56_DOC3.0_WOC1.0_N1800_F180_R4|U_WPB_L56_DOC6.0_WOC1.0_N2700_F270_R2|U_WPB_L56_DOC6.0_WOC1.0_N2700_F270_R3,final structured retention evaluation
15,3,3,53,0.4,48,Facility Location,uniform observed subset,48,28,31.0,17.0,0.8958333333333333,0.875,0.9166666666666666,0.875,S_WPA_L36_DOC1.5_WOC2.0_N2700_F270_R3|U_WPB_L56_DOC2.0_WOC2.0_N2700_F270_R2|S_WPA_L36_DOC1.0_WOC1.0_N2700_F270_R1|S_WPB_L56_DOC1.0_WOC2.0_N2700_F270_R4|U_WPA_L36_DOC2.0_WOC2.0_N2700_F270_R2|S_WPB_L56_DOC0.5_WOC1.0_N3600_F360_R1|S_WPA_L36_DOC2.0_WOC1.0_N1800_F180_R2|S_WPB_L56_DOC1.5_WOC1.0_N3600_F360_R1|S_WPB_L56_DOC1.5_WOC1.0_N2700_F270_R1|S_WPA_L36_DOC0.5_WOC2.0_N2700_F270_R2|S_WPB_L56_DOC1.0_WOC2.0_N2700_F270_R2|U_WPB_L56_DOC4.0_WOC2.0_N2700_F270_R2|S_WPB_L56_DOC1.0_WOC2.0_N2700_F270_R3|U_WPB_L56_DOC2.0_WOC1.0_N1800_F180_R1|S_WPA_L36_DOC1.5_WOC1.0_N1800_F180_R2|S_WPA_L36_DOC6.0_WOC1.0_N2700_F270_R2|U_WPA_L36_DOC4.0_WOC2.0_N2700_F270_R1|S_WPA_L36_DOC0.5_WOC1.0_N3600_F360_R4|U_WPB_L56_DOC6.0_WOC1.0_N2700_F270_R3|S_WPB_L56_DOC1.0_WOC1.0_N1800_F180_R3|U_WPB_L56_DOC4.0_WOC2.0_N2700_F270_R1|S_WPA_L36_DOC1.0_WOC1.0_N2700_F270_R4|U_WPB_L56_DOC4.0_WOC1.0_N2700_F270_R3|S_WPB_L56_DOC1.5_WOC1.0_N3600_F360_R4|U_WPB_L56_DOC3.0_WOC1.0_N3600_F360_R1|S_WPB_L56_DOC1.5_WOC1.0_N2700_F270_R3|S_WPA_L36_DOC1.0_WOC1.0_N3600_F360_R1|S_WPA_L36_DOC2.0_WOC1.0_N2700_F270_R1|S_WPB_L56_DOC0.5_WOC1.0_N3600_F360_R2|S_WPB_L56_DOC1.0_WOC2.0_N2700_F270_R1|U_WPB_L56_DOC4.0_WOC1.0_N2700_F270_R2|S_WPA_L36_DOC2.0_WOC1.0_N1800_F180_R1|S_WPB_L56_DOC1.5_WOC1.0_N1800_F180_R3|S_WPB_L56_DOC1.0_WOC1.0_N2700_F270_R2|U_WPB_L56_DOC6.0_WOC1.0_N2700_F270_R2|U_WPA_L36_DOC4.0_WOC2.0_N2700_F270_R2|S_WPB_L56_DOC1.5_WOC1.0_N2700_F270_R2|S_WPA_L36_DOC6.0_WOC1.0_N2700_F270_R1|U_WPB_L56_DOC2.0_WOC1.0_N1800_F180_R3|U_WPB_L56_DOC4.0_WOC2.0_N2700_F270_R3|U_WPB_L56_DOC3.0_WOC1.0_N1800_F180_R3|S_WPA_L36_DOC1.5_WOC1.0_N3600_F360_R1|S_WPB_L56_DOC1.5_WOC1.0_N2700_F270_R4|S_WPA_L36_DOC4.0_WOC1.0_N2700_F270_R1|S_WPA_L36_DOC1.0_WOC1.0_N1800_F180_R3|S_WPA_L36_DOC4.0_WOC1.0_N2700_F270_R3|U_WPA_L36_DOC2.0_WOC2.0_N2700_F270_R4|U_WPB_L56_DOC3.0_WOC1.0_N3600_F360_R2,final structured retention evaluation
15,3,3,53,0.4,48,MRDS,uniform observed subset,48,23,35.0,13.0,0.9166666666666667,0.875,0.9583333333333334,0.875,S_WPA_L36_DOC1.0_WOC1.0_N2700_F270_R1|S_WPB_L56_DOC1.5_WOC1.0_N3600_F360_R1|S_WPA_L36_DOC2.0_WOC1.0_N1800_F180_R2|S_WPB_L56_DOC1.0_WOC2.0_N2700_F270_R3|S_WPB_L56_DOC1.5_WOC1.0_N2700_F270_R1|S_WPB_L56_DOC1.0_WOC2.0_N2700_F270_R2|S_WPB_L56_DOC0.5_WOC1.0_N3600_F360_R1|U_WPB_L56_DOC4.0_WOC2.0_N2700_F270_R2|S_WPA_L36_DOC1.0_WOC1.0_N1800_F180_R3|S_WPA_L36_DOC1.0_WOC1.0_N1800_F180_R2|U_WPB_L56_DOC6.0_WOC1.0_N2700_F270_R3|S_WPA_L36_DOC1.5_WOC2.0_N2700_F270_R2|S_WPB_L56_DOC0.5_WOC1.0_N3600_F360_R2|S_WPA_L36_DOC1.0_WOC1.0_N3600_F360_R2|U_WPA_L36_DOC2.0_WOC2.0_N2700_F270_R1|S_WPA_L36_DOC0.5_WOC2.0_N2700_F270_R4|S_WPA_L36_DOC1.0_WOC1.0_N1800_F180_R4|S_WPB_L56_DOC1.0_WOC1.0_N1800_F180_R3|S_WPB_L56_DOC1.0_WOC1.0_N1800_F180_R1|U_WPB_L56_DOC4.0_WOC2.0_N2700_F270_R3|S_WPA_L36_DOC0.5_WOC1.0_N3600_F360_R3|S_WPA_L36_DOC0.5_WOC1.0_N3600_F360_R4|S_WPA_L36_DOC1.0_WOC1.0_N3600_F360_R4|U_WPB_L56_DOC3.0_WOC1.0_N3600_F360_R1|S_WPA_L36_DOC0.5_WOC1.0_N3600_F360_R1|S_WPB_L56_DOC1.5_WOC1.0_N3600_F360_R2|U_WPB_L56_DOC2.0_WOC2.0_N2700_F270_R4|S_WPA_L36_DOC0.5_WOC2.0_N2700_F270_R1|S_WPA_L36_DOC1.5_WOC1.0_N3600_F360_R3|S_WPA_L36_DOC0.5_WOC2.0_N2700_F270_R2|S_WPA_L36_DOC2.0_WOC1.0_N2700_F270_R2|U_WPB_L56_DOC2.0_WOC2.0_N2700_F270_R1|U_WPA_L36_DOC2.0_WOC2.0_N2700_F270_R4|U_WPB_L56_DOC4.0_WOC1.0_N2700_F270_R4|S_WPA_L36_DOC1.5_WOC1.0_N3600_F360_R2|S_WPA_L36_DOC1.5_WOC2.0_N2700_F270_R1|S_WPB_L56_DOC1.0_WOC1.0_N2700_F270_R1|S_WPA_L36_DOC6.0_WOC1.0_N2700_F270_R3|S_WPA_L36_DOC1.5_WOC2.0_N2700_F270_R4|U_WPB_L56_DOC2.0_WOC1.0_N1800_F180_R2|S_WPA_L36_DOC1.5_WOC2.0_N2700_F270_R3|U_WPB_L56_DOC4.0_WOC1.0_N2700_F270_R1|S_WPA_L36_DOC1.0_WOC1.0_N3600_F360_R3|S_WPA_L36_DOC1.5_WOC1.0_N3600_F360_R4|U_WPB_L56_DOC3.0_WOC1.0_N3600_F360_R4|S_WPA_L36_DOC1.5_WOC1.0_N3600_F360_R1|U_WPB_L56_DOC3.0_WOC1.0_N3600_F360_R3|S_WPA_L36_DOC0.5_WOC2.0_N2700_F270_R3,final structured retention evaluation
15,3,3,53,0.4,48,W2-k-medoids,uniform observed subset,48,28,31.0,17.0,0.8958333333333333,0.875,0.9166666666666666,0.875,S_WPA_L36_DOC0.5_WOC1.0_N3600_F360_R4|S_WPA_L36_DOC0.5_WOC2.0_N2700_F270_R3|S_WPA_L36_DOC1.0_WOC1.0_N1800_F180_R2|S_WPA_L36_DOC1.0_WOC1.0_N2700_F270_R2|S_WPA_L36_DOC1.0_WOC1.0_N3600_F360_R1|S_WPA_L36_DOC1.5_WOC1.0_N1800_F180_R3|S_WPA_L36_DOC1.5_WOC1.0_N3600_F360_R2|S_WPA_L36_DOC1.5_WOC2.0_N2700_F270_R3|S_WPA_L36_DOC2.0_WOC1.0_N1800_F180_R2|S_WPA_L36_DOC2.0_WOC1.0_N1800_F180_R3|S_WPA_L36_DOC2.0_WOC1.0_N2700_F270_R1|S_WPA_L36_DOC2.0_WOC1.0_N2700_F270_R3|S_WPA_L36_DOC4.0_WOC1.0_N2700_F270_R2|S_WPA_L36_DOC4.0_WOC1.0_N2700_F270_R3|S_WPA_L36_DOC6.0_WOC1.0_N2700_F270_R1|S_WPA_L36_DOC6.0_WOC1.0_N2700_F270_R4|S_WPB_L56_DOC0.5_WOC1.0_N3600_F360_R1|S_WPB_L56_DOC0.5_WOC1.0_N3600_F360_R2|S_WPB_L56_DOC1.0_WOC1.0_N1800_F180_R2|S_WPB_L56_DOC1.0_WOC1.0_N2700_F270_R2|S_WPB_L56_DOC1.0_WOC2.0_N2700_F270_R1|S_WPB_L56_DOC1.0_WOC2.0_N2700_F270_R2|S_WPB_L56_DOC1.0_WOC2.0_N2700_F270_R3|S_WPB_L56_DOC1.0_WOC2.0_N2700_F270_R4|S_WPB_L56_DOC1.5_WOC1.0_N1800_F180_R3|S_WPB_L56_DOC1.5_WOC1.0_N2700_F270_R1|S_WPB_L56_DOC1.5_WOC1.0_N2700_F270_R2|S_WPB_L56_DOC1.5_WOC1.0_N2700_F270_R3|S_WPB_L56_DOC1.5_WOC1.0_N2700_F270_R4|S_WPB_L56_DOC1.5_WOC1.0_N3600_F360_R1|S_WPB_L56_DOC1.5_WOC1.0_N3600_F360_R4|U_WPA_L36_DOC2.0_WOC2.0_N2700_F270_R2|U_WPA_L36_DOC4.0_WOC2.0_N2700_F270_R3|U_WPA_L36_DOC4.0_WOC2.0_N2700_F270_R4|U_WPB_L56_DOC2.0_WOC1.0_N1800_F180_R1|U_WPB_L56_DOC2.0_WOC1.0_N1800_F180_R3|U_WPB_L56_DOC2.0_WOC2.0_N2700_F270_R2|U_WPB_L56_DOC3.0_WOC1.0_N1800_F180_R3|U_WPB_L56_DOC3.0_WOC1.0_N1800_F180_R4|U_WPB_L56_DOC3.0_WOC1.0_N3600_F360_R1|U_WPB_L56_DOC3.0_WOC1.0_N3600_F360_R2|U_WPB_L56_DOC4.0_WOC1.0_N2700_F270_R2|U_WPB_L56_DOC4.0_WOC1.0_N2700_F270_R3|U_WPB_L56_DOC4.0_WOC2.0_N2700_F270_R1|U_WPB_L56_DOC4.0_WOC2.0_N2700_F270_R2|U_WPB_L56_DOC4.0_WOC2.0_N2700_F270_R3|U_WPB_L56_DOC6.0_WOC1.0_N2700_F270_R2|U_WPB_L56_DOC6.0_WOC1.0_N2700_F270_R3,final structured retention evaluation
16,4,0,71,0.4,48,Facility Location,uniform observed subset,48,27,29.0,19.0,1.0,1.0,1.0,1.0,S_WPA_L36_DOC1.5_WOC2.0_N2700_F270_R3|U_WPB_L56_DOC3.0_WOC1.0_N3600_F360_R3|S_WPB_L56_DOC1.0_WOC2.0_N2700_F270_R4|U_WPA_L36_DOC3.0_WOC1.0_N3600_F360_R4|S_WPA_L36_DOC1.0_WOC1.0_N2700_F270_R1|S_WPB_L56_DOC0.5_WOC1.0_N2700_F270_R3|S_WPB_L56_DOC1.0_WOC2.0_N2700_F270_R3|S_WPA_L36_DOC2.0_WOC1.0_N1800_F180_R4|S_WPA_L36_DOC2.0_WOC1.0_N1800_F180_R2|S_WPB_L56_DOC1.5_WOC1.0_N3600_F360_R1|U_WPA_L36_DOC3.0_WOC1.0_N3600_F360_R2|U_WPA_L36_DOC3.0_WOC1.0_N3600_F360_R1|S_WPB_L56_DOC1.0_WOC2.0_N2700_F270_R2|S_WPB_L56_DOC0.5_WOC1.0_N3600_F360_R1|U_WPB_L56_DOC4.0_WOC2.0_N2700_F270_R2|U_WPB_L56_DOC2.0_WOC1.0_N2700_F270_R3|S_WPA_L36_DOC2.0_WOC1.0_N2700_F270_R4|S_WPA_L36_DOC3.0_WOC1.0_N1800_F180_R3|U_WPB_L56_DOC2.0_WOC1.0_N1800_F180_R1|U_WPB_L56_DOC6.0_WOC1.0_N2700_F270_R3|S_WPA_L36_DOC1.5_WOC1.0_N1800_F180_R4|S_WPB_L56_DOC0.5_WOC1.0_N2700_F270_R1|U_WPB_L56_DOC4.0_WOC2.0_N2700_F270_R1|S_WPA_L36_DOC0.5_WOC2.0_N2700_F270_R1|U_WPB_L56_DOC4.0_WOC1.0_N2700_F270_R3|S_WPB_L56_DOC1.5_WOC1.0_N1800_F180_R3|S_WPB_L56_DOC1.0_WOC1.0_N2700_F270_R1|U_WPA_L36_DOC2.0_WOC1.0_N3600_F360_R4|S_WPB_L56_DOC1.5_WOC1.0_N3600_F360_R4|U_WPB_L56_DOC2.0_WOC1.0_N1800_F180_R3|S_WPA_L36_DOC0.5_WOC1.0_N2700_F270_R3|U_WPB_L56_DOC3.0_WOC1.0_N3600_F360_R4|S_WPB_L56_DOC1.0_WOC2.0_N2700_F270_R1|S_WPA_L36_DOC6.0_WOC1.0_N2700_F270_R2|U_WPB_L56_DOC4.0_WOC2.0_N2700_F270_R3|S_WPA_L36_DOC1.5_WOC1.0_N3600_F360_R1|S_WPA_L36_DOC1.0_WOC1.0_N1800_F180_R2|U_WPB_L56_DOC4.0_WOC1.0_N2700_F270_R1|U_WPA_L36_DOC2.0_WOC1.0_N3600_F360_R1|U_WPB_L56_DOC6.0_WOC1.0_N2700_F270_R2|U_WPA_L36_DOC2.0_WOC1.0_N3600_F360_R2|S_WPB_L56_DOC1.5_WOC2.0_N2700_F270_R2|S_WPB_L56_DOC0.5_WOC1.0_N2700_F270_R4|S_WPA_L36_DOC3.0_WOC1.0_N1800_F180_R4|S_WPA_L36_DOC1.0_WOC1.0_N2700_F270_R4|S_WPA_L36_DOC3.0_WOC1.0_N1800_F180_R2|S_WPA_L36_DOC6.0_WOC1.0_N2700_F270_R1|U_WPB_L56_DOC3.0_WOC1.0_N1800_F180_R4,final structured retention evaluation
16,4,0,71,0.4,48,MRDS,uniform observed subset,48,21,33.0,15.0,0.9821428571428572,1.0,0.9642857142857143,0.9642857142857143,U_WPB_L56_DOC2.0_WOC1.0_N3600_F360_R3|S_WPB_L56_DOC1.5_WOC1.0_N3600_F360_R1|S_WPA_L36_DOC2.0_WOC1.0_N1800_F180_R2|U_WPA_L36_DOC3.0_WOC1.0_N3600_F360_R1|U_WPA_L36_DOC3.0_WOC1.0_N3600_F360_R2|S_WPB_L56_DOC0.5_WOC1.0_N3600_F360_R1|S_WPB_L56_DOC1.0_WOC2.0_N2700_F270_R2|S_WPB_L56_DOC0.5_WOC1.0_N2700_F270_R3|S_WPB_L56_DOC1.0_WOC2.0_N2700_F270_R3|S_WPA_L36_DOC1.0_WOC2.0_N2700_F270_R2|S_WPA_L36_DOC1.5_WOC1.0_N3600_F360_R4|S_WPA_L36_DOC2.0_WOC1.0_N2700_F270_R2|U_WPB_L56_DOC4.0_WOC2.0_N2700_F270_R1|S_WPA_L36_DOC1.5_WOC1.0_N1800_F180_R4|S_WPA_L36_DOC1.0_WOC2.0_N2700_F270_R1|S_WPA_L36_DOC0.5_WOC2.0_N2700_F270_R4|S_WPA_L36_DOC0.5_WOC2.0_N2700_F270_R2|S_WPA_L36_DOC0.5_WOC1.0_N2700_F270_R2|S_WPA_L36_DOC1.5_WOC1.0_N3600_F360_R1|S_WPA_L36_DOC1.0_WOC1.0_N1800_F180_R3|U_WPB_L56_DOC2.0_WOC1.0_N2700_F270_R2|S_WPA_L36_DOC1.5_WOC1.0_N3600_F360_R2|S_WPA_L36_DOC1.0_WOC1.0_N1800_F180_R2|S_WPA_L36_DOC6.0_WOC1.0_N2700_F270_R3|S_WPA_L36_DOC0.5_WOC2.0_N2700_F270_R1|S_WPA_L36_DOC1.0_WOC1.0_N1800_F180_R4|S_WPA_L36_DOC0.5_WOC2.0_N2700_F270_R3|U_WPB_L56_DOC2.0_WOC1.0_N2700_F270_R3|S_WPA_L36_DOC1.5_WOC1.0_N3600_F360_R3|U_WPB_L56_DOC2.0_WOC1.0_N3600_F360_R1|U_WPB_L56_DOC2.0_WOC1.0_N2700_F270_R1|S_WPA_L36_DOC1.5_WOC2.0_N2700_F270_R3|S_WPB_L56_DOC0.5_WOC1.0_N3600_F360_R2|S_WPB_L56_DOC1.5_WOC1.0_N1800_F180_R2|S_WPA_L36_DOC1.5_WOC2.0_N2700_F270_R1|U_WPB_L56_DOC4.0_WOC1.0_N2700_F270_R1|U_WPB_L56_DOC3.0_WOC1.0_N3600_F360_R2|S_WPB_L56_DOC0.5_WOC1.0_N3600_F360_R3|S_WPA_L36_DOC1.0_WOC2.0_N2700_F270_R4|S_WPA_L36_DOC0.5_WOC1.0_N2700_F270_R3|S_WPA_L36_DOC1.5_WOC2.0_N2700_F270_R2|S_WPA_L36_DOC1.5_WOC2.0_N2700_F270_R4|U_WPA_L36_DOC3.0_WOC1.0_N3600_F360_R4|S_WPA_L36_DOC1.0_WOC2.0_N2700_F270_R3|U_WPB_L56_DOC2.0_WOC1.0_N2700_F270_R4|U_WPB_L56_DOC4.0_WOC1.0_N2700_F270_R2|U_WPB_L56_DOC4.0_WOC1.0_N2700_F270_R4|U_WPB_L56_DOC3.0_WOC1.0_N3600_F360_R1,final structured retention evaluation
16,4,0,71,0.4,48,W2-k-medoids,uniform observed subset,48,26,29.0,19.0,1.0,1.0,1.0,1.0,S_WPA_L36_DOC0.5_WOC1.0_N2700_F270_R3|S_WPA_L36_DOC0.5_WOC2.0_N2700_F270_R1|S_WPA_L36_DOC1.0_WOC1.0_N2700_F270_R2|S_WPA_L36_DOC1.0_WOC1.0_N2700_F270_R4|S_WPA_L36_DOC1.5_WOC1.0_N1800_F180_R3|S_WPA_L36_DOC1.5_WOC1.0_N3600_F360_R2|S_WPA_L36_DOC1.5_WOC2.0_N2700_F270_R3|S_WPA_L36_DOC2.0_WOC1.0_N1800_F180_R1|S_WPA_L36_DOC2.0_WOC1.0_N1800_F180_R2|S_WPA_L36_DOC2.0_WOC1.0_N2700_F270_R1|S_WPA_L36_DOC2.0_WOC1.0_N2700_F270_R3|S_WPA_L36_DOC3.0_WOC1.0_N1800_F180_R2|S_WPA_L36_DOC3.0_WOC1.0_N1800_F180_R3|S_WPA_L36_DOC3.0_WOC1.0_N1800_F180_R4|S_WPA_L36_DOC6.0_WOC1.0_N2700_F270_R1|S_WPB_L56_DOC0.5_WOC1.0_N2700_F270_R2|S_WPB_L56_DOC0.5_WOC1.0_N2700_F270_R3|S_WPB_L56_DOC0.5_WOC1.0_N2700_F270_R4|S_WPB_L56_DOC0.5_WOC1.0_N3600_F360_R1|S_WPB_L56_DOC0.5_WOC1.0_N3600_F360_R4|S_WPB_L56_DOC1.0_WOC1.0_N2700_F270_R3|S_WPB_L56_DOC1.0_WOC2.0_N2700_F270_R1|S_WPB_L56_DOC1.0_WOC2.0_N2700_F270_R2|S_WPB_L56_DOC1.0_WOC2.0_N2700_F270_R3|S_WPB_L56_DOC1.5_WOC1.0_N1800_F180_R3|S_WPB_L56_DOC1.5_WOC1.0_N3600_F360_R1|S_WPB_L56_DOC1.5_WOC1.0_N3600_F360_R4|S_WPB_L56_DOC1.5_WOC2.0_N2700_F270_R2|S_WPB_L56_DOC1.5_WOC2.0_N2700_F270_R3|U_WPA_L36_DOC2.0_WOC1.0_N3600_F360_R1|U_WPA_L36_DOC2.0_WOC1.0_N3600_F360_R2|U_WPA_L36_DOC2.0_WOC1.0_N3600_F360_R4|U_WPA_L36_DOC3.0_WOC1.0_N3600_F360_R1|U_WPA_L36_DOC3.0_WOC1.0_N3600_F360_R2|U_WPA_L36_DOC3.0_WOC1.0_N3600_F360_R4|U_WPB_L56_DOC2.0_WOC1.0_N1800_F180_R2|U_WPB_L56_DOC2.0_WOC1.0_N1800_F180_R3|U_WPB_L56_DOC2.0_WOC1.0_N2700_F270_R2|U_WPB_L56_DOC3.0_WOC1.0_N1800_F180_R1|U_WPB_L56_DOC3.0_WOC1.0_N1800_F180_R4|U_WPB_L56_DOC3.0_WOC1.0_N3600_F360_R4|U_WPB_L56_DOC4.0_WOC1.0_N2700_F270_R1|U_WPB_L56_DOC4.0_WOC1.0_N2700_F270_R3|U_WPB_L56_DOC4.0_WOC2.0_N2700_F270_R1|U_WPB_L56_DOC4.0_WOC2.0_N2700_F270_R2|U_WPB_L56_DOC4.0_WOC2.0_N2700_F270_R3|U_WPB_L56_DOC6.0_WOC1.0_N2700_F270_R2|U_WPB_L56_DOC6.0_WOC1.0_N2700_F270_R3,final structured retention evaluation
17,4,1,71,0.4,48,Facility Location,uniform observed subset,48,26,28.0,20.0,0.9226190476190477,0.9166666666666666,0.9285714285714286,0.9166666666666666,S_WPA_L36_DOC1.5_WOC1.0_N3600_F360_R4|U_WPB_L56_DOC3.0_WOC1.0_N3600_F360_R3|S_WPB_L56_DOC1.0_WOC1.0_N2700_F270_R1|S_WPB_L56_DOC0.5_WOC2.0_N2700_F270_R3|U_WPA_L36_DOC2.0_WOC2.0_N2700_F270_R2|S_WPB_L56_DOC0.5_WOC1.0_N2700_F270_R3|S_WPA_L36_DOC0.5_WOC2.0_N2700_F270_R1|S_WPB_L56_DOC0.5_WOC1.0_N3600_F360_R1|S_WPA_L36_DOC2.0_WOC1.0_N1800_F180_R2|U_WPA_L36_DOC3.0_WOC1.0_N3600_F360_R2|U_WPA_L36_DOC3.0_WOC1.0_N3600_F360_R1|S_WPB_L56_DOC1.5_WOC1.0_N2700_F270_R1|U_WPB_L56_DOC2.0_WOC1.0_N2700_F270_R3|U_WPB_L56_DOC4.0_WOC2.0_N2700_F270_R2|S_WPA_L36_DOC1.5_WOC1.0_N1800_F180_R3|S_WPA_L36_DOC6.0_WOC1.0_N2700_F270_R2|S_WPA_L36_DOC0.5_WOC1.0_N2700_F270_R1|S_WPB_L56_DOC1.0_WOC1.0_N1800_F180_R3|U_WPA_L36_DOC4.0_WOC2.0_N2700_F270_R1|U_WPB_L56_DOC4.0_WOC2.0_N2700_F270_R1|U_WPB_L56_DOC4.0_WOC1.0_N2700_F270_R3|S_WPB_L56_DOC0.5_WOC1.0_N3600_F360_R2|U_WPB_L56_DOC2.0_WOC2.0_N2700_F270_R3|S_WPA_L36_DOC2.0_WOC1.0_N1800_F180_R1|U_WPA_L36_DOC3.0_WOC1.0_N3600_F360_R3|S_WPA_L36_DOC1.0_WOC1.0_N3600_F360_R1|S_WPA_L36_DOC1.0_WOC1.0_N3600_F360_R4|U_WPB_L56_DOC2.0_WOC1.0_N3600_F360_R3|S_WPA_L36_DOC6.0_WOC1.0_N2700_F270_R4|S_WPB_L56_DOC0.5_WOC1.0_N2700_F270_R2|S_WPB_L56_DOC1.5_WOC1.0_N2700_F270_R3|S_WPB_L56_DOC1.5_WOC2.0_N2700_F270_R3|U_WPB_L56_DOC2.0_WOC1.0_N1800_F180_R2|U_WPB_L56_DOC4.0_WOC1.0_N2700_F270_R1|S_WPB_L56_DOC0.5_WOC1.0_N1800_F180_R2|U_WPA_L36_DOC4.0_WOC2.0_N2700_F270_R2|S_WPA_L36_DOC6.0_WOC1.0_N2700_F270_R1|U_WPB_L56_DOC2.0_WOC1.0_N1800_F180_R3|S_WPB_L56_DOC1.5_WOC2.0_N2700_F270_R2|S_WPB_L56_DOC1.5_WOC1.0_N2700_F270_R2|S_WPB_L56_DOC1.5_WOC1.0_N2700_F270_R4|U_WPA_L36_DOC3.0_WOC1.0_N3600_F360_R4|U_WPA_L36_DOC2.0_WOC2.0_N2700_F270_R4|S_WPB_L56_DOC0.5_WOC1.0_N2700_F270_R4|U_WPB_L56_DOC4.0_WOC2.0_N2700_F270_R3|S_WPA_L36_DOC4.0_WOC1.0_N2700_F270_R3|U_WPB_L56_DOC3.0_WOC1.0_N3600_F360_R2|S_WPA_L36_DOC4.0_WOC1.0_N2700_F270_R2,final structured retention evaluation
17,4,1,71,0.4,48,MRDS,uniform observed subset,48,23,33.0,15.0,0.9107142857142857,1.0,0.8214285714285714,0.8214285714285714,U_WPB_L56_DOC2.0_WOC2.0_N2700_F270_R4|S_WPA_L36_DOC2.0_WOC1.0_N1800_F180_R2|U_WPA_L36_DOC3.0_WOC1.0_N3600_F360_R1|U_WPA_L36_DOC3.0_WOC1.0_N3600_F360_R2|S_WPB_L56_DOC1.5_WOC1.0_N2700_F270_R1|S_WPB_L56_DOC0.5_WOC1.0_N3600_F360_R1|S_WPB_L56_DOC0.5_WOC2.0_N2700_F270_R1|S_WPB_L56_DOC0.5_WOC1.0_N3600_F360_R3|S_WPA_L36_DOC0.5_WOC2.0_N2700_F270_R3|S_WPA_L36_DOC1.0_WOC1.0_N1800_F180_R2|U_WPB_L56_DOC4.0_WOC2.0_N2700_F270_R1|S_WPB_L56_DOC0.5_WOC1.0_N1800_F180_R1|S_WPA_L36_DOC0.5_WOC1.0_N2700_F270_R3|S_WPA_L36_DOC0.5_WOC2.0_N2700_F270_R1|S_WPA_L36_DOC1.0_WOC1.0_N1800_F180_R3|S_WPB_L56_DOC1.0_WOC1.0_N1800_F180_R1|S_WPA_L36_DOC1.0_WOC1.0_N1800_F180_R1|S_WPB_L56_DOC1.0_WOC1.0_N1800_F180_R3|U_WPB_L56_DOC3.0_WOC1.0_N3600_F360_R3|S_WPA_L36_DOC0.5_WOC2.0_N2700_F270_R2|U_WPA_L36_DOC2.0_WOC2.0_N2700_F270_R1|S_WPA_L36_DOC1.0_WOC1.0_N3600_F360_R4|S_WPA_L36_DOC1.0_WOC1.0_N3600_F360_R3|S_WPA_L36_DOC1.5_WOC1.0_N3600_F360_R4|S_WPB_L56_DOC0.5_WOC1.0_N1800_F180_R2|S_WPB_L56_DOC1.0_WOC1.0_N3600_F360_R1|S_WPA_L36_DOC0.5_WOC1.0_N3600_F360_R4|U_WPB_L56_DOC3.0_WOC1.0_N3600_F360_R1|U_WPA_L36_DOC2.0_WOC2.0_N2700_F270_R4|S_WPA_L36_DOC1.5_WOC1.0_N3600_F360_R1|S_WPA_L36_DOC1.0_WOC1.0_N3600_F360_R2|S_WPA_L36_DOC1.5_WOC1.0_N3600_F360_R3|S_WPA_L36_DOC4.0_WOC1.0_N2700_F270_R3|S_WPA_L36_DOC0.5_WOC2.0_N2700_F270_R4|S_WPA_L36_DOC0.5_WOC1.0_N2700_F270_R2|S_WPA_L36_DOC1.0_WOC1.0_N1800_F180_R4|U_WPB_L56_DOC2.0_WOC1.0_N2700_F270_R3|U_WPB_L56_DOC2.0_WOC2.0_N2700_F270_R1|S_WPA_L36_DOC6.0_WOC1.0_N2700_F270_R3|U_WPB_L56_DOC2.0_WOC1.0_N2700_F270_R1|U_WPB_L56_DOC2.0_WOC1.0_N3600_F360_R1|U_WPB_L56_DOC2.0_WOC1.0_N2700_F270_R4|S_WPB_L56_DOC1.5_WOC1.0_N1800_F180_R4|S_WPA_L36_DOC1.5_WOC1.0_N3600_F360_R2|U_WPB_L56_DOC2.0_WOC1.0_N3600_F360_R3|S_WPB_L56_DOC0.5_WOC2.0_N2700_F270_R3|U_WPB_L56_DOC3.0_WOC1.0_N3600_F360_R4|S_WPB_L56_DOC0.5_WOC2.0_N2700_F270_R4,final structured retention evaluation
17,4,1,71,0.4,48,W2-k-medoids,uniform observed subset,48,25,28.0,20.0,0.9226190476190477,0.9166666666666666,0.9285714285714286,0.9166666666666666,S_WPA_L36_DOC0.5_WOC1.0_N2700_F270_R3|S_WPA_L36_DOC0.5_WOC2.0_N2700_F270_R3|S_WPA_L36_DOC1.0_WOC1.0_N1800_F180_R2|S_WPA_L36_DOC1.0_WOC1.0_N3600_F360_R1|S_WPA_L36_DOC1.0_WOC1.0_N3600_F360_R4|S_WPA_L36_DOC1.5_WOC1.0_N1800_F180_R3|S_WPA_L36_DOC2.0_WOC1.0_N1800_F180_R2|S_WPA_L36_DOC2.0_WOC1.0_N1800_F180_R3|S_WPA_L36_DOC4.0_WOC1.0_N2700_F270_R1|S_WPA_L36_DOC4.0_WOC1.0_N2700_F270_R4|S_WPA_L36_DOC6.0_WOC1.0_N2700_F270_R1|S_WPA_L36_DOC6.0_WOC1.0_N2700_F270_R2|S_WPA_L36_DOC6.0_WOC1.0_N2700_F270_R3|S_WPB_L56_DOC0.5_WOC1.0_N1800_F180_R2|S_WPB_L56_DOC0.5_WOC1.0_N2700_F270_R2|S_WPB_L56_DOC0.5_WOC1.0_N2700_F270_R3|S_WPB_L56_DOC0.5_WOC1.0_N2700_F270_R4|S_WPB_L56_DOC0.5_WOC1.0_N3600_F360_R1|S_WPB_L56_DOC0.5_WOC1.0_N3600_F360_R2|S_WPB_L56_DOC0.5_WOC2.0_N2700_F270_R3|S_WPB_L56_DOC1.0_WOC1.0_N1800_F180_R3|S_WPB_L56_DOC1.0_WOC1.0_N2700_F270_R3|S_WPB_L56_DOC1.5_WOC1.0_N2700_F270_R1|S_WPB_L56_DOC1.5_WOC1.0_N2700_F270_R2|S_WPB_L56_DOC1.5_WOC1.0_N2700_F270_R3|S_WPB_L56_DOC1.5_WOC1.0_N2700_F270_R4|S_WPB_L56_DOC1.5_WOC2.0_N2700_F270_R2|S_WPB_L56_DOC1.5_WOC2.0_N2700_F270_R3|U_WPA_L36_DOC2.0_WOC2.0_N2700_F270_R3|U_WPA_L36_DOC3.0_WOC1.0_N3600_F360_R1|U_WPA_L36_DOC3.0_WOC1.0_N3600_F360_R2|U_WPA_L36_DOC3.0_WOC1.0_N3600_F360_R3|U_WPA_L36_DOC3.0_WOC1.0_N3600_F360_R4|U_WPA_L36_DOC4.0_WOC2.0_N2700_F270_R2|U_WPA_L36_DOC4.0_WOC2.0_N2700_F270_R4|U_WPB_L56_DOC2.0_WOC1.0_N1800_F180_R1|U_WPB_L56_DOC2.0_WOC1.0_N1800_F180_R3|U_WPB_L56_DOC2.0_WOC1.0_N2700_F270_R1|U_WPB_L56_DOC2.0_WOC1.0_N2700_F270_R2|U_WPB_L56_DOC2.0_WOC1.0_N2700_F270_R4|U_WPB_L56_DOC2.0_WOC2.0_N2700_F270_R2|U_WPB_L56_DOC3.0_WOC1.0_N3600_F360_R2|U_WPB_L56_DOC3.0_WOC1.0_N3600_F360_R4|U_WPB_L56_DOC4.0_WOC1.0_N2700_F270_R1|U_WPB_L56_DOC4.0_WOC1.0_N2700_F270_R3|U_WPB_L56_DOC4.0_WOC2.0_N2700_F270_R1|U_WPB_L56_DOC4.0_WOC2.0_N2700_F270_R2|U_WPB_L56_DOC4.0_WOC2.0_N2700_F270_R3,final structured retention evaluation
18,4,2,71,0.4,48,Facility Location,uniform observed subset,48,28,33.0,15.0,0.875,0.75,1.0,0.75,S_WPA_L36_DOC1.5_WOC2.0_N2700_F270_R2|U_WPB_L56_DOC2.0_WOC1.0_N2700_F270_R2|S_WPA_L36_DOC1.0_WOC1.0_N2700_F270_R1|S_WPB_L56_DOC1.0_WOC2.0_N2700_F270_R4|U_WPA_L36_DOC2.0_WOC2.0_N2700_F270_R2|S_WPB_L56_DOC0.5_WOC1.0_N2700_F270_R3|S_WPA_L36_DOC2.0_WOC1.0_N1800_F180_R2|S_WPB_L56_DOC1.5_WOC1.0_N3600_F360_R1|S_WPB_L56_DOC1.0_WOC2.0_N2700_F270_R3|S_WPB_L56_DOC1.5_WOC1.0_N2700_F270_R1|S_WPB_L56_DOC1.0_WOC2.0_N2700_F270_R2|U_WPB_L56_DOC4.0_WOC2.0_N2700_F270_R3|U_WPA_L36_DOC2.0_WOC1.0_N3600_F360_R4|S_WPA_L36_DOC0.5_WOC1.0_N3600_F360_R4|S_WPA_L36_DOC2.0_WOC1.0_N2700_F270_R3|S_WPA_L36_DOC3.0_WOC1.0_N1800_F180_R3|U_WPB_L56_DOC4.0_WOC2.0_N2700_F270_R1|U_WPB_L56_DOC6.0_WOC1.0_N2700_F270_R3|U_WPB_L56_DOC3.0_WOC1.0_N1800_F180_R1|S_WPB_L56_DOC0.5_WOC1.0_N2700_F270_R1|U_WPB_L56_DOC2.0_WOC1.0_N3600_F360_R3|S_WPA_L36_DOC1.0_WOC1.0_N2700_F270_R4|S_WPA_L36_DOC2.0_WOC1.0_N1800_F180_R3|U_WPA_L36_DOC4.0_WOC2.0_N2700_F270_R1|S_WPB_L56_DOC1.5_WOC1.0_N3600_F360_R4|S_WPB_L56_DOC1.0_WOC1.0_N1800_F180_R3|S_WPA_L36_DOC0.5_WOC1.0_N2700_F270_R1|S_WPB_L56_DOC1.5_WOC1.0_N2700_F270_R3|S_WPA_L36_DOC1.0_WOC1.0_N3600_F360_R1|S_WPB_L56_DOC1.0_WOC2.0_N2700_F270_R1|S_WPB_L56_DOC0.5_WOC1.0_N1800_F180_R4|S_WPA_L36_DOC2.0_WOC1.0_N2700_F270_R1|S_WPB_L56_DOC1.0_WOC1.0_N3600_F360_R3|S_WPA_L36_DOC4.0_WOC1.0_N2700_F270_R3|S_WPB_L56_DOC1.0_WOC1.0_N2700_F270_R2|U_WPB_L56_DOC6.0_WOC1.0_N2700_F270_R2|S_WPA_L36_DOC3.0_WOC1.0_N1800_F180_R2|S_WPB_L56_DOC0.5_WOC1.0_N2700_F270_R4|U_WPA_L36_DOC2.0_WOC1.0_N3600_F360_R1|U_WPB_L56_DOC2.0_WOC2.0_N2700_F270_R2|U_WPA_L36_DOC2.0_WOC1.0_N3600_F360_R2|S_WPA_L36_DOC6.0_WOC1.0_N2700_F270_R1|S_WPB_L56_DOC1.5_WOC2.0_N2700_F270_R2|U_WPB_L56_DOC3.0_WOC1.0_N1800_F180_R2|S_WPA_L36_DOC3.0_WOC1.0_N1800_F180_R4|S_WPB_L56_DOC1.5_WOC1.0_N2700_F270_R4|S_WPB_L56_DOC1.5_WOC1.0_N2700_F270_R2|U_WPA_L36_DOC4.0_WOC2.0_N2700_F270_R2,final structured retention evaluation
18,4,2,71,0.4,48,MRDS,uniform observed subset,48,24,35.0,13.0,0.875,0.75,1.0,0.75,S_WPB_L56_DOC1.0_WOC1.0_N2700_F270_R1|S_WPB_L56_DOC1.5_WOC1.0_N3600_F360_R1|S_WPA_L36_DOC2.0_WOC1.0_N1800_F180_R2|S_WPB_L56_DOC1.0_WOC2.0_N2700_F270_R3|S_WPB_L56_DOC1.5_WOC1.0_N2700_F270_R1|S_WPB_L56_DOC1.0_WOC2.0_N2700_F270_R2|S_WPB_L56_DOC0.5_WOC1.0_N2700_F270_R2|U_WPA_L36_DOC2.0_WOC2.0_N2700_F270_R1|S_WPB_L56_DOC1.0_WOC1.0_N2700_F270_R3|S_WPA_L36_DOC1.0_WOC1.0_N2700_F270_R4|U_WPB_L56_DOC4.0_WOC2.0_N2700_F270_R2|U_WPA_L36_DOC2.0_WOC1.0_N3600_F360_R3|S_WPA_L36_DOC6.0_WOC1.0_N2700_F270_R3|S_WPB_L56_DOC1.0_WOC1.0_N2700_F270_R2|S_WPA_L36_DOC2.0_WOC1.0_N2700_F270_R2|S_WPA_L36_DOC1.0_WOC2.0_N2700_F270_R4|S_WPB_L56_DOC1.5_WOC1.0_N3600_F360_R2|S_WPB_L56_DOC1.0_WOC2.0_N2700_F270_R4|S_WPA_L36_DOC0.5_WOC1.0_N2700_F270_R2|U_WPA_L36_DOC4.0_WOC2.0_N2700_F270_R2|S_WPA_L36_DOC1.0_WOC1.0_N3600_F360_R3|S_WPB_L56_DOC1.0_WOC1.0_N1800_F180_R1|S_WPB_L56_DOC1.0_WOC1.0_N1800_F180_R3|U_WPA_L36_DOC4.0_WOC2.0_N2700_F270_R4|U_WPB_L56_DOC6.0_WOC1.0_N2700_F270_R4|S_WPA_L36_DOC0.5_WOC1.0_N2700_F270_R1|S_WPA_L36_DOC1.5_WOC2.0_N2700_F270_R1|U_WPB_L56_DOC2.0_WOC2.0_N2700_F270_R1|U_WPB_L56_DOC2.0_WOC2.0_N2700_F270_R4|S_WPB_L56_DOC0.5_WOC1.0_N2700_F270_R1|U_WPA_L36_DOC2.0_WOC2.0_N2700_F270_R4|S_WPB_L56_DOC0.5_WOC2.0_N2700_F270_R3|S_WPA_L36_DOC1.0_WOC1.0_N3600_F360_R4|U_WPA_L36_DOC2.0_WOC2.0_N2700_F270_R2|S_WPA_L36_DOC1.0_WOC2.0_N2700_F270_R2|S_WPA_L36_DOC0.5_WOC1.0_N2700_F270_R3|S_WPA_L36_DOC1.0_WOC1.0_N3600_F360_R2|S_WPB_L56_DOC1.0_WOC1.0_N3600_F360_R1|S_WPA_L36_DOC1.5_WOC2.0_N2700_F270_R3|S_WPA_L36_DOC1.5_WOC2.0_N2700_F270_R4|U_WPB_L56_DOC2.0_WOC1.0_N2700_F270_R4|S_WPA_L36_DOC1.5_WOC2.0_N2700_F270_R2|S_WPA_L36_DOC1.0_WOC2.0_N2700_F270_R3|S_WPA_L36_DOC0.5_WOC1.0_N3600_F360_R4|U_WPB_L56_DOC2.0_WOC1.0_N2700_F270_R2|U_WPB_L56_DOC2.0_WOC1.0_N2700_F270_R3|S_WPA_L36_DOC1.0_WOC2.0_N2700_F270_R1|S_WPA_L36_DOC1.0_WOC1.0_N2700_F270_R1,final structured retention evaluation
18,4,2,71,0.4,48,W2-k-medoids,uniform observed subset,48,28,33.0,15.0,0.875,0.75,1.0,0.75,S_WPA_L36_DOC0.5_WOC1.0_N2700_F270_R3|S_WPA_L36_DOC0.5_WOC1.0_N3600_F360_R4|S_WPA_L36_DOC1.0_WOC1.0_N2700_F270_R1|S_WPA_L36_DOC1.0_WOC1.0_N3600_F360_R1|S_WPA_L36_DOC1.5_WOC2.0_N2700_F270_R2|S_WPA_L36_DOC2.0_WOC1.0_N1800_F180_R2|S_WPA_L36_DOC2.0_WOC1.0_N1800_F180_R3|S_WPA_L36_DOC2.0_WOC1.0_N2700_F270_R1|S_WPA_L36_DOC3.0_WOC1.0_N1800_F180_R2|S_WPA_L36_DOC3.0_WOC1.0_N1800_F180_R3|S_WPA_L36_DOC3.0_WOC1.0_N1800_F180_R4|S_WPA_L36_DOC4.0_WOC1.0_N2700_F270_R3|S_WPA_L36_DOC6.0_WOC1.0_N2700_F270_R1|S_WPA_L36_DOC6.0_WOC1.0_N2700_F270_R2|S_WPA_L36_DOC6.0_WOC1.0_N2700_F270_R4|S_WPB_L56_DOC0.5_WOC1.0_N1800_F180_R4|S_WPB_L56_DOC0.5_WOC1.0_N2700_F270_R1|S_WPB_L56_DOC0.5_WOC1.0_N2700_F270_R3|S_WPB_L56_DOC0.5_WOC1.0_N2700_F270_R4|S_WPB_L56_DOC1.0_WOC1.0_N1800_F180_R3|S_WPB_L56_DOC1.0_WOC1.0_N2700_F270_R2|S_WPB_L56_DOC1.0_WOC1.0_N3600_F360_R3|S_WPB_L56_DOC1.0_WOC2.0_N2700_F270_R1|S_WPB_L56_DOC1.0_WOC2.0_N2700_F270_R2|S_WPB_L56_DOC1.0_WOC2.0_N2700_F270_R3|S_WPB_L56_DOC1.0_WOC2.0_N2700_F270_R4|S_WPB_L56_DOC1.5_WOC1.0_N2700_F270_R1|S_WPB_L56_DOC1.5_WOC1.0_N2700_F270_R2|S_WPB_L56_DOC1.5_WOC1.0_N2700_F270_R3|S_WPB_L56_DOC1.5_WOC1.0_N2700_F270_R4|S_WPB_L56_DOC1.5_WOC1.0_N3600_F360_R1|S_WPB_L56_DOC1.5_WOC1.0_N3600_F360_R4|S_WPB_L56_DOC1.5_WOC2.0_N2700_F270_R2|U_WPA_L36_DOC2.0_WOC1.0_N3600_F360_R1|U_WPA_L36_DOC2.0_WOC1.0_N3600_F360_R2|U_WPA_L36_DOC2.0_WOC1.0_N3600_F360_R4|U_WPA_L36_DOC2.0_WOC2.0_N2700_F270_R2|U_WPA_L36_DOC4.0_WOC2.0_N2700_F270_R3|U_WPA_L36_DOC4.0_WOC2.0_N2700_F270_R4|U_WPB_L56_DOC2.0_WOC1.0_N2700_F270_R3|U_WPB_L56_DOC2.0_WOC1.0_N3600_F360_R3|U_WPB_L56_DOC2.0_WOC2.0_N2700_F270_R2|U_WPB_L56_DOC3.0_WOC1.0_N1800_F180_R2|U_WPB_L56_DOC3.0_WOC1.0_N1800_F180_R3|U_WPB_L56_DOC4.0_WOC2.0_N2700_F270_R1|U_WPB_L56_DOC4.0_WOC2.0_N2700_F270_R3|U_WPB_L56_DOC6.0_WOC1.0_N2700_F270_R2|U_WPB_L56_DOC6.0_WOC1.0_N2700_F270_R3,final structured retention evaluation
19,4,3,71,0.4,48,Facility Location,uniform observed subset,48,27,27.0,21.0,1.0,1.0,1.0,1.0,S_WPA_L36_DOC1.5_WOC2.0_N2700_F270_R3|U_WPA_L36_DOC3.0_WOC1.0_N3600_F360_R4|U_WPB_L56_DOC2.0_WOC2.0_N2700_F270_R4|S_WPB_L56_DOC0.5_WOC2.0_N2700_F270_R3|S_WPA_L36_DOC1.0_WOC1.0_N2700_F270_R2|S_WPB_L56_DOC1.0_WOC2.0_N2700_F270_R3|S_WPB_L56_DOC1.5_WOC1.0_N3600_F360_R1|S_WPB_L56_DOC1.0_WOC2.0_N2700_F270_R2|U_WPA_L36_DOC3.0_WOC1.0_N3600_F360_R2|U_WPA_L36_DOC3.0_WOC1.0_N3600_F360_R1|S_WPB_L56_DOC1.5_WOC1.0_N2700_F270_R1|S_WPA_L36_DOC0.5_WOC1.0_N3600_F360_R4|S_WPB_L56_DOC0.5_WOC1.0_N3600_F360_R1|S_WPA_L36_DOC1.5_WOC1.0_N1800_F180_R4|U_WPB_L56_DOC2.0_WOC1.0_N1800_F180_R1|U_WPB_L56_DOC4.0_WOC1.0_N2700_F270_R3|S_WPA_L36_DOC3.0_WOC1.0_N1800_F180_R3|S_WPA_L36_DOC2.0_WOC1.0_N2700_F270_R4|U_WPA_L36_DOC4.0_WOC2.0_N2700_F270_R1|S_WPA_L36_DOC0.5_WOC2.0_N2700_F270_R2|U_WPA_L36_DOC2.0_WOC2.0_N2700_F270_R3|U_WPB_L56_DOC6.0_WOC1.0_N2700_F270_R3|S_WPB_L56_DOC1.0_WOC1.0_N1800_F180_R3|U_WPB_L56_DOC3.0_WOC1.0_N3600_F360_R1|S_WPB_L56_DOC0.5_WOC1.0_N3600_F360_R2|U_WPB_L56_DOC6.0_WOC1.0_N2700_F270_R2|U_WPA_L36_DOC2.0_WOC1.0_N3600_F360_R4|S_WPA_L36_DOC1.0_WOC1.0_N3600_F360_R1|S_WPB_L56_DOC1.5_WOC1.0_N3600_F360_R4|U_WPB_L56_DOC4.0_WOC1.0_N2700_F270_R1|S_WPB_L56_DOC1.0_WOC2.0_N2700_F270_R1|S_WPB_L56_DOC1.5_WOC1.0_N2700_F270_R3|S_WPA_L36_DOC1.0_WOC1.0_N2700_F270_R4|S_WPA_L36_DOC1.0_WOC1.0_N1800_F180_R2|U_WPA_L36_DOC2.0_WOC1.0_N3600_F360_R1|S_WPA_L36_DOC4.0_WOC1.0_N2700_F270_R2|U_WPA_L36_DOC2.0_WOC1.0_N3600_F360_R2|U_WPA_L36_DOC4.0_WOC2.0_N2700_F270_R2|S_WPA_L36_DOC3.0_WOC1.0_N1800_F180_R2|U_WPB_L56_DOC2.0_WOC1.0_N1800_F180_R3|S_WPA_L36_DOC3.0_WOC1.0_N1800_F180_R4|U_WPB_L56_DOC3.0_WOC1.0_N1800_F180_R3|U_WPA_L36_DOC3.0_WOC1.0_N3600_F360_R3|S_WPB_L56_DOC1.5_WOC1.0_N2700_F270_R2|S_WPA_L36_DOC4.0_WOC1.0_N2700_F270_R1|S_WPA_L36_DOC1.5_WOC1.0_N3600_F360_R2|U_WPB_L56_DOC3.0_WOC1.0_N1800_F180_R4|U_WPB_L56_DOC2.0_WOC2.0_N2700_F270_R1,final structured retention evaluation
19,4,3,71,0.4,48,MRDS,uniform observed subset,48,21,32.0,16.0,0.9464285714285714,1.0,0.8928571428571429,0.8928571428571429,U_WPA_L36_DOC4.0_WOC2.0_N2700_F270_R1|S_WPB_L56_DOC1.5_WOC1.0_N3600_F360_R1|S_WPB_L56_DOC1.0_WOC2.0_N2700_F270_R2|U_WPA_L36_DOC3.0_WOC1.0_N3600_F360_R1|U_WPA_L36_DOC3.0_WOC1.0_N3600_F360_R2|S_WPB_L56_DOC1.5_WOC1.0_N2700_F270_R1|S_WPB_L56_DOC1.0_WOC2.0_N2700_F270_R3|S_WPA_L36_DOC1.0_WOC2.0_N2700_F270_R4|S_WPB_L56_DOC0.5_WOC1.0_N3600_F360_R1|S_WPA_L36_DOC0.5_WOC1.0_N3600_F360_R3|S_WPA_L36_DOC0.5_WOC2.0_N2700_F270_R2|S_WPA_L36_DOC1.5_WOC2.0_N2700_F270_R2|U_WPA_L36_DOC2.0_WOC2.0_N2700_F270_R2|S_WPA_L36_DOC1.0_WOC2.0_N2700_F270_R3|S_WPA_L36_DOC0.5_WOC2.0_N2700_F270_R1|S_WPA_L36_DOC0.5_WOC2.0_N2700_F270_R4|S_WPA_L36_DOC1.0_WOC2.0_N2700_F270_R1|U_WPA_L36_DOC4.0_WOC2.0_N2700_F270_R4|U_WPB_L56_DOC3.0_WOC1.0_N3600_F360_R3|S_WPB_L56_DOC1.0_WOC1.0_N1800_F180_R3|S_WPA_L36_DOC0.5_WOC2.0_N2700_F270_R3|S_WPA_L36_DOC1.0_WOC1.0_N1800_F180_R4|S_WPA_L36_DOC2.0_WOC1.0_N2700_F270_R2|S_WPA_L36_DOC0.5_WOC1.0_N3600_F360_R4|U_WPB_L56_DOC3.0_WOC1.0_N3600_F360_R4|S_WPA_L36_DOC1.0_WOC1.0_N3600_F360_R4|U_WPB_L56_DOC4.0_WOC1.0_N2700_F270_R2|S_WPA_L36_DOC1.5_WOC1.0_N3600_F360_R3|U_WPA_L36_DOC2.0_WOC2.0_N2700_F270_R1|S_WPA_L36_DOC1.0_WOC2.0_N2700_F270_R2|U_WPA_L36_DOC2.0_WOC2.0_N2700_F270_R4|S_WPA_L36_DOC1.5_WOC2.0_N2700_F270_R1|U_WPB_L56_DOC2.0_WOC2.0_N2700_F270_R4|S_WPA_L36_DOC1.0_WOC1.0_N3600_F360_R3|S_WPA_L36_DOC1.0_WOC1.0_N3600_F360_R2|U_WPA_L36_DOC3.0_WOC1.0_N3600_F360_R4|S_WPA_L36_DOC1.5_WOC1.0_N3600_F360_R1|S_WPB_L56_DOC1.5_WOC1.0_N3600_F360_R2|U_WPB_L56_DOC3.0_WOC1.0_N3600_F360_R1|S_WPA_L36_DOC1.5_WOC1.0_N3600_F360_R2|U_WPB_L56_DOC2.0_WOC1.0_N1800_F180_R2|S_WPA_L36_DOC1.5_WOC1.0_N3600_F360_R4|S_WPA_L36_DOC1.5_WOC1.0_N1800_F180_R1|S_WPA_L36_DOC1.5_WOC2.0_N2700_F270_R4|S_WPA_L36_DOC1.0_WOC1.0_N1800_F180_R3|U_WPB_L56_DOC4.0_WOC1.0_N2700_F270_R1|U_WPA_L36_DOC2.0_WOC2.0_N2700_F270_R3|S_WPA_L36_DOC1.5_WOC2.0_N2700_F270_R3,final structured retention evaluation
19,4,3,71,0.4,48,W2-k-medoids,uniform observed subset,48,28,29.0,19.0,1.0,1.0,1.0,1.0,S_WPA_L36_DOC0.5_WOC1.0_N3600_F360_R4|S_WPA_L36_DOC0.5_WOC2.0_N2700_F270_R1|S_WPA_L36_DOC1.0_WOC1.0_N1800_F180_R2|S_WPA_L36_DOC1.0_WOC1.0_N2700_F270_R1|S_WPA_L36_DOC1.0_WOC1.0_N2700_F270_R4|S_WPA_L36_DOC1.0_WOC1.0_N3600_F360_R1|S_WPA_L36_DOC1.5_WOC1.0_N1800_F180_R3|S_WPA_L36_DOC1.5_WOC1.0_N3600_F360_R2|S_WPA_L36_DOC1.5_WOC2.0_N2700_F270_R1|S_WPA_L36_DOC2.0_WOC1.0_N2700_F270_R1|S_WPA_L36_DOC2.0_WOC1.0_N2700_F270_R3|S_WPA_L36_DOC3.0_WOC1.0_N1800_F180_R2|S_WPA_L36_DOC3.0_WOC1.0_N1800_F180_R3|S_WPA_L36_DOC3.0_WOC1.0_N1800_F180_R4|S_WPA_L36_DOC4.0_WOC1.0_N2700_F270_R1|S_WPA_L36_DOC4.0_WOC1.0_N2700_F270_R2|S_WPB_L56_DOC0.5_WOC1.0_N3600_F360_R1|S_WPB_L56_DOC0.5_WOC1.0_N3600_F360_R2|S_WPB_L56_DOC0.5_WOC2.0_N2700_F270_R3|S_WPB_L56_DOC1.0_WOC1.0_N1800_F180_R3|S_WPB_L56_DOC1.0_WOC2.0_N2700_F270_R1|S_WPB_L56_DOC1.0_WOC2.0_N2700_F270_R2|S_WPB_L56_DOC1.0_WOC2.0_N2700_F270_R3|S_WPB_L56_DOC1.5_WOC1.0_N1800_F180_R3|S_WPB_L56_DOC1.5_WOC1.0_N2700_F270_R1|S_WPB_L56_DOC1.5_WOC1.0_N2700_F270_R2|S_WPB_L56_DOC1.5_WOC1.0_N2700_F270_R3|S_WPB_L56_DOC1.5_WOC1.0_N3600_F360_R1|S_WPB_L56_DOC1.5_WOC1.0_N3600_F360_R4|U_WPA_L36_DOC2.0_WOC1.0_N3600_F360_R1|U_WPA_L36_DOC2.0_WOC1.0_N3600_F360_R2|U_WPA_L36_DOC2.0_WOC1.0_N3600_F360_R3|U_WPA_L36_DOC2.0_WOC2.0_N2700_F270_R3|U_WPA_L36_DOC3.0_WOC1.0_N3600_F360_R1|U_WPA_L36_DOC3.0_WOC1.0_N3600_F360_R2|U_WPA_L36_DOC3.0_WOC1.0_N3600_F360_R3|U_WPA_L36_DOC4.0_WOC2.0_N2700_F270_R2|U_WPA_L36_DOC4.0_WOC2.0_N2700_F270_R4|U_WPB_L56_DOC2.0_WOC1.0_N1800_F180_R1|U_WPB_L56_DOC2.0_WOC1.0_N1800_F180_R3|U_WPB_L56_DOC2.0_WOC2.0_N2700_F270_R2|U_WPB_L56_DOC3.0_WOC1.0_N1800_F180_R3|U_WPB_L56_DOC3.0_WOC1.0_N1800_F180_R4|U_WPB_L56_DOC3.0_WOC1.0_N3600_F360_R1|U_WPB_L56_DOC4.0_WOC1.0_N2700_F270_R1|U_WPB_L56_DOC4.0_WOC1.0_N2700_F270_R3|U_WPB_L56_DOC6.0_WOC1.0_N2700_F270_R2|U_WPB_L56_DOC6.0_WOC1.0_N2700_F270_R3,final structured retention evaluation
0,0,0,11,0.5,60,Facility Location,uniform observed subset,60,29,36.0,24.0,1.0,1.0,1.0,1.0,S_WPA_L36_DOC1.5_WOC2.0_N2700_F270_R1|U_WPA_L36_DOC3.0_WOC1.0_N3600_F360_R4|U_WPB_L56_DOC2.0_WOC2.0_N2700_F270_R2|S_WPA_L36_DOC1.0_WOC1.0_N2700_F270_R1|S_WPB_L56_DOC0.5_WOC2.0_N2700_F270_R2|S_WPB_L56_DOC0.5_WOC1.0_N2700_F270_R3|S_WPA_L36_DOC2.0_WOC1.0_N1800_F180_R2|S_WPB_L56_DOC1.5_WOC1.0_N3600_F360_R1|U_WPA_L36_DOC3.0_WOC1.0_N3600_F360_R1|U_WPA_L36_DOC3.0_WOC1.0_N3600_F360_R2|S_WPB_L56_DOC1.5_WOC1.0_N2700_F270_R1|S_WPA_L36_DOC0.5_WOC1.0_N3600_F360_R4|U_WPB_L56_DOC4.0_WOC2.0_N2700_F270_R2|U_WPB_L56_DOC2.0_WOC1.0_N1800_F180_R1|S_WPA_L36_DOC2.0_WOC1.0_N2700_F270_R3|S_WPA_L36_DOC3.0_WOC1.0_N1800_F180_R3|U_WPB_L56_DOC6.0_WOC1.0_N2700_F270_R3|S_WPB_L56_DOC0.5_WOC1.0_N2700_F270_R1|S_WPB_L56_DOC1.0_WOC1.0_N1800_F180_R3|S_WPA_L36_DOC0.5_WOC2.0_N2700_F270_R2|U_WPB_L56_DOC2.0_WOC1.0_N3600_F360_R3|U_WPB_L56_DOC4.0_WOC1.0_N2700_F270_R1|U_WPB_L56_DOC4.0_WOC1.0_N2700_F270_R3|S_WPA_L36_DOC1.0_WOC1.0_N2700_F270_R4|S_WPB_L56_DOC0.5_WOC1.0_N1800_F180_R2|U_WPB_L56_DOC4.0_WOC2.0_N2700_F270_R1|S_WPB_L56_DOC1.5_WOC1.0_N3600_F360_R4|U_WPA_L36_DOC2.0_WOC1.0_N3600_F360_R4|S_WPA_L36_DOC1.0_WOC1.0_N3600_F360_R1|S_WPB_L56_DOC1.5_WOC1.0_N2700_F270_R3|S_WPA_L36_DOC2.0_WOC1.0_N1800_F180_R3|S_WPA_L36_DOC2.0_WOC1.0_N2700_F270_R1|S_WPB_L56_DOC1.0_WOC1.0_N2700_F270_R2|U_WPA_L36_DOC2.0_WOC1.0_N3600_F360_R1|S_WPA_L36_DOC3.0_WOC1.0_N1800_F180_R2|S_WPB_L56_DOC1.5_WOC2.0_N2700_F270_R2|U_WPA_L36_DOC2.0_WOC1.0_N3600_F360_R2|U_WPB_L56_DOC2.0_WOC1.0_N2700_F270_R3|U_WPB_L56_DOC6.0_WOC1.0_N2700_F270_R2|S_WPA_L36_DOC4.0_WOC1.0_N2700_F270_R2|S_WPB_L56_DOC0.5_WOC1.0_N2700_F270_R4|U_WPB_L56_DOC2.0_WOC1.0_N1800_F180_R3|S_WPB_L56_DOC1.5_WOC1.0_N2700_F270_R2|S_WPA_L36_DOC3.0_WOC1.0_N1800_F180_R4|S_WPB_L56_DOC1.5_WOC1.0_N2700_F270_R4|U_WPA_L36_DOC3.0_WOC1.0_N3600_F360_R3|S_WPA_L36_DOC6.0_WOC1.0_N2700_F270_R1|S_WPB_L56_DOC1.5_WOC2.0_N2700_F270_R1|U_WPB_L56_DOC3.0_WOC1.0_N1800_F180_R4|S_WPA_L36_DOC1.5_WOC1.0_N3600_F360_R2|U_WPB_L56_DOC3.0_WOC1.0_N1800_F180_R1|U_WPB_L56_DOC4.0_WOC2.0_N2700_F270_R3|S_WPA_L36_DOC4.0_WOC1.0_N2700_F270_R1|U_WPA_L36_DOC2.0_WOC1.0_N3600_F360_R3|S_WPA_L36_DOC3.0_WOC1.0_N1800_F180_R1|S_WPA_L36_DOC6.0_WOC1.0_N2700_F270_R3|U_WPB_L56_DOC2.0_WOC1.0_N2700_F270_R1|U_WPB_L56_DOC3.0_WOC1.0_N1800_F180_R2|S_WPB_L56_DOC1.0_WOC1.0_N1800_F180_R4|S_WPA_L36_DOC6.0_WOC1.0_N2700_F270_R2,final structured retention evaluation
0,0,0,11,0.5,60,MRDS,uniform observed subset,60,25,42.0,18.0,1.0,1.0,1.0,1.0,S_WPB_L56_DOC1.0_WOC1.0_N2700_F270_R1|S_WPB_L56_DOC1.5_WOC1.0_N3600_F360_R1|S_WPA_L36_DOC2.0_WOC1.0_N1800_F180_R2|U_WPA_L36_DOC3.0_WOC1.0_N3600_F360_R1|U_WPA_L36_DOC3.0_WOC1.0_N3600_F360_R2|S_WPB_L56_DOC1.5_WOC1.0_N2700_F270_R1|S_WPB_L56_DOC0.5_WOC1.0_N2700_F270_R2|U_WPB_L56_DOC4.0_WOC2.0_N2700_F270_R2|U_WPA_L36_DOC3.0_WOC1.0_N3600_F360_R3|S_WPA_L36_DOC0.5_WOC2.0_N2700_F270_R1|S_WPA_L36_DOC1.0_WOC2.0_N2700_F270_R2|S_WPA_L36_DOC1.0_WOC1.0_N2700_F270_R1|S_WPA_L36_DOC1.0_WOC2.0_N2700_F270_R1|S_WPB_L56_DOC1.0_WOC1.0_N2700_F270_R2|S_WPB_L56_DOC1.0_WOC1.0_N2700_F270_R3|U_WPA_L36_DOC3.0_WOC1.0_N3600_F360_R4|S_WPA_L36_DOC0.5_WOC2.0_N2700_F270_R2|S_WPB_L56_DOC0.5_WOC2.0_N2700_F270_R1|S_WPA_L36_DOC2.0_WOC1.0_N2700_F270_R2|S_WPB_L56_DOC1.5_WOC1.0_N3600_F360_R3|S_WPA_L36_DOC0.5_WOC2.0_N2700_F270_R4|S_WPB_L56_DOC1.0_WOC1.0_N2700_F270_R4|U_WPB_L56_DOC4.0_WOC1.0_N2700_F270_R1|S_WPA_L36_DOC1.0_WOC1.0_N3600_F360_R4|S_WPA_L36_DOC1.0_WOC2.0_N2700_F270_R3|S_WPA_L36_DOC0.5_WOC2.0_N2700_F270_R3|S_WPA_L36_DOC0.5_WOC1.0_N3600_F360_R3|S_WPB_L56_DOC1.0_WOC1.0_N1800_F180_R1|U_WPB_L56_DOC2.0_WOC1.0_N2700_F270_R4|U_WPB_L56_DOC2.0_WOC1.0_N3600_F360_R3|S_WPA_L36_DOC6.0_WOC1.0_N2700_F270_R3|S_WPA_L36_DOC4.0_WOC1.0_N2700_F270_R3|U_WPB_L56_DOC2.0_WOC1.0_N3600_F360_R1|S_WPA_L36_DOC0.5_WOC1.0_N3600_F360_R4|S_WPA_L36_DOC0.5_WOC1.0_N3600_F360_R1|U_WPB_L56_DOC2.0_WOC1.0_N2700_F270_R3|U_WPB_L56_DOC2.0_WOC2.0_N2700_F270_R4|S_WPA_L36_DOC1.0_WOC1.0_N3600_F360_R3|S_WPA_L36_DOC1.5_WOC1.0_N3600_F360_R3|S_WPB_L56_DOC0.5_WOC1.0_N2700_F270_R1|U_WPB_L56_DOC2.0_WOC1.0_N2700_F270_R1|U_WPB_L56_DOC4.0_WOC1.0_N2700_F270_R4|S_WPA_L36_DOC1.5_WOC2.0_N2700_F270_R3|U_WPA_L36_DOC2.0_WOC1.0_N3600_F360_R3|S_WPB_L56_DOC1.0_WOC1.0_N1800_F180_R3|S_WPA_L36_DOC1.5_WOC1.0_N3600_F360_R4|U_WPB_L56_DOC4.0_WOC1.0_N2700_F270_R2|S_WPA_L36_DOC1.5_WOC2.0_N2700_F270_R2|S_WPA_L36_DOC1.5_WOC1.0_N3600_F360_R1|S_WPA_L36_DOC1.0_WOC1.0_N3600_F360_R2|S_WPA_L36_DOC0.5_WOC1.0_N3600_F360_R2|S_WPB_L56_DOC1.0_WOC1.0_N1800_F180_R2|U_WPB_L56_DOC2.0_WOC1.0_N3600_F360_R2|S_WPA_L36_DOC1.0_WOC2.0_N2700_F270_R4|S_WPA_L36_DOC1.5_WOC2.0_N2700_F270_R4|U_WPB_L56_DOC2.0_WOC1.0_N2700_F270_R2|S_WPA_L36_DOC1.5_WOC2.0_N2700_F270_R1|S_WPA_L36_DOC1.5_WOC1.0_N3600_F360_R2|S_WPB_L56_DOC1.5_WOC1.0_N3600_F360_R2|U_WPB_L56_DOC2.0_WOC1.0_N1800_F180_R2,final structured retention evaluation
0,0,0,11,0.5,60,W2-k-medoids,uniform observed subset,60,29,36.0,24.0,1.0,1.0,1.0,1.0,S_WPA_L36_DOC0.5_WOC1.0_N3600_F360_R3|S_WPA_L36_DOC0.5_WOC2.0_N2700_F270_R3|S_WPA_L36_DOC1.0_WOC1.0_N2700_F270_R2|S_WPA_L36_DOC1.0_WOC1.0_N3600_F360_R1|S_WPA_L36_DOC1.5_WOC1.0_N3600_F360_R2|S_WPA_L36_DOC1.5_WOC2.0_N2700_F270_R2|S_WPA_L36_DOC2.0_WOC1.0_N1800_F180_R2|S_WPA_L36_DOC2.0_WOC1.0_N1800_F180_R3|S_WPA_L36_DOC2.0_WOC1.0_N2700_F270_R1|S_WPA_L36_DOC2.0_WOC1.0_N2700_F270_R3|S_WPA_L36_DOC2.0_WOC1.0_N2700_F270_R4|S_WPA_L36_DOC3.0_WOC1.0_N1800_F180_R1|S_WPA_L36_DOC3.0_WOC1.0_N1800_F180_R2|S_WPA_L36_DOC3.0_WOC1.0_N1800_F180_R3|S_WPA_L36_DOC3.0_WOC1.0_N1800_F180_R4|S_WPA_L36_DOC4.0_WOC1.0_N2700_F270_R2|S_WPA_L36_DOC6.0_WOC1.0_N2700_F270_R1|S_WPA_L36_DOC6.0_WOC1.0_N2700_F270_R2|S_WPA_L36_DOC6.0_WOC1.0_N2700_F270_R3|S_WPA_L36_DOC6.0_WOC1.0_N2700_F270_R4|S_WPB_L56_DOC0.5_WOC1.0_N1800_F180_R4|S_WPB_L56_DOC0.5_WOC1.0_N2700_F270_R1|S_WPB_L56_DOC0.5_WOC1.0_N2700_F270_R3|S_WPB_L56_DOC0.5_WOC1.0_N2700_F270_R4|S_WPB_L56_DOC0.5_WOC2.0_N2700_F270_R3|S_WPB_L56_DOC1.0_WOC1.0_N1800_F180_R3|S_WPB_L56_DOC1.0_WOC1.0_N1800_F180_R4|S_WPB_L56_DOC1.0_WOC1.0_N2700_F270_R2|S_WPB_L56_DOC1.5_WOC1.0_N2700_F270_R1|S_WPB_L56_DOC1.5_WOC1.0_N2700_F270_R2|S_WPB_L56_DOC1.5_WOC1.0_N2700_F270_R3|S_WPB_L56_DOC1.5_WOC1.0_N2700_F270_R4|S_WPB_L56_DOC1.5_WOC1.0_N3600_F360_R1|S_WPB_L56_DOC1.5_WOC1.0_N3600_F360_R4|S_WPB_L56_DOC1.5_WOC2.0_N2700_F270_R2|S_WPB_L56_DOC1.5_WOC2.0_N2700_F270_R3|U_WPA_L36_DOC2.0_WOC1.0_N3600_F360_R1|U_WPA_L36_DOC2.0_WOC1.0_N3600_F360_R2|U_WPA_L36_DOC2.0_WOC1.0_N3600_F360_R3|U_WPA_L36_DOC2.0_WOC1.0_N3600_F360_R4|U_WPA_L36_DOC3.0_WOC1.0_N3600_F360_R1|U_WPA_L36_DOC3.0_WOC1.0_N3600_F360_R2|U_WPA_L36_DOC3.0_WOC1.0_N3600_F360_R3|U_WPA_L36_DOC3.0_WOC1.0_N3600_F360_R4|U_WPB_L56_DOC2.0_WOC1.0_N1800_F180_R1|U_WPB_L56_DOC2.0_WOC1.0_N1800_F180_R3|U_WPB_L56_DOC2.0_WOC1.0_N2700_F270_R1|U_WPB_L56_DOC2.0_WOC1.0_N2700_F270_R2|U_WPB_L56_DOC2.0_WOC1.0_N3600_F360_R2|U_WPB_L56_DOC2.0_WOC2.0_N2700_F270_R2|U_WPB_L56_DOC3.0_WOC1.0_N1800_F180_R2|U_WPB_L56_DOC3.0_WOC1.0_N1800_F180_R3|U_WPB_L56_DOC3.0_WOC1.0_N1800_F180_R4|U_WPB_L56_DOC4.0_WOC1.0_N2700_F270_R1|U_WPB_L56_DOC4.0_WOC1.0_N2700_F270_R3|U_WPB_L56_DOC4.0_WOC2.0_N2700_F270_R1|U_WPB_L56_DOC4.0_WOC2.0_N2700_F270_R2|U_WPB_L56_DOC4.0_WOC2.0_N2700_F270_R3|U_WPB_L56_DOC6.0_WOC1.0_N2700_F270_R2|U_WPB_L56_DOC6.0_WOC1.0_N2700_F270_R3,final structured retention evaluation
1,0,1,11,0.5,60,Facility Location,uniform observed subset,60,27,33.0,27.0,0.9464285714285714,1.0,0.8928571428571429,0.8928571428571429,S_WPA_L36_DOC1.5_WOC2.0_N2700_F270_R2|U_WPB_L56_DOC3.0_WOC1.0_N3600_F360_R3|U_WPA_L36_DOC3.0_WOC1.0_N3600_F360_R4|S_WPB_L56_DOC1.0_WOC2.0_N2700_F270_R4|S_WPA_L36_DOC1.0_WOC1.0_N2700_F270_R1|S_WPB_L56_DOC1.0_WOC2.0_N2700_F270_R3|S_WPA_L36_DOC2.0_WOC1.0_N1800_F180_R2|S_WPB_L56_DOC1.5_WOC1.0_N3600_F360_R1|U_WPA_L36_DOC3.0_WOC1.0_N3600_F360_R2|U_WPA_L36_DOC3.0_WOC1.0_N3600_F360_R1|S_WPB_L56_DOC1.5_WOC1.0_N2700_F270_R1|S_WPB_L56_DOC1.0_WOC2.0_N2700_F270_R2|S_WPB_L56_DOC0.5_WOC1.0_N3600_F360_R1|S_WPA_L36_DOC2.0_WOC1.0_N1800_F180_R4|U_WPB_L56_DOC4.0_WOC2.0_N2700_F270_R2|U_WPA_L36_DOC4.0_WOC2.0_N2700_F270_R1|S_WPA_L36_DOC0.5_WOC1.0_N3600_F360_R4|S_WPA_L36_DOC1.5_WOC1.0_N1800_F180_R3|U_WPA_L36_DOC2.0_WOC2.0_N2700_F270_R2|U_WPB_L56_DOC2.0_WOC1.0_N1800_F180_R2|U_WPB_L56_DOC6.0_WOC1.0_N2700_F270_R3|S_WPA_L36_DOC4.0_WOC1.0_N2700_F270_R2|U_WPB_L56_DOC4.0_WOC2.0_N2700_F270_R1|S_WPA_L36_DOC1.0_WOC1.0_N2700_F270_R4|U_WPA_L36_DOC2.0_WOC1.0_N3600_F360_R4|S_WPA_L36_DOC0.5_WOC1.0_N2700_F270_R3|S_WPB_L56_DOC0.5_WOC1.0_N3600_F360_R2|S_WPB_L56_DOC1.5_WOC1.0_N3600_F360_R4|S_WPB_L56_DOC1.5_WOC1.0_N2700_F270_R3|U_WPB_L56_DOC2.0_WOC1.0_N3600_F360_R3|S_WPB_L56_DOC1.5_WOC1.0_N1800_F180_R3|S_WPB_L56_DOC1.0_WOC2.0_N2700_F270_R1|U_WPB_L56_DOC2.0_WOC1.0_N1800_F180_R3|S_WPA_L36_DOC1.0_WOC1.0_N1800_F180_R2|U_WPB_L56_DOC2.0_WOC1.0_N2700_F270_R2|S_WPB_L56_DOC1.0_WOC1.0_N2700_F270_R2|U_WPA_L36_DOC2.0_WOC1.0_N3600_F360_R1|U_WPB_L56_DOC4.0_WOC2.0_N2700_F270_R3|S_WPA_L36_DOC4.0_WOC1.0_N2700_F270_R3|U_WPB_L56_DOC6.0_WOC1.0_N2700_F270_R2|U_WPA_L36_DOC2.0_WOC1.0_N3600_F360_R2|S_WPB_L56_DOC1.5_WOC2.0_N2700_F270_R2|U_WPA_L36_DOC4.0_WOC2.0_N2700_F270_R2|S_WPB_L56_DOC1.5_WOC1.0_N2700_F270_R4|S_WPA_L36_DOC6.0_WOC1.0_N2700_F270_R1|S_WPB_L56_DOC1.5_WOC1.0_N2700_F270_R2|S_WPB_L56_DOC1.5_WOC2.0_N2700_F270_R1|U_WPA_L36_DOC3.0_WOC1.0_N3600_F360_R3|S_WPA_L36_DOC4.0_WOC1.0_N2700_F270_R1|S_WPA_L36_DOC1.5_WOC1.0_N3600_F360_R1|U_WPA_L36_DOC2.0_WOC1.0_N3600_F360_R3|U_WPB_L56_DOC2.0_WOC1.0_N1800_F180_R4|U_WPA_L36_DOC2.0_WOC2.0_N2700_F270_R4|U_WPB_L56_DOC3.0_WOC1.0_N3600_F360_R2|S_WPA_L36_DOC1.0_WOC1.0_N1800_F180_R4|S_WPB_L56_DOC0.5_WOC1.0_N3600_F360_R3|U_WPB_L56_DOC2.0_WOC1.0_N2700_F270_R4|U_WPB_L56_DOC2.0_WOC1.0_N2700_F270_R1|S_WPA_L36_DOC6.0_WOC1.0_N2700_F270_R2|U_WPB_L56_DOC2.0_WOC1.0_N1800_F180_R1,final structured retention evaluation
1,0,1,11,0.5,60,MRDS,uniform observed subset,60,25,40.0,20.0,0.9285714285714286,1.0,0.8571428571428571,0.8571428571428571,S_WPA_L36_DOC1.0_WOC2.0_N2700_F270_R1|S_WPB_L56_DOC1.5_WOC1.0_N3600_F360_R1|S_WPA_L36_DOC2.0_WOC1.0_N1800_F180_R2|U_WPA_L36_DOC3.0_WOC1.0_N3600_F360_R1|U_WPA_L36_DOC3.0_WOC1.0_N3600_F360_R2|S_WPB_L56_DOC0.5_WOC1.0_N3600_F360_R1|S_WPB_L56_DOC1.5_WOC1.0_N2700_F270_R1|S_WPB_L56_DOC1.0_WOC2.0_N2700_F270_R2|S_WPB_L56_DOC1.0_WOC2.0_N2700_F270_R3|U_WPB_L56_DOC4.0_WOC2.0_N2700_F270_R1|U_WPA_L36_DOC3.0_WOC1.0_N3600_F360_R3|S_WPA_L36_DOC1.0_WOC1.0_N1800_F180_R3|U_WPB_L56_DOC2.0_WOC1.0_N3600_F360_R1|S_WPA_L36_DOC6.0_WOC1.0_N2700_F270_R3|S_WPB_L56_DOC1.5_WOC1.0_N1800_F180_R4|S_WPB_L56_DOC1.0_WOC1.0_N2700_F270_R2|S_WPA_L36_DOC1.0_WOC1.0_N2700_F270_R3|S_WPA_L36_DOC1.5_WOC2.0_N2700_F270_R3|U_WPA_L36_DOC2.0_WOC2.0_N2700_F270_R3|S_WPB_L56_DOC0.5_WOC2.0_N2700_F270_R4|S_WPB_L56_DOC1.5_WOC1.0_N1800_F180_R3|S_WPA_L36_DOC1.0_WOC1.0_N1800_F180_R2|S_WPA_L36_DOC0.5_WOC1.0_N3600_F360_R1|S_WPB_L56_DOC1.0_WOC1.0_N3600_F360_R1|S_WPB_L56_DOC0.5_WOC1.0_N3600_F360_R2|S_WPB_L56_DOC1.5_WOC1.0_N3600_F360_R2|U_WPB_L56_DOC2.0_WOC1.0_N2700_F270_R4|U_WPB_L56_DOC2.0_WOC1.0_N3600_F360_R3|S_WPA_L36_DOC1.0_WOC2.0_N2700_F270_R3|U_WPB_L56_DOC2.0_WOC1.0_N2700_F270_R1|U_WPA_L36_DOC2.0_WOC2.0_N2700_F270_R4|S_WPA_L36_DOC1.5_WOC1.0_N3600_F360_R2|S_WPA_L36_DOC4.0_WOC1.0_N2700_F270_R3|U_WPA_L36_DOC2.0_WOC2.0_N2700_F270_R2|S_WPA_L36_DOC0.5_WOC1.0_N3600_F360_R3|S_WPA_L36_DOC1.5_WOC1.0_N3600_F360_R1|U_WPB_L56_DOC2.0_WOC1.0_N3600_F360_R4|S_WPB_L56_DOC1.0_WOC1.0_N3600_F360_R3|U_WPB_L56_DOC2.0_WOC1.0_N2700_F270_R2|S_WPA_L36_DOC0.5_WOC1.0_N2700_F270_R3|S_WPA_L36_DOC1.5_WOC2.0_N2700_F270_R2|U_WPA_L36_DOC4.0_WOC2.0_N2700_F270_R1|U_WPB_L56_DOC4.0_WOC2.0_N2700_F270_R4|S_WPA_L36_DOC0.5_WOC1.0_N2700_F270_R1|U_WPA_L36_DOC2.0_WOC2.0_N2700_F270_R1|S_WPA_L36_DOC1.5_WOC1.0_N3600_F360_R4|S_WPA_L36_DOC1.0_WOC2.0_N2700_F270_R2|U_WPA_L36_DOC3.0_WOC1.0_N3600_F360_R4|S_WPA_L36_DOC1.5_WOC2.0_N2700_F270_R4|S_WPA_L36_DOC0.5_WOC1.0_N3600_F360_R4|S_WPB_L56_DOC1.5_WOC1.0_N1800_F180_R2|S_WPA_L36_DOC1.0_WOC1.0_N1800_F180_R4|S_WPA_L36_DOC1.5_WOC1.0_N3600_F360_R3|S_WPA_L36_DOC1.0_WOC2.0_N2700_F270_R4|S_WPA_L36_DOC1.5_WOC2.0_N2700_F270_R1|S_WPB_L56_DOC1.0_WOC1.0_N2700_F270_R1|S_WPA_L36_DOC0.5_WOC1.0_N2700_F270_R2|U_WPB_L56_DOC2.0_WOC1.0_N2700_F270_R3|U_WPA_L36_DOC4.0_WOC2.0_N2700_F270_R4|U_WPB_L56_DOC3.0_WOC1.0_N3600_F360_R3,final structured retention evaluation
1,0,1,11,0.5,60,W2-k-medoids,uniform observed subset,60,26,33.0,27.0,0.9464285714285714,1.0,0.8928571428571429,0.8928571428571429,S_WPA_L36_DOC0.5_WOC1.0_N2700_F270_R3|S_WPA_L36_DOC0.5_WOC1.0_N3600_F360_R3|S_WPA_L36_DOC1.0_WOC1.0_N1800_F180_R2|S_WPA_L36_DOC1.0_WOC1.0_N1800_F180_R4|S_WPA_L36_DOC1.0_WOC1.0_N2700_F270_R2|S_WPA_L36_DOC1.5_WOC1.0_N1800_F180_R3|S_WPA_L36_DOC1.5_WOC1.0_N3600_F360_R2|S_WPA_L36_DOC1.5_WOC2.0_N2700_F270_R2|S_WPA_L36_DOC2.0_WOC1.0_N1800_F180_R2|S_WPA_L36_DOC2.0_WOC1.0_N1800_F180_R3|S_WPA_L36_DOC4.0_WOC1.0_N2700_F270_R1|S_WPA_L36_DOC4.0_WOC1.0_N2700_F270_R2|S_WPA_L36_DOC4.0_WOC1.0_N2700_F270_R3|S_WPA_L36_DOC4.0_WOC1.0_N2700_F270_R4|S_WPA_L36_DOC6.0_WOC1.0_N2700_F270_R1|S_WPA_L36_DOC6.0_WOC1.0_N2700_F270_R2|S_WPB_L56_DOC0.5_WOC1.0_N3600_F360_R1|S_WPB_L56_DOC0.5_WOC1.0_N3600_F360_R2|S_WPB_L56_DOC0.5_WOC1.0_N3600_F360_R3|S_WPB_L56_DOC1.0_WOC1.0_N2700_F270_R2|S_WPB_L56_DOC1.0_WOC2.0_N2700_F270_R1|S_WPB_L56_DOC1.0_WOC2.0_N2700_F270_R2|S_WPB_L56_DOC1.0_WOC2.0_N2700_F270_R3|S_WPB_L56_DOC1.0_WOC2.0_N2700_F270_R4|S_WPB_L56_DOC1.5_WOC1.0_N1800_F180_R3|S_WPB_L56_DOC1.5_WOC1.0_N2700_F270_R1|S_WPB_L56_DOC1.5_WOC1.0_N2700_F270_R2|S_WPB_L56_DOC1.5_WOC1.0_N2700_F270_R3|S_WPB_L56_DOC1.5_WOC1.0_N2700_F270_R4|S_WPB_L56_DOC1.5_WOC1.0_N3600_F360_R1|S_WPB_L56_DOC1.5_WOC1.0_N3600_F360_R4|S_WPB_L56_DOC1.5_WOC2.0_N2700_F270_R1|S_WPB_L56_DOC1.5_WOC2.0_N2700_F270_R2|U_WPA_L36_DOC2.0_WOC1.0_N3600_F360_R1|U_WPA_L36_DOC2.0_WOC1.0_N3600_F360_R2|U_WPA_L36_DOC2.0_WOC1.0_N3600_F360_R3|U_WPA_L36_DOC2.0_WOC1.0_N3600_F360_R4|U_WPA_L36_DOC2.0_WOC2.0_N2700_F270_R2|U_WPA_L36_DOC2.0_WOC2.0_N2700_F270_R4|U_WPA_L36_DOC3.0_WOC1.0_N3600_F360_R1|U_WPA_L36_DOC3.0_WOC1.0_N3600_F360_R2|U_WPA_L36_DOC3.0_WOC1.0_N3600_F360_R3|U_WPA_L36_DOC3.0_WOC1.0_N3600_F360_R4|U_WPA_L36_DOC4.0_WOC2.0_N2700_F270_R1|U_WPA_L36_DOC4.0_WOC2.0_N2700_F270_R3|U_WPB_L56_DOC2.0_WOC1.0_N1800_F180_R1|U_WPB_L56_DOC2.0_WOC1.0_N1800_F180_R2|U_WPB_L56_DOC2.0_WOC1.0_N1800_F180_R3|U_WPB_L56_DOC2.0_WOC1.0_N1800_F180_R4|U_WPB_L56_DOC2.0_WOC1.0_N2700_F270_R1|U_WPB_L56_DOC2.0_WOC1.0_N2700_F270_R2|U_WPB_L56_DOC2.0_WOC1.0_N2700_F270_R4|U_WPB_L56_DOC3.0_WOC1.0_N3600_F360_R2|U_WPB_L56_DOC3.0_WOC1.0_N3600_F360_R4|U_WPB_L56_DOC4.0_WOC2.0_N2700_F270_R1|U_WPB_L56_DOC4.0_WOC2.0_N2700_F270_R2|U_WPB_L56_DOC4.0_WOC2.0_N2700_F270_R3|U_WPB_L56_DOC6.0_WOC1.0_N2700_F270_R1|U_WPB_L56_DOC6.0_WOC1.0_N2700_F270_R2|U_WPB_L56_DOC6.0_WOC1.0_N2700_F270_R4,final structured retention evaluation
2,0,2,11,0.5,60,Facility Location,uniform observed subset,60,27,38.0,22.0,0.90625,0.8125,1.0,0.8125,S_WPA_L36_DOC1.5_WOC2.0_N2700_F270_R3|U_WPB_L56_DOC2.0_WOC1.0_N2700_F270_R2|S_WPB_L56_DOC1.0_WOC2.0_N2700_F270_R4|S_WPA_L36_DOC6.0_WOC1.0_N2700_F270_R2|U_WPA_L36_DOC2.0_WOC2.0_N2700_F270_R2|S_WPB_L56_DOC0.5_WOC1.0_N2700_F270_R3|S_WPB_L56_DOC0.5_WOC1.0_N3600_F360_R1|S_WPB_L56_DOC1.0_WOC2.0_N2700_F270_R2|S_WPB_L56_DOC1.5_WOC1.0_N3600_F360_R1|S_WPB_L56_DOC1.5_WOC1.0_N2700_F270_R1|U_WPB_L56_DOC4.0_WOC2.0_N2700_F270_R2|S_WPA_L36_DOC6.0_WOC1.0_N2700_F270_R4|S_WPA_L36_DOC1.5_WOC1.0_N1800_F180_R4|S_WPA_L36_DOC0.5_WOC2.0_N2700_F270_R1|S_WPB_L56_DOC1.0_WOC2.0_N2700_F270_R3|U_WPB_L56_DOC2.0_WOC1.0_N1800_F180_R1|S_WPA_L36_DOC3.0_WOC1.0_N1800_F180_R3|S_WPA_L36_DOC0.5_WOC1.0_N3600_F360_R4|U_WPB_L56_DOC2.0_WOC2.0_N2700_F270_R2|S_WPA_L36_DOC0.5_WOC1.0_N2700_F270_R1|U_WPB_L56_DOC4.0_WOC2.0_N2700_F270_R1|S_WPB_L56_DOC1.0_WOC1.0_N1800_F180_R2|U_WPB_L56_DOC4.0_WOC1.0_N2700_F270_R3|S_WPB_L56_DOC0.5_WOC1.0_N1800_F180_R2|U_WPA_L36_DOC4.0_WOC2.0_N2700_F270_R1|S_WPA_L36_DOC2.0_WOC1.0_N2700_F270_R1|U_WPB_L56_DOC3.0_WOC1.0_N3600_F360_R1|S_WPA_L36_DOC1.0_WOC1.0_N3600_F360_R1|S_WPB_L56_DOC1.5_WOC1.0_N3600_F360_R4|S_WPB_L56_DOC0.5_WOC1.0_N3600_F360_R2|S_WPB_L56_DOC0.5_WOC1.0_N2700_F270_R1|S_WPB_L56_DOC1.5_WOC1.0_N2700_F270_R3|S_WPB_L56_DOC1.0_WOC2.0_N2700_F270_R1|S_WPA_L36_DOC1.0_WOC1.0_N1800_F180_R2|U_WPB_L56_DOC4.0_WOC1.0_N2700_F270_R1|U_WPA_L36_DOC4.0_WOC2.0_N2700_F270_R2|S_WPA_L36_DOC6.0_WOC1.0_N2700_F270_R1|U_WPB_L56_DOC4.0_WOC2.0_N2700_F270_R3|S_WPA_L36_DOC3.0_WOC1.0_N1800_F180_R2|U_WPB_L56_DOC2.0_WOC1.0_N1800_F180_R3|S_WPA_L36_DOC3.0_WOC1.0_N1800_F180_R4|S_WPB_L56_DOC1.5_WOC1.0_N2700_F270_R2|U_WPB_L56_DOC3.0_WOC1.0_N1800_F180_R3|S_WPB_L56_DOC1.5_WOC1.0_N2700_F270_R4|U_WPA_L36_DOC2.0_WOC2.0_N2700_F270_R4|U_WPB_L56_DOC2.0_WOC1.0_N1800_F180_R2|U_WPB_L56_DOC3.0_WOC1.0_N1800_F180_R4|S_WPB_L56_DOC0.5_WOC1.0_N2700_F270_R4|S_WPA_L36_DOC4.0_WOC1.0_N2700_F270_R3|U_WPB_L56_DOC3.0_WOC1.0_N3600_F360_R2|S_WPA_L36_DOC2.0_WOC1.0_N2700_F270_R3|U_WPB_L56_DOC3.0_WOC1.0_N1800_F180_R1|S_WPA_L36_DOC2.0_WOC1.0_N2700_F270_R4|S_WPA_L36_DOC4.0_WOC1.0_N2700_F270_R2|U_WPA_L36_DOC2.0_WOC2.0_N2700_F270_R1|S_WPA_L36_DOC0.5_WOC1.0_N2700_F270_R4|U_WPB_L56_DOC2.0_WOC1.0_N2700_F270_R1|S_WPB_L56_DOC1.5_WOC1.0_N3600_F360_R3|S_WPA_L36_DOC1.0_WOC1.0_N1800_F180_R4|U_WPB_L56_DOC2.0_WOC1.0_N2700_F270_R4,final structured retention evaluation
2,0,2,11,0.5,60,MRDS,uniform observed subset,60,27,41.0,19.0,0.9375,0.875,1.0,0.875,U_WPB_L56_DOC4.0_WOC1.0_N2700_F270_R1|S_WPB_L56_DOC1.5_WOC1.0_N3600_F360_R1|S_WPB_L56_DOC1.0_WOC2.0_N2700_F270_R2|S_WPB_L56_DOC1.0_WOC2.0_N2700_F270_R3|S_WPB_L56_DOC1.5_WOC1.0_N2700_F270_R1|U_WPB_L56_DOC4.0_WOC2.0_N2700_F270_R1|S_WPB_L56_DOC0.5_WOC1.0_N1800_F180_R1|S_WPB_L56_DOC0.5_WOC1.0_N3600_F360_R1|S_WPB_L56_DOC0.5_WOC1.0_N3600_F360_R3|U_WPB_L56_DOC2.0_WOC1.0_N1800_F180_R4|S_WPB_L56_DOC1.5_WOC1.0_N1800_F180_R1|U_WPB_L56_DOC2.0_WOC2.0_N2700_F270_R4|S_WPB_L56_DOC1.0_WOC1.0_N1800_F180_R1|S_WPA_L36_DOC0.5_WOC2.0_N2700_F270_R4|S_WPA_L36_DOC1.0_WOC1.0_N1800_F180_R4|S_WPA_L36_DOC0.5_WOC2.0_N2700_F270_R3|S_WPA_L36_DOC0.5_WOC1.0_N3600_F360_R1|U_WPA_L36_DOC2.0_WOC2.0_N2700_F270_R1|U_WPB_L56_DOC4.0_WOC2.0_N2700_F270_R3|S_WPA_L36_DOC0.5_WOC1.0_N3600_F360_R3|S_WPA_L36_DOC1.0_WOC1.0_N1800_F180_R3|S_WPA_L36_DOC0.5_WOC1.0_N2700_F270_R2|S_WPA_L36_DOC1.0_WOC1.0_N3600_F360_R3|S_WPA_L36_DOC1.5_WOC1.0_N1800_F180_R1|S_WPA_L36_DOC0.5_WOC1.0_N3600_F360_R4|U_WPB_L56_DOC3.0_WOC1.0_N3600_F360_R4|U_WPB_L56_DOC2.0_WOC2.0_N2700_F270_R2|S_WPB_L56_DOC0.5_WOC1.0_N3600_F360_R2|S_WPB_L56_DOC1.0_WOC1.0_N3600_F360_R1|S_WPB_L56_DOC1.5_WOC1.0_N3600_F360_R2|S_WPA_L36_DOC1.0_WOC1.0_N3600_F360_R4|S_WPA_L36_DOC1.0_WOC2.0_N2700_F270_R1|U_WPA_L36_DOC4.0_WOC2.0_N2700_F270_R4|S_WPA_L36_DOC1.5_WOC2.0_N2700_F270_R4|S_WPA_L36_DOC4.0_WOC1.0_N2700_F270_R3|S_WPA_L36_DOC0.5_WOC2.0_N2700_F270_R2|S_WPA_L36_DOC1.0_WOC1.0_N3600_F360_R2|S_WPA_L36_DOC2.0_WOC1.0_N2700_F270_R2|S_WPA_L36_DOC0.5_WOC1.0_N2700_F270_R3|U_WPB_L56_DOC4.0_WOC1.0_N2700_F270_R2|U_WPB_L56_DOC2.0_WOC1.0_N2700_F270_R3|S_WPA_L36_DOC3.0_WOC1.0_N1800_F180_R2|S_WPA_L36_DOC1.5_WOC2.0_N2700_F270_R3|U_WPB_L56_DOC4.0_WOC1.0_N2700_F270_R4|S_WPA_L36_DOC1.0_WOC2.0_N2700_F270_R2|S_WPA_L36_DOC1.0_WOC2.0_N2700_F270_R4|U_WPB_L56_DOC3.0_WOC1.0_N3600_F360_R1|U_WPA_L36_DOC2.0_WOC2.0_N2700_F270_R4|S_WPA_L36_DOC0.5_WOC1.0_N3600_F360_R2|U_WPB_L56_DOC2.0_WOC1.0_N1800_F180_R2|U_WPB_L56_DOC2.0_WOC2.0_N2700_F270_R1|S_WPA_L36_DOC1.5_WOC2.0_N2700_F270_R1|S_WPB_L56_DOC1.0_WOC1.0_N1800_F180_R3|S_WPB_L56_DOC1.0_WOC1.0_N1800_F180_R2|S_WPA_L36_DOC1.0_WOC2.0_N2700_F270_R3|S_WPA_L36_DOC1.5_WOC2.0_N2700_F270_R2|S_WPA_L36_DOC0.5_WOC2.0_N2700_F270_R1|U_WPB_L56_DOC2.0_WOC1.0_N2700_F270_R4|U_WPB_L56_DOC2.0_WOC1.0_N2700_F270_R2|U_WPB_L56_DOC2.0_WOC1.0_N2700_F270_R1,final structured retention evaluation
2,0,2,11,0.5,60,W2-k-medoids,uniform observed subset,60,28,38.0,22.0,0.90625,0.8125,1.0,0.8125,S_WPA_L36_DOC0.5_WOC1.0_N2700_F270_R3|S_WPA_L36_DOC0.5_WOC1.0_N3600_F360_R4|S_WPA_L36_DOC0.5_WOC2.0_N2700_F270_R3|S_WPA_L36_DOC1.0_WOC1.0_N1800_F180_R2|S_WPA_L36_DOC1.0_WOC1.0_N1800_F180_R4|S_WPA_L36_DOC1.0_WOC1.0_N3600_F360_R1|S_WPA_L36_DOC1.5_WOC1.0_N1800_F180_R3|S_WPA_L36_DOC1.5_WOC2.0_N2700_F270_R3|S_WPA_L36_DOC2.0_WOC1.0_N2700_F270_R1|S_WPA_L36_DOC2.0_WOC1.0_N2700_F270_R3|S_WPA_L36_DOC2.0_WOC1.0_N2700_F270_R4|S_WPA_L36_DOC3.0_WOC1.0_N1800_F180_R2|S_WPA_L36_DOC3.0_WOC1.0_N1800_F180_R3|S_WPA_L36_DOC3.0_WOC1.0_N1800_F180_R4|S_WPA_L36_DOC4.0_WOC1.0_N2700_F270_R1|S_WPA_L36_DOC4.0_WOC1.0_N2700_F270_R2|S_WPA_L36_DOC4.0_WOC1.0_N2700_F270_R3|S_WPA_L36_DOC4.0_WOC1.0_N2700_F270_R4|S_WPA_L36_DOC6.0_WOC1.0_N2700_F270_R1|S_WPA_L36_DOC6.0_WOC1.0_N2700_F270_R2|S_WPB_L56_DOC0.5_WOC1.0_N1800_F180_R4|S_WPB_L56_DOC0.5_WOC1.0_N2700_F270_R1|S_WPB_L56_DOC0.5_WOC1.0_N2700_F270_R3|S_WPB_L56_DOC0.5_WOC1.0_N2700_F270_R4|S_WPB_L56_DOC0.5_WOC1.0_N3600_F360_R1|S_WPB_L56_DOC0.5_WOC1.0_N3600_F360_R2|S_WPB_L56_DOC1.0_WOC1.0_N1800_F180_R2|S_WPB_L56_DOC1.0_WOC2.0_N2700_F270_R1|S_WPB_L56_DOC1.0_WOC2.0_N2700_F270_R2|S_WPB_L56_DOC1.0_WOC2.0_N2700_F270_R3|S_WPB_L56_DOC1.5_WOC1.0_N1800_F180_R3|S_WPB_L56_DOC1.5_WOC1.0_N2700_F270_R1|S_WPB_L56_DOC1.5_WOC1.0_N2700_F270_R2|S_WPB_L56_DOC1.5_WOC1.0_N2700_F270_R3|S_WPB_L56_DOC1.5_WOC1.0_N2700_F270_R4|S_WPB_L56_DOC1.5_WOC1.0_N3600_F360_R1|S_WPB_L56_DOC1.5_WOC1.0_N3600_F360_R3|S_WPB_L56_DOC1.5_WOC1.0_N3600_F360_R4|U_WPA_L36_DOC2.0_WOC2.0_N2700_F270_R1|U_WPA_L36_DOC2.0_WOC2.0_N2700_F270_R2|U_WPA_L36_DOC4.0_WOC2.0_N2700_F270_R2|U_WPA_L36_DOC4.0_WOC2.0_N2700_F270_R4|U_WPB_L56_DOC2.0_WOC1.0_N1800_F180_R1|U_WPB_L56_DOC2.0_WOC1.0_N1800_F180_R2|U_WPB_L56_DOC2.0_WOC1.0_N1800_F180_R3|U_WPB_L56_DOC2.0_WOC1.0_N2700_F270_R1|U_WPB_L56_DOC2.0_WOC1.0_N2700_F270_R2|U_WPB_L56_DOC2.0_WOC1.0_N2700_F270_R4|U_WPB_L56_DOC2.0_WOC2.0_N2700_F270_R2|U_WPB_L56_DOC3.0_WOC1.0_N1800_F180_R1|U_WPB_L56_DOC3.0_WOC1.0_N1800_F180_R2|U_WPB_L56_DOC3.0_WOC1.0_N1800_F180_R3|U_WPB_L56_DOC3.0_WOC1.0_N1800_F180_R4|U_WPB_L56_DOC3.0_WOC1.0_N3600_F360_R1|U_WPB_L56_DOC3.0_WOC1.0_N3600_F360_R2|U_WPB_L56_DOC4.0_WOC1.0_N2700_F270_R1|U_WPB_L56_DOC4.0_WOC1.0_N2700_F270_R3|U_WPB_L56_DOC4.0_WOC2.0_N2700_F270_R1|U_WPB_L56_DOC4.0_WOC2.0_N2700_F270_R2|U_WPB_L56_DOC4.0_WOC2.0_N2700_F270_R3,final structured retention evaluation
3,0,3,11,0.5,60,Facility Location,uniform observed subset,60,28,33.0,27.0,0.875,0.75,1.0,0.75,S_WPA_L36_DOC1.5_WOC1.0_N3600_F360_R4|U_WPB_L56_DOC3.0_WOC1.0_N3600_F360_R3|U_WPA_L36_DOC3.0_WOC1.0_N3600_F360_R4|S_WPA_L36_DOC1.0_WOC1.0_N2700_F270_R1|S_WPB_L56_DOC1.0_WOC2.0_N2700_F270_R4|S_WPB_L56_DOC1.0_WOC2.0_N2700_F270_R3|S_WPB_L56_DOC0.5_WOC1.0_N2700_F270_R3|S_WPA_L36_DOC2.0_WOC1.0_N1800_F180_R2|U_WPA_L36_DOC3.0_WOC1.0_N3600_F360_R2|U_WPA_L36_DOC3.0_WOC1.0_N3600_F360_R1|S_WPA_L36_DOC1.5_WOC1.0_N1800_F180_R2|U_WPA_L36_DOC4.0_WOC2.0_N2700_F270_R1|S_WPB_L56_DOC1.0_WOC2.0_N2700_F270_R2|S_WPB_L56_DOC0.5_WOC1.0_N3600_F360_R1|S_WPA_L36_DOC1.0_WOC1.0_N1800_F180_R3|S_WPA_L36_DOC3.0_WOC1.0_N1800_F180_R3|U_WPB_L56_DOC3.0_WOC1.0_N1800_F180_R1|U_WPB_L56_DOC4.0_WOC1.0_N2700_F270_R3|S_WPA_L36_DOC2.0_WOC1.0_N2700_F270_R4|U_WPA_L36_DOC2.0_WOC2.0_N2700_F270_R3|U_WPB_L56_DOC6.0_WOC1.0_N2700_F270_R3|U_WPB_L56_DOC6.0_WOC1.0_N2700_F270_R2|U_WPA_L36_DOC2.0_WOC1.0_N3600_F360_R4|S_WPB_L56_DOC0.5_WOC1.0_N1800_F180_R2|S_WPA_L36_DOC1.0_WOC1.0_N3600_F360_R1|S_WPA_L36_DOC0.5_WOC1.0_N2700_F270_R3|S_WPB_L56_DOC1.0_WOC1.0_N1800_F180_R2|S_WPB_L56_DOC0.5_WOC1.0_N2700_F270_R1|S_WPB_L56_DOC1.0_WOC1.0_N2700_F270_R4|S_WPB_L56_DOC1.0_WOC1.0_N3600_F360_R1|U_WPB_L56_DOC4.0_WOC1.0_N2700_F270_R1|U_WPB_L56_DOC2.0_WOC1.0_N3600_F360_R3|U_WPB_L56_DOC2.0_WOC2.0_N2700_F270_R2|S_WPA_L36_DOC0.5_WOC2.0_N2700_F270_R1|S_WPA_L36_DOC2.0_WOC1.0_N1800_F180_R1|S_WPA_L36_DOC3.0_WOC1.0_N1800_F180_R2|U_WPA_L36_DOC2.0_WOC1.0_N3600_F360_R1|S_WPB_L56_DOC1.0_WOC2.0_N2700_F270_R1|U_WPB_L56_DOC3.0_WOC1.0_N1800_F180_R2|U_WPB_L56_DOC3.0_WOC1.0_N1800_F180_R4|U_WPA_L36_DOC4.0_WOC2.0_N2700_F270_R2|S_WPA_L36_DOC1.5_WOC1.0_N3600_F360_R2|S_WPA_L36_DOC3.0_WOC1.0_N1800_F180_R4|S_WPA_L36_DOC1.0_WOC1.0_N2700_F270_R4|U_WPA_L36_DOC2.0_WOC1.0_N3600_F360_R2|S_WPA_L36_DOC2.0_WOC1.0_N2700_F270_R3|S_WPB_L56_DOC0.5_WOC1.0_N2700_F270_R4|S_WPB_L56_DOC1.5_WOC2.0_N2700_F270_R2|U_WPA_L36_DOC2.0_WOC2.0_N2700_F270_R4|U_WPA_L36_DOC3.0_WOC1.0_N3600_F360_R3|U_WPB_L56_DOC3.0_WOC1.0_N1800_F180_R3|S_WPB_L56_DOC1.5_WOC2.0_N2700_F270_R1|U_WPA_L36_DOC2.0_WOC1.0_N3600_F360_R3|U_WPB_L56_DOC2.0_WOC2.0_N2700_F270_R1|S_WPA_L36_DOC3.0_WOC1.0_N1800_F180_R1|S_WPA_L36_DOC2.0_WOC1.0_N2700_F270_R1|U_WPB_L56_DOC6.0_WOC1.0_N2700_F270_R1|U_WPA_L36_DOC2.0_WOC2.0_N2700_F270_R1|S_WPA_L36_DOC0.5_WOC1.0_N2700_F270_R4|U_WPB_L56_DOC3.0_WOC1.0_N3600_F360_R2,final structured retention evaluation
3,0,3,11,0.5,60,MRDS,uniform observed subset,60,28,38.0,22.0,0.9226190476190477,0.9166666666666666,0.9285714285714286,0.9166666666666666,S_WPA_L36_DOC0.5_WOC1.0_N2700_F270_R1|S_WPA_L36_DOC2.0_WOC1.0_N1800_F180_R2|U_WPA_L36_DOC3.0_WOC1.0_N3600_F360_R1|U_WPA_L36_DOC3.0_WOC1.0_N3600_F360_R2|S_WPB_L56_DOC0.5_WOC1.0_N3600_F360_R1|U_WPA_L36_DOC2.0_WOC1.0_N3600_F360_R4|S_WPA_L36_DOC3.0_WOC1.0_N1800_F180_R1|S_WPB_L56_DOC1.0_WOC2.0_N2700_F270_R2|S_WPB_L56_DOC1.0_WOC2.0_N2700_F270_R3|U_WPB_L56_DOC4.0_WOC1.0_N2700_F270_R2|S_WPA_L36_DOC2.0_WOC1.0_N1800_F180_R4|S_WPB_L56_DOC0.5_WOC2.0_N2700_F270_R2|S_WPB_L56_DOC1.0_WOC2.0_N2700_F270_R4|S_WPA_L36_DOC1.0_WOC1.0_N2700_F270_R1|S_WPA_L36_DOC1.5_WOC1.0_N1800_F180_R1|U_WPB_L56_DOC4.0_WOC1.0_N2700_F270_R3|S_WPA_L36_DOC1.5_WOC1.0_N1800_F180_R2|U_WPA_L36_DOC4.0_WOC2.0_N2700_F270_R4|S_WPA_L36_DOC1.0_WOC1.0_N1800_F180_R4|S_WPA_L36_DOC1.0_WOC1.0_N1800_F180_R2|S_WPA_L36_DOC1.0_WOC1.0_N1800_F180_R3|S_WPB_L56_DOC0.5_WOC2.0_N2700_F270_R1|S_WPB_L56_DOC1.0_WOC1.0_N3600_F360_R3|U_WPA_L36_DOC2.0_WOC2.0_N2700_F270_R1|S_WPA_L36_DOC0.5_WOC1.0_N2700_F270_R2|S_WPB_L56_DOC0.5_WOC2.0_N2700_F270_R4|S_WPA_L36_DOC0.5_WOC2.0_N2700_F270_R3|S_WPA_L36_DOC0.5_WOC2.0_N2700_F270_R2|U_WPA_L36_DOC2.0_WOC1.0_N3600_F360_R1|U_WPA_L36_DOC2.0_WOC2.0_N2700_F270_R4|U_WPA_L36_DOC4.0_WOC2.0_N2700_F270_R1|S_WPA_L36_DOC0.5_WOC2.0_N2700_F270_R1|S_WPA_L36_DOC2.0_WOC1.0_N2700_F270_R2|U_WPB_L56_DOC4.0_WOC1.0_N2700_F270_R1|U_WPB_L56_DOC3.0_WOC1.0_N1800_F180_R2|S_WPA_L36_DOC1.5_WOC1.0_N3600_F360_R4|S_WPA_L36_DOC3.0_WOC1.0_N1800_F180_R2|U_WPB_L56_DOC2.0_WOC1.0_N3600_F360_R4|S_WPB_L56_DOC0.5_WOC1.0_N1800_F180_R3|U_WPB_L56_DOC4.0_WOC1.0_N2700_F270_R4|U_WPB_L56_DOC3.0_WOC1.0_N3600_F360_R2|S_WPB_L56_DOC1.0_WOC1.0_N3600_F360_R4|S_WPB_L56_DOC0.5_WOC1.0_N2700_F270_R2|S_WPB_L56_DOC1.5_WOC2.0_N2700_F270_R1|S_WPA_L36_DOC1.0_WOC1.0_N3600_F360_R2|S_WPA_L36_DOC1.0_WOC1.0_N3600_F360_R3|U_WPA_L36_DOC2.0_WOC2.0_N2700_F270_R3|U_WPB_L56_DOC3.0_WOC1.0_N1800_F180_R4|S_WPA_L36_DOC0.5_WOC1.0_N2700_F270_R3|U_WPA_L36_DOC3.0_WOC1.0_N3600_F360_R4|S_WPB_L56_DOC1.5_WOC1.0_N1800_F180_R4|U_WPB_L56_DOC2.0_WOC2.0_N2700_F270_R4|S_WPA_L36_DOC1.5_WOC1.0_N3600_F360_R2|S_WPB_L56_DOC1.0_WOC1.0_N3600_F360_R1|S_WPA_L36_DOC0.5_WOC2.0_N2700_F270_R4|U_WPA_L36_DOC2.0_WOC2.0_N2700_F270_R2|S_WPB_L56_DOC0.5_WOC1.0_N3600_F360_R2|U_WPB_L56_DOC2.0_WOC1.0_N3600_F360_R3|U_WPB_L56_DOC3.0_WOC1.0_N3600_F360_R3|S_WPB_L56_DOC1.0_WOC1.0_N2700_F270_R1,final structured retention evaluation
3,0,3,11,0.5,60,W2-k-medoids,uniform observed subset,60,29,34.0,26.0,0.875,0.75,1.0,0.75,S_WPA_L36_DOC0.5_WOC1.0_N2700_F270_R3|S_WPA_L36_DOC0.5_WOC1.0_N2700_F270_R4|S_WPA_L36_DOC0.5_WOC2.0_N2700_F270_R1|S_WPA_L36_DOC1.0_WOC1.0_N1800_F180_R2|S_WPA_L36_DOC1.0_WOC1.0_N1800_F180_R4|S_WPA_L36_DOC1.0_WOC1.0_N2700_F270_R2|S_WPA_L36_DOC1.0_WOC1.0_N2700_F270_R3|S_WPA_L36_DOC1.0_WOC1.0_N3600_F360_R1|S_WPA_L36_DOC1.5_WOC1.0_N1800_F180_R3|S_WPA_L36_DOC1.5_WOC1.0_N3600_F360_R2|S_WPA_L36_DOC2.0_WOC1.0_N1800_F180_R2|S_WPA_L36_DOC2.0_WOC1.0_N1800_F180_R3|S_WPA_L36_DOC2.0_WOC1.0_N2700_F270_R1|S_WPA_L36_DOC2.0_WOC1.0_N2700_F270_R3|S_WPA_L36_DOC2.0_WOC1.0_N2700_F270_R4|S_WPA_L36_DOC3.0_WOC1.0_N1800_F180_R2|S_WPA_L36_DOC3.0_WOC1.0_N1800_F180_R3|S_WPA_L36_DOC3.0_WOC1.0_N1800_F180_R4|S_WPB_L56_DOC0.5_WOC1.0_N1800_F180_R4|S_WPB_L56_DOC0.5_WOC1.0_N2700_F270_R1|S_WPB_L56_DOC0.5_WOC1.0_N2700_F270_R3|S_WPB_L56_DOC0.5_WOC1.0_N2700_F270_R4|S_WPB_L56_DOC0.5_WOC1.0_N3600_F360_R1|S_WPB_L56_DOC0.5_WOC1.0_N3600_F360_R2|S_WPB_L56_DOC0.5_WOC2.0_N2700_F270_R3|S_WPB_L56_DOC1.0_WOC1.0_N1800_F180_R3|S_WPB_L56_DOC1.0_WOC1.0_N1800_F180_R4|S_WPB_L56_DOC1.0_WOC1.0_N2700_F270_R4|S_WPB_L56_DOC1.0_WOC2.0_N2700_F270_R1|S_WPB_L56_DOC1.0_WOC2.0_N2700_F270_R2|S_WPB_L56_DOC1.0_WOC2.0_N2700_F270_R3|S_WPB_L56_DOC1.5_WOC1.0_N1800_F180_R3|S_WPB_L56_DOC1.5_WOC2.0_N2700_F270_R1|S_WPB_L56_DOC1.5_WOC2.0_N2700_F270_R2|U_WPA_L36_DOC2.0_WOC1.0_N3600_F360_R1|U_WPA_L36_DOC2.0_WOC1.0_N3600_F360_R2|U_WPA_L36_DOC2.0_WOC1.0_N3600_F360_R3|U_WPA_L36_DOC2.0_WOC1.0_N3600_F360_R4|U_WPA_L36_DOC2.0_WOC2.0_N2700_F270_R1|U_WPA_L36_DOC2.0_WOC2.0_N2700_F270_R2|U_WPA_L36_DOC3.0_WOC1.0_N3600_F360_R1|U_WPA_L36_DOC3.0_WOC1.0_N3600_F360_R2|U_WPA_L36_DOC3.0_WOC1.0_N3600_F360_R3|U_WPA_L36_DOC3.0_WOC1.0_N3600_F360_R4|U_WPA_L36_DOC4.0_WOC2.0_N2700_F270_R2|U_WPA_L36_DOC4.0_WOC2.0_N2700_F270_R4|U_WPB_L56_DOC2.0_WOC1.0_N3600_F360_R3|U_WPB_L56_DOC2.0_WOC2.0_N2700_F270_R1|U_WPB_L56_DOC2.0_WOC2.0_N2700_F270_R2|U_WPB_L56_DOC3.0_WOC1.0_N1800_F180_R1|U_WPB_L56_DOC3.0_WOC1.0_N1800_F180_R2|U_WPB_L56_DOC3.0_WOC1.0_N1800_F180_R3|U_WPB_L56_DOC3.0_WOC1.0_N1800_F180_R4|U_WPB_L56_DOC3.0_WOC1.0_N3600_F360_R2|U_WPB_L56_DOC3.0_WOC1.0_N3600_F360_R3|U_WPB_L56_DOC4.0_WOC1.0_N2700_F270_R1|U_WPB_L56_DOC4.0_WOC1.0_N2700_F270_R3|U_WPB_L56_DOC6.0_WOC1.0_N2700_F270_R1|U_WPB_L56_DOC6.0_WOC1.0_N2700_F270_R2|U_WPB_L56_DOC6.0_WOC1.0_N2700_F270_R4,final structured retention evaluation
4,1,0,23,0.5,60,Facility Location,uniform observed subset,60,29,36.0,24.0,0.8988095238095238,0.8333333333333334,0.9642857142857143,0.8333333333333334,S_WPA_L36_DOC1.5_WOC1.0_N3600_F360_R4|U_WPB_L56_DOC3.0_WOC1.0_N3600_F360_R3|S_WPB_L56_DOC1.0_WOC2.0_N2700_F270_R4|S_WPB_L56_DOC1.0_WOC1.0_N2700_F270_R2|U_WPA_L36_DOC2.0_WOC2.0_N2700_F270_R2|S_WPB_L56_DOC1.0_WOC2.0_N2700_F270_R3|U_WPB_L56_DOC4.0_WOC2.0_N2700_F270_R4|S_WPB_L56_DOC1.0_WOC2.0_N2700_F270_R2|S_WPB_L56_DOC1.5_WOC1.0_N3600_F360_R1|S_WPB_L56_DOC1.5_WOC1.0_N2700_F270_R1|S_WPB_L56_DOC0.5_WOC1.0_N2700_F270_R3|S_WPA_L36_DOC2.0_WOC1.0_N1800_F180_R2|S_WPA_L36_DOC1.5_WOC1.0_N1800_F180_R4|S_WPA_L36_DOC0.5_WOC2.0_N2700_F270_R1|S_WPB_L56_DOC0.5_WOC1.0_N3600_F360_R1|U_WPB_L56_DOC2.0_WOC1.0_N1800_F180_R1|U_WPB_L56_DOC4.0_WOC2.0_N2700_F270_R1|S_WPA_L36_DOC3.0_WOC1.0_N1800_F180_R3|U_WPA_L36_DOC4.0_WOC2.0_N2700_F270_R1|U_WPB_L56_DOC6.0_WOC1.0_N2700_F270_R1|U_WPB_L56_DOC4.0_WOC1.0_N2700_F270_R3|S_WPB_L56_DOC1.0_WOC1.0_N1800_F180_R3|S_WPA_L36_DOC2.0_WOC1.0_N1800_F180_R1|S_WPA_L36_DOC0.5_WOC1.0_N2700_F270_R3|S_WPA_L36_DOC1.0_WOC1.0_N3600_F360_R1|S_WPA_L36_DOC1.0_WOC1.0_N3600_F360_R4|U_WPB_L56_DOC2.0_WOC1.0_N3600_F360_R3|U_WPB_L56_DOC6.0_WOC1.0_N2700_F270_R2|S_WPB_L56_DOC1.5_WOC1.0_N3600_F360_R4|U_WPB_L56_DOC4.0_WOC1.0_N2700_F270_R1|S_WPB_L56_DOC1.0_WOC1.0_N3600_F360_R1|S_WPB_L56_DOC1.5_WOC1.0_N2700_F270_R3|S_WPB_L56_DOC0.5_WOC1.0_N2700_F270_R1|S_WPB_L56_DOC1.0_WOC2.0_N2700_F270_R1|S_WPB_L56_DOC1.5_WOC1.0_N1800_F180_R3|U_WPB_L56_DOC4.0_WOC2.0_N2700_F270_R2|U_WPB_L56_DOC2.0_WOC2.0_N2700_F270_R2|U_WPA_L36_DOC4.0_WOC2.0_N2700_F270_R2|S_WPA_L36_DOC0.5_WOC1.0_N2700_F270_R4|S_WPA_L36_DOC3.0_WOC1.0_N1800_F180_R2|S_WPB_L56_DOC1.5_WOC2.0_N2700_F270_R2|U_WPB_L56_DOC2.0_WOC1.0_N1800_F180_R3|U_WPB_L56_DOC3.0_WOC1.0_N1800_F180_R3|S_WPB_L56_DOC1.5_WOC1.0_N2700_F270_R2|S_WPA_L36_DOC3.0_WOC1.0_N1800_F180_R4|S_WPB_L56_DOC1.5_WOC1.0_N2700_F270_R4|U_WPB_L56_DOC3.0_WOC1.0_N1800_F180_R4|U_WPB_L56_DOC6.0_WOC1.0_N2700_F270_R3|U_WPA_L36_DOC2.0_WOC2.0_N2700_F270_R4|S_WPB_L56_DOC1.5_WOC2.0_N2700_F270_R1|S_WPB_L56_DOC0.5_WOC1.0_N2700_F270_R4|U_WPB_L56_DOC3.0_WOC1.0_N1800_F180_R1|S_WPA_L36_DOC1.0_WOC2.0_N2700_F270_R4|U_WPB_L56_DOC3.0_WOC1.0_N3600_F360_R2|S_WPA_L36_DOC1.0_WOC1.0_N1800_F180_R2|U_WPB_L56_DOC2.0_WOC2.0_N2700_F270_R1|U_WPB_L56_DOC2.0_WOC1.0_N1800_F180_R2|U_WPA_L36_DOC2.0_WOC2.0_N2700_F270_R1|S_WPA_L36_DOC1.0_WOC1.0_N1800_F180_R4|S_WPA_L36_DOC1.5_WOC1.0_N1800_F180_R3,final structured retention evaluation
4,1,0,23,0.5,60,MRDS,uniform observed subset,60,28,42.0,18.0,0.8273809523809523,0.8333333333333334,0.8214285714285714,0.8214285714285714,S_WPA_L36_DOC0.5_WOC1.0_N3600_F360_R1|S_WPB_L56_DOC1.5_WOC1.0_N3600_F360_R1|S_WPA_L36_DOC2.0_WOC1.0_N1800_F180_R2|S_WPB_L56_DOC1.0_WOC2.0_N2700_F270_R3|S_WPB_L56_DOC1.5_WOC1.0_N2700_F270_R1|S_WPB_L56_DOC1.0_WOC2.0_N2700_F270_R2|U_WPB_L56_DOC4.0_WOC2.0_N2700_F270_R1|S_WPB_L56_DOC0.5_WOC1.0_N3600_F360_R1|S_WPA_L36_DOC3.0_WOC1.0_N1800_F180_R2|U_WPB_L56_DOC4.0_WOC1.0_N2700_F270_R3|S_WPA_L36_DOC3.0_WOC1.0_N1800_F180_R1|S_WPA_L36_DOC1.0_WOC1.0_N1800_F180_R3|U_WPB_L56_DOC3.0_WOC1.0_N1800_F180_R2|U_WPA_L36_DOC2.0_WOC2.0_N2700_F270_R1|S_WPA_L36_DOC0.5_WOC1.0_N2700_F270_R1|S_WPA_L36_DOC0.5_WOC2.0_N2700_F270_R1|S_WPA_L36_DOC1.0_WOC1.0_N1800_F180_R4|U_WPB_L56_DOC6.0_WOC1.0_N2700_F270_R2|S_WPA_L36_DOC2.0_WOC1.0_N1800_F180_R1|S_WPA_L36_DOC0.5_WOC1.0_N3600_F360_R4|S_WPA_L36_DOC0.5_WOC2.0_N2700_F270_R4|S_WPA_L36_DOC1.0_WOC1.0_N1800_F180_R2|U_WPA_L36_DOC2.0_WOC2.0_N2700_F270_R4|S_WPA_L36_DOC0.5_WOC1.0_N2700_F270_R2|S_WPA_L36_DOC1.5_WOC1.0_N3600_F360_R3|S_WPA_L36_DOC1.5_WOC1.0_N3600_F360_R2|S_WPB_L56_DOC0.5_WOC1.0_N3600_F360_R2|S_WPB_L56_DOC1.0_WOC1.0_N3600_F360_R1|S_WPB_L56_DOC1.0_WOC2.0_N2700_F270_R4|U_WPB_L56_DOC4.0_WOC1.0_N2700_F270_R4|U_WPB_L56_DOC2.0_WOC2.0_N2700_F270_R2|S_WPB_L56_DOC1.5_WOC1.0_N1800_F180_R3|U_WPB_L56_DOC4.0_WOC2.0_N2700_F270_R3|S_WPB_L56_DOC1.0_WOC1.0_N2700_F270_R1|S_WPA_L36_DOC0.5_WOC2.0_N2700_F270_R3|S_WPA_L36_DOC1.5_WOC1.0_N1800_F180_R1|U_WPB_L56_DOC2.0_WOC1.0_N3600_F360_R3|S_WPA_L36_DOC1.0_WOC2.0_N2700_F270_R2|S_WPA_L36_DOC1.0_WOC2.0_N2700_F270_R4|U_WPB_L56_DOC2.0_WOC2.0_N2700_F270_R1|S_WPA_L36_DOC1.5_WOC1.0_N1800_F180_R4|S_WPA_L36_DOC1.0_WOC1.0_N3600_F360_R3|S_WPA_L36_DOC1.0_WOC1.0_N3600_F360_R2|S_WPA_L36_DOC1.0_WOC1.0_N3600_F360_R4|S_WPA_L36_DOC0.5_WOC2.0_N2700_F270_R2|S_WPA_L36_DOC1.0_WOC2.0_N2700_F270_R3|U_WPB_L56_DOC4.0_WOC1.0_N2700_F270_R1|S_WPB_L56_DOC0.5_WOC1.0_N3600_F360_R3|S_WPA_L36_DOC0.5_WOC1.0_N3600_F360_R2|U_WPB_L56_DOC2.0_WOC2.0_N2700_F270_R4|U_WPB_L56_DOC3.0_WOC1.0_N3600_F360_R3|S_WPB_L56_DOC1.0_WOC1.0_N1800_F180_R3|S_WPA_L36_DOC1.5_WOC1.0_N3600_F360_R4|U_WPA_L36_DOC4.0_WOC2.0_N2700_F270_R4|S_WPA_L36_DOC1.0_WOC2.0_N2700_F270_R1|S_WPB_L56_DOC1.5_WOC1.0_N3600_F360_R2|U_WPB_L56_DOC2.0_WOC1.0_N3600_F360_R4|S_WPA_L36_DOC1.5_WOC1.0_N3600_F360_R1|U_WPB_L56_DOC2.0_WOC1.0_N1800_F180_R2|U_WPB_L56_DOC2.0_WOC1.0_N3600_F360_R1,final structured retention evaluation
4,1,0,23,0.5,60,W2-k-medoids,uniform observed subset,60,28,38.0,22.0,0.8988095238095238,0.8333333333333334,0.9642857142857143,0.8333333333333334,S_WPA_L36_DOC0.5_WOC1.0_N2700_F270_R3|S_WPA_L36_DOC0.5_WOC1.0_N2700_F270_R4|S_WPA_L36_DOC0.5_WOC1.0_N3600_F360_R4|S_WPA_L36_DOC0.5_WOC2.0_N2700_F270_R3|S_WPA_L36_DOC1.0_WOC1.0_N1800_F180_R2|S_WPA_L36_DOC1.0_WOC1.0_N1800_F180_R4|S_WPA_L36_DOC1.0_WOC1.0_N3600_F360_R1|S_WPA_L36_DOC1.0_WOC2.0_N2700_F270_R4|S_WPA_L36_DOC1.5_WOC1.0_N1800_F180_R3|S_WPA_L36_DOC1.5_WOC1.0_N3600_F360_R2|S_WPA_L36_DOC2.0_WOC1.0_N1800_F180_R2|S_WPA_L36_DOC2.0_WOC1.0_N1800_F180_R3|S_WPA_L36_DOC3.0_WOC1.0_N1800_F180_R1|S_WPA_L36_DOC3.0_WOC1.0_N1800_F180_R2|S_WPA_L36_DOC3.0_WOC1.0_N1800_F180_R3|S_WPA_L36_DOC3.0_WOC1.0_N1800_F180_R4|S_WPB_L56_DOC0.5_WOC1.0_N2700_F270_R1|S_WPB_L56_DOC0.5_WOC1.0_N2700_F270_R3|S_WPB_L56_DOC0.5_WOC1.0_N2700_F270_R4|S_WPB_L56_DOC0.5_WOC1.0_N3600_F360_R1|S_WPB_L56_DOC0.5_WOC1.0_N3600_F360_R2|S_WPB_L56_DOC0.5_WOC1.0_N3600_F360_R3|S_WPB_L56_DOC1.0_WOC1.0_N1800_F180_R3|S_WPB_L56_DOC1.0_WOC1.0_N1800_F180_R4|S_WPB_L56_DOC1.0_WOC1.0_N2700_F270_R2|S_WPB_L56_DOC1.0_WOC2.0_N2700_F270_R1|S_WPB_L56_DOC1.0_WOC2.0_N2700_F270_R2|S_WPB_L56_DOC1.0_WOC2.0_N2700_F270_R3|S_WPB_L56_DOC1.5_WOC1.0_N1800_F180_R3|S_WPB_L56_DOC1.5_WOC1.0_N2700_F270_R1|S_WPB_L56_DOC1.5_WOC1.0_N2700_F270_R2|S_WPB_L56_DOC1.5_WOC1.0_N2700_F270_R3|S_WPB_L56_DOC1.5_WOC1.0_N2700_F270_R4|S_WPB_L56_DOC1.5_WOC1.0_N3600_F360_R1|S_WPB_L56_DOC1.5_WOC1.0_N3600_F360_R3|S_WPB_L56_DOC1.5_WOC1.0_N3600_F360_R4|S_WPB_L56_DOC1.5_WOC2.0_N2700_F270_R2|S_WPB_L56_DOC1.5_WOC2.0_N2700_F270_R3|U_WPA_L36_DOC2.0_WOC2.0_N2700_F270_R1|U_WPA_L36_DOC2.0_WOC2.0_N2700_F270_R3|U_WPA_L36_DOC4.0_WOC2.0_N2700_F270_R2|U_WPA_L36_DOC4.0_WOC2.0_N2700_F270_R4|U_WPB_L56_DOC2.0_WOC1.0_N1800_F180_R1|U_WPB_L56_DOC2.0_WOC1.0_N1800_F180_R2|U_WPB_L56_DOC2.0_WOC1.0_N1800_F180_R3|U_WPB_L56_DOC2.0_WOC2.0_N2700_F270_R2|U_WPB_L56_DOC3.0_WOC1.0_N1800_F180_R1|U_WPB_L56_DOC3.0_WOC1.0_N1800_F180_R2|U_WPB_L56_DOC3.0_WOC1.0_N1800_F180_R3|U_WPB_L56_DOC3.0_WOC1.0_N1800_F180_R4|U_WPB_L56_DOC3.0_WOC1.0_N3600_F360_R2|U_WPB_L56_DOC3.0_WOC1.0_N3600_F360_R4|U_WPB_L56_DOC4.0_WOC1.0_N2700_F270_R1|U_WPB_L56_DOC4.0_WOC1.0_N2700_F270_R3|U_WPB_L56_DOC4.0_WOC2.0_N2700_F270_R1|U_WPB_L56_DOC4.0_WOC2.0_N2700_F270_R2|U_WPB_L56_DOC4.0_WOC2.0_N2700_F270_R3|U_WPB_L56_DOC6.0_WOC1.0_N2700_F270_R1|U_WPB_L56_DOC6.0_WOC1.0_N2700_F270_R2|U_WPB_L56_DOC6.0_WOC1.0_N2700_F270_R3,final structured retention evaluation
5,1,1,23,0.5,60,Facility Location,uniform observed subset,60,27,34.0,26.0,1.0,1.0,1.0,1.0,S_WPA_L36_DOC1.5_WOC2.0_N2700_F270_R1|U_WPA_L36_DOC3.0_WOC1.0_N3600_F360_R4|S_WPB_L56_DOC1.0_WOC2.0_N2700_F270_R4|U_WPB_L56_DOC3.0_WOC1.0_N3600_F360_R3|S_WPA_L36_DOC1.0_WOC1.0_N2700_F270_R1|S_WPB_L56_DOC0.5_WOC1.0_N2700_F270_R3|S_WPB_L56_DOC1.0_WOC2.0_N2700_F270_R3|S_WPB_L56_DOC1.0_WOC2.0_N2700_F270_R2|U_WPA_L36_DOC3.0_WOC1.0_N3600_F360_R2|U_WPA_L36_DOC3.0_WOC1.0_N3600_F360_R1|S_WPB_L56_DOC1.5_WOC1.0_N2700_F270_R1|S_WPB_L56_DOC0.5_WOC1.0_N3600_F360_R1|S_WPA_L36_DOC0.5_WOC1.0_N3600_F360_R4|U_WPB_L56_DOC4.0_WOC2.0_N2700_F270_R2|S_WPA_L36_DOC3.0_WOC1.0_N1800_F180_R3|U_WPB_L56_DOC2.0_WOC1.0_N1800_F180_R1|S_WPA_L36_DOC6.0_WOC1.0_N2700_F270_R2|U_WPB_L56_DOC6.0_WOC1.0_N2700_F270_R3|U_WPA_L36_DOC2.0_WOC2.0_N2700_F270_R3|S_WPB_L56_DOC0.5_WOC1.0_N2700_F270_R1|S_WPA_L36_DOC1.0_WOC1.0_N1800_F180_R2|U_WPB_L56_DOC4.0_WOC2.0_N2700_F270_R1|S_WPB_L56_DOC1.0_WOC1.0_N2700_F270_R1|S_WPA_L36_DOC1.0_WOC1.0_N3600_F360_R1|U_WPA_L36_DOC2.0_WOC1.0_N3600_F360_R4|S_WPA_L36_DOC2.0_WOC1.0_N2700_F270_R1|S_WPB_L56_DOC1.0_WOC1.0_N3600_F360_R1|U_WPB_L56_DOC2.0_WOC1.0_N1800_F180_R3|U_WPB_L56_DOC3.0_WOC1.0_N3600_F360_R4|S_WPB_L56_DOC1.5_WOC1.0_N2700_F270_R3|U_WPB_L56_DOC2.0_WOC1.0_N2700_F270_R3|S_WPB_L56_DOC0.5_WOC1.0_N1800_F180_R4|S_WPB_L56_DOC1.0_WOC2.0_N2700_F270_R1|S_WPA_L36_DOC2.0_WOC1.0_N2700_F270_R2|S_WPA_L36_DOC6.0_WOC1.0_N2700_F270_R4|U_WPB_L56_DOC4.0_WOC2.0_N2700_F270_R3|U_WPA_L36_DOC2.0_WOC1.0_N3600_F360_R1|S_WPA_L36_DOC3.0_WOC1.0_N1800_F180_R2|U_WPB_L56_DOC6.0_WOC1.0_N2700_F270_R2|S_WPB_L56_DOC0.5_WOC1.0_N2700_F270_R4|U_WPA_L36_DOC2.0_WOC1.0_N3600_F360_R2|S_WPB_L56_DOC1.5_WOC2.0_N2700_F270_R2|S_WPA_L36_DOC6.0_WOC1.0_N2700_F270_R1|S_WPA_L36_DOC3.0_WOC1.0_N1800_F180_R4|S_WPB_L56_DOC1.5_WOC1.0_N2700_F270_R4|S_WPB_L56_DOC1.5_WOC1.0_N2700_F270_R2|U_WPB_L56_DOC3.0_WOC1.0_N1800_F180_R4|S_WPA_L36_DOC1.0_WOC1.0_N1800_F180_R4|S_WPB_L56_DOC1.5_WOC2.0_N2700_F270_R1|U_WPB_L56_DOC3.0_WOC1.0_N1800_F180_R3|S_WPA_L36_DOC1.5_WOC1.0_N3600_F360_R2|U_WPA_L36_DOC3.0_WOC1.0_N3600_F360_R3|U_WPA_L36_DOC2.0_WOC2.0_N2700_F270_R4|U_WPB_L56_DOC2.0_WOC1.0_N1800_F180_R4|U_WPA_L36_DOC2.0_WOC1.0_N3600_F360_R3|U_WPB_L56_DOC2.0_WOC1.0_N1800_F180_R2|U_WPB_L56_DOC3.0_WOC1.0_N3600_F360_R2|S_WPA_L36_DOC2.0_WOC1.0_N2700_F270_R3|U_WPB_L56_DOC3.0_WOC1.0_N1800_F180_R1|S_WPA_L36_DOC4.0_WOC1.0_N2700_F270_R2,final structured retention evaluation
5,1,1,23,0.5,60,MRDS,uniform observed subset,60,24,39.0,21.0,1.0,1.0,1.0,1.0,S_WPA_L36_DOC2.0_WOC1.0_N2700_F270_R2|S_WPB_L56_DOC1.0_WOC2.0_N2700_F270_R2|U_WPA_L36_DOC3.0_WOC1.0_N3600_F360_R1|U_WPA_L36_DOC3.0_WOC1.0_N3600_F360_R2|S_WPB_L56_DOC0.5_WOC1.0_N3600_F360_R1|S_WPB_L56_DOC1.5_WOC1.0_N2700_F270_R1|U_WPB_L56_DOC4.0_WOC2.0_N2700_F270_R1|S_WPB_L56_DOC1.0_WOC2.0_N2700_F270_R3|U_WPA_L36_DOC3.0_WOC1.0_N3600_F360_R3|S_WPB_L56_DOC0.5_WOC1.0_N2700_F270_R2|S_WPA_L36_DOC1.0_WOC1.0_N1800_F180_R3|S_WPA_L36_DOC1.0_WOC2.0_N2700_F270_R1|S_WPA_L36_DOC0.5_WOC1.0_N3600_F360_R4|S_WPA_L36_DOC1.0_WOC1.0_N2700_F270_R1|S_WPA_L36_DOC1.0_WOC1.0_N1800_F180_R4|S_WPA_L36_DOC0.5_WOC1.0_N3600_F360_R3|U_WPA_L36_DOC2.0_WOC2.0_N2700_F270_R1|S_WPA_L36_DOC1.0_WOC1.0_N2700_F270_R3|S_WPB_L56_DOC1.0_WOC1.0_N2700_F270_R1|S_WPB_L56_DOC0.5_WOC2.0_N2700_F270_R1|S_WPB_L56_DOC0.5_WOC2.0_N2700_F270_R2|S_WPA_L36_DOC4.0_WOC1.0_N2700_F270_R3|S_WPA_L36_DOC1.0_WOC1.0_N3600_F360_R2|S_WPA_L36_DOC1.5_WOC2.0_N2700_F270_R4|S_WPA_L36_DOC1.0_WOC1.0_N3600_F360_R3|U_WPA_L36_DOC2.0_WOC2.0_N2700_F270_R2|S_WPA_L36_DOC1.5_WOC1.0_N3600_F360_R1|U_WPB_L56_DOC2.0_WOC1.0_N3600_F360_R1|S_WPA_L36_DOC1.5_WOC1.0_N3600_F360_R2|U_WPA_L36_DOC2.0_WOC2.0_N2700_F270_R4|U_WPB_L56_DOC3.0_WOC1.0_N3600_F360_R1|S_WPA_L36_DOC6.0_WOC1.0_N2700_F270_R3|S_WPB_L56_DOC1.0_WOC1.0_N3600_F360_R1|U_WPB_L56_DOC2.0_WOC1.0_N3600_F360_R3|S_WPB_L56_DOC0.5_WOC1.0_N2700_F270_R1|S_WPA_L36_DOC1.0_WOC2.0_N2700_F270_R2|S_WPA_L36_DOC1.5_WOC2.0_N2700_F270_R3|S_WPA_L36_DOC1.0_WOC1.0_N3600_F360_R4|S_WPA_L36_DOC1.5_WOC1.0_N3600_F360_R3|U_WPA_L36_DOC2.0_WOC2.0_N2700_F270_R3|S_WPA_L36_DOC1.0_WOC2.0_N2700_F270_R4|S_WPA_L36_DOC1.5_WOC2.0_N2700_F270_R1|S_WPB_L56_DOC1.0_WOC1.0_N2700_F270_R2|S_WPB_L56_DOC0.5_WOC1.0_N3600_F360_R3|S_WPB_L56_DOC0.5_WOC2.0_N2700_F270_R4|U_WPB_L56_DOC2.0_WOC1.0_N2700_F270_R4|U_WPB_L56_DOC2.0_WOC1.0_N2700_F270_R3|U_WPB_L56_DOC2.0_WOC1.0_N2700_F270_R2|S_WPA_L36_DOC1.0_WOC2.0_N2700_F270_R3|U_WPB_L56_DOC3.0_WOC1.0_N3600_F360_R3|U_WPB_L56_DOC2.0_WOC1.0_N2700_F270_R1|U_WPB_L56_DOC2.0_WOC1.0_N3600_F360_R2|S_WPA_L36_DOC1.5_WOC1.0_N3600_F360_R4|S_WPB_L56_DOC1.0_WOC2.0_N2700_F270_R4|U_WPA_L36_DOC3.0_WOC1.0_N3600_F360_R4|U_WPB_L56_DOC2.0_WOC1.0_N3600_F360_R4|S_WPB_L56_DOC1.0_WOC1.0_N2700_F270_R3|S_WPA_L36_DOC1.5_WOC2.0_N2700_F270_R2|U_WPB_L56_DOC2.0_WOC1.0_N1800_F180_R4|U_WPB_L56_DOC2.0_WOC1.0_N1800_F180_R2,final structured retention evaluation
5,1,1,23,0.5,60,W2-k-medoids,uniform observed subset,60,26,35.0,25.0,1.0,1.0,1.0,1.0,S_WPA_L36_DOC0.5_WOC1.0_N3600_F360_R4|S_WPA_L36_DOC1.0_WOC1.0_N1800_F180_R2|S_WPA_L36_DOC1.0_WOC1.0_N1800_F180_R4|S_WPA_L36_DOC1.0_WOC1.0_N2700_F270_R2|S_WPA_L36_DOC1.0_WOC1.0_N2700_F270_R3|S_WPA_L36_DOC1.0_WOC1.0_N3600_F360_R1|S_WPA_L36_DOC1.5_WOC1.0_N3600_F360_R2|S_WPA_L36_DOC1.5_WOC2.0_N2700_F270_R1|S_WPA_L36_DOC2.0_WOC1.0_N2700_F270_R1|S_WPA_L36_DOC2.0_WOC1.0_N2700_F270_R3|S_WPA_L36_DOC3.0_WOC1.0_N1800_F180_R2|S_WPA_L36_DOC3.0_WOC1.0_N1800_F180_R3|S_WPA_L36_DOC3.0_WOC1.0_N1800_F180_R4|S_WPA_L36_DOC4.0_WOC1.0_N2700_F270_R1|S_WPA_L36_DOC4.0_WOC1.0_N2700_F270_R2|S_WPA_L36_DOC4.0_WOC1.0_N2700_F270_R3|S_WPA_L36_DOC4.0_WOC1.0_N2700_F270_R4|S_WPA_L36_DOC6.0_WOC1.0_N2700_F270_R1|S_WPB_L56_DOC0.5_WOC1.0_N1800_F180_R4|S_WPB_L56_DOC0.5_WOC1.0_N2700_F270_R1|S_WPB_L56_DOC0.5_WOC1.0_N2700_F270_R3|S_WPB_L56_DOC0.5_WOC1.0_N2700_F270_R4|S_WPB_L56_DOC0.5_WOC1.0_N3600_F360_R1|S_WPB_L56_DOC0.5_WOC1.0_N3600_F360_R2|S_WPB_L56_DOC1.0_WOC1.0_N2700_F270_R3|S_WPB_L56_DOC1.0_WOC2.0_N2700_F270_R1|S_WPB_L56_DOC1.0_WOC2.0_N2700_F270_R2|S_WPB_L56_DOC1.0_WOC2.0_N2700_F270_R3|S_WPB_L56_DOC1.0_WOC2.0_N2700_F270_R4|S_WPB_L56_DOC1.5_WOC1.0_N2700_F270_R1|S_WPB_L56_DOC1.5_WOC1.0_N2700_F270_R2|S_WPB_L56_DOC1.5_WOC1.0_N2700_F270_R3|S_WPB_L56_DOC1.5_WOC1.0_N2700_F270_R4|S_WPB_L56_DOC1.5_WOC2.0_N2700_F270_R1|S_WPB_L56_DOC1.5_WOC2.0_N2700_F270_R2|U_WPA_L36_DOC2.0_WOC1.0_N3600_F360_R1|U_WPA_L36_DOC2.0_WOC1.0_N3600_F360_R2|U_WPA_L36_DOC2.0_WOC1.0_N3600_F360_R3|U_WPA_L36_DOC2.0_WOC1.0_N3600_F360_R4|U_WPA_L36_DOC2.0_WOC2.0_N2700_F270_R3|U_WPA_L36_DOC2.0_WOC2.0_N2700_F270_R4|U_WPA_L36_DOC3.0_WOC1.0_N3600_F360_R1|U_WPA_L36_DOC3.0_WOC1.0_N3600_F360_R2|U_WPA_L36_DOC3.0_WOC1.0_N3600_F360_R3|U_WPA_L36_DOC3.0_WOC1.0_N3600_F360_R4|U_WPB_L56_DOC2.0_WOC1.0_N1800_F180_R3|U_WPB_L56_DOC2.0_WOC1.0_N1800_F180_R4|U_WPB_L56_DOC2.0_WOC1.0_N2700_F270_R1|U_WPB_L56_DOC2.0_WOC1.0_N2700_F270_R2|U_WPB_L56_DOC3.0_WOC1.0_N1800_F180_R1|U_WPB_L56_DOC3.0_WOC1.0_N1800_F180_R2|U_WPB_L56_DOC3.0_WOC1.0_N1800_F180_R3|U_WPB_L56_DOC3.0_WOC1.0_N1800_F180_R4|U_WPB_L56_DOC3.0_WOC1.0_N3600_F360_R2|U_WPB_L56_DOC3.0_WOC1.0_N3600_F360_R4|U_WPB_L56_DOC4.0_WOC2.0_N2700_F270_R1|U_WPB_L56_DOC4.0_WOC2.0_N2700_F270_R2|U_WPB_L56_DOC4.0_WOC2.0_N2700_F270_R3|U_WPB_L56_DOC6.0_WOC1.0_N2700_F270_R2|U_WPB_L56_DOC6.0_WOC1.0_N2700_F270_R3,final structured retention evaluation
6,1,2,23,0.5,60,Facility Location,uniform observed subset,60,27,35.0,25.0,0.8988095238095238,0.8333333333333334,0.9642857142857143,0.8333333333333334,S_WPA_L36_DOC1.5_WOC2.0_N2700_F270_R2|U_WPB_L56_DOC3.0_WOC1.0_N3600_F360_R3|S_WPA_L36_DOC1.0_WOC1.0_N2700_F270_R1|S_WPB_L56_DOC1.0_WOC2.0_N2700_F270_R4|U_WPA_L36_DOC2.0_WOC1.0_N3600_F360_R3|U_WPB_L56_DOC4.0_WOC2.0_N2700_F270_R4|S_WPB_L56_DOC1.0_WOC2.0_N2700_F270_R3|S_WPA_L36_DOC2.0_WOC1.0_N1800_F180_R2|S_WPB_L56_DOC1.5_WOC1.0_N3600_F360_R1|U_WPA_L36_DOC3.0_WOC1.0_N3600_F360_R2|U_WPA_L36_DOC3.0_WOC1.0_N3600_F360_R1|S_WPB_L56_DOC1.0_WOC2.0_N2700_F270_R2|S_WPB_L56_DOC0.5_WOC1.0_N3600_F360_R1|S_WPA_L36_DOC1.5_WOC1.0_N1800_F180_R2|S_WPA_L36_DOC0.5_WOC1.0_N3600_F360_R4|S_WPA_L36_DOC6.0_WOC1.0_N2700_F270_R2|U_WPB_L56_DOC4.0_WOC2.0_N2700_F270_R1|U_WPB_L56_DOC4.0_WOC1.0_N2700_F270_R1|S_WPB_L56_DOC1.5_WOC1.0_N1800_F180_R3|U_WPB_L56_DOC6.0_WOC1.0_N2700_F270_R3|S_WPA_L36_DOC0.5_WOC2.0_N2700_F270_R2|S_WPA_L36_DOC1.0_WOC1.0_N2700_F270_R4|U_WPB_L56_DOC4.0_WOC1.0_N2700_F270_R3|S_WPB_L56_DOC1.5_WOC1.0_N3600_F360_R4|U_WPA_L36_DOC4.0_WOC2.0_N2700_F270_R3|S_WPB_L56_DOC1.0_WOC1.0_N1800_F180_R3|S_WPA_L36_DOC1.0_WOC1.0_N3600_F360_R1|S_WPA_L36_DOC0.5_WOC1.0_N2700_F270_R3|S_WPA_L36_DOC2.0_WOC1.0_N2700_F270_R1|S_WPB_L56_DOC1.0_WOC2.0_N2700_F270_R1|U_WPB_L56_DOC6.0_WOC1.0_N2700_F270_R2|U_WPB_L56_DOC3.0_WOC1.0_N3600_F360_R4|S_WPA_L36_DOC2.0_WOC1.0_N1800_F180_R3|U_WPA_L36_DOC2.0_WOC1.0_N3600_F360_R2|U_WPA_L36_DOC3.0_WOC1.0_N3600_F360_R3|S_WPB_L56_DOC1.0_WOC1.0_N2700_F270_R4|U_WPB_L56_DOC2.0_WOC1.0_N2700_F270_R3|S_WPB_L56_DOC1.5_WOC2.0_N2700_F270_R2|U_WPB_L56_DOC4.0_WOC2.0_N2700_F270_R2|U_WPA_L36_DOC2.0_WOC1.0_N3600_F360_R1|S_WPA_L36_DOC6.0_WOC1.0_N2700_F270_R1|U_WPB_L56_DOC2.0_WOC2.0_N2700_F270_R2|S_WPB_L56_DOC1.5_WOC2.0_N2700_F270_R1|U_WPA_L36_DOC4.0_WOC2.0_N2700_F270_R1|S_WPB_L56_DOC0.5_WOC1.0_N3600_F360_R4|S_WPA_L36_DOC4.0_WOC1.0_N2700_F270_R3|U_WPA_L36_DOC3.0_WOC1.0_N3600_F360_R4|U_WPA_L36_DOC2.0_WOC1.0_N3600_F360_R4|S_WPA_L36_DOC4.0_WOC1.0_N2700_F270_R1|U_WPB_L56_DOC3.0_WOC1.0_N3600_F360_R2|S_WPB_L56_DOC1.0_WOC1.0_N1800_F180_R4|U_WPB_L56_DOC2.0_WOC1.0_N2700_F270_R1|S_WPA_L36_DOC0.5_WOC1.0_N3600_F360_R2|S_WPA_L36_DOC2.0_WOC1.0_N2700_F270_R4|S_WPA_L36_DOC2.0_WOC1.0_N2700_F270_R3|U_WPB_L56_DOC2.0_WOC1.0_N2700_F270_R4|U_WPB_L56_DOC2.0_WOC2.0_N2700_F270_R1|S_WPA_L36_DOC4.0_WOC1.0_N2700_F270_R2|S_WPB_L56_DOC1.5_WOC1.0_N3600_F360_R3|S_WPA_L36_DOC1.5_WOC1.0_N1800_F180_R4,final structured retention evaluation
6,1,2,23,0.5,60,MRDS,uniform observed subset,60,27,41.0,19.0,0.8809523809523809,0.8333333333333334,0.9285714285714286,0.8333333333333334,S_WPA_L36_DOC1.5_WOC2.0_N2700_F270_R3|S_WPB_L56_DOC1.5_WOC1.0_N3600_F360_R1|S_WPA_L36_DOC2.0_WOC1.0_N1800_F180_R2|U_WPA_L36_DOC3.0_WOC1.0_N3600_F360_R1|U_WPA_L36_DOC3.0_WOC1.0_N3600_F360_R2|S_WPB_L56_DOC0.5_WOC1.0_N3600_F360_R1|S_WPB_L56_DOC1.0_WOC2.0_N2700_F270_R2|S_WPB_L56_DOC1.0_WOC2.0_N2700_F270_R3|U_WPB_L56_DOC4.0_WOC2.0_N2700_F270_R2|U_WPA_L36_DOC2.0_WOC1.0_N3600_F360_R2|S_WPB_L56_DOC1.5_WOC1.0_N1800_F180_R4|S_WPB_L56_DOC1.0_WOC1.0_N2700_F270_R4|U_WPB_L56_DOC4.0_WOC2.0_N2700_F270_R4|S_WPA_L36_DOC1.5_WOC2.0_N2700_F270_R2|S_WPB_L56_DOC1.5_WOC1.0_N1800_F180_R2|S_WPB_L56_DOC1.5_WOC1.0_N1800_F180_R3|U_WPB_L56_DOC2.0_WOC1.0_N2700_F270_R2|S_WPB_L56_DOC1.0_WOC1.0_N1800_F180_R3|S_WPB_L56_DOC0.5_WOC1.0_N1800_F180_R4|S_WPA_L36_DOC0.5_WOC1.0_N3600_F360_R3|S_WPA_L36_DOC0.5_WOC2.0_N2700_F270_R4|U_WPA_L36_DOC3.0_WOC1.0_N3600_F360_R4|S_WPB_L56_DOC0.5_WOC1.0_N1800_F180_R2|U_WPA_L36_DOC4.0_WOC2.0_N2700_F270_R4|U_WPB_L56_DOC4.0_WOC2.0_N2700_F270_R3|S_WPA_L36_DOC0.5_WOC1.0_N3600_F360_R1|S_WPA_L36_DOC1.0_WOC1.0_N3600_F360_R3|S_WPB_L56_DOC1.5_WOC1.0_N3600_F360_R3|S_WPA_L36_DOC0.5_WOC1.0_N3600_F360_R4|S_WPB_L56_DOC1.5_WOC1.0_N3600_F360_R2|U_WPB_L56_DOC2.0_WOC1.0_N3600_F360_R1|S_WPB_L56_DOC0.5_WOC2.0_N2700_F270_R4|S_WPA_L36_DOC0.5_WOC2.0_N2700_F270_R3|U_WPB_L56_DOC2.0_WOC1.0_N2700_F270_R3|U_WPB_L56_DOC2.0_WOC2.0_N2700_F270_R4|S_WPA_L36_DOC6.0_WOC1.0_N2700_F270_R3|S_WPA_L36_DOC4.0_WOC1.0_N2700_F270_R3|U_WPB_L56_DOC2.0_WOC1.0_N3600_F360_R3|S_WPA_L36_DOC1.0_WOC1.0_N3600_F360_R2|S_WPB_L56_DOC1.0_WOC1.0_N2700_F270_R3|S_WPB_L56_DOC1.0_WOC1.0_N2700_F270_R1|U_WPB_L56_DOC4.0_WOC1.0_N2700_F270_R2|S_WPA_L36_DOC0.5_WOC2.0_N2700_F270_R2|S_WPA_L36_DOC2.0_WOC1.0_N2700_F270_R2|S_WPA_L36_DOC1.0_WOC1.0_N3600_F360_R4|U_WPB_L56_DOC3.0_WOC1.0_N3600_F360_R4|U_WPB_L56_DOC3.0_WOC1.0_N3600_F360_R2|S_WPB_L56_DOC1.0_WOC1.0_N1800_F180_R1|S_WPB_L56_DOC0.5_WOC2.0_N2700_F270_R3|U_WPB_L56_DOC2.0_WOC1.0_N2700_F270_R4|S_WPA_L36_DOC0.5_WOC1.0_N2700_F270_R2|S_WPA_L36_DOC0.5_WOC1.0_N2700_F270_R3|U_WPB_L56_DOC3.0_WOC1.0_N3600_F360_R3|S_WPA_L36_DOC0.5_WOC2.0_N2700_F270_R1|S_WPA_L36_DOC1.5_WOC2.0_N2700_F270_R4|S_WPA_L36_DOC1.5_WOC2.0_N2700_F270_R1|S_WPB_L56_DOC1.0_WOC1.0_N2700_F270_R2|S_WPA_L36_DOC1.0_WOC1.0_N2700_F270_R1|S_WPA_L36_DOC0.5_WOC1.0_N2700_F270_R1|U_WPB_L56_DOC4.0_WOC1.0_N2700_F270_R1,final structured retention evaluation
6,1,2,23,0.5,60,W2-k-medoids,uniform observed subset,60,29,36.0,24.0,0.8988095238095238,0.8333333333333334,0.9642857142857143,0.8333333333333334,S_WPA_L36_DOC0.5_WOC1.0_N2700_F270_R3|S_WPA_L36_DOC0.5_WOC1.0_N2700_F270_R4|S_WPA_L36_DOC0.5_WOC1.0_N3600_F360_R2|S_WPA_L36_DOC0.5_WOC1.0_N3600_F360_R4|S_WPA_L36_DOC0.5_WOC2.0_N2700_F270_R1|S_WPA_L36_DOC1.0_WOC1.0_N2700_F270_R2|S_WPA_L36_DOC1.0_WOC1.0_N3600_F360_R1|S_WPA_L36_DOC1.5_WOC1.0_N1800_F180_R3|S_WPA_L36_DOC1.5_WOC2.0_N2700_F270_R3|S_WPA_L36_DOC2.0_WOC1.0_N1800_F180_R2|S_WPA_L36_DOC2.0_WOC1.0_N1800_F180_R3|S_WPA_L36_DOC2.0_WOC1.0_N2700_F270_R1|S_WPA_L36_DOC2.0_WOC1.0_N2700_F270_R3|S_WPA_L36_DOC2.0_WOC1.0_N2700_F270_R4|S_WPA_L36_DOC4.0_WOC1.0_N2700_F270_R2|S_WPA_L36_DOC4.0_WOC1.0_N2700_F270_R3|S_WPA_L36_DOC6.0_WOC1.0_N2700_F270_R1|S_WPA_L36_DOC6.0_WOC1.0_N2700_F270_R2|S_WPA_L36_DOC6.0_WOC1.0_N2700_F270_R4|S_WPB_L56_DOC0.5_WOC1.0_N1800_F180_R4|S_WPB_L56_DOC0.5_WOC1.0_N3600_F360_R1|S_WPB_L56_DOC0.5_WOC1.0_N3600_F360_R4|S_WPB_L56_DOC0.5_WOC2.0_N2700_F270_R2|S_WPB_L56_DOC0.5_WOC2.0_N2700_F270_R4|S_WPB_L56_DOC1.0_WOC1.0_N1800_F180_R3|S_WPB_L56_DOC1.0_WOC1.0_N1800_F180_R4|S_WPB_L56_DOC1.0_WOC1.0_N2700_F270_R4|S_WPB_L56_DOC1.0_WOC2.0_N2700_F270_R1|S_WPB_L56_DOC1.0_WOC2.0_N2700_F270_R2|S_WPB_L56_DOC1.0_WOC2.0_N2700_F270_R3|S_WPB_L56_DOC1.5_WOC1.0_N1800_F180_R3|S_WPB_L56_DOC1.5_WOC1.0_N3600_F360_R1|S_WPB_L56_DOC1.5_WOC1.0_N3600_F360_R3|S_WPB_L56_DOC1.5_WOC1.0_N3600_F360_R4|S_WPB_L56_DOC1.5_WOC2.0_N2700_F270_R1|S_WPB_L56_DOC1.5_WOC2.0_N2700_F270_R2|U_WPA_L36_DOC2.0_WOC1.0_N3600_F360_R1|U_WPA_L36_DOC2.0_WOC1.0_N3600_F360_R2|U_WPA_L36_DOC2.0_WOC1.0_N3600_F360_R3|U_WPA_L36_DOC2.0_WOC1.0_N3600_F360_R4|U_WPA_L36_DOC3.0_WOC1.0_N3600_F360_R1|U_WPA_L36_DOC3.0_WOC1.0_N3600_F360_R2|U_WPA_L36_DOC3.0_WOC1.0_N3600_F360_R3|U_WPA_L36_DOC3.0_WOC1.0_N3600_F360_R4|U_WPA_L36_DOC4.0_WOC2.0_N2700_F270_R3|U_WPA_L36_DOC4.0_WOC2.0_N2700_F270_R4|U_WPB_L56_DOC2.0_WOC1.0_N2700_F270_R1|U_WPB_L56_DOC2.0_WOC1.0_N2700_F270_R2|U_WPB_L56_DOC2.0_WOC1.0_N2700_F270_R4|U_WPB_L56_DOC2.0_WOC2.0_N2700_F270_R2|U_WPB_L56_DOC3.0_WOC1.0_N3600_F360_R2|U_WPB_L56_DOC3.0_WOC1.0_N3600_F360_R4|U_WPB_L56_DOC4.0_WOC1.0_N2700_F270_R1|U_WPB_L56_DOC4.0_WOC1.0_N2700_F270_R3|U_WPB_L56_DOC4.0_WOC2.0_N2700_F270_R1|U_WPB_L56_DOC4.0_WOC2.0_N2700_F270_R2|U_WPB_L56_DOC4.0_WOC2.0_N2700_F270_R3|U_WPB_L56_DOC6.0_WOC1.0_N2700_F270_R1|U_WPB_L56_DOC6.0_WOC1.0_N2700_F270_R2|U_WPB_L56_DOC6.0_WOC1.0_N2700_F270_R4,final structured retention evaluation
7,1,3,23,0.5,60,Facility Location,uniform observed subset,60,28,35.0,25.0,0.96875,0.9375,1.0,0.9375,S_WPA_L36_DOC1.5_WOC2.0_N2700_F270_R3|U_WPA_L36_DOC3.0_WOC1.0_N3600_F360_R4|S_WPB_L56_DOC0.5_WOC2.0_N2700_F270_R3|U_WPB_L56_DOC2.0_WOC1.0_N2700_F270_R3|S_WPA_L36_DOC1.0_WOC1.0_N2700_F270_R1|S_WPB_L56_DOC0.5_WOC1.0_N2700_F270_R3|S_WPA_L36_DOC2.0_WOC1.0_N1800_F180_R4|S_WPA_L36_DOC2.0_WOC1.0_N1800_F180_R2|S_WPB_L56_DOC1.5_WOC1.0_N3600_F360_R1|U_WPA_L36_DOC3.0_WOC1.0_N3600_F360_R1|U_WPA_L36_DOC3.0_WOC1.0_N3600_F360_R2|S_WPB_L56_DOC1.5_WOC1.0_N2700_F270_R1|S_WPA_L36_DOC6.0_WOC1.0_N2700_F270_R2|S_WPA_L36_DOC3.0_WOC1.0_N1800_F180_R3|U_WPB_L56_DOC4.0_WOC1.0_N2700_F270_R3|U_WPB_L56_DOC2.0_WOC1.0_N1800_F180_R1|S_WPB_L56_DOC1.0_WOC1.0_N1800_F180_R1|S_WPA_L36_DOC0.5_WOC2.0_N2700_F270_R1|U_WPA_L36_DOC2.0_WOC2.0_N2700_F270_R2|S_WPA_L36_DOC1.5_WOC1.0_N1800_F180_R4|U_WPA_L36_DOC4.0_WOC2.0_N2700_F270_R1|S_WPA_L36_DOC6.0_WOC1.0_N2700_F270_R4|S_WPB_L56_DOC0.5_WOC1.0_N2700_F270_R2|U_WPA_L36_DOC2.0_WOC1.0_N3600_F360_R4|S_WPA_L36_DOC0.5_WOC1.0_N2700_F270_R3|U_WPB_L56_DOC2.0_WOC2.0_N2700_F270_R2|S_WPB_L56_DOC1.5_WOC1.0_N3600_F360_R4|S_WPB_L56_DOC1.5_WOC1.0_N2700_F270_R3|S_WPA_L36_DOC2.0_WOC1.0_N2700_F270_R1|S_WPB_L56_DOC1.0_WOC1.0_N3600_F360_R1|S_WPA_L36_DOC1.5_WOC1.0_N3600_F360_R1|U_WPA_L36_DOC2.0_WOC1.0_N3600_F360_R1|U_WPB_L56_DOC4.0_WOC1.0_N2700_F270_R1|S_WPA_L36_DOC1.0_WOC1.0_N1800_F180_R2|S_WPB_L56_DOC1.5_WOC1.0_N1800_F180_R3|U_WPA_L36_DOC2.0_WOC1.0_N3600_F360_R2|U_WPB_L56_DOC2.0_WOC1.0_N1800_F180_R3|S_WPB_L56_DOC0.5_WOC1.0_N2700_F270_R4|S_WPA_L36_DOC3.0_WOC1.0_N1800_F180_R4|S_WPB_L56_DOC1.5_WOC1.0_N2700_F270_R4|U_WPA_L36_DOC3.0_WOC1.0_N3600_F360_R3|S_WPB_L56_DOC1.5_WOC1.0_N2700_F270_R2|S_WPA_L36_DOC6.0_WOC1.0_N2700_F270_R1|U_WPB_L56_DOC3.0_WOC1.0_N1800_F180_R3|U_WPA_L36_DOC4.0_WOC2.0_N2700_F270_R2|S_WPA_L36_DOC3.0_WOC1.0_N1800_F180_R2|U_WPB_L56_DOC3.0_WOC1.0_N1800_F180_R4|U_WPA_L36_DOC2.0_WOC1.0_N3600_F360_R3|U_WPB_L56_DOC2.0_WOC1.0_N1800_F180_R2|U_WPA_L36_DOC2.0_WOC2.0_N2700_F270_R4|S_WPA_L36_DOC4.0_WOC1.0_N2700_F270_R3|U_WPB_L56_DOC2.0_WOC2.0_N2700_F270_R1|U_WPB_L56_DOC3.0_WOC1.0_N1800_F180_R1|S_WPA_L36_DOC2.0_WOC1.0_N2700_F270_R3|U_WPB_L56_DOC3.0_WOC1.0_N1800_F180_R2|S_WPA_L36_DOC4.0_WOC1.0_N2700_F270_R2|S_WPA_L36_DOC0.5_WOC1.0_N2700_F270_R4|S_WPB_L56_DOC1.0_WOC1.0_N1800_F180_R4|S_WPA_L36_DOC1.0_WOC1.0_N1800_F180_R4|U_WPB_L56_DOC2.0_WOC1.0_N2700_F270_R1,final structured retention evaluation
7,1,3,23,0.5,60,MRDS,uniform observed subset,60,26,41.0,19.0,1.0,1.0,1.0,1.0,S_WPA_L36_DOC0.5_WOC1.0_N2700_F270_R3|S_WPB_L56_DOC1.5_WOC1.0_N3600_F360_R1|S_WPA_L36_DOC2.0_WOC1.0_N1800_F180_R2|U_WPA_L36_DOC3.0_WOC1.0_N3600_F360_R1|U_WPA_L36_DOC3.0_WOC1.0_N3600_F360_R2|S_WPB_L56_DOC1.5_WOC1.0_N2700_F270_R1|U_WPA_L36_DOC3.0_WOC1.0_N3600_F360_R3|S_WPA_L36_DOC1.0_WOC1.0_N2700_F270_R3|S_WPA_L36_DOC3.0_WOC1.0_N1800_F180_R1|S_WPB_L56_DOC0.5_WOC1.0_N2700_F270_R2|U_WPB_L56_DOC3.0_WOC1.0_N1800_F180_R2|S_WPA_L36_DOC1.5_WOC2.0_N2700_F270_R2|S_WPA_L36_DOC1.0_WOC2.0_N2700_F270_R1|U_WPB_L56_DOC2.0_WOC1.0_N2700_F270_R4|S_WPA_L36_DOC1.0_WOC1.0_N2700_F270_R1|S_WPA_L36_DOC0.5_WOC2.0_N2700_F270_R4|S_WPA_L36_DOC2.0_WOC1.0_N1800_F180_R4|S_WPB_L56_DOC0.5_WOC1.0_N1800_F180_R1|S_WPA_L36_DOC1.0_WOC1.0_N1800_F180_R1|S_WPA_L36_DOC1.0_WOC1.0_N1800_F180_R2|S_WPA_L36_DOC2.0_WOC1.0_N1800_F180_R1|S_WPA_L36_DOC0.5_WOC2.0_N2700_F270_R1|U_WPA_L36_DOC2.0_WOC2.0_N2700_F270_R1|U_WPA_L36_DOC2.0_WOC2.0_N2700_F270_R2|S_WPA_L36_DOC1.0_WOC2.0_N2700_F270_R3|S_WPB_L56_DOC1.0_WOC1.0_N1800_F180_R1|S_WPA_L36_DOC2.0_WOC1.0_N2700_F270_R2|S_WPA_L36_DOC1.5_WOC2.0_N2700_F270_R3|U_WPA_L36_DOC2.0_WOC1.0_N3600_F360_R3|S_WPA_L36_DOC6.0_WOC1.0_N2700_F270_R3|S_WPA_L36_DOC1.0_WOC1.0_N1800_F180_R3|S_WPA_L36_DOC0.5_WOC2.0_N2700_F270_R3|S_WPA_L36_DOC0.5_WOC2.0_N2700_F270_R2|S_WPB_L56_DOC1.0_WOC1.0_N1800_F180_R4|S_WPA_L36_DOC1.5_WOC1.0_N3600_F360_R1|S_WPA_L36_DOC4.0_WOC1.0_N2700_F270_R3|S_WPB_L56_DOC1.0_WOC1.0_N1800_F180_R3|U_WPB_L56_DOC2.0_WOC1.0_N2700_F270_R1|S_WPA_L36_DOC1.5_WOC1.0_N3600_F360_R4|U_WPA_L36_DOC3.0_WOC1.0_N3600_F360_R4|S_WPB_L56_DOC1.5_WOC1.0_N3600_F360_R2|S_WPA_L36_DOC1.5_WOC1.0_N3600_F360_R3|S_WPA_L36_DOC1.5_WOC2.0_N2700_F270_R4|S_WPA_L36_DOC1.0_WOC2.0_N2700_F270_R2|S_WPA_L36_DOC1.0_WOC1.0_N1800_F180_R4|U_WPB_L56_DOC2.0_WOC1.0_N2700_F270_R2|S_WPA_L36_DOC1.5_WOC2.0_N2700_F270_R1|U_WPB_L56_DOC2.0_WOC1.0_N1800_F180_R2|U_WPB_L56_DOC2.0_WOC1.0_N1800_F180_R4|S_WPA_L36_DOC1.5_WOC1.0_N3600_F360_R2|U_WPA_L36_DOC2.0_WOC2.0_N2700_F270_R4|U_WPA_L36_DOC4.0_WOC2.0_N2700_F270_R4|S_WPA_L36_DOC0.5_WOC1.0_N2700_F270_R2|U_WPB_L56_DOC2.0_WOC2.0_N2700_F270_R2|U_WPB_L56_DOC2.0_WOC2.0_N2700_F270_R4|U_WPB_L56_DOC4.0_WOC1.0_N2700_F270_R1|S_WPA_L36_DOC1.0_WOC2.0_N2700_F270_R4|S_WPB_L56_DOC0.5_WOC1.0_N1800_F180_R2|S_WPB_L56_DOC1.0_WOC1.0_N1800_F180_R2|U_WPB_L56_DOC2.0_WOC1.0_N2700_F270_R3,final structured retention evaluation
7,1,3,23,0.5,60,W2-k-medoids,uniform observed subset,60,29,35.0,25.0,0.96875,0.9375,1.0,0.9375,S_WPA_L36_DOC0.5_WOC1.0_N2700_F270_R3|S_WPA_L36_DOC0.5_WOC2.0_N2700_F270_R3|S_WPA_L36_DOC1.0_WOC1.0_N1800_F180_R2|S_WPA_L36_DOC1.0_WOC1.0_N2700_F270_R1|S_WPA_L36_DOC1.5_WOC1.0_N1800_F180_R3|S_WPA_L36_DOC1.5_WOC1.0_N3600_F360_R1|S_WPA_L36_DOC1.5_WOC2.0_N2700_F270_R2|S_WPA_L36_DOC2.0_WOC1.0_N1800_F180_R2|S_WPA_L36_DOC2.0_WOC1.0_N1800_F180_R3|S_WPA_L36_DOC2.0_WOC1.0_N2700_F270_R1|S_WPA_L36_DOC2.0_WOC1.0_N2700_F270_R3|S_WPA_L36_DOC3.0_WOC1.0_N1800_F180_R2|S_WPA_L36_DOC3.0_WOC1.0_N1800_F180_R3|S_WPA_L36_DOC3.0_WOC1.0_N1800_F180_R4|S_WPA_L36_DOC4.0_WOC1.0_N2700_F270_R1|S_WPA_L36_DOC4.0_WOC1.0_N2700_F270_R2|S_WPA_L36_DOC4.0_WOC1.0_N2700_F270_R3|S_WPA_L36_DOC4.0_WOC1.0_N2700_F270_R4|S_WPA_L36_DOC6.0_WOC1.0_N2700_F270_R1|S_WPA_L36_DOC6.0_WOC1.0_N2700_F270_R2|S_WPB_L56_DOC0.5_WOC1.0_N1800_F180_R4|S_WPB_L56_DOC0.5_WOC1.0_N2700_F270_R2|S_WPB_L56_DOC0.5_WOC1.0_N2700_F270_R3|S_WPB_L56_DOC0.5_WOC1.0_N2700_F270_R4|S_WPB_L56_DOC0.5_WOC2.0_N2700_F270_R3|S_WPB_L56_DOC1.0_WOC1.0_N1800_F180_R3|S_WPB_L56_DOC1.0_WOC1.0_N1800_F180_R4|S_WPB_L56_DOC1.0_WOC1.0_N3600_F360_R1|S_WPB_L56_DOC1.5_WOC1.0_N1800_F180_R3|S_WPB_L56_DOC1.5_WOC1.0_N2700_F270_R1|S_WPB_L56_DOC1.5_WOC1.0_N2700_F270_R2|S_WPB_L56_DOC1.5_WOC1.0_N2700_F270_R3|S_WPB_L56_DOC1.5_WOC1.0_N2700_F270_R4|S_WPB_L56_DOC1.5_WOC1.0_N3600_F360_R1|S_WPB_L56_DOC1.5_WOC1.0_N3600_F360_R4|U_WPA_L36_DOC2.0_WOC1.0_N3600_F360_R1|U_WPA_L36_DOC2.0_WOC1.0_N3600_F360_R2|U_WPA_L36_DOC2.0_WOC1.0_N3600_F360_R3|U_WPA_L36_DOC2.0_WOC1.0_N3600_F360_R4|U_WPA_L36_DOC2.0_WOC2.0_N2700_F270_R2|U_WPA_L36_DOC2.0_WOC2.0_N2700_F270_R4|U_WPA_L36_DOC3.0_WOC1.0_N3600_F360_R1|U_WPA_L36_DOC3.0_WOC1.0_N3600_F360_R2|U_WPA_L36_DOC3.0_WOC1.0_N3600_F360_R3|U_WPA_L36_DOC3.0_WOC1.0_N3600_F360_R4|U_WPA_L36_DOC4.0_WOC2.0_N2700_F270_R1|U_WPA_L36_DOC4.0_WOC2.0_N2700_F270_R2|U_WPB_L56_DOC2.0_WOC1.0_N1800_F180_R1|U_WPB_L56_DOC2.0_WOC1.0_N1800_F180_R3|U_WPB_L56_DOC2.0_WOC1.0_N2700_F270_R1|U_WPB_L56_DOC2.0_WOC1.0_N2700_F270_R2|U_WPB_L56_DOC2.0_WOC1.0_N2700_F270_R4|U_WPB_L56_DOC2.0_WOC2.0_N2700_F270_R1|U_WPB_L56_DOC2.0_WOC2.0_N2700_F270_R2|U_WPB_L56_DOC3.0_WOC1.0_N1800_F180_R1|U_WPB_L56_DOC3.0_WOC1.0_N1800_F180_R2|U_WPB_L56_DOC3.0_WOC1.0_N1800_F180_R3|U_WPB_L56_DOC3.0_WOC1.0_N1800_F180_R4|U_WPB_L56_DOC4.0_WOC1.0_N2700_F270_R1|U_WPB_L56_DOC4.0_WOC1.0_N2700_F270_R3,final structured retention evaluation
8,2,0,37,0.5,60,Facility Location,uniform observed subset,60,27,33.0,27.0,0.875,0.75,1.0,0.75,S_WPA_L36_DOC1.5_WOC2.0_N2700_F270_R3|U_WPB_L56_DOC3.0_WOC1.0_N3600_F360_R3|S_WPB_L56_DOC0.5_WOC2.0_N2700_F270_R3|U_WPA_L36_DOC2.0_WOC2.0_N2700_F270_R2|S_WPB_L56_DOC1.0_WOC1.0_N2700_F270_R1|S_WPA_L36_DOC2.0_WOC1.0_N1800_F180_R3|S_WPA_L36_DOC2.0_WOC1.0_N1800_F180_R2|S_WPB_L56_DOC0.5_WOC1.0_N3600_F360_R1|U_WPB_L56_DOC4.0_WOC2.0_N2700_F270_R4|S_WPA_L36_DOC6.0_WOC1.0_N2700_F270_R2|U_WPA_L36_DOC2.0_WOC1.0_N3600_F360_R4|U_WPB_L56_DOC2.0_WOC1.0_N1800_F180_R1|S_WPA_L36_DOC3.0_WOC1.0_N1800_F180_R3|U_WPB_L56_DOC4.0_WOC2.0_N2700_F270_R1|S_WPB_L56_DOC1.0_WOC1.0_N1800_F180_R3|S_WPA_L36_DOC1.5_WOC1.0_N1800_F180_R1|S_WPA_L36_DOC0.5_WOC1.0_N2700_F270_R3|U_WPB_L56_DOC6.0_WOC1.0_N2700_F270_R3|U_WPB_L56_DOC4.0_WOC1.0_N2700_F270_R1|U_WPB_L56_DOC4.0_WOC1.0_N2700_F270_R3|S_WPA_L36_DOC1.5_WOC1.0_N3600_F360_R3|S_WPB_L56_DOC0.5_WOC1.0_N3600_F360_R2|S_WPA_L36_DOC2.0_WOC1.0_N2700_F270_R1|S_WPA_L36_DOC6.0_WOC1.0_N2700_F270_R4|S_WPB_L56_DOC1.5_WOC2.0_N2700_F270_R4|U_WPB_L56_DOC2.0_WOC1.0_N3600_F360_R3|U_WPB_L56_DOC6.0_WOC1.0_N2700_F270_R2|S_WPA_L36_DOC1.0_WOC1.0_N1800_F180_R2|U_WPA_L36_DOC2.0_WOC1.0_N3600_F360_R1|U_WPA_L36_DOC2.0_WOC1.0_N3600_F360_R2|S_WPB_L56_DOC0.5_WOC1.0_N1800_F180_R2|U_WPB_L56_DOC4.0_WOC2.0_N2700_F270_R2|S_WPA_L36_DOC0.5_WOC1.0_N3600_F360_R3|S_WPB_L56_DOC1.5_WOC2.0_N2700_F270_R2|U_WPB_L56_DOC2.0_WOC1.0_N1800_F180_R3|U_WPB_L56_DOC2.0_WOC2.0_N2700_F270_R2|S_WPA_L36_DOC3.0_WOC1.0_N1800_F180_R4|S_WPA_L36_DOC3.0_WOC1.0_N1800_F180_R2|S_WPA_L36_DOC6.0_WOC1.0_N2700_F270_R1|U_WPB_L56_DOC3.0_WOC1.0_N1800_F180_R3|S_WPA_L36_DOC4.0_WOC1.0_N2700_F270_R3|U_WPB_L56_DOC3.0_WOC1.0_N1800_F180_R4|U_WPA_L36_DOC2.0_WOC1.0_N3600_F360_R3|U_WPA_L36_DOC2.0_WOC2.0_N2700_F270_R4|U_WPB_L56_DOC3.0_WOC1.0_N3600_F360_R2|U_WPB_L56_DOC2.0_WOC2.0_N2700_F270_R1|S_WPA_L36_DOC1.0_WOC1.0_N1800_F180_R4|S_WPA_L36_DOC2.0_WOC1.0_N2700_F270_R3|U_WPB_L56_DOC3.0_WOC1.0_N1800_F180_R1|S_WPA_L36_DOC2.0_WOC1.0_N2700_F270_R4|S_WPB_L56_DOC1.0_WOC1.0_N1800_F180_R4|U_WPB_L56_DOC2.0_WOC1.0_N1800_F180_R2|S_WPA_L36_DOC4.0_WOC1.0_N2700_F270_R2|S_WPA_L36_DOC0.5_WOC1.0_N2700_F270_R4|U_WPB_L56_DOC3.0_WOC1.0_N1800_F180_R2|S_WPB_L56_DOC0.5_WOC2.0_N2700_F270_R2|U_WPB_L56_DOC6.0_WOC1.0_N2700_F270_R1|S_WPA_L36_DOC3.0_WOC1.0_N1800_F180_R1|U_WPA_L36_DOC2.0_WOC2.0_N2700_F270_R1|S_WPB_L56_DOC0.5_WOC1.0_N3600_F360_R3,final structured retention evaluation
8,2,0,37,0.5,60,MRDS,uniform observed subset,60,27,40.0,20.0,0.9166666666666667,0.8333333333333334,1.0,0.8333333333333334,S_WPA_L36_DOC1.0_WOC2.0_N2700_F270_R3|S_WPA_L36_DOC2.0_WOC1.0_N1800_F180_R2|S_WPB_L56_DOC0.5_WOC1.0_N3600_F360_R1|U_WPB_L56_DOC4.0_WOC2.0_N2700_F270_R1|U_WPA_L36_DOC2.0_WOC1.0_N3600_F360_R4|S_WPB_L56_DOC1.0_WOC1.0_N2700_F270_R4|S_WPA_L36_DOC6.0_WOC1.0_N2700_F270_R3|U_WPB_L56_DOC4.0_WOC2.0_N2700_F270_R3|S_WPB_L56_DOC1.5_WOC1.0_N1800_F180_R4|S_WPB_L56_DOC1.5_WOC1.0_N1800_F180_R2|U_WPB_L56_DOC3.0_WOC1.0_N3600_F360_R3|S_WPB_L56_DOC1.0_WOC1.0_N1800_F180_R1|S_WPA_L36_DOC2.0_WOC1.0_N1800_F180_R3|U_WPB_L56_DOC4.0_WOC1.0_N2700_F270_R2|S_WPB_L56_DOC1.0_WOC1.0_N2700_F270_R3|S_WPA_L36_DOC1.5_WOC1.0_N3600_F360_R1|S_WPB_L56_DOC1.0_WOC1.0_N1800_F180_R3|S_WPB_L56_DOC0.5_WOC1.0_N1800_F180_R2|S_WPB_L56_DOC1.5_WOC1.0_N1800_F180_R3|S_WPA_L36_DOC1.5_WOC2.0_N2700_F270_R2|U_WPA_L36_DOC2.0_WOC2.0_N2700_F270_R1|S_WPB_L56_DOC0.5_WOC1.0_N1800_F180_R1|S_WPA_L36_DOC1.0_WOC1.0_N1800_F180_R3|S_WPA_L36_DOC1.0_WOC1.0_N1800_F180_R4|S_WPA_L36_DOC4.0_WOC1.0_N2700_F270_R3|S_WPB_L56_DOC0.5_WOC1.0_N3600_F360_R2|S_WPB_L56_DOC0.5_WOC2.0_N2700_F270_R3|S_WPA_L36_DOC1.5_WOC1.0_N3600_F360_R4|S_WPA_L36_DOC1.0_WOC2.0_N2700_F270_R1|U_WPB_L56_DOC2.0_WOC2.0_N2700_F270_R4|U_WPB_L56_DOC2.0_WOC2.0_N2700_F270_R1|S_WPA_L36_DOC0.5_WOC1.0_N3600_F360_R1|U_WPA_L36_DOC2.0_WOC2.0_N2700_F270_R3|S_WPA_L36_DOC0.5_WOC1.0_N3600_F360_R4|S_WPA_L36_DOC1.5_WOC1.0_N1800_F180_R1|S_WPA_L36_DOC3.0_WOC1.0_N1800_F180_R2|U_WPB_L56_DOC2.0_WOC1.0_N1800_F180_R3|S_WPB_L56_DOC1.0_WOC1.0_N2700_F270_R1|S_WPB_L56_DOC1.0_WOC1.0_N2700_F270_R2|S_WPA_L36_DOC1.0_WOC2.0_N2700_F270_R4|S_WPA_L36_DOC1.5_WOC1.0_N3600_F360_R3|S_WPA_L36_DOC1.5_WOC2.0_N2700_F270_R4|U_WPA_L36_DOC2.0_WOC1.0_N3600_F360_R3|U_WPA_L36_DOC2.0_WOC2.0_N2700_F270_R4|S_WPA_L36_DOC1.5_WOC2.0_N2700_F270_R3|S_WPA_L36_DOC2.0_WOC1.0_N2700_F270_R2|U_WPB_L56_DOC2.0_WOC1.0_N1800_F180_R4|U_WPB_L56_DOC2.0_WOC1.0_N3600_F360_R3|S_WPB_L56_DOC1.0_WOC1.0_N3600_F360_R3|U_WPB_L56_DOC2.0_WOC1.0_N1800_F180_R2|U_WPB_L56_DOC4.0_WOC1.0_N2700_F270_R1|U_WPB_L56_DOC6.0_WOC1.0_N2700_F270_R4|S_WPA_L36_DOC6.0_WOC1.0_N2700_F270_R2|S_WPA_L36_DOC1.0_WOC2.0_N2700_F270_R2|S_WPA_L36_DOC1.5_WOC2.0_N2700_F270_R1|U_WPB_L56_DOC2.0_WOC1.0_N1800_F180_R1|S_WPA_L36_DOC1.5_WOC1.0_N3600_F360_R2|S_WPB_L56_DOC0.5_WOC1.0_N1800_F180_R4|U_WPB_L56_DOC3.0_WOC1.0_N3600_F360_R4|U_WPB_L56_DOC2.0_WOC2.0_N2700_F270_R2,final structured retention evaluation
8,2,0,37,0.5,60,W2-k-medoids,uniform observed subset,60,27,34.0,26.0,0.9166666666666667,0.8333333333333334,1.0,0.8333333333333334,S_WPA_L36_DOC0.5_WOC1.0_N2700_F270_R3|S_WPA_L36_DOC0.5_WOC1.0_N3600_F360_R3|S_WPA_L36_DOC1.0_WOC1.0_N1800_F180_R2|S_WPA_L36_DOC1.0_WOC1.0_N1800_F180_R4|S_WPA_L36_DOC1.5_WOC1.0_N1800_F180_R3|S_WPA_L36_DOC1.5_WOC1.0_N3600_F360_R2|S_WPA_L36_DOC1.5_WOC2.0_N2700_F270_R2|S_WPA_L36_DOC2.0_WOC1.0_N1800_F180_R2|S_WPA_L36_DOC2.0_WOC1.0_N1800_F180_R3|S_WPA_L36_DOC2.0_WOC1.0_N2700_F270_R1|S_WPA_L36_DOC2.0_WOC1.0_N2700_F270_R3|S_WPA_L36_DOC2.0_WOC1.0_N2700_F270_R4|S_WPA_L36_DOC3.0_WOC1.0_N1800_F180_R1|S_WPA_L36_DOC3.0_WOC1.0_N1800_F180_R2|S_WPA_L36_DOC3.0_WOC1.0_N1800_F180_R3|S_WPA_L36_DOC3.0_WOC1.0_N1800_F180_R4|S_WPA_L36_DOC4.0_WOC1.0_N2700_F270_R1|S_WPA_L36_DOC4.0_WOC1.0_N2700_F270_R2|S_WPA_L36_DOC4.0_WOC1.0_N2700_F270_R3|S_WPA_L36_DOC4.0_WOC1.0_N2700_F270_R4|S_WPA_L36_DOC6.0_WOC1.0_N2700_F270_R1|S_WPA_L36_DOC6.0_WOC1.0_N2700_F270_R2|S_WPB_L56_DOC0.5_WOC1.0_N1800_F180_R4|S_WPB_L56_DOC0.5_WOC1.0_N3600_F360_R1|S_WPB_L56_DOC0.5_WOC1.0_N3600_F360_R2|S_WPB_L56_DOC0.5_WOC1.0_N3600_F360_R3|S_WPB_L56_DOC0.5_WOC2.0_N2700_F270_R1|S_WPB_L56_DOC0.5_WOC2.0_N2700_F270_R4|S_WPB_L56_DOC1.0_WOC1.0_N1800_F180_R3|S_WPB_L56_DOC1.0_WOC1.0_N1800_F180_R4|S_WPB_L56_DOC1.0_WOC1.0_N2700_F270_R2|S_WPB_L56_DOC1.5_WOC1.0_N1800_F180_R3|S_WPB_L56_DOC1.5_WOC2.0_N2700_F270_R2|S_WPB_L56_DOC1.5_WOC2.0_N2700_F270_R4|U_WPA_L36_DOC2.0_WOC1.0_N3600_F360_R1|U_WPA_L36_DOC2.0_WOC1.0_N3600_F360_R2|U_WPA_L36_DOC2.0_WOC1.0_N3600_F360_R3|U_WPA_L36_DOC2.0_WOC1.0_N3600_F360_R4|U_WPA_L36_DOC2.0_WOC2.0_N2700_F270_R1|U_WPA_L36_DOC2.0_WOC2.0_N2700_F270_R3|U_WPA_L36_DOC2.0_WOC2.0_N2700_F270_R4|U_WPB_L56_DOC2.0_WOC1.0_N1800_F180_R1|U_WPB_L56_DOC2.0_WOC1.0_N1800_F180_R2|U_WPB_L56_DOC2.0_WOC1.0_N1800_F180_R3|U_WPB_L56_DOC2.0_WOC1.0_N1800_F180_R4|U_WPB_L56_DOC2.0_WOC2.0_N2700_F270_R2|U_WPB_L56_DOC3.0_WOC1.0_N1800_F180_R1|U_WPB_L56_DOC3.0_WOC1.0_N1800_F180_R2|U_WPB_L56_DOC3.0_WOC1.0_N1800_F180_R3|U_WPB_L56_DOC3.0_WOC1.0_N1800_F180_R4|U_WPB_L56_DOC3.0_WOC1.0_N3600_F360_R2|U_WPB_L56_DOC3.0_WOC1.0_N3600_F360_R4|U_WPB_L56_DOC4.0_WOC1.0_N2700_F270_R2|U_WPB_L56_DOC4.0_WOC1.0_N2700_F270_R3|U_WPB_L56_DOC4.0_WOC2.0_N2700_F270_R1|U_WPB_L56_DOC4.0_WOC2.0_N2700_F270_R2|U_WPB_L56_DOC4.0_WOC2.0_N2700_F270_R3|U_WPB_L56_DOC6.0_WOC1.0_N2700_F270_R1|U_WPB_L56_DOC6.0_WOC1.0_N2700_F270_R2|U_WPB_L56_DOC6.0_WOC1.0_N2700_F270_R4,final structured retention evaluation
9,2,1,37,0.5,60,Facility Location,uniform observed subset,60,27,33.0,27.0,0.8869047619047619,0.9166666666666666,0.8571428571428571,0.8571428571428571,S_WPA_L36_DOC1.5_WOC2.0_N2700_F270_R2|U_WPB_L56_DOC3.0_WOC1.0_N3600_F360_R1|S_WPB_L56_DOC1.0_WOC2.0_N2700_F270_R4|U_WPA_L36_DOC3.0_WOC1.0_N3600_F360_R4|S_WPB_L56_DOC1.0_WOC1.0_N2700_F270_R4|S_WPB_L56_DOC0.5_WOC1.0_N2700_F270_R3|S_WPB_L56_DOC1.0_WOC2.0_N2700_F270_R3|S_WPB_L56_DOC1.5_WOC1.0_N3600_F360_R1|S_WPB_L56_DOC1.0_WOC2.0_N2700_F270_R2|U_WPA_L36_DOC3.0_WOC1.0_N3600_F360_R2|U_WPA_L36_DOC3.0_WOC1.0_N3600_F360_R1|S_WPB_L56_DOC1.5_WOC1.0_N2700_F270_R1|U_WPB_L56_DOC2.0_WOC1.0_N2700_F270_R3|S_WPB_L56_DOC0.5_WOC1.0_N3600_F360_R1|S_WPA_L36_DOC0.5_WOC1.0_N3600_F360_R4|S_WPA_L36_DOC1.5_WOC1.0_N1800_F180_R3|U_WPB_L56_DOC4.0_WOC1.0_N2700_F270_R3|S_WPA_L36_DOC1.0_WOC1.0_N3600_F360_R1|U_WPA_L36_DOC2.0_WOC2.0_N2700_F270_R2|S_WPA_L36_DOC0.5_WOC2.0_N2700_F270_R1|U_WPA_L36_DOC4.0_WOC2.0_N2700_F270_R1|S_WPB_L56_DOC1.0_WOC1.0_N1800_F180_R3|U_WPA_L36_DOC2.0_WOC1.0_N3600_F360_R4|U_WPB_L56_DOC2.0_WOC2.0_N2700_F270_R2|S_WPB_L56_DOC0.5_WOC1.0_N2700_F270_R2|S_WPB_L56_DOC1.0_WOC1.0_N3600_F360_R1|S_WPB_L56_DOC1.5_WOC1.0_N3600_F360_R4|S_WPB_L56_DOC0.5_WOC1.0_N1800_F180_R4|S_WPB_L56_DOC1.5_WOC1.0_N2700_F270_R3|U_WPB_L56_DOC2.0_WOC1.0_N1800_F180_R2|U_WPB_L56_DOC4.0_WOC1.0_N2700_F270_R2|S_WPB_L56_DOC1.0_WOC2.0_N2700_F270_R1|U_WPA_L36_DOC2.0_WOC1.0_N3600_F360_R1|S_WPA_L36_DOC1.0_WOC1.0_N2700_F270_R1|S_WPA_L36_DOC1.0_WOC1.0_N1800_F180_R2|U_WPA_L36_DOC4.0_WOC2.0_N2700_F270_R2|U_WPA_L36_DOC2.0_WOC1.0_N3600_F360_R2|U_WPB_L56_DOC2.0_WOC1.0_N1800_F180_R3|S_WPB_L56_DOC1.5_WOC2.0_N2700_F270_R2|S_WPB_L56_DOC1.5_WOC1.0_N2700_F270_R2|U_WPA_L36_DOC3.0_WOC1.0_N3600_F360_R3|S_WPB_L56_DOC0.5_WOC1.0_N2700_F270_R4|S_WPA_L36_DOC1.0_WOC1.0_N3600_F360_R3|S_WPB_L56_DOC1.5_WOC1.0_N2700_F270_R4|U_WPA_L36_DOC2.0_WOC2.0_N2700_F270_R4|U_WPA_L36_DOC2.0_WOC1.0_N3600_F360_R3|S_WPB_L56_DOC1.5_WOC2.0_N2700_F270_R4|U_WPB_L56_DOC2.0_WOC1.0_N3600_F360_R3|S_WPA_L36_DOC1.0_WOC1.0_N2700_F270_R3|U_WPB_L56_DOC2.0_WOC1.0_N1800_F180_R1|U_WPB_L56_DOC2.0_WOC2.0_N2700_F270_R1|U_WPB_L56_DOC2.0_WOC1.0_N2700_F270_R4|S_WPA_L36_DOC1.0_WOC1.0_N1800_F180_R4|U_WPB_L56_DOC3.0_WOC1.0_N3600_F360_R2|U_WPA_L36_DOC2.0_WOC2.0_N2700_F270_R1|U_WPB_L56_DOC2.0_WOC1.0_N2700_F270_R1|S_WPB_L56_DOC1.0_WOC1.0_N1800_F180_R4|U_WPB_L56_DOC2.0_WOC1.0_N1800_F180_R4|S_WPA_L36_DOC1.0_WOC1.0_N2700_F270_R4|S_WPB_L56_DOC1.5_WOC1.0_N3600_F360_R3,final structured retention evaluation
9,2,1,37,0.5,60,MRDS,uniform observed subset,60,25,43.0,17.0,0.8571428571428572,1.0,0.7142857142857143,0.7142857142857143,S_WPA_L36_DOC1.0_WOC1.0_N3600_F360_R4|S_WPB_L56_DOC1.5_WOC1.0_N3600_F360_R1|S_WPB_L56_DOC1.0_WOC2.0_N2700_F270_R2|U_WPA_L36_DOC3.0_WOC1.0_N3600_F360_R1|U_WPA_L36_DOC3.0_WOC1.0_N3600_F360_R2|S_WPB_L56_DOC0.5_WOC1.0_N3600_F360_R1|S_WPB_L56_DOC1.5_WOC1.0_N2700_F270_R1|U_WPA_L36_DOC3.0_WOC1.0_N3600_F360_R4|S_WPB_L56_DOC1.0_WOC2.0_N2700_F270_R3|S_WPA_L36_DOC1.0_WOC1.0_N2700_F270_R3|S_WPB_L56_DOC0.5_WOC2.0_N2700_F270_R1|S_WPB_L56_DOC0.5_WOC2.0_N2700_F270_R2|S_WPA_L36_DOC1.0_WOC2.0_N2700_F270_R1|S_WPA_L36_DOC1.5_WOC2.0_N2700_F270_R3|S_WPA_L36_DOC0.5_WOC2.0_N2700_F270_R4|S_WPA_L36_DOC1.0_WOC1.0_N3600_F360_R3|S_WPB_L56_DOC0.5_WOC1.0_N1800_F180_R2|U_WPA_L36_DOC2.0_WOC2.0_N2700_F270_R3|S_WPA_L36_DOC1.0_WOC1.0_N1800_F180_R3|S_WPA_L36_DOC0.5_WOC1.0_N3600_F360_R3|S_WPA_L36_DOC1.5_WOC2.0_N2700_F270_R2|S_WPA_L36_DOC1.0_WOC1.0_N3600_F360_R2|U_WPB_L56_DOC2.0_WOC1.0_N2700_F270_R4|S_WPB_L56_DOC1.0_WOC1.0_N3600_F360_R1|S_WPA_L36_DOC0.5_WOC1.0_N3600_F360_R1|S_WPB_L56_DOC0.5_WOC1.0_N3600_F360_R2|S_WPB_L56_DOC1.0_WOC1.0_N3600_F360_R3|U_WPB_L56_DOC2.0_WOC1.0_N2700_F270_R2|S_WPB_L56_DOC1.5_WOC1.0_N3600_F360_R3|S_WPA_L36_DOC0.5_WOC2.0_N2700_F270_R1|S_WPA_L36_DOC0.5_WOC1.0_N3600_F360_R4|U_WPA_L36_DOC2.0_WOC2.0_N2700_F270_R2|S_WPB_L56_DOC1.0_WOC2.0_N2700_F270_R4|S_WPB_L56_DOC0.5_WOC2.0_N2700_F270_R3|S_WPA_L36_DOC1.5_WOC1.0_N3600_F360_R4|S_WPA_L36_DOC1.5_WOC1.0_N3600_F360_R3|U_WPB_L56_DOC2.0_WOC1.0_N2700_F270_R1|U_WPB_L56_DOC2.0_WOC2.0_N2700_F270_R4|S_WPA_L36_DOC1.5_WOC1.0_N3600_F360_R1|S_WPB_L56_DOC1.5_WOC1.0_N3600_F360_R2|U_WPB_L56_DOC2.0_WOC1.0_N3600_F360_R1|S_WPB_L56_DOC1.0_WOC1.0_N1800_F180_R3|S_WPA_L36_DOC1.0_WOC1.0_N1800_F180_R2|S_WPA_L36_DOC1.0_WOC2.0_N2700_F270_R2|U_WPA_L36_DOC2.0_WOC1.0_N3600_F360_R3|S_WPA_L36_DOC1.5_WOC1.0_N3600_F360_R2|U_WPB_L56_DOC2.0_WOC1.0_N3600_F360_R3|S_WPA_L36_DOC0.5_WOC2.0_N2700_F270_R3|S_WPB_L56_DOC1.0_WOC1.0_N1800_F180_R1|S_WPA_L36_DOC1.5_WOC2.0_N2700_F270_R1|U_WPB_L56_DOC3.0_WOC1.0_N3600_F360_R1|U_WPB_L56_DOC3.0_WOC1.0_N3600_F360_R3|U_WPB_L56_DOC2.0_WOC1.0_N2700_F270_R3|U_WPA_L36_DOC2.0_WOC2.0_N2700_F270_R4|S_WPB_L56_DOC1.0_WOC1.0_N2700_F270_R2|U_WPA_L36_DOC4.0_WOC2.0_N2700_F270_R4|S_WPA_L36_DOC1.5_WOC2.0_N2700_F270_R4|S_WPA_L36_DOC0.5_WOC2.0_N2700_F270_R2|S_WPA_L36_DOC1.0_WOC2.0_N2700_F270_R4|S_WPA_L36_DOC1.0_WOC2.0_N2700_F270_R3,final structured retention evaluation
9,2,1,37,0.5,60,W2-k-medoids,uniform observed subset,60,28,34.0,26.0,0.8869047619047619,0.9166666666666666,0.8571428571428571,0.8571428571428571,S_WPA_L36_DOC0.5_WOC1.0_N3600_F360_R4|S_WPA_L36_DOC0.5_WOC2.0_N2700_F270_R3|S_WPA_L36_DOC1.0_WOC1.0_N1800_F180_R2|S_WPA_L36_DOC1.0_WOC1.0_N1800_F180_R4|S_WPA_L36_DOC1.0_WOC1.0_N2700_F270_R2|S_WPA_L36_DOC1.0_WOC1.0_N2700_F270_R3|S_WPA_L36_DOC1.0_WOC1.0_N2700_F270_R4|S_WPA_L36_DOC1.0_WOC1.0_N3600_F360_R1|S_WPA_L36_DOC1.5_WOC1.0_N1800_F180_R3|S_WPA_L36_DOC1.5_WOC1.0_N3600_F360_R2|S_WPA_L36_DOC1.5_WOC2.0_N2700_F270_R2|S_WPB_L56_DOC0.5_WOC1.0_N1800_F180_R4|S_WPB_L56_DOC0.5_WOC1.0_N2700_F270_R2|S_WPB_L56_DOC0.5_WOC1.0_N2700_F270_R3|S_WPB_L56_DOC0.5_WOC1.0_N2700_F270_R4|S_WPB_L56_DOC0.5_WOC1.0_N3600_F360_R1|S_WPB_L56_DOC0.5_WOC1.0_N3600_F360_R2|S_WPB_L56_DOC0.5_WOC1.0_N3600_F360_R4|S_WPB_L56_DOC0.5_WOC2.0_N2700_F270_R3|S_WPB_L56_DOC1.0_WOC1.0_N1800_F180_R3|S_WPB_L56_DOC1.0_WOC1.0_N1800_F180_R4|S_WPB_L56_DOC1.0_WOC1.0_N2700_F270_R3|S_WPB_L56_DOC1.0_WOC2.0_N2700_F270_R1|S_WPB_L56_DOC1.0_WOC2.0_N2700_F270_R2|S_WPB_L56_DOC1.0_WOC2.0_N2700_F270_R3|S_WPB_L56_DOC1.5_WOC1.0_N2700_F270_R1|S_WPB_L56_DOC1.5_WOC1.0_N2700_F270_R2|S_WPB_L56_DOC1.5_WOC1.0_N2700_F270_R3|S_WPB_L56_DOC1.5_WOC1.0_N2700_F270_R4|S_WPB_L56_DOC1.5_WOC1.0_N3600_F360_R1|S_WPB_L56_DOC1.5_WOC1.0_N3600_F360_R3|S_WPB_L56_DOC1.5_WOC1.0_N3600_F360_R4|S_WPB_L56_DOC1.5_WOC2.0_N2700_F270_R2|S_WPB_L56_DOC1.5_WOC2.0_N2700_F270_R4|U_WPA_L36_DOC2.0_WOC1.0_N3600_F360_R1|U_WPA_L36_DOC2.0_WOC1.0_N3600_F360_R2|U_WPA_L36_DOC2.0_WOC1.0_N3600_F360_R3|U_WPA_L36_DOC2.0_WOC1.0_N3600_F360_R4|U_WPA_L36_DOC2.0_WOC2.0_N2700_F270_R1|U_WPA_L36_DOC2.0_WOC2.0_N2700_F270_R3|U_WPA_L36_DOC2.0_WOC2.0_N2700_F270_R4|U_WPA_L36_DOC3.0_WOC1.0_N3600_F360_R1|U_WPA_L36_DOC3.0_WOC1.0_N3600_F360_R2|U_WPA_L36_DOC3.0_WOC1.0_N3600_F360_R3|U_WPA_L36_DOC3.0_WOC1.0_N3600_F360_R4|U_WPA_L36_DOC4.0_WOC2.0_N2700_F270_R1|U_WPA_L36_DOC4.0_WOC2.0_N2700_F270_R3|U_WPB_L56_DOC2.0_WOC1.0_N1800_F180_R1|U_WPB_L56_DOC2.0_WOC1.0_N1800_F180_R2|U_WPB_L56_DOC2.0_WOC1.0_N1800_F180_R3|U_WPB_L56_DOC2.0_WOC1.0_N1800_F180_R4|U_WPB_L56_DOC2.0_WOC1.0_N2700_F270_R1|U_WPB_L56_DOC2.0_WOC1.0_N2700_F270_R2|U_WPB_L56_DOC2.0_WOC1.0_N2700_F270_R4|U_WPB_L56_DOC2.0_WOC1.0_N3600_F360_R1|U_WPB_L56_DOC2.0_WOC2.0_N2700_F270_R1|U_WPB_L56_DOC2.0_WOC2.0_N2700_F270_R2|U_WPB_L56_DOC3.0_WOC1.0_N3600_F360_R4|U_WPB_L56_DOC4.0_WOC1.0_N2700_F270_R2|U_WPB_L56_DOC4.0_WOC1.0_N2700_F270_R3,final structured retention evaluation
10,2,2,37,0.5,60,Facility Location,uniform observed subset,60,29,36.0,24.0,0.9375,0.875,1.0,0.875,S_WPA_L36_DOC1.5_WOC1.0_N3600_F360_R2|U_WPB_L56_DOC2.0_WOC1.0_N2700_F270_R3|U_WPA_L36_DOC3.0_WOC1.0_N3600_F360_R4|S_WPA_L36_DOC1.0_WOC1.0_N2700_F270_R1|S_WPB_L56_DOC1.0_WOC2.0_N2700_F270_R4|S_WPB_L56_DOC0.5_WOC1.0_N2700_F270_R3|S_WPB_L56_DOC1.0_WOC2.0_N2700_F270_R3|S_WPA_L36_DOC1.5_WOC1.0_N1800_F180_R2|S_WPA_L36_DOC2.0_WOC1.0_N1800_F180_R2|S_WPB_L56_DOC1.5_WOC1.0_N3600_F360_R1|U_WPA_L36_DOC3.0_WOC1.0_N3600_F360_R2|U_WPA_L36_DOC3.0_WOC1.0_N3600_F360_R1|S_WPB_L56_DOC1.5_WOC1.0_N2700_F270_R1|S_WPB_L56_DOC1.0_WOC2.0_N2700_F270_R2|U_WPB_L56_DOC4.0_WOC2.0_N2700_F270_R2|S_WPB_L56_DOC0.5_WOC1.0_N3600_F360_R1|S_WPA_L36_DOC6.0_WOC1.0_N2700_F270_R2|S_WPA_L36_DOC1.0_WOC1.0_N1800_F180_R2|S_WPA_L36_DOC3.0_WOC1.0_N1800_F180_R3|U_WPB_L56_DOC6.0_WOC1.0_N2700_F270_R3|U_WPB_L56_DOC3.0_WOC1.0_N1800_F180_R1|S_WPB_L56_DOC0.5_WOC1.0_N2700_F270_R1|U_WPB_L56_DOC4.0_WOC2.0_N2700_F270_R1|S_WPB_L56_DOC1.5_WOC1.0_N1800_F180_R3|U_WPB_L56_DOC4.0_WOC1.0_N2700_F270_R3|U_WPB_L56_DOC2.0_WOC2.0_N2700_F270_R3|S_WPA_L36_DOC1.0_WOC1.0_N2700_F270_R4|U_WPA_L36_DOC2.0_WOC1.0_N3600_F360_R4|U_WPA_L36_DOC4.0_WOC2.0_N2700_F270_R3|S_WPA_L36_DOC0.5_WOC1.0_N2700_F270_R2|S_WPB_L56_DOC1.5_WOC1.0_N3600_F360_R4|S_WPB_L56_DOC1.5_WOC1.0_N2700_F270_R3|S_WPA_L36_DOC1.0_WOC1.0_N3600_F360_R1|S_WPA_L36_DOC2.0_WOC1.0_N2700_F270_R1|S_WPB_L56_DOC1.0_WOC2.0_N2700_F270_R1|S_WPA_L36_DOC0.5_WOC2.0_N2700_F270_R1|S_WPA_L36_DOC0.5_WOC1.0_N3600_F360_R4|S_WPA_L36_DOC3.0_WOC1.0_N1800_F180_R2|U_WPB_L56_DOC4.0_WOC1.0_N2700_F270_R1|U_WPA_L36_DOC2.0_WOC1.0_N3600_F360_R1|S_WPB_L56_DOC1.0_WOC1.0_N2700_F270_R2|S_WPB_L56_DOC0.5_WOC1.0_N2700_F270_R4|U_WPA_L36_DOC2.0_WOC1.0_N3600_F360_R2|U_WPB_L56_DOC6.0_WOC1.0_N2700_F270_R2|U_WPB_L56_DOC3.0_WOC1.0_N1800_F180_R2|S_WPA_L36_DOC3.0_WOC1.0_N1800_F180_R4|S_WPA_L36_DOC2.0_WOC1.0_N1800_F180_R3|U_WPA_L36_DOC3.0_WOC1.0_N3600_F360_R3|S_WPA_L36_DOC6.0_WOC1.0_N2700_F270_R1|U_WPB_L56_DOC3.0_WOC1.0_N1800_F180_R4|S_WPB_L56_DOC1.5_WOC1.0_N2700_F270_R4|S_WPB_L56_DOC1.5_WOC1.0_N2700_F270_R2|S_WPB_L56_DOC0.5_WOC1.0_N3600_F360_R4|U_WPB_L56_DOC2.0_WOC1.0_N2700_F270_R4|U_WPA_L36_DOC4.0_WOC2.0_N2700_F270_R4|U_WPA_L36_DOC2.0_WOC1.0_N3600_F360_R3|S_WPA_L36_DOC4.0_WOC1.0_N2700_F270_R1|S_WPA_L36_DOC4.0_WOC1.0_N2700_F270_R3|U_WPB_L56_DOC4.0_WOC2.0_N2700_F270_R3|U_WPB_L56_DOC2.0_WOC1.0_N2700_F270_R1,final structured retention evaluation
10,2,2,37,0.5,60,MRDS,uniform observed subset,60,27,42.0,18.0,0.9375,0.875,1.0,0.875,S_WPA_L36_DOC6.0_WOC1.0_N2700_F270_R3|S_WPB_L56_DOC1.5_WOC1.0_N3600_F360_R1|S_WPA_L36_DOC2.0_WOC1.0_N1800_F180_R2|U_WPA_L36_DOC3.0_WOC1.0_N3600_F360_R1|U_WPA_L36_DOC3.0_WOC1.0_N3600_F360_R2|S_WPB_L56_DOC0.5_WOC1.0_N3600_F360_R1|S_WPB_L56_DOC1.5_WOC1.0_N2700_F270_R1|S_WPB_L56_DOC1.0_WOC2.0_N2700_F270_R2|U_WPA_L36_DOC2.0_WOC1.0_N3600_F360_R2|S_WPB_L56_DOC1.0_WOC2.0_N2700_F270_R3|S_WPB_L56_DOC0.5_WOC1.0_N2700_F270_R2|U_WPB_L56_DOC4.0_WOC2.0_N2700_F270_R1|S_WPA_L36_DOC1.0_WOC1.0_N1800_F180_R1|S_WPA_L36_DOC0.5_WOC1.0_N3600_F360_R1|S_WPA_L36_DOC4.0_WOC1.0_N2700_F270_R3|U_WPA_L36_DOC4.0_WOC2.0_N2700_F270_R1|S_WPA_L36_DOC0.5_WOC2.0_N2700_F270_R3|S_WPA_L36_DOC0.5_WOC1.0_N2700_F270_R3|S_WPB_L56_DOC1.0_WOC1.0_N2700_F270_R3|S_WPA_L36_DOC1.0_WOC1.0_N1800_F180_R3|S_WPB_L56_DOC1.0_WOC1.0_N2700_F270_R1|S_WPB_L56_DOC1.0_WOC1.0_N2700_F270_R2|U_WPB_L56_DOC4.0_WOC2.0_N2700_F270_R2|S_WPB_L56_DOC0.5_WOC1.0_N2700_F270_R1|S_WPA_L36_DOC1.0_WOC1.0_N1800_F180_R2|S_WPA_L36_DOC1.5_WOC1.0_N1800_F180_R1|S_WPA_L36_DOC0.5_WOC1.0_N2700_F270_R1|S_WPA_L36_DOC1.0_WOC1.0_N1800_F180_R4|S_WPA_L36_DOC1.0_WOC1.0_N3600_F360_R4|U_WPB_L56_DOC3.0_WOC1.0_N1800_F180_R1|S_WPA_L36_DOC0.5_WOC2.0_N2700_F270_R4|U_WPA_L36_DOC4.0_WOC2.0_N2700_F270_R4|S_WPB_L56_DOC1.5_WOC1.0_N3600_F360_R3|S_WPA_L36_DOC0.5_WOC2.0_N2700_F270_R1|S_WPA_L36_DOC2.0_WOC1.0_N2700_F270_R2|S_WPA_L36_DOC0.5_WOC1.0_N3600_F360_R3|S_WPB_L56_DOC1.5_WOC1.0_N3600_F360_R2|S_WPB_L56_DOC0.5_WOC1.0_N3600_F360_R3|U_WPA_L36_DOC3.0_WOC1.0_N3600_F360_R4|S_WPB_L56_DOC1.5_WOC1.0_N2700_F270_R4|S_WPA_L36_DOC1.5_WOC1.0_N3600_F360_R1|U_WPB_L56_DOC2.0_WOC2.0_N2700_F270_R4|U_WPB_L56_DOC4.0_WOC2.0_N2700_F270_R4|U_WPB_L56_DOC2.0_WOC1.0_N2700_F270_R4|S_WPA_L36_DOC3.0_WOC1.0_N1800_F180_R2|S_WPA_L36_DOC0.5_WOC1.0_N3600_F360_R4|U_WPB_L56_DOC2.0_WOC1.0_N2700_F270_R1|U_WPB_L56_DOC4.0_WOC1.0_N2700_F270_R2|S_WPA_L36_DOC1.5_WOC1.0_N3600_F360_R3|S_WPA_L36_DOC1.0_WOC1.0_N3600_F360_R2|S_WPA_L36_DOC1.5_WOC1.0_N3600_F360_R4|U_WPB_L56_DOC4.0_WOC1.0_N2700_F270_R1|U_WPA_L36_DOC3.0_WOC1.0_N3600_F360_R3|S_WPA_L36_DOC0.5_WOC1.0_N2700_F270_R2|S_WPA_L36_DOC1.0_WOC1.0_N2700_F270_R1|S_WPA_L36_DOC1.0_WOC1.0_N3600_F360_R3|U_WPB_L56_DOC2.0_WOC1.0_N2700_F270_R2|S_WPA_L36_DOC1.5_WOC1.0_N3600_F360_R2|S_WPA_L36_DOC0.5_WOC2.0_N2700_F270_R2|U_WPB_L56_DOC2.0_WOC1.0_N2700_F270_R3,final structured retention evaluation
10,2,2,37,0.5,60,W2-k-medoids,uniform observed subset,60,30,37.0,23.0,0.9375,0.875,1.0,0.875,S_WPA_L36_DOC0.5_WOC1.0_N2700_F270_R3|S_WPA_L36_DOC0.5_WOC1.0_N3600_F360_R4|S_WPA_L36_DOC0.5_WOC2.0_N2700_F270_R3|S_WPA_L36_DOC1.0_WOC1.0_N1800_F180_R2|S_WPA_L36_DOC1.0_WOC1.0_N2700_F270_R2|S_WPA_L36_DOC1.0_WOC1.0_N3600_F360_R1|S_WPA_L36_DOC1.5_WOC1.0_N1800_F180_R3|S_WPA_L36_DOC1.5_WOC1.0_N3600_F360_R2|S_WPA_L36_DOC2.0_WOC1.0_N1800_F180_R2|S_WPA_L36_DOC2.0_WOC1.0_N1800_F180_R3|S_WPA_L36_DOC2.0_WOC1.0_N2700_F270_R3|S_WPA_L36_DOC2.0_WOC1.0_N2700_F270_R4|S_WPA_L36_DOC3.0_WOC1.0_N1800_F180_R2|S_WPA_L36_DOC3.0_WOC1.0_N1800_F180_R3|S_WPA_L36_DOC3.0_WOC1.0_N1800_F180_R4|S_WPA_L36_DOC4.0_WOC1.0_N2700_F270_R1|S_WPA_L36_DOC4.0_WOC1.0_N2700_F270_R2|S_WPA_L36_DOC4.0_WOC1.0_N2700_F270_R3|S_WPA_L36_DOC4.0_WOC1.0_N2700_F270_R4|S_WPA_L36_DOC6.0_WOC1.0_N2700_F270_R1|S_WPB_L56_DOC0.5_WOC1.0_N1800_F180_R4|S_WPB_L56_DOC0.5_WOC1.0_N2700_F270_R1|S_WPB_L56_DOC0.5_WOC1.0_N2700_F270_R3|S_WPB_L56_DOC0.5_WOC1.0_N2700_F270_R4|S_WPB_L56_DOC0.5_WOC1.0_N3600_F360_R1|S_WPB_L56_DOC0.5_WOC1.0_N3600_F360_R4|S_WPB_L56_DOC1.0_WOC1.0_N2700_F270_R2|S_WPB_L56_DOC1.0_WOC2.0_N2700_F270_R1|S_WPB_L56_DOC1.0_WOC2.0_N2700_F270_R2|S_WPB_L56_DOC1.0_WOC2.0_N2700_F270_R3|S_WPB_L56_DOC1.5_WOC1.0_N1800_F180_R3|S_WPB_L56_DOC1.5_WOC1.0_N2700_F270_R1|S_WPB_L56_DOC1.5_WOC1.0_N2700_F270_R2|S_WPB_L56_DOC1.5_WOC1.0_N2700_F270_R3|S_WPB_L56_DOC1.5_WOC1.0_N2700_F270_R4|S_WPB_L56_DOC1.5_WOC1.0_N3600_F360_R1|S_WPB_L56_DOC1.5_WOC1.0_N3600_F360_R4|U_WPA_L36_DOC2.0_WOC1.0_N3600_F360_R1|U_WPA_L36_DOC2.0_WOC1.0_N3600_F360_R2|U_WPA_L36_DOC2.0_WOC1.0_N3600_F360_R3|U_WPA_L36_DOC2.0_WOC1.0_N3600_F360_R4|U_WPA_L36_DOC3.0_WOC1.0_N3600_F360_R1|U_WPA_L36_DOC3.0_WOC1.0_N3600_F360_R2|U_WPA_L36_DOC3.0_WOC1.0_N3600_F360_R3|U_WPA_L36_DOC3.0_WOC1.0_N3600_F360_R4|U_WPA_L36_DOC4.0_WOC2.0_N2700_F270_R2|U_WPA_L36_DOC4.0_WOC2.0_N2700_F270_R4|U_WPB_L56_DOC2.0_WOC1.0_N2700_F270_R3|U_WPB_L56_DOC2.0_WOC1.0_N2700_F270_R4|U_WPB_L56_DOC2.0_WOC2.0_N2700_F270_R2|U_WPB_L56_DOC3.0_WOC1.0_N1800_F180_R1|U_WPB_L56_DOC3.0_WOC1.0_N1800_F180_R2|U_WPB_L56_DOC3.0_WOC1.0_N1800_F180_R4|U_WPB_L56_DOC4.0_WOC1.0_N2700_F270_R2|U_WPB_L56_DOC4.0_WOC1.0_N2700_F270_R3|U_WPB_L56_DOC4.0_WOC2.0_N2700_F270_R1|U_WPB_L56_DOC4.0_WOC2.0_N2700_F270_R2|U_WPB_L56_DOC4.0_WOC2.0_N2700_F270_R3|U_WPB_L56_DOC6.0_WOC1.0_N2700_F270_R2|U_WPB_L56_DOC6.0_WOC1.0_N2700_F270_R3,final structured retention evaluation
11,2,3,37,0.5,60,Facility Location,uniform observed subset,60,28,37.0,23.0,1.0,1.0,1.0,1.0,S_WPA_L36_DOC1.5_WOC2.0_N2700_F270_R2|U_WPB_L56_DOC3.0_WOC1.0_N3600_F360_R3|S_WPB_L56_DOC1.0_WOC2.0_N2700_F270_R4|S_WPA_L36_DOC1.0_WOC1.0_N2700_F270_R2|U_WPA_L36_DOC2.0_WOC2.0_N2700_F270_R2|S_WPB_L56_DOC0.5_WOC1.0_N2700_F270_R3|S_WPA_L36_DOC2.0_WOC1.0_N1800_F180_R2|S_WPB_L56_DOC1.0_WOC2.0_N2700_F270_R3|S_WPB_L56_DOC1.5_WOC1.0_N3600_F360_R1|U_WPA_L36_DOC3.0_WOC1.0_N3600_F360_R2|U_WPA_L36_DOC3.0_WOC1.0_N3600_F360_R1|S_WPB_L56_DOC1.5_WOC1.0_N2700_F270_R1|S_WPB_L56_DOC1.0_WOC2.0_N2700_F270_R2|U_WPB_L56_DOC4.0_WOC2.0_N2700_F270_R2|U_WPB_L56_DOC2.0_WOC1.0_N1800_F180_R1|S_WPA_L36_DOC3.0_WOC1.0_N1800_F180_R3|U_WPA_L36_DOC4.0_WOC2.0_N2700_F270_R1|S_WPA_L36_DOC0.5_WOC2.0_N2700_F270_R2|S_WPA_L36_DOC2.0_WOC1.0_N2700_F270_R3|S_WPB_L56_DOC1.0_WOC1.0_N1800_F180_R3|S_WPB_L56_DOC0.5_WOC1.0_N2700_F270_R1|S_WPA_L36_DOC0.5_WOC1.0_N2700_F270_R2|U_WPB_L56_DOC6.0_WOC1.0_N2700_F270_R3|U_WPB_L56_DOC4.0_WOC2.0_N2700_F270_R1|S_WPA_L36_DOC6.0_WOC1.0_N2700_F270_R4|U_WPA_L36_DOC3.0_WOC1.0_N3600_F360_R3|S_WPA_L36_DOC1.0_WOC1.0_N3600_F360_R1|S_WPB_L56_DOC1.5_WOC1.0_N3600_F360_R4|S_WPA_L36_DOC2.0_WOC1.0_N1800_F180_R3|S_WPB_L56_DOC1.5_WOC1.0_N2700_F270_R3|U_WPB_L56_DOC2.0_WOC1.0_N3600_F360_R3|U_WPB_L56_DOC2.0_WOC1.0_N2700_F270_R3|S_WPB_L56_DOC1.0_WOC2.0_N2700_F270_R1|S_WPB_L56_DOC1.5_WOC1.0_N1800_F180_R3|S_WPA_L36_DOC2.0_WOC1.0_N2700_F270_R4|S_WPB_L56_DOC1.0_WOC1.0_N3600_F360_R1|U_WPB_L56_DOC4.0_WOC2.0_N2700_F270_R3|S_WPA_L36_DOC1.0_WOC1.0_N3600_F360_R2|S_WPB_L56_DOC0.5_WOC1.0_N2700_F270_R4|S_WPA_L36_DOC4.0_WOC1.0_N2700_F270_R2|S_WPA_L36_DOC3.0_WOC1.0_N1800_F180_R2|U_WPB_L56_DOC6.0_WOC1.0_N2700_F270_R2|U_WPB_L56_DOC2.0_WOC1.0_N1800_F180_R3|S_WPB_L56_DOC1.5_WOC2.0_N2700_F270_R2|U_WPA_L36_DOC4.0_WOC2.0_N2700_F270_R2|S_WPA_L36_DOC3.0_WOC1.0_N1800_F180_R4|S_WPB_L56_DOC1.5_WOC1.0_N2700_F270_R4|S_WPA_L36_DOC6.0_WOC1.0_N2700_F270_R1|S_WPB_L56_DOC1.5_WOC1.0_N2700_F270_R2|S_WPB_L56_DOC1.5_WOC2.0_N2700_F270_R1|U_WPB_L56_DOC3.0_WOC1.0_N1800_F180_R4|U_WPA_L36_DOC3.0_WOC1.0_N3600_F360_R4|U_WPB_L56_DOC3.0_WOC1.0_N1800_F180_R3|S_WPA_L36_DOC3.0_WOC1.0_N1800_F180_R1|S_WPA_L36_DOC6.0_WOC1.0_N2700_F270_R3|U_WPA_L36_DOC2.0_WOC2.0_N2700_F270_R4|U_WPB_L56_DOC2.0_WOC1.0_N2700_F270_R1|S_WPB_L56_DOC0.5_WOC1.0_N2700_F270_R2|U_WPB_L56_DOC3.0_WOC1.0_N3600_F360_R2|U_WPB_L56_DOC3.0_WOC1.0_N1800_F180_R1,final structured retention evaluation
11,2,3,37,0.5,60,MRDS,uniform observed subset,60,27,40.0,20.0,1.0,1.0,1.0,1.0,S_WPA_L36_DOC1.5_WOC2.0_N2700_F270_R1|S_WPB_L56_DOC1.5_WOC1.0_N3600_F360_R1|S_WPA_L36_DOC2.0_WOC1.0_N1800_F180_R2|U_WPA_L36_DOC3.0_WOC1.0_N3600_F360_R1|U_WPA_L36_DOC3.0_WOC1.0_N3600_F360_R2|S_WPB_L56_DOC1.0_WOC2.0_N2700_F270_R3|S_WPB_L56_DOC1.5_WOC1.0_N2700_F270_R1|S_WPB_L56_DOC1.0_WOC2.0_N2700_F270_R2|U_WPB_L56_DOC4.0_WOC2.0_N2700_F270_R1|S_WPB_L56_DOC0.5_WOC1.0_N2700_F270_R4|S_WPB_L56_DOC1.0_WOC1.0_N1800_F180_R2|S_WPA_L36_DOC1.0_WOC1.0_N2700_F270_R1|U_WPB_L56_DOC6.0_WOC1.0_N2700_F270_R4|S_WPA_L36_DOC1.0_WOC1.0_N2700_F270_R2|S_WPA_L36_DOC1.0_WOC1.0_N2700_F270_R4|U_WPA_L36_DOC2.0_WOC2.0_N2700_F270_R1|U_WPB_L56_DOC2.0_WOC1.0_N1800_F180_R2|S_WPA_L36_DOC6.0_WOC1.0_N2700_F270_R3|S_WPB_L56_DOC0.5_WOC2.0_N2700_F270_R3|S_WPA_L36_DOC0.5_WOC2.0_N2700_F270_R1|S_WPA_L36_DOC0.5_WOC1.0_N2700_F270_R2|U_WPA_L36_DOC2.0_WOC2.0_N2700_F270_R3|S_WPA_L36_DOC0.5_WOC2.0_N2700_F270_R2|S_WPB_L56_DOC1.0_WOC1.0_N1800_F180_R3|S_WPA_L36_DOC1.0_WOC2.0_N2700_F270_R4|U_WPB_L56_DOC2.0_WOC1.0_N2700_F270_R4|S_WPA_L36_DOC1.5_WOC2.0_N2700_F270_R2|S_WPA_L36_DOC1.0_WOC1.0_N3600_F360_R2|S_WPA_L36_DOC2.0_WOC1.0_N2700_F270_R2|U_WPA_L36_DOC4.0_WOC2.0_N2700_F270_R4|U_WPB_L56_DOC2.0_WOC1.0_N2700_F270_R2|U_WPA_L36_DOC2.0_WOC2.0_N2700_F270_R4|S_WPB_L56_DOC1.5_WOC1.0_N3600_F360_R2|S_WPB_L56_DOC0.5_WOC1.0_N2700_F270_R2|S_WPA_L36_DOC1.0_WOC1.0_N3600_F360_R3|S_WPA_L36_DOC1.0_WOC2.0_N2700_F270_R1|S_WPA_L36_DOC1.0_WOC1.0_N3600_F360_R4|S_WPB_L56_DOC1.0_WOC1.0_N3600_F360_R3|S_WPA_L36_DOC0.5_WOC1.0_N2700_F270_R1|S_WPA_L36_DOC0.5_WOC1.0_N2700_F270_R3|U_WPB_L56_DOC3.0_WOC1.0_N3600_F360_R1|U_WPB_L56_DOC2.0_WOC1.0_N3600_F360_R4|U_WPB_L56_DOC3.0_WOC1.0_N3600_F360_R4|S_WPB_L56_DOC1.5_WOC1.0_N3600_F360_R3|U_WPB_L56_DOC2.0_WOC1.0_N3600_F360_R3|S_WPA_L36_DOC1.0_WOC2.0_N2700_F270_R3|S_WPA_L36_DOC1.0_WOC2.0_N2700_F270_R2|U_WPB_L56_DOC2.0_WOC1.0_N2700_F270_R3|S_WPA_L36_DOC1.5_WOC2.0_N2700_F270_R3|S_WPB_L56_DOC1.5_WOC1.0_N1800_F180_R2|U_WPB_L56_DOC2.0_WOC1.0_N3600_F360_R1|S_WPB_L56_DOC1.0_WOC1.0_N1800_F180_R1|S_WPA_L36_DOC4.0_WOC1.0_N2700_F270_R3|S_WPA_L36_DOC0.5_WOC2.0_N2700_F270_R3|S_WPA_L36_DOC0.5_WOC2.0_N2700_F270_R4|S_WPA_L36_DOC1.5_WOC2.0_N2700_F270_R4|U_WPB_L56_DOC3.0_WOC1.0_N3600_F360_R3|U_WPB_L56_DOC2.0_WOC1.0_N2700_F270_R1|S_WPB_L56_DOC1.0_WOC2.0_N2700_F270_R4|U_WPB_L56_DOC2.0_WOC1.0_N1800_F180_R4,final structured retention evaluation
11,2,3,37,0.5,60,W2-k-medoids,uniform observed subset,60,27,39.0,21.0,1.0,1.0,1.0,1.0,S_WPA_L36_DOC0.5_WOC1.0_N2700_F270_R2|S_WPA_L36_DOC0.5_WOC2.0_N2700_F270_R3|S_WPA_L36_DOC1.0_WOC1.0_N2700_F270_R2|S_WPA_L36_DOC1.0_WOC1.0_N3600_F360_R1|S_WPA_L36_DOC1.0_WOC1.0_N3600_F360_R2|S_WPA_L36_DOC1.5_WOC2.0_N2700_F270_R2|S_WPA_L36_DOC2.0_WOC1.0_N1800_F180_R2|S_WPA_L36_DOC2.0_WOC1.0_N1800_F180_R3|S_WPA_L36_DOC2.0_WOC1.0_N2700_F270_R1|S_WPA_L36_DOC2.0_WOC1.0_N2700_F270_R3|S_WPA_L36_DOC3.0_WOC1.0_N1800_F180_R1|S_WPA_L36_DOC3.0_WOC1.0_N1800_F180_R2|S_WPA_L36_DOC3.0_WOC1.0_N1800_F180_R3|S_WPA_L36_DOC3.0_WOC1.0_N1800_F180_R4|S_WPA_L36_DOC4.0_WOC1.0_N2700_F270_R1|S_WPA_L36_DOC4.0_WOC1.0_N2700_F270_R2|S_WPA_L36_DOC4.0_WOC1.0_N2700_F270_R4|S_WPA_L36_DOC6.0_WOC1.0_N2700_F270_R1|S_WPA_L36_DOC6.0_WOC1.0_N2700_F270_R3|S_WPB_L56_DOC0.5_WOC1.0_N2700_F270_R1|S_WPB_L56_DOC0.5_WOC1.0_N2700_F270_R2|S_WPB_L56_DOC0.5_WOC1.0_N2700_F270_R3|S_WPB_L56_DOC0.5_WOC1.0_N2700_F270_R4|S_WPB_L56_DOC1.0_WOC1.0_N1800_F180_R3|S_WPB_L56_DOC1.0_WOC1.0_N1800_F180_R4|S_WPB_L56_DOC1.0_WOC1.0_N3600_F360_R1|S_WPB_L56_DOC1.0_WOC2.0_N2700_F270_R1|S_WPB_L56_DOC1.0_WOC2.0_N2700_F270_R2|S_WPB_L56_DOC1.0_WOC2.0_N2700_F270_R3|S_WPB_L56_DOC1.0_WOC2.0_N2700_F270_R4|S_WPB_L56_DOC1.5_WOC1.0_N1800_F180_R3|S_WPB_L56_DOC1.5_WOC1.0_N2700_F270_R1|S_WPB_L56_DOC1.5_WOC1.0_N2700_F270_R2|S_WPB_L56_DOC1.5_WOC1.0_N2700_F270_R3|S_WPB_L56_DOC1.5_WOC1.0_N2700_F270_R4|S_WPB_L56_DOC1.5_WOC1.0_N3600_F360_R1|S_WPB_L56_DOC1.5_WOC1.0_N3600_F360_R4|S_WPB_L56_DOC1.5_WOC2.0_N2700_F270_R1|S_WPB_L56_DOC1.5_WOC2.0_N2700_F270_R2|U_WPA_L36_DOC2.0_WOC2.0_N2700_F270_R3|U_WPA_L36_DOC3.0_WOC1.0_N3600_F360_R1|U_WPA_L36_DOC3.0_WOC1.0_N3600_F360_R2|U_WPA_L36_DOC3.0_WOC1.0_N3600_F360_R3|U_WPA_L36_DOC3.0_WOC1.0_N3600_F360_R4|U_WPA_L36_DOC4.0_WOC2.0_N2700_F270_R2|U_WPA_L36_DOC4.0_WOC2.0_N2700_F270_R4|U_WPB_L56_DOC2.0_WOC1.0_N1800_F180_R1|U_WPB_L56_DOC2.0_WOC1.0_N1800_F180_R3|U_WPB_L56_DOC2.0_WOC1.0_N2700_F270_R1|U_WPB_L56_DOC2.0_WOC1.0_N2700_F270_R2|U_WPB_L56_DOC3.0_WOC1.0_N1800_F180_R1|U_WPB_L56_DOC3.0_WOC1.0_N1800_F180_R3|U_WPB_L56_DOC3.0_WOC1.0_N1800_F180_R4|U_WPB_L56_DOC3.0_WOC1.0_N3600_F360_R2|U_WPB_L56_DOC3.0_WOC1.0_N3600_F360_R4|U_WPB_L56_DOC4.0_WOC2.0_N2700_F270_R1|U_WPB_L56_DOC4.0_WOC2.0_N2700_F270_R2|U_WPB_L56_DOC4.0_WOC2.0_N2700_F270_R3|U_WPB_L56_DOC6.0_WOC1.0_N2700_F270_R2|U_WPB_L56_DOC6.0_WOC1.0_N2700_F270_R3,final structured retention evaluation
12,3,0,53,0.5,60,Facility Location,uniform observed subset,60,29,36.0,24.0,1.0,1.0,1.0,1.0,S_WPA_L36_DOC1.5_WOC2.0_N2700_F270_R3|U_WPA_L36_DOC3.0_WOC1.0_N3600_F360_R4|S_WPB_L56_DOC0.5_WOC2.0_N2700_F270_R3|S_WPA_L36_DOC1.0_WOC1.0_N2700_F270_R1|U_WPB_L56_DOC3.0_WOC1.0_N3600_F360_R3|S_WPB_L56_DOC0.5_WOC1.0_N2700_F270_R3|S_WPA_L36_DOC0.5_WOC1.0_N3600_F360_R4|S_WPA_L36_DOC2.0_WOC1.0_N1800_F180_R2|S_WPB_L56_DOC1.5_WOC1.0_N3600_F360_R1|U_WPA_L36_DOC3.0_WOC1.0_N3600_F360_R1|U_WPA_L36_DOC3.0_WOC1.0_N3600_F360_R2|S_WPB_L56_DOC1.5_WOC1.0_N2700_F270_R1|U_WPB_L56_DOC4.0_WOC2.0_N2700_F270_R2|S_WPA_L36_DOC3.0_WOC1.0_N1800_F180_R3|U_WPB_L56_DOC2.0_WOC1.0_N2700_F270_R3|S_WPA_L36_DOC2.0_WOC1.0_N1800_F180_R1|U_WPB_L56_DOC6.0_WOC1.0_N2700_F270_R3|S_WPB_L56_DOC0.5_WOC1.0_N2700_F270_R1|U_WPA_L36_DOC2.0_WOC2.0_N2700_F270_R2|S_WPB_L56_DOC1.0_WOC1.0_N1800_F180_R3|S_WPA_L36_DOC1.0_WOC1.0_N2700_F270_R4|S_WPA_L36_DOC4.0_WOC1.0_N2700_F270_R2|U_WPB_L56_DOC4.0_WOC1.0_N2700_F270_R3|U_WPB_L56_DOC4.0_WOC2.0_N2700_F270_R1|S_WPA_L36_DOC0.5_WOC1.0_N2700_F270_R3|S_WPB_L56_DOC1.5_WOC1.0_N3600_F360_R4|U_WPA_L36_DOC2.0_WOC1.0_N3600_F360_R4|S_WPB_L56_DOC1.5_WOC1.0_N2700_F270_R3|S_WPB_L56_DOC1.5_WOC2.0_N2700_F270_R3|U_WPB_L56_DOC2.0_WOC1.0_N3600_F360_R3|S_WPB_L56_DOC1.0_WOC1.0_N3600_F360_R3|U_WPB_L56_DOC4.0_WOC1.0_N2700_F270_R1|U_WPB_L56_DOC2.0_WOC1.0_N1800_F180_R2|S_WPB_L56_DOC1.0_WOC1.0_N2700_F270_R2|U_WPA_L36_DOC2.0_WOC1.0_N3600_F360_R1|S_WPA_L36_DOC3.0_WOC1.0_N1800_F180_R2|U_WPB_L56_DOC4.0_WOC2.0_N2700_F270_R3|S_WPB_L56_DOC0.5_WOC1.0_N2700_F270_R4|S_WPA_L36_DOC4.0_WOC1.0_N2700_F270_R3|U_WPB_L56_DOC6.0_WOC1.0_N2700_F270_R2|U_WPA_L36_DOC2.0_WOC1.0_N3600_F360_R2|U_WPB_L56_DOC2.0_WOC1.0_N1800_F180_R3|S_WPB_L56_DOC1.5_WOC2.0_N2700_F270_R2|S_WPB_L56_DOC0.5_WOC1.0_N1800_F180_R4|S_WPB_L56_DOC1.5_WOC1.0_N2700_F270_R4|S_WPA_L36_DOC3.0_WOC1.0_N1800_F180_R4|S_WPB_L56_DOC1.5_WOC1.0_N2700_F270_R2|U_WPA_L36_DOC3.0_WOC1.0_N3600_F360_R3|S_WPA_L36_DOC6.0_WOC1.0_N2700_F270_R1|S_WPA_L36_DOC1.0_WOC1.0_N1800_F180_R2|S_WPA_L36_DOC4.0_WOC1.0_N2700_F270_R1|S_WPA_L36_DOC1.5_WOC1.0_N3600_F360_R1|U_WPA_L36_DOC2.0_WOC1.0_N3600_F360_R3|U_WPA_L36_DOC2.0_WOC2.0_N2700_F270_R4|U_WPB_L56_DOC3.0_WOC1.0_N3600_F360_R2|S_WPB_L56_DOC1.0_WOC1.0_N1800_F180_R4|S_WPA_L36_DOC1.0_WOC1.0_N1800_F180_R4|S_WPB_L56_DOC0.5_WOC1.0_N2700_F270_R2|S_WPA_L36_DOC3.0_WOC1.0_N1800_F180_R1|U_WPB_L56_DOC2.0_WOC1.0_N2700_F270_R4,final structured retention evaluation
12,3,0,53,0.5,60,MRDS,uniform observed subset,60,23,41.0,19.0,0.9821428571428572,1.0,0.9642857142857143,0.9642857142857143,U_WPA_L36_DOC2.0_WOC2.0_N2700_F270_R2|S_WPB_L56_DOC1.5_WOC1.0_N3600_F360_R1|S_WPA_L36_DOC2.0_WOC1.0_N1800_F180_R2|U_WPA_L36_DOC3.0_WOC1.0_N3600_F360_R1|U_WPA_L36_DOC3.0_WOC1.0_N3600_F360_R2|S_WPB_L56_DOC1.5_WOC1.0_N2700_F270_R1|S_WPB_L56_DOC0.5_WOC1.0_N2700_F270_R4|S_WPA_L36_DOC1.0_WOC1.0_N1800_F180_R3|U_WPB_L56_DOC4.0_WOC2.0_N2700_F270_R2|S_WPB_L56_DOC1.0_WOC1.0_N2700_F270_R3|U_WPA_L36_DOC2.0_WOC2.0_N2700_F270_R4|S_WPB_L56_DOC1.0_WOC1.0_N1800_F180_R2|S_WPA_L36_DOC1.5_WOC1.0_N3600_F360_R4|S_WPA_L36_DOC0.5_WOC1.0_N2700_F270_R1|S_WPB_L56_DOC1.0_WOC1.0_N2700_F270_R4|S_WPB_L56_DOC1.0_WOC1.0_N2700_F270_R1|U_WPB_L56_DOC4.0_WOC1.0_N2700_F270_R1|S_WPB_L56_DOC1.0_WOC1.0_N1800_F180_R1|S_WPB_L56_DOC0.5_WOC2.0_N2700_F270_R3|S_WPB_L56_DOC1.0_WOC1.0_N2700_F270_R2|U_WPB_L56_DOC3.0_WOC1.0_N3600_F360_R3|U_WPB_L56_DOC2.0_WOC1.0_N3600_F360_R3|U_WPA_L36_DOC2.0_WOC2.0_N2700_F270_R1|S_WPA_L36_DOC1.0_WOC1.0_N1800_F180_R4|S_WPA_L36_DOC0.5_WOC1.0_N3600_F360_R2|S_WPA_L36_DOC1.0_WOC2.0_N2700_F270_R2|S_WPA_L36_DOC1.5_WOC2.0_N2700_F270_R4|U_WPA_L36_DOC3.0_WOC1.0_N3600_F360_R3|S_WPB_L56_DOC1.5_WOC1.0_N2700_F270_R2|S_WPB_L56_DOC0.5_WOC2.0_N2700_F270_R4|U_WPB_L56_DOC2.0_WOC1.0_N2700_F270_R2|S_WPA_L36_DOC1.5_WOC1.0_N3600_F360_R3|S_WPA_L36_DOC1.5_WOC1.0_N3600_F360_R2|S_WPB_L56_DOC0.5_WOC1.0_N2700_F270_R2|U_WPB_L56_DOC2.0_WOC1.0_N2700_F270_R3|U_WPB_L56_DOC3.0_WOC1.0_N3600_F360_R2|U_WPB_L56_DOC2.0_WOC1.0_N1800_F180_R2|S_WPB_L56_DOC1.5_WOC1.0_N3600_F360_R2|U_WPB_L56_DOC2.0_WOC1.0_N2700_F270_R1|S_WPA_L36_DOC1.5_WOC1.0_N3600_F360_R1|U_WPA_L36_DOC2.0_WOC2.0_N2700_F270_R3|S_WPA_L36_DOC0.5_WOC1.0_N3600_F360_R4|S_WPA_L36_DOC1.0_WOC2.0_N2700_F270_R3|S_WPA_L36_DOC1.5_WOC2.0_N2700_F270_R2|S_WPA_L36_DOC4.0_WOC1.0_N2700_F270_R3|U_WPB_L56_DOC2.0_WOC1.0_N3600_F360_R1|U_WPB_L56_DOC2.0_WOC1.0_N2700_F270_R4|S_WPA_L36_DOC1.0_WOC2.0_N2700_F270_R1|S_WPA_L36_DOC0.5_WOC1.0_N3600_F360_R3|S_WPA_L36_DOC1.0_WOC1.0_N1800_F180_R2|S_WPA_L36_DOC0.5_WOC1.0_N3600_F360_R1|U_WPA_L36_DOC3.0_WOC1.0_N3600_F360_R4|S_WPA_L36_DOC1.0_WOC2.0_N2700_F270_R4|S_WPB_L56_DOC1.5_WOC1.0_N3600_F360_R3|S_WPA_L36_DOC0.5_WOC1.0_N2700_F270_R3|S_WPA_L36_DOC0.5_WOC1.0_N2700_F270_R2|S_WPA_L36_DOC1.5_WOC2.0_N2700_F270_R1|S_WPB_L56_DOC1.0_WOC1.0_N1800_F180_R3|S_WPA_L36_DOC1.5_WOC2.0_N2700_F270_R3|S_WPA_L36_DOC6.0_WOC1.0_N2700_F270_R3,final structured retention evaluation
12,3,0,53,0.5,60,W2-k-medoids,uniform observed subset,60,28,36.0,24.0,1.0,1.0,1.0,1.0,S_WPA_L36_DOC0.5_WOC1.0_N2700_F270_R3|S_WPA_L36_DOC0.5_WOC1.0_N3600_F360_R3|S_WPA_L36_DOC1.0_WOC1.0_N1800_F180_R2|S_WPA_L36_DOC1.0_WOC1.0_N1800_F180_R4|S_WPA_L36_DOC1.0_WOC1.0_N2700_F270_R2|S_WPA_L36_DOC1.5_WOC1.0_N3600_F360_R1|S_WPA_L36_DOC1.5_WOC2.0_N2700_F270_R2|S_WPA_L36_DOC2.0_WOC1.0_N1800_F180_R2|S_WPA_L36_DOC2.0_WOC1.0_N1800_F180_R3|S_WPA_L36_DOC3.0_WOC1.0_N1800_F180_R2|S_WPA_L36_DOC3.0_WOC1.0_N1800_F180_R3|S_WPA_L36_DOC3.0_WOC1.0_N1800_F180_R4|S_WPA_L36_DOC4.0_WOC1.0_N2700_F270_R1|S_WPA_L36_DOC4.0_WOC1.0_N2700_F270_R3|S_WPA_L36_DOC4.0_WOC1.0_N2700_F270_R4|S_WPA_L36_DOC6.0_WOC1.0_N2700_F270_R1|S_WPA_L36_DOC6.0_WOC1.0_N2700_F270_R2|S_WPB_L56_DOC0.5_WOC1.0_N1800_F180_R4|S_WPB_L56_DOC0.5_WOC1.0_N2700_F270_R1|S_WPB_L56_DOC0.5_WOC1.0_N2700_F270_R2|S_WPB_L56_DOC0.5_WOC1.0_N2700_F270_R3|S_WPB_L56_DOC0.5_WOC1.0_N2700_F270_R4|S_WPB_L56_DOC0.5_WOC2.0_N2700_F270_R1|S_WPB_L56_DOC0.5_WOC2.0_N2700_F270_R4|S_WPB_L56_DOC1.0_WOC1.0_N1800_F180_R3|S_WPB_L56_DOC1.0_WOC1.0_N1800_F180_R4|S_WPB_L56_DOC1.0_WOC1.0_N2700_F270_R4|S_WPB_L56_DOC1.0_WOC1.0_N3600_F360_R3|S_WPB_L56_DOC1.5_WOC1.0_N2700_F270_R1|S_WPB_L56_DOC1.5_WOC1.0_N2700_F270_R2|S_WPB_L56_DOC1.5_WOC1.0_N2700_F270_R3|S_WPB_L56_DOC1.5_WOC1.0_N2700_F270_R4|S_WPB_L56_DOC1.5_WOC1.0_N3600_F360_R1|S_WPB_L56_DOC1.5_WOC1.0_N3600_F360_R4|S_WPB_L56_DOC1.5_WOC2.0_N2700_F270_R1|S_WPB_L56_DOC1.5_WOC2.0_N2700_F270_R2|U_WPA_L36_DOC2.0_WOC1.0_N3600_F360_R1|U_WPA_L36_DOC2.0_WOC1.0_N3600_F360_R2|U_WPA_L36_DOC2.0_WOC1.0_N3600_F360_R3|U_WPA_L36_DOC2.0_WOC1.0_N3600_F360_R4|U_WPA_L36_DOC2.0_WOC2.0_N2700_F270_R2|U_WPA_L36_DOC2.0_WOC2.0_N2700_F270_R4|U_WPA_L36_DOC3.0_WOC1.0_N3600_F360_R1|U_WPA_L36_DOC3.0_WOC1.0_N3600_F360_R2|U_WPA_L36_DOC3.0_WOC1.0_N3600_F360_R3|U_WPA_L36_DOC3.0_WOC1.0_N3600_F360_R4|U_WPB_L56_DOC2.0_WOC1.0_N1800_F180_R1|U_WPB_L56_DOC2.0_WOC1.0_N1800_F180_R3|U_WPB_L56_DOC2.0_WOC1.0_N2700_F270_R1|U_WPB_L56_DOC2.0_WOC1.0_N2700_F270_R2|U_WPB_L56_DOC2.0_WOC1.0_N2700_F270_R4|U_WPB_L56_DOC3.0_WOC1.0_N3600_F360_R2|U_WPB_L56_DOC3.0_WOC1.0_N3600_F360_R4|U_WPB_L56_DOC4.0_WOC1.0_N2700_F270_R2|U_WPB_L56_DOC4.0_WOC1.0_N2700_F270_R3|U_WPB_L56_DOC4.0_WOC2.0_N2700_F270_R1|U_WPB_L56_DOC4.0_WOC2.0_N2700_F270_R2|U_WPB_L56_DOC4.0_WOC2.0_N2700_F270_R4|U_WPB_L56_DOC6.0_WOC1.0_N2700_F270_R2|U_WPB_L56_DOC6.0_WOC1.0_N2700_F270_R3,final structured retention evaluation
13,3,1,53,0.5,60,Facility Location,uniform observed subset,60,26,35.0,25.0,0.875,0.75,1.0,0.75,S_WPA_L36_DOC1.0_WOC2.0_N2700_F270_R4|U_WPB_L56_DOC3.0_WOC1.0_N3600_F360_R3|S_WPB_L56_DOC1.0_WOC2.0_N2700_F270_R4|U_WPA_L36_DOC3.0_WOC1.0_N3600_F360_R4|S_WPB_L56_DOC1.0_WOC1.0_N2700_F270_R1|S_WPB_L56_DOC1.0_WOC2.0_N2700_F270_R3|S_WPB_L56_DOC0.5_WOC1.0_N2700_F270_R1|S_WPB_L56_DOC1.0_WOC2.0_N2700_F270_R2|U_WPA_L36_DOC3.0_WOC1.0_N3600_F360_R2|U_WPA_L36_DOC3.0_WOC1.0_N3600_F360_R1|S_WPB_L56_DOC1.5_WOC1.0_N2700_F270_R1|S_WPA_L36_DOC1.5_WOC1.0_N1800_F180_R3|S_WPB_L56_DOC0.5_WOC1.0_N3600_F360_R1|U_WPB_L56_DOC4.0_WOC2.0_N2700_F270_R2|U_WPB_L56_DOC2.0_WOC1.0_N2700_F270_R3|S_WPA_L36_DOC1.0_WOC1.0_N3600_F360_R4|S_WPA_L36_DOC2.0_WOC1.0_N2700_F270_R4|S_WPA_L36_DOC3.0_WOC1.0_N1800_F180_R3|S_WPA_L36_DOC0.5_WOC1.0_N2700_F270_R1|U_WPB_L56_DOC3.0_WOC1.0_N1800_F180_R1|U_WPB_L56_DOC4.0_WOC2.0_N2700_F270_R1|U_WPA_L36_DOC4.0_WOC2.0_N2700_F270_R1|U_WPB_L56_DOC4.0_WOC1.0_N2700_F270_R3|U_WPA_L36_DOC2.0_WOC1.0_N3600_F360_R4|S_WPB_L56_DOC1.5_WOC1.0_N1800_F180_R3|U_WPB_L56_DOC2.0_WOC2.0_N2700_F270_R3|S_WPA_L36_DOC1.0_WOC1.0_N3600_F360_R1|S_WPB_L56_DOC1.0_WOC1.0_N1800_F180_R3|S_WPB_L56_DOC0.5_WOC1.0_N2700_F270_R3|S_WPA_L36_DOC0.5_WOC2.0_N2700_F270_R1|U_WPB_L56_DOC2.0_WOC1.0_N3600_F360_R3|S_WPB_L56_DOC0.5_WOC1.0_N3600_F360_R2|S_WPA_L36_DOC4.0_WOC1.0_N2700_F270_R4|U_WPB_L56_DOC4.0_WOC1.0_N2700_F270_R1|S_WPB_L56_DOC1.5_WOC1.0_N2700_F270_R3|S_WPA_L36_DOC4.0_WOC1.0_N2700_F270_R2|U_WPA_L36_DOC2.0_WOC1.0_N3600_F360_R1|S_WPB_L56_DOC1.0_WOC2.0_N2700_F270_R1|S_WPA_L36_DOC3.0_WOC1.0_N1800_F180_R2|S_WPA_L36_DOC3.0_WOC1.0_N1800_F180_R1|U_WPB_L56_DOC3.0_WOC1.0_N1800_F180_R2|U_WPA_L36_DOC4.0_WOC2.0_N2700_F270_R2|S_WPB_L56_DOC0.5_WOC1.0_N2700_F270_R4|U_WPB_L56_DOC3.0_WOC1.0_N1800_F180_R4|U_WPA_L36_DOC2.0_WOC1.0_N3600_F360_R2|S_WPA_L36_DOC3.0_WOC1.0_N1800_F180_R4|S_WPA_L36_DOC2.0_WOC1.0_N2700_F270_R3|S_WPA_L36_DOC4.0_WOC1.0_N2700_F270_R1|S_WPB_L56_DOC1.5_WOC1.0_N2700_F270_R4|S_WPB_L56_DOC1.5_WOC2.0_N2700_F270_R2|S_WPB_L56_DOC1.5_WOC1.0_N2700_F270_R2|U_WPA_L36_DOC3.0_WOC1.0_N3600_F360_R3|U_WPA_L36_DOC2.0_WOC1.0_N3600_F360_R3|U_WPB_L56_DOC4.0_WOC2.0_N2700_F270_R3|U_WPB_L56_DOC2.0_WOC1.0_N2700_F270_R1|S_WPB_L56_DOC1.5_WOC2.0_N2700_F270_R1|U_WPB_L56_DOC3.0_WOC1.0_N1800_F180_R3|S_WPA_L36_DOC2.0_WOC1.0_N2700_F270_R1|U_WPB_L56_DOC2.0_WOC1.0_N2700_F270_R4|S_WPB_L56_DOC1.0_WOC1.0_N1800_F180_R4,final structured retention evaluation
13,3,1,53,0.5,60,MRDS,uniform observed subset,60,28,38.0,22.0,0.8988095238095238,0.8333333333333334,0.9642857142857143,0.8333333333333334,S_WPA_L36_DOC1.0_WOC2.0_N2700_F270_R3|S_WPB_L56_DOC1.0_WOC2.0_N2700_F270_R2|U_WPA_L36_DOC3.0_WOC1.0_N3600_F360_R1|U_WPA_L36_DOC3.0_WOC1.0_N3600_F360_R2|S_WPB_L56_DOC0.5_WOC1.0_N3600_F360_R1|S_WPB_L56_DOC1.5_WOC1.0_N2700_F270_R1|S_WPB_L56_DOC0.5_WOC1.0_N2700_F270_R2|S_WPB_L56_DOC1.0_WOC2.0_N2700_F270_R3|U_WPB_L56_DOC4.0_WOC2.0_N2700_F270_R1|U_WPA_L36_DOC2.0_WOC1.0_N3600_F360_R4|S_WPB_L56_DOC1.0_WOC1.0_N2700_F270_R2|S_WPB_L56_DOC1.5_WOC1.0_N1800_F180_R4|S_WPB_L56_DOC0.5_WOC1.0_N1800_F180_R1|U_WPA_L36_DOC4.0_WOC2.0_N2700_F270_R1|S_WPA_L36_DOC0.5_WOC2.0_N2700_F270_R4|S_WPA_L36_DOC1.0_WOC2.0_N2700_F270_R2|S_WPA_L36_DOC0.5_WOC1.0_N2700_F270_R1|S_WPA_L36_DOC0.5_WOC2.0_N2700_F270_R2|U_WPB_L56_DOC4.0_WOC2.0_N2700_F270_R4|S_WPA_L36_DOC0.5_WOC2.0_N2700_F270_R1|S_WPA_L36_DOC1.5_WOC1.0_N1800_F180_R1|S_WPA_L36_DOC0.5_WOC1.0_N3600_F360_R3|U_WPB_L56_DOC2.0_WOC1.0_N3600_F360_R4|S_WPB_L56_DOC0.5_WOC2.0_N2700_F270_R1|S_WPB_L56_DOC1.0_WOC2.0_N2700_F270_R4|U_WPB_L56_DOC2.0_WOC1.0_N3600_F360_R2|S_WPA_L36_DOC1.5_WOC1.0_N1800_F180_R2|S_WPA_L36_DOC1.0_WOC1.0_N3600_F360_R3|U_WPB_L56_DOC4.0_WOC1.0_N2700_F270_R1|S_WPA_L36_DOC0.5_WOC2.0_N2700_F270_R3|U_WPA_L36_DOC2.0_WOC1.0_N3600_F360_R1|U_WPB_L56_DOC2.0_WOC2.0_N2700_F270_R4|S_WPB_L56_DOC1.0_WOC1.0_N1800_F180_R3|S_WPA_L36_DOC1.0_WOC1.0_N3600_F360_R4|S_WPB_L56_DOC1.0_WOC1.0_N3600_F360_R3|S_WPA_L36_DOC2.0_WOC1.0_N2700_F270_R2|S_WPB_L56_DOC1.0_WOC1.0_N2700_F270_R1|U_WPA_L36_DOC4.0_WOC2.0_N2700_F270_R4|U_WPB_L56_DOC2.0_WOC1.0_N3600_F360_R3|S_WPA_L36_DOC4.0_WOC1.0_N2700_F270_R3|S_WPA_L36_DOC0.5_WOC1.0_N3600_F360_R4|S_WPB_L56_DOC1.5_WOC1.0_N2700_F270_R4|S_WPB_L56_DOC0.5_WOC1.0_N3600_F360_R3|U_WPB_L56_DOC2.0_WOC1.0_N2700_F270_R3|U_WPB_L56_DOC2.0_WOC1.0_N2700_F270_R1|U_WPB_L56_DOC3.0_WOC1.0_N3600_F360_R2|S_WPA_L36_DOC3.0_WOC1.0_N1800_F180_R2|S_WPA_L36_DOC1.0_WOC2.0_N2700_F270_R1|U_WPB_L56_DOC2.0_WOC1.0_N2700_F270_R2|S_WPA_L36_DOC1.0_WOC1.0_N3600_F360_R2|S_WPB_L56_DOC1.0_WOC1.0_N3600_F360_R1|U_WPB_L56_DOC2.0_WOC1.0_N3600_F360_R1|U_WPB_L56_DOC3.0_WOC1.0_N3600_F360_R4|U_WPA_L36_DOC3.0_WOC1.0_N3600_F360_R4|U_WPB_L56_DOC2.0_WOC1.0_N2700_F270_R4|U_WPB_L56_DOC2.0_WOC2.0_N2700_F270_R1|S_WPA_L36_DOC1.0_WOC2.0_N2700_F270_R4|S_WPB_L56_DOC0.5_WOC1.0_N1800_F180_R3|S_WPB_L56_DOC1.0_WOC1.0_N1800_F180_R1|S_WPB_L56_DOC1.5_WOC1.0_N1800_F180_R2,final structured retention evaluation
13,3,1,53,0.5,60,W2-k-medoids,uniform observed subset,60,27,35.0,25.0,0.875,0.75,1.0,0.75,S_WPA_L36_DOC0.5_WOC1.0_N2700_F270_R3|S_WPA_L36_DOC0.5_WOC1.0_N2700_F270_R4|S_WPA_L36_DOC0.5_WOC2.0_N2700_F270_R1|S_WPA_L36_DOC1.0_WOC1.0_N3600_F360_R1|S_WPA_L36_DOC1.0_WOC1.0_N3600_F360_R4|S_WPA_L36_DOC1.0_WOC2.0_N2700_F270_R4|S_WPA_L36_DOC1.5_WOC1.0_N1800_F180_R3|S_WPA_L36_DOC2.0_WOC1.0_N2700_F270_R1|S_WPA_L36_DOC2.0_WOC1.0_N2700_F270_R3|S_WPA_L36_DOC2.0_WOC1.0_N2700_F270_R4|S_WPA_L36_DOC3.0_WOC1.0_N1800_F180_R1|S_WPA_L36_DOC3.0_WOC1.0_N1800_F180_R2|S_WPA_L36_DOC3.0_WOC1.0_N1800_F180_R3|S_WPA_L36_DOC3.0_WOC1.0_N1800_F180_R4|S_WPA_L36_DOC4.0_WOC1.0_N2700_F270_R1|S_WPA_L36_DOC4.0_WOC1.0_N2700_F270_R2|S_WPB_L56_DOC0.5_WOC1.0_N1800_F180_R4|S_WPB_L56_DOC0.5_WOC1.0_N2700_F270_R2|S_WPB_L56_DOC0.5_WOC1.0_N2700_F270_R3|S_WPB_L56_DOC0.5_WOC1.0_N2700_F270_R4|S_WPB_L56_DOC0.5_WOC1.0_N3600_F360_R1|S_WPB_L56_DOC0.5_WOC1.0_N3600_F360_R2|S_WPB_L56_DOC0.5_WOC2.0_N2700_F270_R3|S_WPB_L56_DOC1.0_WOC1.0_N1800_F180_R3|S_WPB_L56_DOC1.0_WOC1.0_N2700_F270_R2|S_WPB_L56_DOC1.0_WOC2.0_N2700_F270_R1|S_WPB_L56_DOC1.0_WOC2.0_N2700_F270_R2|S_WPB_L56_DOC1.0_WOC2.0_N2700_F270_R3|S_WPB_L56_DOC1.5_WOC1.0_N1800_F180_R3|S_WPB_L56_DOC1.5_WOC1.0_N2700_F270_R1|S_WPB_L56_DOC1.5_WOC1.0_N2700_F270_R2|S_WPB_L56_DOC1.5_WOC1.0_N2700_F270_R3|S_WPB_L56_DOC1.5_WOC1.0_N2700_F270_R4|S_WPB_L56_DOC1.5_WOC2.0_N2700_F270_R1|S_WPB_L56_DOC1.5_WOC2.0_N2700_F270_R2|U_WPA_L36_DOC2.0_WOC1.0_N3600_F360_R1|U_WPA_L36_DOC2.0_WOC1.0_N3600_F360_R2|U_WPA_L36_DOC2.0_WOC1.0_N3600_F360_R3|U_WPA_L36_DOC2.0_WOC1.0_N3600_F360_R4|U_WPA_L36_DOC3.0_WOC1.0_N3600_F360_R1|U_WPA_L36_DOC3.0_WOC1.0_N3600_F360_R2|U_WPA_L36_DOC3.0_WOC1.0_N3600_F360_R3|U_WPA_L36_DOC3.0_WOC1.0_N3600_F360_R4|U_WPA_L36_DOC4.0_WOC2.0_N2700_F270_R3|U_WPA_L36_DOC4.0_WOC2.0_N2700_F270_R4|U_WPB_L56_DOC2.0_WOC1.0_N2700_F270_R1|U_WPB_L56_DOC2.0_WOC1.0_N2700_F270_R2|U_WPB_L56_DOC2.0_WOC1.0_N2700_F270_R4|U_WPB_L56_DOC2.0_WOC2.0_N2700_F270_R2|U_WPB_L56_DOC3.0_WOC1.0_N1800_F180_R1|U_WPB_L56_DOC3.0_WOC1.0_N1800_F180_R2|U_WPB_L56_DOC3.0_WOC1.0_N1800_F180_R3|U_WPB_L56_DOC3.0_WOC1.0_N1800_F180_R4|U_WPB_L56_DOC3.0_WOC1.0_N3600_F360_R2|U_WPB_L56_DOC3.0_WOC1.0_N3600_F360_R4|U_WPB_L56_DOC4.0_WOC1.0_N2700_F270_R1|U_WPB_L56_DOC4.0_WOC1.0_N2700_F270_R3|U_WPB_L56_DOC4.0_WOC2.0_N2700_F270_R1|U_WPB_L56_DOC4.0_WOC2.0_N2700_F270_R2|U_WPB_L56_DOC4.0_WOC2.0_N2700_F270_R3,final structured retention evaluation
14,3,2,53,0.5,60,Facility Location,uniform observed subset,60,27,34.0,26.0,1.0,1.0,1.0,1.0,S_WPA_L36_DOC1.5_WOC2.0_N2700_F270_R3|U_WPA_L36_DOC3.0_WOC1.0_N3600_F360_R4|S_WPB_L56_DOC1.0_WOC2.0_N2700_F270_R4|U_WPB_L56_DOC2.0_WOC1.0_N2700_F270_R3|S_WPA_L36_DOC1.0_WOC1.0_N2700_F270_R1|S_WPB_L56_DOC0.5_WOC1.0_N2700_F270_R1|S_WPB_L56_DOC1.0_WOC2.0_N2700_F270_R3|S_WPA_L36_DOC2.0_WOC1.0_N1800_F180_R2|S_WPA_L36_DOC2.0_WOC1.0_N1800_F180_R4|S_WPB_L56_DOC1.5_WOC1.0_N3600_F360_R1|U_WPA_L36_DOC3.0_WOC1.0_N3600_F360_R2|U_WPA_L36_DOC3.0_WOC1.0_N3600_F360_R1|S_WPB_L56_DOC1.0_WOC2.0_N2700_F270_R2|S_WPB_L56_DOC0.5_WOC1.0_N3600_F360_R1|S_WPA_L36_DOC2.0_WOC1.0_N2700_F270_R4|S_WPA_L36_DOC3.0_WOC1.0_N1800_F180_R3|U_WPB_L56_DOC2.0_WOC1.0_N1800_F180_R1|U_WPB_L56_DOC6.0_WOC1.0_N2700_F270_R3|U_WPB_L56_DOC2.0_WOC1.0_N3600_F360_R2|S_WPA_L36_DOC1.5_WOC1.0_N1800_F180_R1|U_WPA_L36_DOC2.0_WOC2.0_N2700_F270_R2|S_WPA_L36_DOC1.0_WOC1.0_N3600_F360_R3|U_WPA_L36_DOC4.0_WOC2.0_N2700_F270_R3|S_WPB_L56_DOC0.5_WOC1.0_N2700_F270_R3|S_WPB_L56_DOC0.5_WOC1.0_N1800_F180_R2|S_WPA_L36_DOC0.5_WOC1.0_N2700_F270_R2|U_WPA_L36_DOC2.0_WOC1.0_N3600_F360_R4|S_WPA_L36_DOC1.0_WOC1.0_N3600_F360_R1|U_WPB_L56_DOC6.0_WOC1.0_N2700_F270_R2|U_WPB_L56_DOC2.0_WOC2.0_N2700_F270_R2|U_WPB_L56_DOC2.0_WOC1.0_N1800_F180_R3|S_WPB_L56_DOC1.5_WOC1.0_N3600_F360_R4|S_WPA_L36_DOC0.5_WOC2.0_N2700_F270_R1|S_WPB_L56_DOC1.0_WOC2.0_N2700_F270_R1|S_WPA_L36_DOC1.0_WOC1.0_N2700_F270_R4|S_WPA_L36_DOC6.0_WOC1.0_N2700_F270_R2|U_WPA_L36_DOC4.0_WOC2.0_N2700_F270_R4|S_WPA_L36_DOC1.0_WOC1.0_N1800_F180_R2|U_WPA_L36_DOC2.0_WOC1.0_N3600_F360_R1|S_WPB_L56_DOC0.5_WOC1.0_N2700_F270_R4|U_WPA_L36_DOC2.0_WOC1.0_N3600_F360_R2|S_WPB_L56_DOC1.5_WOC2.0_N2700_F270_R2|S_WPA_L36_DOC3.0_WOC1.0_N1800_F180_R2|S_WPA_L36_DOC3.0_WOC1.0_N1800_F180_R4|S_WPA_L36_DOC6.0_WOC1.0_N2700_F270_R1|U_WPB_L56_DOC3.0_WOC1.0_N1800_F180_R3|S_WPB_L56_DOC0.5_WOC1.0_N3600_F360_R4|U_WPA_L36_DOC3.0_WOC1.0_N3600_F360_R3|U_WPB_L56_DOC3.0_WOC1.0_N1800_F180_R4|S_WPB_L56_DOC1.5_WOC2.0_N2700_F270_R1|U_WPA_L36_DOC2.0_WOC1.0_N3600_F360_R3|U_WPB_L56_DOC2.0_WOC1.0_N1800_F180_R4|U_WPB_L56_DOC2.0_WOC1.0_N1800_F180_R2|U_WPB_L56_DOC3.0_WOC1.0_N1800_F180_R1|S_WPA_L36_DOC2.0_WOC1.0_N2700_F270_R3|U_WPB_L56_DOC3.0_WOC1.0_N1800_F180_R2|S_WPB_L56_DOC0.5_WOC1.0_N2700_F270_R2|U_WPB_L56_DOC2.0_WOC2.0_N2700_F270_R1|S_WPA_L36_DOC2.0_WOC1.0_N2700_F270_R1|U_WPB_L56_DOC2.0_WOC1.0_N2700_F270_R1,final structured retention evaluation
14,3,2,53,0.5,60,MRDS,uniform observed subset,60,25,41.0,19.0,1.0,1.0,1.0,1.0,U_WPB_L56_DOC2.0_WOC1.0_N3600_F360_R2|S_WPB_L56_DOC1.5_WOC1.0_N3600_F360_R1|S_WPA_L36_DOC2.0_WOC1.0_N1800_F180_R2|U_WPA_L36_DOC3.0_WOC1.0_N3600_F360_R1|U_WPA_L36_DOC3.0_WOC1.0_N3600_F360_R2|S_WPB_L56_DOC0.5_WOC1.0_N3600_F360_R1|S_WPB_L56_DOC1.0_WOC2.0_N2700_F270_R2|S_WPB_L56_DOC0.5_WOC1.0_N2700_F270_R2|S_WPA_L36_DOC0.5_WOC2.0_N2700_F270_R1|S_WPB_L56_DOC1.0_WOC2.0_N2700_F270_R3|U_WPB_L56_DOC2.0_WOC1.0_N2700_F270_R3|S_WPA_L36_DOC1.5_WOC2.0_N2700_F270_R2|S_WPB_L56_DOC1.5_WOC1.0_N1800_F180_R3|S_WPA_L36_DOC6.0_WOC1.0_N2700_F270_R3|S_WPA_L36_DOC1.0_WOC2.0_N2700_F270_R1|S_WPA_L36_DOC1.0_WOC1.0_N2700_F270_R1|S_WPA_L36_DOC2.0_WOC1.0_N1800_F180_R1|U_WPA_L36_DOC2.0_WOC1.0_N3600_F360_R3|S_WPA_L36_DOC2.0_WOC1.0_N2700_F270_R2|S_WPA_L36_DOC1.0_WOC1.0_N1800_F180_R1|S_WPA_L36_DOC1.0_WOC1.0_N1800_F180_R3|S_WPA_L36_DOC0.5_WOC1.0_N2700_F270_R2|U_WPA_L36_DOC2.0_WOC2.0_N2700_F270_R3|S_WPA_L36_DOC1.0_WOC1.0_N1800_F180_R2|S_WPA_L36_DOC1.0_WOC1.0_N1800_F180_R4|S_WPA_L36_DOC0.5_WOC1.0_N2700_F270_R1|S_WPA_L36_DOC1.5_WOC1.0_N3600_F360_R1|S_WPA_L36_DOC1.0_WOC1.0_N3600_F360_R2|U_WPB_L56_DOC2.0_WOC1.0_N3600_F360_R3|S_WPA_L36_DOC1.5_WOC1.0_N3600_F360_R3|U_WPB_L56_DOC2.0_WOC1.0_N3600_F360_R1|S_WPA_L36_DOC1.5_WOC1.0_N1800_F180_R2|S_WPA_L36_DOC0.5_WOC2.0_N2700_F270_R2|S_WPA_L36_DOC1.0_WOC1.0_N3600_F360_R4|S_WPA_L36_DOC1.5_WOC2.0_N2700_F270_R3|S_WPA_L36_DOC3.0_WOC1.0_N1800_F180_R1|S_WPA_L36_DOC1.5_WOC1.0_N3600_F360_R2|U_WPA_L36_DOC4.0_WOC2.0_N2700_F270_R4|S_WPA_L36_DOC1.5_WOC2.0_N2700_F270_R1|U_WPA_L36_DOC2.0_WOC2.0_N2700_F270_R2|S_WPB_L56_DOC1.5_WOC1.0_N3600_F360_R2|U_WPB_L56_DOC2.0_WOC1.0_N2700_F270_R2|U_WPA_L36_DOC2.0_WOC2.0_N2700_F270_R4|S_WPB_L56_DOC0.5_WOC1.0_N3600_F360_R3|U_WPB_L56_DOC2.0_WOC1.0_N3600_F360_R4|S_WPA_L36_DOC0.5_WOC2.0_N2700_F270_R3|S_WPA_L36_DOC0.5_WOC1.0_N2700_F270_R3|U_WPA_L36_DOC2.0_WOC2.0_N2700_F270_R1|U_WPB_L56_DOC2.0_WOC1.0_N2700_F270_R4|S_WPA_L36_DOC1.0_WOC2.0_N2700_F270_R2|U_WPA_L36_DOC3.0_WOC1.0_N3600_F360_R4|S_WPA_L36_DOC1.0_WOC1.0_N3600_F360_R3|S_WPA_L36_DOC0.5_WOC2.0_N2700_F270_R4|U_WPB_L56_DOC2.0_WOC1.0_N2700_F270_R1|S_WPA_L36_DOC1.0_WOC2.0_N2700_F270_R4|U_WPB_L56_DOC2.0_WOC1.0_N1800_F180_R2|S_WPA_L36_DOC1.5_WOC1.0_N3600_F360_R4|S_WPA_L36_DOC1.0_WOC2.0_N2700_F270_R3|S_WPA_L36_DOC1.5_WOC2.0_N2700_F270_R4|U_WPB_L56_DOC2.0_WOC1.0_N1800_F180_R1,final structured retention evaluation
14,3,2,53,0.5,60,W2-k-medoids,uniform observed subset,60,29,35.0,25.0,1.0,1.0,1.0,1.0,S_WPA_L36_DOC0.5_WOC1.0_N2700_F270_R3|S_WPA_L36_DOC0.5_WOC1.0_N2700_F270_R4|S_WPA_L36_DOC0.5_WOC2.0_N2700_F270_R1|S_WPA_L36_DOC1.0_WOC1.0_N1800_F180_R2|S_WPA_L36_DOC1.0_WOC1.0_N2700_F270_R1|S_WPA_L36_DOC1.0_WOC1.0_N3600_F360_R1|S_WPA_L36_DOC1.5_WOC1.0_N1800_F180_R3|S_WPA_L36_DOC1.5_WOC1.0_N3600_F360_R2|S_WPA_L36_DOC1.5_WOC2.0_N2700_F270_R3|S_WPA_L36_DOC2.0_WOC1.0_N1800_F180_R2|S_WPA_L36_DOC2.0_WOC1.0_N1800_F180_R3|S_WPA_L36_DOC2.0_WOC1.0_N2700_F270_R1|S_WPA_L36_DOC2.0_WOC1.0_N2700_F270_R3|S_WPA_L36_DOC2.0_WOC1.0_N2700_F270_R4|S_WPA_L36_DOC3.0_WOC1.0_N1800_F180_R2|S_WPA_L36_DOC3.0_WOC1.0_N1800_F180_R3|S_WPA_L36_DOC3.0_WOC1.0_N1800_F180_R4|S_WPA_L36_DOC6.0_WOC1.0_N2700_F270_R1|S_WPA_L36_DOC6.0_WOC1.0_N2700_F270_R2|S_WPA_L36_DOC6.0_WOC1.0_N2700_F270_R4|S_WPB_L56_DOC0.5_WOC1.0_N1800_F180_R4|S_WPB_L56_DOC0.5_WOC1.0_N2700_F270_R1|S_WPB_L56_DOC0.5_WOC1.0_N2700_F270_R2|S_WPB_L56_DOC0.5_WOC1.0_N2700_F270_R3|S_WPB_L56_DOC0.5_WOC1.0_N2700_F270_R4|S_WPB_L56_DOC0.5_WOC1.0_N3600_F360_R1|S_WPB_L56_DOC0.5_WOC1.0_N3600_F360_R4|S_WPB_L56_DOC1.0_WOC2.0_N2700_F270_R1|S_WPB_L56_DOC1.0_WOC2.0_N2700_F270_R2|S_WPB_L56_DOC1.0_WOC2.0_N2700_F270_R3|S_WPB_L56_DOC1.5_WOC1.0_N1800_F180_R3|S_WPB_L56_DOC1.5_WOC1.0_N3600_F360_R1|S_WPB_L56_DOC1.5_WOC1.0_N3600_F360_R4|S_WPB_L56_DOC1.5_WOC2.0_N2700_F270_R2|S_WPB_L56_DOC1.5_WOC2.0_N2700_F270_R3|U_WPA_L36_DOC2.0_WOC1.0_N3600_F360_R1|U_WPA_L36_DOC2.0_WOC1.0_N3600_F360_R2|U_WPA_L36_DOC2.0_WOC1.0_N3600_F360_R3|U_WPA_L36_DOC2.0_WOC1.0_N3600_F360_R4|U_WPA_L36_DOC2.0_WOC2.0_N2700_F270_R2|U_WPA_L36_DOC3.0_WOC1.0_N3600_F360_R1|U_WPA_L36_DOC3.0_WOC1.0_N3600_F360_R2|U_WPA_L36_DOC3.0_WOC1.0_N3600_F360_R3|U_WPA_L36_DOC3.0_WOC1.0_N3600_F360_R4|U_WPA_L36_DOC4.0_WOC2.0_N2700_F270_R2|U_WPA_L36_DOC4.0_WOC2.0_N2700_F270_R4|U_WPB_L56_DOC2.0_WOC1.0_N1800_F180_R1|U_WPB_L56_DOC2.0_WOC1.0_N1800_F180_R3|U_WPB_L56_DOC2.0_WOC1.0_N1800_F180_R4|U_WPB_L56_DOC2.0_WOC1.0_N2700_F270_R1|U_WPB_L56_DOC2.0_WOC1.0_N2700_F270_R2|U_WPB_L56_DOC2.0_WOC1.0_N3600_F360_R2|U_WPB_L56_DOC2.0_WOC2.0_N2700_F270_R1|U_WPB_L56_DOC2.0_WOC2.0_N2700_F270_R2|U_WPB_L56_DOC3.0_WOC1.0_N1800_F180_R1|U_WPB_L56_DOC3.0_WOC1.0_N1800_F180_R2|U_WPB_L56_DOC3.0_WOC1.0_N1800_F180_R3|U_WPB_L56_DOC3.0_WOC1.0_N1800_F180_R4|U_WPB_L56_DOC6.0_WOC1.0_N2700_F270_R2|U_WPB_L56_DOC6.0_WOC1.0_N2700_F270_R3,final structured retention evaluation
15,3,3,53,0.5,60,Facility Location,uniform observed subset,60,28,37.0,23.0,0.8958333333333333,0.875,0.9166666666666666,0.875,S_WPA_L36_DOC1.5_WOC2.0_N2700_F270_R3|U_WPB_L56_DOC2.0_WOC2.0_N2700_F270_R2|S_WPA_L36_DOC1.0_WOC1.0_N2700_F270_R1|S_WPB_L56_DOC1.0_WOC2.0_N2700_F270_R4|U_WPA_L36_DOC2.0_WOC2.0_N2700_F270_R2|S_WPB_L56_DOC0.5_WOC1.0_N3600_F360_R1|S_WPA_L36_DOC2.0_WOC1.0_N1800_F180_R2|S_WPB_L56_DOC1.5_WOC1.0_N3600_F360_R1|S_WPB_L56_DOC1.5_WOC1.0_N2700_F270_R1|S_WPA_L36_DOC0.5_WOC2.0_N2700_F270_R2|S_WPB_L56_DOC1.0_WOC2.0_N2700_F270_R2|U_WPB_L56_DOC4.0_WOC2.0_N2700_F270_R2|S_WPB_L56_DOC1.0_WOC2.0_N2700_F270_R3|U_WPB_L56_DOC2.0_WOC1.0_N1800_F180_R1|S_WPA_L36_DOC1.5_WOC1.0_N1800_F180_R2|S_WPA_L36_DOC6.0_WOC1.0_N2700_F270_R2|U_WPA_L36_DOC4.0_WOC2.0_N2700_F270_R1|S_WPA_L36_DOC0.5_WOC1.0_N3600_F360_R4|U_WPB_L56_DOC6.0_WOC1.0_N2700_F270_R3|S_WPB_L56_DOC1.0_WOC1.0_N1800_F180_R3|U_WPB_L56_DOC4.0_WOC2.0_N2700_F270_R1|S_WPA_L36_DOC1.0_WOC1.0_N2700_F270_R4|U_WPB_L56_DOC4.0_WOC1.0_N2700_F270_R3|S_WPB_L56_DOC1.5_WOC1.0_N3600_F360_R4|U_WPB_L56_DOC3.0_WOC1.0_N3600_F360_R1|S_WPB_L56_DOC1.5_WOC1.0_N2700_F270_R3|S_WPA_L36_DOC1.0_WOC1.0_N3600_F360_R1|S_WPA_L36_DOC2.0_WOC1.0_N2700_F270_R1|S_WPB_L56_DOC0.5_WOC1.0_N3600_F360_R2|S_WPB_L56_DOC1.0_WOC2.0_N2700_F270_R1|U_WPB_L56_DOC4.0_WOC1.0_N2700_F270_R2|S_WPA_L36_DOC2.0_WOC1.0_N1800_F180_R1|S_WPB_L56_DOC1.5_WOC1.0_N1800_F180_R3|S_WPB_L56_DOC1.0_WOC1.0_N2700_F270_R2|U_WPB_L56_DOC6.0_WOC1.0_N2700_F270_R2|U_WPA_L36_DOC4.0_WOC2.0_N2700_F270_R2|S_WPB_L56_DOC1.5_WOC1.0_N2700_F270_R2|S_WPA_L36_DOC6.0_WOC1.0_N2700_F270_R1|U_WPB_L56_DOC2.0_WOC1.0_N1800_F180_R3|U_WPB_L56_DOC4.0_WOC2.0_N2700_F270_R3|U_WPB_L56_DOC3.0_WOC1.0_N1800_F180_R3|S_WPA_L36_DOC1.5_WOC1.0_N3600_F360_R1|S_WPB_L56_DOC1.5_WOC1.0_N2700_F270_R4|S_WPA_L36_DOC4.0_WOC1.0_N2700_F270_R1|S_WPA_L36_DOC1.0_WOC1.0_N1800_F180_R3|S_WPA_L36_DOC4.0_WOC1.0_N2700_F270_R3|U_WPA_L36_DOC2.0_WOC2.0_N2700_F270_R4|U_WPB_L56_DOC3.0_WOC1.0_N3600_F360_R2|U_WPB_L56_DOC3.0_WOC1.0_N1800_F180_R4|S_WPA_L36_DOC2.0_WOC1.0_N2700_F270_R4|U_WPA_L36_DOC2.0_WOC2.0_N2700_F270_R1|U_WPB_L56_DOC3.0_WOC1.0_N1800_F180_R1|S_WPA_L36_DOC2.0_WOC1.0_N2700_F270_R3|S_WPA_L36_DOC4.0_WOC1.0_N2700_F270_R2|U_WPB_L56_DOC2.0_WOC1.0_N1800_F180_R2|S_WPB_L56_DOC1.0_WOC1.0_N1800_F180_R4|U_WPB_L56_DOC6.0_WOC1.0_N2700_F270_R1|U_WPB_L56_DOC3.0_WOC1.0_N1800_F180_R2|S_WPB_L56_DOC0.5_WOC1.0_N3600_F360_R3|S_WPA_L36_DOC1.5_WOC1.0_N1800_F180_R3,final structured retention evaluation
15,3,3,53,0.5,60,MRDS,uniform observed subset,60,27,43.0,17.0,0.875,0.875,0.875,0.875,U_WPB_L56_DOC3.0_WOC1.0_N3600_F360_R3|S_WPB_L56_DOC1.5_WOC1.0_N3600_F360_R1|S_WPA_L36_DOC2.0_WOC1.0_N1800_F180_R2|S_WPB_L56_DOC1.0_WOC2.0_N2700_F270_R3|S_WPB_L56_DOC1.5_WOC1.0_N2700_F270_R1|S_WPB_L56_DOC1.0_WOC2.0_N2700_F270_R2|S_WPB_L56_DOC0.5_WOC1.0_N3600_F360_R1|U_WPB_L56_DOC4.0_WOC2.0_N2700_F270_R1|S_WPA_L36_DOC1.0_WOC1.0_N1800_F180_R2|S_WPA_L36_DOC1.0_WOC1.0_N1800_F180_R3|S_WPA_L36_DOC1.0_WOC1.0_N2700_F270_R3|S_WPA_L36_DOC1.5_WOC2.0_N2700_F270_R1|S_WPB_L56_DOC1.5_WOC1.0_N1800_F180_R3|S_WPB_L56_DOC1.0_WOC1.0_N3600_F360_R1|U_WPA_L36_DOC2.0_WOC2.0_N2700_F270_R1|S_WPA_L36_DOC1.0_WOC1.0_N2700_F270_R1|S_WPA_L36_DOC1.0_WOC1.0_N1800_F180_R4|U_WPB_L56_DOC2.0_WOC1.0_N1800_F180_R4|S_WPB_L56_DOC1.0_WOC1.0_N1800_F180_R3|U_WPB_L56_DOC4.0_WOC2.0_N2700_F270_R2|S_WPA_L36_DOC0.5_WOC1.0_N3600_F360_R1|S_WPA_L36_DOC0.5_WOC1.0_N3600_F360_R4|S_WPB_L56_DOC1.5_WOC1.0_N3600_F360_R3|U_WPB_L56_DOC3.0_WOC1.0_N3600_F360_R1|S_WPB_L56_DOC0.5_WOC2.0_N2700_F270_R3|S_WPB_L56_DOC0.5_WOC1.0_N3600_F360_R2|U_WPA_L36_DOC2.0_WOC2.0_N2700_F270_R4|S_WPA_L36_DOC0.5_WOC2.0_N2700_F270_R1|S_WPA_L36_DOC0.5_WOC1.0_N3600_F360_R3|S_WPA_L36_DOC2.0_WOC1.0_N2700_F270_R2|S_WPA_L36_DOC0.5_WOC2.0_N2700_F270_R3|U_WPB_L56_DOC4.0_WOC2.0_N2700_F270_R3|S_WPA_L36_DOC1.5_WOC1.0_N3600_F360_R2|U_WPB_L56_DOC2.0_WOC2.0_N2700_F270_R1|S_WPA_L36_DOC0.5_WOC2.0_N2700_F270_R2|S_WPA_L36_DOC1.5_WOC1.0_N3600_F360_R3|S_WPB_L56_DOC1.0_WOC1.0_N2700_F270_R1|S_WPA_L36_DOC4.0_WOC1.0_N2700_F270_R3|U_WPB_L56_DOC2.0_WOC1.0_N1800_F180_R2|S_WPA_L36_DOC1.5_WOC1.0_N3600_F360_R4|S_WPA_L36_DOC6.0_WOC1.0_N2700_F270_R3|U_WPB_L56_DOC4.0_WOC1.0_N2700_F270_R2|S_WPA_L36_DOC1.0_WOC1.0_N3600_F360_R3|S_WPB_L56_DOC1.5_WOC1.0_N3600_F360_R2|U_WPB_L56_DOC2.0_WOC2.0_N2700_F270_R2|S_WPA_L36_DOC1.5_WOC1.0_N3600_F360_R1|U_WPB_L56_DOC2.0_WOC2.0_N2700_F270_R4|S_WPB_L56_DOC1.0_WOC1.0_N2700_F270_R2|S_WPA_L36_DOC1.5_WOC2.0_N2700_F270_R4|U_WPA_L36_DOC4.0_WOC2.0_N2700_F270_R3|U_WPB_L56_DOC4.0_WOC1.0_N2700_F270_R1|S_WPA_L36_DOC1.5_WOC2.0_N2700_F270_R2|S_WPA_L36_DOC0.5_WOC2.0_N2700_F270_R4|S_WPA_L36_DOC1.5_WOC2.0_N2700_F270_R3|U_WPB_L56_DOC3.0_WOC1.0_N3600_F360_R4|S_WPA_L36_DOC1.0_WOC1.0_N3600_F360_R2|S_WPB_L56_DOC1.0_WOC1.0_N1800_F180_R1|S_WPA_L36_DOC1.0_WOC1.0_N3600_F360_R4|S_WPB_L56_DOC1.0_WOC1.0_N2700_F270_R3|U_WPA_L36_DOC4.0_WOC2.0_N2700_F270_R4,final structured retention evaluation
15,3,3,53,0.5,60,W2-k-medoids,uniform observed subset,60,29,38.0,22.0,0.8958333333333333,0.875,0.9166666666666666,0.875,S_WPA_L36_DOC0.5_WOC1.0_N3600_F360_R4|S_WPA_L36_DOC0.5_WOC2.0_N2700_F270_R3|S_WPA_L36_DOC1.0_WOC1.0_N1800_F180_R2|S_WPA_L36_DOC1.0_WOC1.0_N1800_F180_R4|S_WPA_L36_DOC1.0_WOC1.0_N2700_F270_R2|S_WPA_L36_DOC1.0_WOC1.0_N3600_F360_R1|S_WPA_L36_DOC1.5_WOC1.0_N1800_F180_R3|S_WPA_L36_DOC1.5_WOC1.0_N3600_F360_R2|S_WPA_L36_DOC1.5_WOC2.0_N2700_F270_R3|S_WPA_L36_DOC2.0_WOC1.0_N1800_F180_R2|S_WPA_L36_DOC2.0_WOC1.0_N1800_F180_R3|S_WPA_L36_DOC2.0_WOC1.0_N2700_F270_R1|S_WPA_L36_DOC2.0_WOC1.0_N2700_F270_R3|S_WPA_L36_DOC2.0_WOC1.0_N2700_F270_R4|S_WPA_L36_DOC4.0_WOC1.0_N2700_F270_R2|S_WPA_L36_DOC4.0_WOC1.0_N2700_F270_R3|S_WPA_L36_DOC6.0_WOC1.0_N2700_F270_R1|S_WPA_L36_DOC6.0_WOC1.0_N2700_F270_R2|S_WPA_L36_DOC6.0_WOC1.0_N2700_F270_R4|S_WPB_L56_DOC0.5_WOC1.0_N3600_F360_R1|S_WPB_L56_DOC0.5_WOC1.0_N3600_F360_R2|S_WPB_L56_DOC0.5_WOC1.0_N3600_F360_R3|S_WPB_L56_DOC0.5_WOC2.0_N2700_F270_R3|S_WPB_L56_DOC1.0_WOC1.0_N1800_F180_R3|S_WPB_L56_DOC1.0_WOC1.0_N1800_F180_R4|S_WPB_L56_DOC1.0_WOC1.0_N2700_F270_R2|S_WPB_L56_DOC1.0_WOC2.0_N2700_F270_R1|S_WPB_L56_DOC1.0_WOC2.0_N2700_F270_R2|S_WPB_L56_DOC1.0_WOC2.0_N2700_F270_R3|S_WPB_L56_DOC1.0_WOC2.0_N2700_F270_R4|S_WPB_L56_DOC1.5_WOC1.0_N1800_F180_R3|S_WPB_L56_DOC1.5_WOC1.0_N2700_F270_R1|S_WPB_L56_DOC1.5_WOC1.0_N2700_F270_R2|S_WPB_L56_DOC1.5_WOC1.0_N2700_F270_R3|S_WPB_L56_DOC1.5_WOC1.0_N2700_F270_R4|S_WPB_L56_DOC1.5_WOC1.0_N3600_F360_R1|S_WPB_L56_DOC1.5_WOC1.0_N3600_F360_R3|S_WPB_L56_DOC1.5_WOC1.0_N3600_F360_R4|U_WPA_L36_DOC2.0_WOC2.0_N2700_F270_R1|U_WPA_L36_DOC2.0_WOC2.0_N2700_F270_R2|U_WPA_L36_DOC4.0_WOC2.0_N2700_F270_R3|U_WPA_L36_DOC4.0_WOC2.0_N2700_F270_R4|U_WPB_L56_DOC2.0_WOC1.0_N1800_F180_R1|U_WPB_L56_DOC2.0_WOC1.0_N1800_F180_R2|U_WPB_L56_DOC2.0_WOC1.0_N1800_F180_R3|U_WPB_L56_DOC2.0_WOC2.0_N2700_F270_R2|U_WPB_L56_DOC3.0_WOC1.0_N1800_F180_R1|U_WPB_L56_DOC3.0_WOC1.0_N1800_F180_R2|U_WPB_L56_DOC3.0_WOC1.0_N1800_F180_R3|U_WPB_L56_DOC3.0_WOC1.0_N1800_F180_R4|U_WPB_L56_DOC3.0_WOC1.0_N3600_F360_R1|U_WPB_L56_DOC3.0_WOC1.0_N3600_F360_R2|U_WPB_L56_DOC4.0_WOC1.0_N2700_F270_R2|U_WPB_L56_DOC4.0_WOC1.0_N2700_F270_R3|U_WPB_L56_DOC4.0_WOC2.0_N2700_F270_R1|U_WPB_L56_DOC4.0_WOC2.0_N2700_F270_R2|U_WPB_L56_DOC4.0_WOC2.0_N2700_F270_R3|U_WPB_L56_DOC6.0_WOC1.0_N2700_F270_R1|U_WPB_L56_DOC6.0_WOC1.0_N2700_F270_R2|U_WPB_L56_DOC6.0_WOC1.0_N2700_F270_R4,final structured retention evaluation
16,4,0,71,0.5,60,Facility Location,uniform observed subset,60,27,33.0,27.0,1.0,1.0,1.0,1.0,S_WPA_L36_DOC1.5_WOC2.0_N2700_F270_R3|U_WPB_L56_DOC3.0_WOC1.0_N3600_F360_R3|S_WPB_L56_DOC1.0_WOC2.0_N2700_F270_R4|U_WPA_L36_DOC3.0_WOC1.0_N3600_F360_R4|S_WPA_L36_DOC1.0_WOC1.0_N2700_F270_R1|S_WPB_L56_DOC0.5_WOC1.0_N2700_F270_R3|S_WPB_L56_DOC1.0_WOC2.0_N2700_F270_R3|S_WPA_L36_DOC2.0_WOC1.0_N1800_F180_R4|S_WPA_L36_DOC2.0_WOC1.0_N1800_F180_R2|S_WPB_L56_DOC1.5_WOC1.0_N3600_F360_R1|U_WPA_L36_DOC3.0_WOC1.0_N3600_F360_R2|U_WPA_L36_DOC3.0_WOC1.0_N3600_F360_R1|S_WPB_L56_DOC1.0_WOC2.0_N2700_F270_R2|S_WPB_L56_DOC0.5_WOC1.0_N3600_F360_R1|U_WPB_L56_DOC4.0_WOC2.0_N2700_F270_R2|U_WPB_L56_DOC2.0_WOC1.0_N2700_F270_R3|S_WPA_L36_DOC2.0_WOC1.0_N2700_F270_R4|S_WPA_L36_DOC3.0_WOC1.0_N1800_F180_R3|U_WPB_L56_DOC2.0_WOC1.0_N1800_F180_R1|U_WPB_L56_DOC6.0_WOC1.0_N2700_F270_R3|S_WPA_L36_DOC1.5_WOC1.0_N1800_F180_R4|S_WPB_L56_DOC0.5_WOC1.0_N2700_F270_R1|U_WPB_L56_DOC4.0_WOC2.0_N2700_F270_R1|S_WPA_L36_DOC0.5_WOC2.0_N2700_F270_R1|U_WPB_L56_DOC4.0_WOC1.0_N2700_F270_R3|S_WPB_L56_DOC1.5_WOC1.0_N1800_F180_R3|S_WPB_L56_DOC1.0_WOC1.0_N2700_F270_R1|U_WPA_L36_DOC2.0_WOC1.0_N3600_F360_R4|S_WPB_L56_DOC1.5_WOC1.0_N3600_F360_R4|U_WPB_L56_DOC2.0_WOC1.0_N1800_F180_R3|S_WPA_L36_DOC0.5_WOC1.0_N2700_F270_R3|U_WPB_L56_DOC3.0_WOC1.0_N3600_F360_R4|S_WPB_L56_DOC1.0_WOC2.0_N2700_F270_R1|S_WPA_L36_DOC6.0_WOC1.0_N2700_F270_R2|U_WPB_L56_DOC4.0_WOC2.0_N2700_F270_R3|S_WPA_L36_DOC1.5_WOC1.0_N3600_F360_R1|S_WPA_L36_DOC1.0_WOC1.0_N1800_F180_R2|U_WPB_L56_DOC4.0_WOC1.0_N2700_F270_R1|U_WPA_L36_DOC2.0_WOC1.0_N3600_F360_R1|U_WPB_L56_DOC6.0_WOC1.0_N2700_F270_R2|U_WPA_L36_DOC2.0_WOC1.0_N3600_F360_R2|S_WPB_L56_DOC1.5_WOC2.0_N2700_F270_R2|S_WPB_L56_DOC0.5_WOC1.0_N2700_F270_R4|S_WPA_L36_DOC3.0_WOC1.0_N1800_F180_R4|S_WPA_L36_DOC1.0_WOC1.0_N2700_F270_R4|S_WPA_L36_DOC3.0_WOC1.0_N1800_F180_R2|S_WPA_L36_DOC6.0_WOC1.0_N2700_F270_R1|U_WPB_L56_DOC3.0_WOC1.0_N1800_F180_R4|U_WPB_L56_DOC3.0_WOC1.0_N1800_F180_R3|U_WPA_L36_DOC3.0_WOC1.0_N3600_F360_R3|S_WPB_L56_DOC1.5_WOC2.0_N2700_F270_R1|S_WPB_L56_DOC0.5_WOC1.0_N3600_F360_R4|U_WPB_L56_DOC2.0_WOC1.0_N1800_F180_R2|U_WPB_L56_DOC2.0_WOC1.0_N1800_F180_R4|U_WPA_L36_DOC2.0_WOC1.0_N3600_F360_R3|U_WPB_L56_DOC3.0_WOC1.0_N3600_F360_R2|U_WPB_L56_DOC3.0_WOC1.0_N1800_F180_R1|S_WPA_L36_DOC2.0_WOC1.0_N2700_F270_R3|S_WPB_L56_DOC0.5_WOC1.0_N2700_F270_R2|U_WPB_L56_DOC3.0_WOC1.0_N1800_F180_R2,final structured retention evaluation
16,4,0,71,0.5,60,MRDS,uniform observed subset,60,24,37.0,23.0,1.0,1.0,1.0,1.0,S_WPA_L36_DOC1.5_WOC1.0_N3600_F360_R1|S_WPB_L56_DOC1.5_WOC1.0_N3600_F360_R1|S_WPA_L36_DOC2.0_WOC1.0_N1800_F180_R2|U_WPA_L36_DOC3.0_WOC1.0_N3600_F360_R1|U_WPA_L36_DOC3.0_WOC1.0_N3600_F360_R2|S_WPB_L56_DOC0.5_WOC1.0_N3600_F360_R1|S_WPB_L56_DOC1.0_WOC2.0_N2700_F270_R2|S_WPB_L56_DOC0.5_WOC1.0_N2700_F270_R4|S_WPB_L56_DOC1.0_WOC2.0_N2700_F270_R3|U_WPB_L56_DOC2.0_WOC1.0_N1800_F180_R4|S_WPA_L36_DOC1.5_WOC2.0_N2700_F270_R2|S_WPB_L56_DOC1.0_WOC1.0_N2700_F270_R2|U_WPB_L56_DOC4.0_WOC2.0_N2700_F270_R1|U_WPB_L56_DOC3.0_WOC1.0_N3600_F360_R3|S_WPA_L36_DOC0.5_WOC2.0_N2700_F270_R4|S_WPA_L36_DOC1.0_WOC1.0_N2700_F270_R1|S_WPA_L36_DOC1.0_WOC1.0_N1800_F180_R3|S_WPA_L36_DOC0.5_WOC1.0_N2700_F270_R3|S_WPB_L56_DOC0.5_WOC1.0_N1800_F180_R1|S_WPA_L36_DOC0.5_WOC1.0_N2700_F270_R2|U_WPB_L56_DOC3.0_WOC1.0_N3600_F360_R1|S_WPA_L36_DOC1.0_WOC1.0_N1800_F180_R2|S_WPA_L36_DOC0.5_WOC2.0_N2700_F270_R2|S_WPA_L36_DOC0.5_WOC2.0_N2700_F270_R3|S_WPA_L36_DOC1.0_WOC1.0_N1800_F180_R4|S_WPA_L36_DOC0.5_WOC2.0_N2700_F270_R1|S_WPA_L36_DOC0.5_WOC1.0_N2700_F270_R1|U_WPB_L56_DOC2.0_WOC1.0_N1800_F180_R1|S_WPA_L36_DOC2.0_WOC1.0_N2700_F270_R2|U_WPB_L56_DOC3.0_WOC1.0_N3600_F360_R2|U_WPB_L56_DOC4.0_WOC1.0_N2700_F270_R2|S_WPA_L36_DOC1.5_WOC1.0_N3600_F360_R3|S_WPB_L56_DOC0.5_WOC1.0_N3600_F360_R2|S_WPA_L36_DOC1.0_WOC2.0_N2700_F270_R2|U_WPB_L56_DOC4.0_WOC1.0_N2700_F270_R4|U_WPB_L56_DOC2.0_WOC1.0_N2700_F270_R3|U_WPA_L36_DOC3.0_WOC1.0_N3600_F360_R3|S_WPB_L56_DOC0.5_WOC1.0_N3600_F360_R3|S_WPA_L36_DOC6.0_WOC1.0_N2700_F270_R3|S_WPB_L56_DOC1.0_WOC1.0_N2700_F270_R1|S_WPB_L56_DOC1.5_WOC1.0_N1800_F180_R4|U_WPB_L56_DOC2.0_WOC1.0_N2700_F270_R1|U_WPB_L56_DOC2.0_WOC1.0_N3600_F360_R1|S_WPA_L36_DOC1.5_WOC1.0_N3600_F360_R4|U_WPB_L56_DOC3.0_WOC1.0_N3600_F360_R4|U_WPB_L56_DOC4.0_WOC1.0_N2700_F270_R1|U_WPB_L56_DOC2.0_WOC1.0_N3600_F360_R4|U_WPB_L56_DOC2.0_WOC1.0_N3600_F360_R2|U_WPB_L56_DOC2.0_WOC1.0_N2700_F270_R4|S_WPA_L36_DOC1.5_WOC1.0_N3600_F360_R2|S_WPA_L36_DOC1.5_WOC2.0_N2700_F270_R3|U_WPB_L56_DOC2.0_WOC1.0_N2700_F270_R2|S_WPA_L36_DOC1.0_WOC2.0_N2700_F270_R1|U_WPA_L36_DOC3.0_WOC1.0_N3600_F360_R4|U_WPB_L56_DOC2.0_WOC1.0_N3600_F360_R3|S_WPA_L36_DOC1.5_WOC2.0_N2700_F270_R1|U_WPB_L56_DOC2.0_WOC1.0_N1800_F180_R2|S_WPA_L36_DOC1.5_WOC2.0_N2700_F270_R4|S_WPA_L36_DOC1.0_WOC2.0_N2700_F270_R3|S_WPA_L36_DOC1.0_WOC2.0_N2700_F270_R4,final structured retention evaluation
16,4,0,71,0.5,60,W2-k-medoids,uniform observed subset,60,27,33.0,27.0,1.0,1.0,1.0,1.0,S_WPA_L36_DOC0.5_WOC1.0_N2700_F270_R3|S_WPA_L36_DOC0.5_WOC2.0_N2700_F270_R1|S_WPA_L36_DOC1.0_WOC1.0_N1800_F180_R2|S_WPA_L36_DOC1.0_WOC1.0_N2700_F270_R2|S_WPA_L36_DOC1.0_WOC1.0_N2700_F270_R4|S_WPA_L36_DOC1.5_WOC1.0_N1800_F180_R3|S_WPA_L36_DOC1.5_WOC1.0_N3600_F360_R2|S_WPA_L36_DOC1.5_WOC2.0_N2700_F270_R2|S_WPA_L36_DOC2.0_WOC1.0_N1800_F180_R2|S_WPA_L36_DOC2.0_WOC1.0_N1800_F180_R3|S_WPA_L36_DOC2.0_WOC1.0_N2700_F270_R1|S_WPA_L36_DOC2.0_WOC1.0_N2700_F270_R3|S_WPA_L36_DOC3.0_WOC1.0_N1800_F180_R1|S_WPA_L36_DOC3.0_WOC1.0_N1800_F180_R2|S_WPA_L36_DOC3.0_WOC1.0_N1800_F180_R3|S_WPA_L36_DOC3.0_WOC1.0_N1800_F180_R4|S_WPA_L36_DOC6.0_WOC1.0_N2700_F270_R1|S_WPA_L36_DOC6.0_WOC1.0_N2700_F270_R2|S_WPB_L56_DOC0.5_WOC1.0_N2700_F270_R1|S_WPB_L56_DOC0.5_WOC1.0_N2700_F270_R2|S_WPB_L56_DOC0.5_WOC1.0_N2700_F270_R3|S_WPB_L56_DOC0.5_WOC1.0_N2700_F270_R4|S_WPB_L56_DOC0.5_WOC1.0_N3600_F360_R1|S_WPB_L56_DOC0.5_WOC1.0_N3600_F360_R4|S_WPB_L56_DOC1.0_WOC1.0_N2700_F270_R3|S_WPB_L56_DOC1.0_WOC2.0_N2700_F270_R1|S_WPB_L56_DOC1.0_WOC2.0_N2700_F270_R2|S_WPB_L56_DOC1.0_WOC2.0_N2700_F270_R3|S_WPB_L56_DOC1.5_WOC1.0_N1800_F180_R3|S_WPB_L56_DOC1.5_WOC1.0_N3600_F360_R1|S_WPB_L56_DOC1.5_WOC1.0_N3600_F360_R4|S_WPB_L56_DOC1.5_WOC2.0_N2700_F270_R2|S_WPB_L56_DOC1.5_WOC2.0_N2700_F270_R3|U_WPA_L36_DOC2.0_WOC1.0_N3600_F360_R1|U_WPA_L36_DOC2.0_WOC1.0_N3600_F360_R2|U_WPA_L36_DOC2.0_WOC1.0_N3600_F360_R3|U_WPA_L36_DOC2.0_WOC1.0_N3600_F360_R4|U_WPA_L36_DOC3.0_WOC1.0_N3600_F360_R1|U_WPA_L36_DOC3.0_WOC1.0_N3600_F360_R2|U_WPA_L36_DOC3.0_WOC1.0_N3600_F360_R3|U_WPA_L36_DOC3.0_WOC1.0_N3600_F360_R4|U_WPB_L56_DOC2.0_WOC1.0_N1800_F180_R1|U_WPB_L56_DOC2.0_WOC1.0_N1800_F180_R2|U_WPB_L56_DOC2.0_WOC1.0_N1800_F180_R3|U_WPB_L56_DOC2.0_WOC1.0_N1800_F180_R4|U_WPB_L56_DOC2.0_WOC1.0_N2700_F270_R2|U_WPB_L56_DOC2.0_WOC1.0_N2700_F270_R4|U_WPB_L56_DOC3.0_WOC1.0_N1800_F180_R1|U_WPB_L56_DOC3.0_WOC1.0_N1800_F180_R2|U_WPB_L56_DOC3.0_WOC1.0_N1800_F180_R3|U_WPB_L56_DOC3.0_WOC1.0_N1800_F180_R4|U_WPB_L56_DOC3.0_WOC1.0_N3600_F360_R2|U_WPB_L56_DOC3.0_WOC1.0_N3600_F360_R4|U_WPB_L56_DOC4.0_WOC1.0_N2700_F270_R1|U_WPB_L56_DOC4.0_WOC1.0_N2700_F270_R3|U_WPB_L56_DOC4.0_WOC2.0_N2700_F270_R1|U_WPB_L56_DOC4.0_WOC2.0_N2700_F270_R2|U_WPB_L56_DOC4.0_WOC2.0_N2700_F270_R3|U_WPB_L56_DOC6.0_WOC1.0_N2700_F270_R2|U_WPB_L56_DOC6.0_WOC1.0_N2700_F270_R3,final structured retention evaluation
17,4,1,71,0.5,60,Facility Location,uniform observed subset,60,27,34.0,26.0,0.9047619047619048,0.9166666666666666,0.8928571428571429,0.8928571428571429,S_WPA_L36_DOC1.5_WOC1.0_N3600_F360_R4|U_WPB_L56_DOC3.0_WOC1.0_N3600_F360_R3|S_WPB_L56_DOC1.0_WOC1.0_N2700_F270_R1|S_WPB_L56_DOC0.5_WOC2.0_N2700_F270_R3|U_WPA_L36_DOC2.0_WOC2.0_N2700_F270_R2|S_WPB_L56_DOC0.5_WOC1.0_N2700_F270_R3|S_WPA_L36_DOC0.5_WOC2.0_N2700_F270_R1|S_WPB_L56_DOC0.5_WOC1.0_N3600_F360_R1|S_WPA_L36_DOC2.0_WOC1.0_N1800_F180_R2|U_WPA_L36_DOC3.0_WOC1.0_N3600_F360_R2|U_WPA_L36_DOC3.0_WOC1.0_N3600_F360_R1|S_WPB_L56_DOC1.5_WOC1.0_N2700_F270_R1|U_WPB_L56_DOC2.0_WOC1.0_N2700_F270_R3|U_WPB_L56_DOC4.0_WOC2.0_N2700_F270_R2|S_WPA_L36_DOC1.5_WOC1.0_N1800_F180_R3|S_WPA_L36_DOC6.0_WOC1.0_N2700_F270_R2|S_WPA_L36_DOC0.5_WOC1.0_N2700_F270_R1|S_WPB_L56_DOC1.0_WOC1.0_N1800_F180_R3|U_WPA_L36_DOC4.0_WOC2.0_N2700_F270_R1|U_WPB_L56_DOC4.0_WOC2.0_N2700_F270_R1|U_WPB_L56_DOC4.0_WOC1.0_N2700_F270_R3|S_WPB_L56_DOC0.5_WOC1.0_N3600_F360_R2|U_WPB_L56_DOC2.0_WOC2.0_N2700_F270_R3|S_WPA_L36_DOC2.0_WOC1.0_N1800_F180_R1|U_WPA_L36_DOC3.0_WOC1.0_N3600_F360_R3|S_WPA_L36_DOC1.0_WOC1.0_N3600_F360_R1|S_WPA_L36_DOC1.0_WOC1.0_N3600_F360_R4|U_WPB_L56_DOC2.0_WOC1.0_N3600_F360_R3|S_WPA_L36_DOC6.0_WOC1.0_N2700_F270_R4|S_WPB_L56_DOC0.5_WOC1.0_N2700_F270_R2|S_WPB_L56_DOC1.5_WOC1.0_N2700_F270_R3|S_WPB_L56_DOC1.5_WOC2.0_N2700_F270_R3|U_WPB_L56_DOC2.0_WOC1.0_N1800_F180_R2|U_WPB_L56_DOC4.0_WOC1.0_N2700_F270_R1|S_WPB_L56_DOC0.5_WOC1.0_N1800_F180_R2|U_WPA_L36_DOC4.0_WOC2.0_N2700_F270_R2|S_WPA_L36_DOC6.0_WOC1.0_N2700_F270_R1|U_WPB_L56_DOC2.0_WOC1.0_N1800_F180_R3|S_WPB_L56_DOC1.5_WOC2.0_N2700_F270_R2|S_WPB_L56_DOC1.5_WOC1.0_N2700_F270_R2|S_WPB_L56_DOC1.5_WOC1.0_N2700_F270_R4|U_WPA_L36_DOC3.0_WOC1.0_N3600_F360_R4|U_WPA_L36_DOC2.0_WOC2.0_N2700_F270_R4|S_WPB_L56_DOC0.5_WOC1.0_N2700_F270_R4|U_WPB_L56_DOC4.0_WOC2.0_N2700_F270_R3|S_WPA_L36_DOC4.0_WOC1.0_N2700_F270_R3|U_WPB_L56_DOC3.0_WOC1.0_N3600_F360_R2|S_WPA_L36_DOC4.0_WOC1.0_N2700_F270_R2|S_WPA_L36_DOC1.0_WOC1.0_N1800_F180_R3|U_WPB_L56_DOC2.0_WOC1.0_N2700_F270_R4|U_WPB_L56_DOC2.0_WOC1.0_N2700_F270_R1|U_WPB_L56_DOC2.0_WOC1.0_N1800_F180_R1|U_WPA_L36_DOC2.0_WOC2.0_N2700_F270_R1|S_WPA_L36_DOC0.5_WOC1.0_N2700_F270_R4|S_WPB_L56_DOC1.0_WOC1.0_N1800_F180_R4|S_WPA_L36_DOC4.0_WOC1.0_N2700_F270_R1|U_WPB_L56_DOC2.0_WOC2.0_N2700_F270_R2|U_WPB_L56_DOC2.0_WOC1.0_N1800_F180_R4|S_WPA_L36_DOC0.5_WOC1.0_N2700_F270_R2|S_WPB_L56_DOC1.0_WOC1.0_N2700_F270_R4,final structured retention evaluation
17,4,1,71,0.5,60,MRDS,uniform observed subset,60,27,40.0,20.0,0.9285714285714286,1.0,0.8571428571428571,0.8571428571428571,U_WPB_L56_DOC4.0_WOC2.0_N2700_F270_R2|S_WPA_L36_DOC2.0_WOC1.0_N1800_F180_R2|U_WPA_L36_DOC3.0_WOC1.0_N3600_F360_R1|U_WPA_L36_DOC3.0_WOC1.0_N3600_F360_R2|S_WPB_L56_DOC1.5_WOC1.0_N2700_F270_R1|S_WPB_L56_DOC0.5_WOC1.0_N3600_F360_R1|S_WPB_L56_DOC0.5_WOC1.0_N2700_F270_R2|S_WPB_L56_DOC0.5_WOC1.0_N3600_F360_R3|S_WPA_L36_DOC0.5_WOC2.0_N2700_F270_R2|S_WPA_L36_DOC1.0_WOC1.0_N1800_F180_R2|U_WPB_L56_DOC4.0_WOC2.0_N2700_F270_R1|S_WPB_L56_DOC0.5_WOC1.0_N1800_F180_R1|S_WPB_L56_DOC1.0_WOC1.0_N2700_F270_R2|S_WPB_L56_DOC1.0_WOC1.0_N1800_F180_R1|S_WPA_L36_DOC1.0_WOC1.0_N1800_F180_R4|S_WPB_L56_DOC1.0_WOC1.0_N1800_F180_R3|S_WPA_L36_DOC1.0_WOC1.0_N1800_F180_R3|U_WPB_L56_DOC2.0_WOC1.0_N2700_F270_R2|U_WPB_L56_DOC3.0_WOC1.0_N3600_F360_R4|S_WPB_L56_DOC1.5_WOC1.0_N1800_F180_R3|U_WPA_L36_DOC2.0_WOC2.0_N2700_F270_R2|S_WPA_L36_DOC0.5_WOC2.0_N2700_F270_R3|S_WPA_L36_DOC1.0_WOC1.0_N3600_F360_R3|S_WPA_L36_DOC1.0_WOC1.0_N3600_F360_R2|S_WPB_L56_DOC1.0_WOC1.0_N3600_F360_R1|S_WPB_L56_DOC0.5_WOC2.0_N2700_F270_R3|U_WPB_L56_DOC2.0_WOC1.0_N1800_F180_R2|U_WPB_L56_DOC4.0_WOC2.0_N2700_F270_R3|S_WPA_L36_DOC4.0_WOC1.0_N2700_F270_R3|S_WPA_L36_DOC1.5_WOC1.0_N3600_F360_R4|S_WPA_L36_DOC1.0_WOC1.0_N3600_F360_R4|S_WPA_L36_DOC1.5_WOC1.0_N3600_F360_R3|S_WPA_L36_DOC0.5_WOC1.0_N3600_F360_R3|S_WPA_L36_DOC0.5_WOC1.0_N2700_F270_R3|S_WPA_L36_DOC0.5_WOC1.0_N2700_F270_R2|S_WPA_L36_DOC6.0_WOC1.0_N2700_F270_R3|U_WPA_L36_DOC4.0_WOC2.0_N2700_F270_R4|U_WPB_L56_DOC2.0_WOC2.0_N2700_F270_R4|U_WPA_L36_DOC2.0_WOC2.0_N2700_F270_R4|U_WPB_L56_DOC2.0_WOC1.0_N2700_F270_R1|U_WPB_L56_DOC2.0_WOC1.0_N3600_F360_R1|S_WPA_L36_DOC1.5_WOC1.0_N3600_F360_R1|S_WPB_L56_DOC1.5_WOC1.0_N1800_F180_R4|S_WPA_L36_DOC1.5_WOC1.0_N3600_F360_R2|U_WPB_L56_DOC2.0_WOC1.0_N3600_F360_R3|S_WPB_L56_DOC1.0_WOC1.0_N3600_F360_R3|U_WPB_L56_DOC2.0_WOC1.0_N3600_F360_R4|S_WPB_L56_DOC0.5_WOC2.0_N2700_F270_R4|S_WPB_L56_DOC0.5_WOC1.0_N1800_F180_R2|S_WPA_L36_DOC0.5_WOC2.0_N2700_F270_R1|U_WPB_L56_DOC2.0_WOC1.0_N2700_F270_R3|U_WPA_L36_DOC2.0_WOC2.0_N2700_F270_R1|S_WPA_L36_DOC0.5_WOC2.0_N2700_F270_R4|U_WPB_L56_DOC2.0_WOC1.0_N2700_F270_R4|S_WPB_L56_DOC1.0_WOC1.0_N2700_F270_R1|S_WPA_L36_DOC0.5_WOC1.0_N2700_F270_R1|S_WPA_L36_DOC0.5_WOC1.0_N3600_F360_R4|S_WPB_L56_DOC0.5_WOC1.0_N3600_F360_R2|U_WPB_L56_DOC3.0_WOC1.0_N3600_F360_R1|S_WPB_L56_DOC1.5_WOC1.0_N1800_F180_R1,final structured retention evaluation
17,4,1,71,0.5,60,W2-k-medoids,uniform observed subset,60,28,36.0,24.0,0.9047619047619048,0.9166666666666666,0.8928571428571429,0.8928571428571429,S_WPA_L36_DOC0.5_WOC1.0_N2700_F270_R3|S_WPA_L36_DOC0.5_WOC1.0_N2700_F270_R4|S_WPA_L36_DOC0.5_WOC1.0_N3600_F360_R3|S_WPA_L36_DOC0.5_WOC2.0_N2700_F270_R3|S_WPA_L36_DOC1.0_WOC1.0_N1800_F180_R2|S_WPA_L36_DOC1.0_WOC1.0_N1800_F180_R4|S_WPA_L36_DOC1.0_WOC1.0_N3600_F360_R1|S_WPA_L36_DOC1.5_WOC1.0_N1800_F180_R3|S_WPA_L36_DOC1.5_WOC1.0_N3600_F360_R2|S_WPA_L36_DOC2.0_WOC1.0_N1800_F180_R2|S_WPA_L36_DOC2.0_WOC1.0_N1800_F180_R3|S_WPA_L36_DOC4.0_WOC1.0_N2700_F270_R1|S_WPA_L36_DOC4.0_WOC1.0_N2700_F270_R2|S_WPA_L36_DOC6.0_WOC1.0_N2700_F270_R1|S_WPA_L36_DOC6.0_WOC1.0_N2700_F270_R2|S_WPA_L36_DOC6.0_WOC1.0_N2700_F270_R3|S_WPA_L36_DOC6.0_WOC1.0_N2700_F270_R4|S_WPB_L56_DOC0.5_WOC1.0_N1800_F180_R4|S_WPB_L56_DOC0.5_WOC1.0_N2700_F270_R1|S_WPB_L56_DOC0.5_WOC1.0_N2700_F270_R3|S_WPB_L56_DOC0.5_WOC1.0_N2700_F270_R4|S_WPB_L56_DOC0.5_WOC1.0_N3600_F360_R1|S_WPB_L56_DOC0.5_WOC1.0_N3600_F360_R2|S_WPB_L56_DOC0.5_WOC1.0_N3600_F360_R4|S_WPB_L56_DOC0.5_WOC2.0_N2700_F270_R1|S_WPB_L56_DOC0.5_WOC2.0_N2700_F270_R4|S_WPB_L56_DOC1.0_WOC1.0_N1800_F180_R3|S_WPB_L56_DOC1.0_WOC1.0_N1800_F180_R4|S_WPB_L56_DOC1.0_WOC1.0_N2700_F270_R3|S_WPB_L56_DOC1.5_WOC1.0_N1800_F180_R3|S_WPB_L56_DOC1.5_WOC1.0_N2700_F270_R1|S_WPB_L56_DOC1.5_WOC1.0_N2700_F270_R2|S_WPB_L56_DOC1.5_WOC1.0_N2700_F270_R3|S_WPB_L56_DOC1.5_WOC1.0_N2700_F270_R4|S_WPB_L56_DOC1.5_WOC2.0_N2700_F270_R2|S_WPB_L56_DOC1.5_WOC2.0_N2700_F270_R4|U_WPA_L36_DOC2.0_WOC2.0_N2700_F270_R1|U_WPA_L36_DOC2.0_WOC2.0_N2700_F270_R3|U_WPA_L36_DOC3.0_WOC1.0_N3600_F360_R1|U_WPA_L36_DOC3.0_WOC1.0_N3600_F360_R2|U_WPA_L36_DOC3.0_WOC1.0_N3600_F360_R3|U_WPA_L36_DOC3.0_WOC1.0_N3600_F360_R4|U_WPA_L36_DOC4.0_WOC2.0_N2700_F270_R2|U_WPA_L36_DOC4.0_WOC2.0_N2700_F270_R4|U_WPB_L56_DOC2.0_WOC1.0_N1800_F180_R1|U_WPB_L56_DOC2.0_WOC1.0_N1800_F180_R2|U_WPB_L56_DOC2.0_WOC1.0_N1800_F180_R3|U_WPB_L56_DOC2.0_WOC1.0_N1800_F180_R4|U_WPB_L56_DOC2.0_WOC1.0_N2700_F270_R1|U_WPB_L56_DOC2.0_WOC1.0_N2700_F270_R2|U_WPB_L56_DOC2.0_WOC1.0_N2700_F270_R4|U_WPB_L56_DOC2.0_WOC2.0_N2700_F270_R1|U_WPB_L56_DOC2.0_WOC2.0_N2700_F270_R2|U_WPB_L56_DOC3.0_WOC1.0_N3600_F360_R2|U_WPB_L56_DOC3.0_WOC1.0_N3600_F360_R4|U_WPB_L56_DOC4.0_WOC1.0_N2700_F270_R1|U_WPB_L56_DOC4.0_WOC1.0_N2700_F270_R3|U_WPB_L56_DOC4.0_WOC2.0_N2700_F270_R1|U_WPB_L56_DOC4.0_WOC2.0_N2700_F270_R2|U_WPB_L56_DOC4.0_WOC2.0_N2700_F270_R4,final structured retention evaluation
18,4,2,71,0.5,60,Facility Location,uniform observed subset,60,28,40.0,20.0,0.875,0.75,1.0,0.75,S_WPA_L36_DOC1.5_WOC2.0_N2700_F270_R2|U_WPB_L56_DOC2.0_WOC1.0_N2700_F270_R2|S_WPA_L36_DOC1.0_WOC1.0_N2700_F270_R1|S_WPB_L56_DOC1.0_WOC2.0_N2700_F270_R4|U_WPA_L36_DOC2.0_WOC2.0_N2700_F270_R2|S_WPB_L56_DOC0.5_WOC1.0_N2700_F270_R3|S_WPA_L36_DOC2.0_WOC1.0_N1800_F180_R2|S_WPB_L56_DOC1.5_WOC1.0_N3600_F360_R1|S_WPB_L56_DOC1.0_WOC2.0_N2700_F270_R3|S_WPB_L56_DOC1.5_WOC1.0_N2700_F270_R1|S_WPB_L56_DOC1.0_WOC2.0_N2700_F270_R2|U_WPB_L56_DOC4.0_WOC2.0_N2700_F270_R3|U_WPA_L36_DOC2.0_WOC1.0_N3600_F360_R4|S_WPA_L36_DOC0.5_WOC1.0_N3600_F360_R4|S_WPA_L36_DOC2.0_WOC1.0_N2700_F270_R3|S_WPA_L36_DOC3.0_WOC1.0_N1800_F180_R3|U_WPB_L56_DOC4.0_WOC2.0_N2700_F270_R1|U_WPB_L56_DOC6.0_WOC1.0_N2700_F270_R3|U_WPB_L56_DOC3.0_WOC1.0_N1800_F180_R1|S_WPB_L56_DOC0.5_WOC1.0_N2700_F270_R1|U_WPB_L56_DOC2.0_WOC1.0_N3600_F360_R3|S_WPA_L36_DOC1.0_WOC1.0_N2700_F270_R4|S_WPA_L36_DOC2.0_WOC1.0_N1800_F180_R3|U_WPA_L36_DOC4.0_WOC2.0_N2700_F270_R1|S_WPB_L56_DOC1.5_WOC1.0_N3600_F360_R4|S_WPB_L56_DOC1.0_WOC1.0_N1800_F180_R3|S_WPA_L36_DOC0.5_WOC1.0_N2700_F270_R1|S_WPB_L56_DOC1.5_WOC1.0_N2700_F270_R3|S_WPA_L36_DOC1.0_WOC1.0_N3600_F360_R1|S_WPB_L56_DOC1.0_WOC2.0_N2700_F270_R1|S_WPB_L56_DOC0.5_WOC1.0_N1800_F180_R4|S_WPA_L36_DOC2.0_WOC1.0_N2700_F270_R1|S_WPB_L56_DOC1.0_WOC1.0_N3600_F360_R3|S_WPA_L36_DOC4.0_WOC1.0_N2700_F270_R3|S_WPB_L56_DOC1.0_WOC1.0_N2700_F270_R2|U_WPB_L56_DOC6.0_WOC1.0_N2700_F270_R2|S_WPA_L36_DOC3.0_WOC1.0_N1800_F180_R2|S_WPB_L56_DOC0.5_WOC1.0_N2700_F270_R4|U_WPA_L36_DOC2.0_WOC1.0_N3600_F360_R1|U_WPB_L56_DOC2.0_WOC2.0_N2700_F270_R2|U_WPA_L36_DOC2.0_WOC1.0_N3600_F360_R2|S_WPA_L36_DOC6.0_WOC1.0_N2700_F270_R1|S_WPB_L56_DOC1.5_WOC2.0_N2700_F270_R2|U_WPB_L56_DOC3.0_WOC1.0_N1800_F180_R2|S_WPA_L36_DOC3.0_WOC1.0_N1800_F180_R4|S_WPB_L56_DOC1.5_WOC1.0_N2700_F270_R4|S_WPB_L56_DOC1.5_WOC1.0_N2700_F270_R2|U_WPA_L36_DOC4.0_WOC2.0_N2700_F270_R2|S_WPA_L36_DOC6.0_WOC1.0_N2700_F270_R2|U_WPB_L56_DOC3.0_WOC1.0_N1800_F180_R4|S_WPB_L56_DOC1.5_WOC2.0_N2700_F270_R1|U_WPB_L56_DOC4.0_WOC2.0_N2700_F270_R2|S_WPA_L36_DOC4.0_WOC1.0_N2700_F270_R1|S_WPA_L36_DOC3.0_WOC1.0_N1800_F180_R1|U_WPA_L36_DOC2.0_WOC1.0_N3600_F360_R3|U_WPA_L36_DOC2.0_WOC2.0_N2700_F270_R4|U_WPB_L56_DOC2.0_WOC1.0_N2700_F270_R1|S_WPB_L56_DOC1.0_WOC1.0_N1800_F180_R4|S_WPA_L36_DOC2.0_WOC1.0_N2700_F270_R4|S_WPB_L56_DOC0.5_WOC1.0_N2700_F270_R2,final structured retention evaluation
18,4,2,71,0.5,60,MRDS,uniform observed subset,60,26,44.0,16.0,0.875,0.75,1.0,0.75,U_WPB_L56_DOC2.0_WOC2.0_N2700_F270_R4|S_WPB_L56_DOC1.5_WOC1.0_N3600_F360_R1|S_WPA_L36_DOC2.0_WOC1.0_N1800_F180_R2|S_WPB_L56_DOC1.0_WOC2.0_N2700_F270_R3|S_WPB_L56_DOC1.5_WOC1.0_N2700_F270_R1|S_WPB_L56_DOC1.0_WOC2.0_N2700_F270_R2|S_WPB_L56_DOC0.5_WOC1.0_N2700_F270_R4|U_WPB_L56_DOC2.0_WOC1.0_N2700_F270_R4|S_WPB_L56_DOC1.0_WOC1.0_N2700_F270_R1|S_WPA_L36_DOC1.0_WOC1.0_N2700_F270_R4|U_WPB_L56_DOC4.0_WOC2.0_N2700_F270_R1|U_WPA_L36_DOC2.0_WOC1.0_N3600_F360_R4|S_WPB_L56_DOC1.0_WOC1.0_N2700_F270_R3|S_WPB_L56_DOC1.0_WOC1.0_N2700_F270_R2|S_WPA_L36_DOC2.0_WOC1.0_N2700_F270_R2|S_WPA_L36_DOC1.0_WOC2.0_N2700_F270_R3|S_WPB_L56_DOC1.0_WOC1.0_N1800_F180_R1|S_WPB_L56_DOC1.0_WOC2.0_N2700_F270_R4|S_WPB_L56_DOC1.0_WOC1.0_N2700_F270_R4|U_WPA_L36_DOC2.0_WOC2.0_N2700_F270_R1|S_WPA_L36_DOC1.0_WOC1.0_N3600_F360_R3|S_WPB_L56_DOC0.5_WOC1.0_N1800_F180_R1|S_WPA_L36_DOC0.5_WOC1.0_N3600_F360_R4|U_WPA_L36_DOC4.0_WOC2.0_N2700_F270_R1|S_WPA_L36_DOC0.5_WOC1.0_N2700_F270_R3|S_WPA_L36_DOC0.5_WOC1.0_N2700_F270_R1|S_WPB_L56_DOC1.5_WOC1.0_N3600_F360_R2|U_WPB_L56_DOC2.0_WOC2.0_N2700_F270_R1|U_WPB_L56_DOC4.0_WOC2.0_N2700_F270_R4|S_WPB_L56_DOC0.5_WOC1.0_N2700_F270_R2|S_WPB_L56_DOC1.0_WOC1.0_N3600_F360_R4|S_WPB_L56_DOC0.5_WOC2.0_N2700_F270_R3|S_WPA_L36_DOC1.0_WOC1.0_N3600_F360_R2|U_WPA_L36_DOC2.0_WOC2.0_N2700_F270_R2|S_WPA_L36_DOC1.0_WOC2.0_N2700_F270_R2|S_WPA_L36_DOC1.0_WOC2.0_N2700_F270_R1|S_WPA_L36_DOC0.5_WOC1.0_N3600_F360_R3|S_WPB_L56_DOC1.0_WOC1.0_N3600_F360_R3|U_WPA_L36_DOC4.0_WOC2.0_N2700_F270_R4|S_WPA_L36_DOC1.5_WOC2.0_N2700_F270_R4|S_WPB_L56_DOC1.0_WOC1.0_N1800_F180_R3|S_WPA_L36_DOC1.5_WOC2.0_N2700_F270_R2|S_WPB_L56_DOC1.0_WOC1.0_N3600_F360_R1|S_WPA_L36_DOC1.0_WOC1.0_N3600_F360_R4|U_WPB_L56_DOC2.0_WOC1.0_N2700_F270_R3|U_WPA_L36_DOC2.0_WOC2.0_N2700_F270_R4|S_WPA_L36_DOC6.0_WOC1.0_N2700_F270_R3|S_WPA_L36_DOC1.0_WOC1.0_N2700_F270_R3|S_WPA_L36_DOC0.5_WOC1.0_N2700_F270_R2|S_WPA_L36_DOC1.0_WOC2.0_N2700_F270_R4|U_WPB_L56_DOC2.0_WOC1.0_N2700_F270_R2|U_WPB_L56_DOC2.0_WOC1.0_N2700_F270_R1|S_WPB_L56_DOC0.5_WOC1.0_N1800_F180_R2|U_WPA_L36_DOC2.0_WOC2.0_N2700_F270_R3|S_WPA_L36_DOC1.5_WOC2.0_N2700_F270_R3|S_WPA_L36_DOC1.0_WOC1.0_N2700_F270_R1|S_WPB_L56_DOC1.0_WOC1.0_N1800_F180_R2|S_WPA_L36_DOC4.0_WOC1.0_N2700_F270_R3|S_WPA_L36_DOC1.5_WOC2.0_N2700_F270_R1|U_WPB_L56_DOC2.0_WOC1.0_N3600_F360_R3,final structured retention evaluation
18,4,2,71,0.5,60,W2-k-medoids,uniform observed subset,60,28,41.0,19.0,0.875,0.75,1.0,0.75,S_WPA_L36_DOC0.5_WOC1.0_N2700_F270_R3|S_WPA_L36_DOC0.5_WOC1.0_N3600_F360_R2|S_WPA_L36_DOC1.0_WOC1.0_N2700_F270_R2|S_WPA_L36_DOC1.0_WOC1.0_N3600_F360_R1|S_WPA_L36_DOC1.0_WOC1.0_N3600_F360_R4|S_WPA_L36_DOC1.5_WOC2.0_N2700_F270_R2|S_WPA_L36_DOC2.0_WOC1.0_N1800_F180_R2|S_WPA_L36_DOC2.0_WOC1.0_N1800_F180_R3|S_WPA_L36_DOC2.0_WOC1.0_N2700_F270_R1|S_WPA_L36_DOC2.0_WOC1.0_N2700_F270_R3|S_WPA_L36_DOC2.0_WOC1.0_N2700_F270_R4|S_WPA_L36_DOC3.0_WOC1.0_N1800_F180_R1|S_WPA_L36_DOC3.0_WOC1.0_N1800_F180_R2|S_WPA_L36_DOC3.0_WOC1.0_N1800_F180_R3|S_WPA_L36_DOC3.0_WOC1.0_N1800_F180_R4|S_WPA_L36_DOC4.0_WOC1.0_N2700_F270_R1|S_WPA_L36_DOC4.0_WOC1.0_N2700_F270_R2|S_WPA_L36_DOC4.0_WOC1.0_N2700_F270_R3|S_WPA_L36_DOC4.0_WOC1.0_N2700_F270_R4|S_WPA_L36_DOC6.0_WOC1.0_N2700_F270_R1|S_WPB_L56_DOC0.5_WOC1.0_N1800_F180_R4|S_WPB_L56_DOC0.5_WOC1.0_N2700_F270_R1|S_WPB_L56_DOC0.5_WOC1.0_N2700_F270_R2|S_WPB_L56_DOC0.5_WOC1.0_N2700_F270_R3|S_WPB_L56_DOC0.5_WOC1.0_N2700_F270_R4|S_WPB_L56_DOC1.0_WOC1.0_N1800_F180_R3|S_WPB_L56_DOC1.0_WOC1.0_N1800_F180_R4|S_WPB_L56_DOC1.0_WOC1.0_N2700_F270_R2|S_WPB_L56_DOC1.0_WOC1.0_N3600_F360_R3|S_WPB_L56_DOC1.0_WOC2.0_N2700_F270_R1|S_WPB_L56_DOC1.0_WOC2.0_N2700_F270_R2|S_WPB_L56_DOC1.0_WOC2.0_N2700_F270_R3|S_WPB_L56_DOC1.0_WOC2.0_N2700_F270_R4|S_WPB_L56_DOC1.5_WOC1.0_N2700_F270_R1|S_WPB_L56_DOC1.5_WOC1.0_N2700_F270_R2|S_WPB_L56_DOC1.5_WOC1.0_N2700_F270_R3|S_WPB_L56_DOC1.5_WOC1.0_N2700_F270_R4|S_WPB_L56_DOC1.5_WOC1.0_N3600_F360_R1|S_WPB_L56_DOC1.5_WOC1.0_N3600_F360_R4|S_WPB_L56_DOC1.5_WOC2.0_N2700_F270_R1|S_WPB_L56_DOC1.5_WOC2.0_N2700_F270_R2|U_WPA_L36_DOC2.0_WOC1.0_N3600_F360_R1|U_WPA_L36_DOC2.0_WOC1.0_N3600_F360_R2|U_WPA_L36_DOC2.0_WOC1.0_N3600_F360_R3|U_WPA_L36_DOC2.0_WOC1.0_N3600_F360_R4|U_WPA_L36_DOC2.0_WOC2.0_N2700_F270_R2|U_WPA_L36_DOC4.0_WOC2.0_N2700_F270_R3|U_WPA_L36_DOC4.0_WOC2.0_N2700_F270_R4|U_WPB_L56_DOC2.0_WOC1.0_N2700_F270_R1|U_WPB_L56_DOC2.0_WOC1.0_N2700_F270_R2|U_WPB_L56_DOC2.0_WOC1.0_N3600_F360_R3|U_WPB_L56_DOC2.0_WOC2.0_N2700_F270_R2|U_WPB_L56_DOC3.0_WOC1.0_N1800_F180_R1|U_WPB_L56_DOC3.0_WOC1.0_N1800_F180_R2|U_WPB_L56_DOC3.0_WOC1.0_N1800_F180_R4|U_WPB_L56_DOC4.0_WOC2.0_N2700_F270_R1|U_WPB_L56_DOC4.0_WOC2.0_N2700_F270_R2|U_WPB_L56_DOC4.0_WOC2.0_N2700_F270_R3|U_WPB_L56_DOC6.0_WOC1.0_N2700_F270_R2|U_WPB_L56_DOC6.0_WOC1.0_N2700_F270_R3,final structured retention evaluation
19,4,3,71,0.5,60,Facility Location,uniform observed subset,60,28,33.0,27.0,1.0,1.0,1.0,1.0,S_WPA_L36_DOC1.5_WOC2.0_N2700_F270_R3|U_WPA_L36_DOC3.0_WOC1.0_N3600_F360_R4|U_WPB_L56_DOC2.0_WOC2.0_N2700_F270_R4|S_WPB_L56_DOC0.5_WOC2.0_N2700_F270_R3|S_WPA_L36_DOC1.0_WOC1.0_N2700_F270_R2|S_WPB_L56_DOC1.0_WOC2.0_N2700_F270_R3|S_WPB_L56_DOC1.5_WOC1.0_N3600_F360_R1|S_WPB_L56_DOC1.0_WOC2.0_N2700_F270_R2|U_WPA_L36_DOC3.0_WOC1.0_N3600_F360_R2|U_WPA_L36_DOC3.0_WOC1.0_N3600_F360_R1|S_WPB_L56_DOC1.5_WOC1.0_N2700_F270_R1|S_WPA_L36_DOC0.5_WOC1.0_N3600_F360_R4|S_WPB_L56_DOC0.5_WOC1.0_N3600_F360_R1|S_WPA_L36_DOC1.5_WOC1.0_N1800_F180_R4|U_WPB_L56_DOC2.0_WOC1.0_N1800_F180_R1|U_WPB_L56_DOC4.0_WOC1.0_N2700_F270_R3|S_WPA_L36_DOC3.0_WOC1.0_N1800_F180_R3|S_WPA_L36_DOC2.0_WOC1.0_N2700_F270_R4|U_WPA_L36_DOC4.0_WOC2.0_N2700_F270_R1|S_WPA_L36_DOC0.5_WOC2.0_N2700_F270_R2|U_WPA_L36_DOC2.0_WOC2.0_N2700_F270_R3|U_WPB_L56_DOC6.0_WOC1.0_N2700_F270_R3|S_WPB_L56_DOC1.0_WOC1.0_N1800_F180_R3|U_WPB_L56_DOC3.0_WOC1.0_N3600_F360_R1|S_WPB_L56_DOC0.5_WOC1.0_N3600_F360_R2|U_WPB_L56_DOC6.0_WOC1.0_N2700_F270_R2|U_WPA_L36_DOC2.0_WOC1.0_N3600_F360_R4|S_WPA_L36_DOC1.0_WOC1.0_N3600_F360_R1|S_WPB_L56_DOC1.5_WOC1.0_N3600_F360_R4|U_WPB_L56_DOC4.0_WOC1.0_N2700_F270_R1|S_WPB_L56_DOC1.0_WOC2.0_N2700_F270_R1|S_WPB_L56_DOC1.5_WOC1.0_N2700_F270_R3|S_WPA_L36_DOC1.0_WOC1.0_N2700_F270_R4|S_WPA_L36_DOC1.0_WOC1.0_N1800_F180_R2|U_WPA_L36_DOC2.0_WOC1.0_N3600_F360_R1|S_WPA_L36_DOC4.0_WOC1.0_N2700_F270_R2|U_WPA_L36_DOC2.0_WOC1.0_N3600_F360_R2|U_WPA_L36_DOC4.0_WOC2.0_N2700_F270_R2|S_WPA_L36_DOC3.0_WOC1.0_N1800_F180_R2|U_WPB_L56_DOC2.0_WOC1.0_N1800_F180_R3|S_WPA_L36_DOC3.0_WOC1.0_N1800_F180_R4|U_WPB_L56_DOC3.0_WOC1.0_N1800_F180_R3|U_WPA_L36_DOC3.0_WOC1.0_N3600_F360_R3|S_WPB_L56_DOC1.5_WOC1.0_N2700_F270_R2|S_WPA_L36_DOC4.0_WOC1.0_N2700_F270_R1|S_WPA_L36_DOC1.5_WOC1.0_N3600_F360_R2|U_WPB_L56_DOC3.0_WOC1.0_N1800_F180_R4|U_WPB_L56_DOC2.0_WOC2.0_N2700_F270_R1|S_WPB_L56_DOC1.5_WOC1.0_N2700_F270_R4|S_WPA_L36_DOC2.0_WOC1.0_N2700_F270_R3|U_WPA_L36_DOC2.0_WOC2.0_N2700_F270_R4|U_WPA_L36_DOC2.0_WOC1.0_N3600_F360_R3|S_WPA_L36_DOC1.0_WOC1.0_N1800_F180_R4|S_WPB_L56_DOC1.5_WOC1.0_N1800_F180_R3|U_WPB_L56_DOC3.0_WOC1.0_N3600_F360_R2|U_WPB_L56_DOC3.0_WOC1.0_N1800_F180_R1|U_WPB_L56_DOC2.0_WOC1.0_N1800_F180_R2|S_WPB_L56_DOC1.0_WOC1.0_N1800_F180_R4|S_WPA_L36_DOC2.0_WOC1.0_N2700_F270_R1|U_WPB_L56_DOC6.0_WOC1.0_N2700_F270_R1,final structured retention evaluation
19,4,3,71,0.5,60,MRDS,uniform observed subset,60,27,39.0,21.0,0.9285714285714286,1.0,0.8571428571428571,0.8571428571428571,U_WPB_L56_DOC6.0_WOC1.0_N2700_F270_R3|S_WPB_L56_DOC1.5_WOC1.0_N3600_F360_R1|S_WPB_L56_DOC1.0_WOC2.0_N2700_F270_R2|U_WPA_L36_DOC3.0_WOC1.0_N3600_F360_R1|U_WPA_L36_DOC3.0_WOC1.0_N3600_F360_R2|S_WPB_L56_DOC1.5_WOC1.0_N2700_F270_R1|S_WPB_L56_DOC1.0_WOC2.0_N2700_F270_R3|S_WPA_L36_DOC0.5_WOC2.0_N2700_F270_R1|S_WPB_L56_DOC0.5_WOC1.0_N3600_F360_R1|S_WPB_L56_DOC1.0_WOC1.0_N1800_F180_R1|S_WPA_L36_DOC1.0_WOC2.0_N2700_F270_R3|S_WPB_L56_DOC1.0_WOC1.0_N1800_F180_R3|U_WPA_L36_DOC2.0_WOC1.0_N3600_F360_R3|S_WPB_L56_DOC1.5_WOC1.0_N1800_F180_R4|S_WPA_L36_DOC0.5_WOC2.0_N2700_F270_R2|S_WPA_L36_DOC0.5_WOC2.0_N2700_F270_R4|S_WPA_L36_DOC1.0_WOC2.0_N2700_F270_R1|U_WPB_L56_DOC4.0_WOC1.0_N2700_F270_R2|U_WPB_L56_DOC2.0_WOC1.0_N1800_F180_R1|S_WPA_L36_DOC1.5_WOC1.0_N3600_F360_R4|S_WPA_L36_DOC0.5_WOC2.0_N2700_F270_R3|S_WPA_L36_DOC1.0_WOC1.0_N1800_F180_R4|S_WPA_L36_DOC1.0_WOC1.0_N1800_F180_R2|S_WPB_L56_DOC1.0_WOC1.0_N3600_F360_R1|S_WPA_L36_DOC1.5_WOC1.0_N1800_F180_R1|S_WPA_L36_DOC1.0_WOC1.0_N3600_F360_R2|S_WPA_L36_DOC1.5_WOC2.0_N2700_F270_R2|S_WPA_L36_DOC4.0_WOC1.0_N2700_F270_R3|U_WPA_L36_DOC3.0_WOC1.0_N3600_F360_R3|S_WPA_L36_DOC2.0_WOC1.0_N2700_F270_R2|S_WPA_L36_DOC1.5_WOC2.0_N2700_F270_R3|S_WPA_L36_DOC1.0_WOC1.0_N3600_F360_R3|S_WPA_L36_DOC1.5_WOC1.0_N3600_F360_R1|S_WPA_L36_DOC1.5_WOC1.0_N3600_F360_R2|S_WPB_L56_DOC0.5_WOC2.0_N2700_F270_R3|U_WPA_L36_DOC3.0_WOC1.0_N3600_F360_R4|S_WPA_L36_DOC0.5_WOC1.0_N3600_F360_R4|S_WPB_L56_DOC1.5_WOC1.0_N3600_F360_R2|U_WPA_L36_DOC2.0_WOC2.0_N2700_F270_R4|S_WPA_L36_DOC1.0_WOC1.0_N3600_F360_R4|U_WPB_L56_DOC2.0_WOC1.0_N1800_F180_R2|S_WPA_L36_DOC1.0_WOC2.0_N2700_F270_R4|U_WPA_L36_DOC2.0_WOC2.0_N2700_F270_R1|S_WPA_L36_DOC0.5_WOC1.0_N3600_F360_R1|S_WPA_L36_DOC1.0_WOC1.0_N1800_F180_R3|U_WPB_L56_DOC6.0_WOC1.0_N2700_F270_R4|U_WPA_L36_DOC2.0_WOC2.0_N2700_F270_R2|S_WPA_L36_DOC1.0_WOC2.0_N2700_F270_R2|U_WPB_L56_DOC3.0_WOC1.0_N3600_F360_R4|U_WPA_L36_DOC4.0_WOC2.0_N2700_F270_R4|U_WPA_L36_DOC2.0_WOC2.0_N2700_F270_R3|S_WPA_L36_DOC0.5_WOC1.0_N3600_F360_R3|S_WPA_L36_DOC1.5_WOC2.0_N2700_F270_R4|U_WPB_L56_DOC4.0_WOC1.0_N2700_F270_R4|S_WPA_L36_DOC1.5_WOC1.0_N3600_F360_R3|U_WPB_L56_DOC3.0_WOC1.0_N3600_F360_R1|S_WPA_L36_DOC1.5_WOC2.0_N2700_F270_R1|U_WPB_L56_DOC2.0_WOC2.0_N2700_F270_R2|U_WPB_L56_DOC2.0_WOC2.0_N2700_F270_R4|U_WPB_L56_DOC4.0_WOC1.0_N2700_F270_R1,final structured retention evaluation
19,4,3,71,0.5,60,W2-k-medoids,uniform observed subset,60,28,33.0,27.0,1.0,1.0,1.0,1.0,S_WPA_L36_DOC0.5_WOC1.0_N3600_F360_R4|S_WPA_L36_DOC0.5_WOC2.0_N2700_F270_R1|S_WPA_L36_DOC1.0_WOC1.0_N1800_F180_R2|S_WPA_L36_DOC1.0_WOC1.0_N2700_F270_R1|S_WPA_L36_DOC1.0_WOC1.0_N2700_F270_R3|S_WPA_L36_DOC1.0_WOC1.0_N3600_F360_R1|S_WPA_L36_DOC1.5_WOC1.0_N1800_F180_R3|S_WPA_L36_DOC1.5_WOC1.0_N3600_F360_R2|S_WPA_L36_DOC1.5_WOC2.0_N2700_F270_R1|S_WPA_L36_DOC2.0_WOC1.0_N2700_F270_R1|S_WPA_L36_DOC2.0_WOC1.0_N2700_F270_R3|S_WPA_L36_DOC2.0_WOC1.0_N2700_F270_R4|S_WPA_L36_DOC3.0_WOC1.0_N1800_F180_R2|S_WPA_L36_DOC3.0_WOC1.0_N1800_F180_R3|S_WPA_L36_DOC3.0_WOC1.0_N1800_F180_R4|S_WPA_L36_DOC4.0_WOC1.0_N2700_F270_R1|S_WPA_L36_DOC4.0_WOC1.0_N2700_F270_R2|S_WPA_L36_DOC4.0_WOC1.0_N2700_F270_R4|S_WPB_L56_DOC0.5_WOC1.0_N3600_F360_R1|S_WPB_L56_DOC0.5_WOC1.0_N3600_F360_R2|S_WPB_L56_DOC0.5_WOC2.0_N2700_F270_R3|S_WPB_L56_DOC1.0_WOC1.0_N1800_F180_R3|S_WPB_L56_DOC1.0_WOC1.0_N1800_F180_R4|S_WPB_L56_DOC1.0_WOC2.0_N2700_F270_R1|S_WPB_L56_DOC1.0_WOC2.0_N2700_F270_R2|S_WPB_L56_DOC1.0_WOC2.0_N2700_F270_R3|S_WPB_L56_DOC1.5_WOC1.0_N1800_F180_R3|S_WPB_L56_DOC1.5_WOC1.0_N2700_F270_R1|S_WPB_L56_DOC1.5_WOC1.0_N2700_F270_R2|S_WPB_L56_DOC1.5_WOC1.0_N2700_F270_R3|S_WPB_L56_DOC1.5_WOC1.0_N2700_F270_R4|S_WPB_L56_DOC1.5_WOC1.0_N3600_F360_R1|S_WPB_L56_DOC1.5_WOC1.0_N3600_F360_R4|U_WPA_L36_DOC2.0_WOC1.0_N3600_F360_R1|U_WPA_L36_DOC2.0_WOC1.0_N3600_F360_R2|U_WPA_L36_DOC2.0_WOC1.0_N3600_F360_R3|U_WPA_L36_DOC2.0_WOC1.0_N3600_F360_R4|U_WPA_L36_DOC2.0_WOC2.0_N2700_F270_R3|U_WPA_L36_DOC2.0_WOC2.0_N2700_F270_R4|U_WPA_L36_DOC3.0_WOC1.0_N3600_F360_R1|U_WPA_L36_DOC3.0_WOC1.0_N3600_F360_R2|U_WPA_L36_DOC3.0_WOC1.0_N3600_F360_R3|U_WPA_L36_DOC3.0_WOC1.0_N3600_F360_R4|U_WPA_L36_DOC4.0_WOC2.0_N2700_F270_R1|U_WPA_L36_DOC4.0_WOC2.0_N2700_F270_R2|U_WPB_L56_DOC2.0_WOC1.0_N1800_F180_R2|U_WPB_L56_DOC2.0_WOC1.0_N1800_F180_R3|U_WPB_L56_DOC2.0_WOC2.0_N2700_F270_R1|U_WPB_L56_DOC2.0_WOC2.0_N2700_F270_R2|U_WPB_L56_DOC3.0_WOC1.0_N1800_F180_R1|U_WPB_L56_DOC3.0_WOC1.0_N1800_F180_R2|U_WPB_L56_DOC3.0_WOC1.0_N1800_F180_R3|U_WPB_L56_DOC3.0_WOC1.0_N1800_F180_R4|U_WPB_L56_DOC3.0_WOC1.0_N3600_F360_R1|U_WPB_L56_DOC3.0_WOC1.0_N3600_F360_R2|U_WPB_L56_DOC4.0_WOC1.0_N2700_F270_R1|U_WPB_L56_DOC4.0_WOC1.0_N2700_F270_R3|U_WPB_L56_DOC6.0_WOC1.0_N2700_F270_R1|U_WPB_L56_DOC6.0_WOC1.0_N2700_F270_R2|U_WPB_L56_DOC6.0_WOC1.0_N2700_F270_R4,final structured retention evaluation
0,0,0,11,1.0,120,Full training reference,unreduced reference only,120,30,,,1.0,1.0,1.0,1.0,,full training reference
1,0,1,11,1.0,120,Full training reference,unreduced reference only,120,30,,,0.9642857142857144,1.0,0.9285714285714286,0.9285714285714286,,full training reference
2,0,2,11,1.0,120,Full training reference,unreduced reference only,120,30,,,0.9375,0.875,1.0,0.875,,full training reference
3,0,3,11,1.0,120,Full training reference,unreduced reference only,120,30,,,0.9166666666666669,0.8333333333333334,1.0,0.8333333333333334,,full training reference
4,1,0,23,1.0,120,Full training reference,unreduced reference only,120,30,,,0.8630952380952381,0.8333333333333334,0.8928571428571429,0.8333333333333334,,full training reference
5,1,1,23,1.0,120,Full training reference,unreduced reference only,120,30,,,1.0,1.0,1.0,1.0,,full training reference
6,1,2,23,1.0,120,Full training reference,unreduced reference only,120,30,,,0.8988095238095238,0.8333333333333334,0.9642857142857144,0.8333333333333334,,full training reference
7,1,3,23,1.0,120,Full training reference,unreduced reference only,120,30,,,1.0,1.0,1.0,1.0,,full training reference
8,2,0,37,1.0,120,Full training reference,unreduced reference only,120,30,,,0.9166666666666669,0.8333333333333334,1.0,0.8333333333333334,,full training reference
9,2,1,37,1.0,120,Full training reference,unreduced reference only,120,30,,,0.9285714285714286,1.0,0.8571428571428571,0.8571428571428571,,full training reference
10,2,2,37,1.0,120,Full training reference,unreduced reference only,120,30,,,0.9375,0.875,1.0,0.875,,full training reference
11,2,3,37,1.0,120,Full training reference,unreduced reference only,120,30,,,1.0,1.0,1.0,1.0,,full training reference
12,3,0,53,1.0,120,Full training reference,unreduced reference only,120,30,,,1.0,1.0,1.0,1.0,,full training reference
13,3,1,53,1.0,120,Full training reference,unreduced reference only,120,30,,,0.9166666666666669,0.8333333333333334,1.0,0.8333333333333334,,full training reference
14,3,2,53,1.0,120,Full training reference,unreduced reference only,120,30,,,1.0,1.0,1.0,1.0,,full training reference
15,3,3,53,1.0,120,Full training reference,unreduced reference only,120,30,,,0.8958333333333333,0.875,0.9166666666666666,0.875,,full training reference
16,4,0,71,1.0,120,Full training reference,unreduced reference only,120,30,,,1.0,1.0,1.0,1.0,,full training reference
17,4,1,71,1.0,120,Full training reference,unreduced reference only,120,30,,,0.9642857142857144,1.0,0.9285714285714286,0.9285714285714286,,full training reference
18,4,2,71,1.0,120,Full training reference,unreduced reference only,120,30,,,0.875,0.75,1.0,0.75,,full training reference
19,4,3,71,1.0,120,Full training reference,unreduced reference only,120,30,,,1.0,1.0,1.0,1.0,,full training reference
